:020000040800F2
:1000000010020020891F0008D51F0008D51F000816
:10001000D51F0008D51F0008D51F000800000000EC
:10002000000000000000000000000000D51F0008D4
:10003000D51F000800000000D51F0008CD010008F2
:1000400000000000D51F0008D51F0008D51F0008BC
:10005000D51F0008D51F0008D51F0008D51F0008B0
:10006000D51F0008D51F0008D51F0008D51F0008A0
:10007000D51F0008D51F0008D51F0008D51F000890
:10008000D51F0008D51F000800000000D51F00087C
:10009000D51F0008D51F0008D51F0008D51F000870
:1000A000D51F0008D51F0008D51F0008D51F000860
:1000B000E903000800000000D51F00080000000050
:1000C000D51F000800000000D51F0008D51F00083C
:1000D000D51F000800000000000000000000000024
:1000E0000000000000000000D51F00080000000014
:1000F0000000000000000000000000000000000000
:10010000D51F00080000000000000000D51F0008F7
:1001100000000000000000000000000000000000DF
:1001200000000000000000000000000000000000CF
:1001300000000000000000000000000000000000BF
:10014000000000000000000000000000D51F0008B3
:1001500053B94AB9002908BF00281CBF4FF0FF312E
:100160004FF0FF3000F00CB8ADF1080C6DE904CE93
:1001700002F03EF8DDF804E0DDE9022304B0704748
:10018000704700BF074B591E1A5C095C41EA022107
:100190009A1E033B125C185C42EA012240EA0220EC
:1001A000704700BF2F0200204FF0E023054A5A613C
:1001B000054AF02182F8231000229A6107221A6171
:1001C000704700BF1E48010000ED00E0024A1368BE
:1001D00001331360704700BF68090020F8B5144B65
:1001E0006FF03A02D3F8E017D3F8AC07D3F8B06752
:1001F000D3F8B4774FF6FF73FFF7AAFF38461446DB
:100200001D466FF03A024FF6FF733146FFF7A0FF2D
:10021000084862406B400021013100F8012B06299B
:100220004FEA122242EA03624FEA1323F4D1F8BDE7
:1002300000F0FF1F6009002008B540F2115001F0E6
:10024000EBFC0823032200214FF0904001F02AFC30
:100250000823002202214FF0904001F001FCBDE88C
:100260000840082201214FF0904001F056BC08B52B
:1002700040F2115001F0D0FC0423032200214FF082
:10028000904001F00FFC0423002202214FF0904027
:1002900001F0E6FBBDE80840042201214FF0904048
:1002A00001F03BBC08B500221C20114601F066FCA1
:1002B000BDE8084040F2117001F0AEBC10B540F24C
:1002C000115001F0A9FC1023032200214FF09040AF
:1002D00001F0E8FBBDE810401023002201214FF09F
:1002E000904001F0BDBB10214FF0904001F013BCD5
:1002F000037810B55940044C044B5A5C4378615C58
:1003000042704B40037010BDC6250008C62400088B
:1003100073B5124C2246552102F8011B104908689A
:100320008988C4F8010091800122227262720D4A0C
:1003300000251288E571ADF80420264614F8011B4B
:1003400001A80135FFF7D4FF0A2DF7D19DF804303D
:10035000B3729DF80530F37202B070BD1802002030
:1003600060090020AC24000837B50C4B0C4C1D78FC
:100370000C4B65701B88ADF804305F2101A821701B
:10038000FFF7B6FF2946FFF7B3FF9DF80430A370CF
:100390009DF80530E37003B030BD00BF06000020BB
:1003A00028020020AC24000837B50C4B0C4C1D78FB
:1003B0000C4B65701B88ADF80430332101A8217007
:1003C000FFF796FF2946FFF793FF9DF80430A370CF
:1003D0009DF80530E37003B030BD00BF060000207B
:1003E00024020020AC240008F8B56549654801F0F6
:1003F000A1FD064640B1634840F2017101F07DFD68
:100400005F49604801F0ACFD5F495E4801F092FD34
:10041000074640B15B4840F2027101F06EFD5A4957
:10042000584801F09DFD5949564801F083FD0546A5
:1004300040B1544840F2037101F05FFD5349514807
:1004400001F08EFD52494F4801F074FD044640B161
:100450004C484FF4E06101F050FD4D49494801F02E
:100460007FFD4C49474801F065FDD0B1454840F259
:10047000037101F042FD4749424801F071FD72B637
:10048000454A00231360454A1360454A4FF4807182
:100490001180444A138062B6434A1370434A137072
:1004A00005E03E4335432C43E4B2002CE7D14049FC
:1004B000344801F03FFD10B3394A1388DBB13749A6
:1004C00030480C68013B1380631C5A42D2B2DBB245
:1004D00058BF53420B6001F00CFD364B23F814005B
:1004E000324B01221A70344B1A68344B1A602D4A71
:1004F0001388013313802E49224801F031FD304921
:10050000204801F017FDC0B12E4D2F4B2C881B88C1
:10051000A34226D94FF49672B4FBF2F302FB1343C5
:100520009BB22A4A174832F81310013401F0DDFC5F
:100530002C802349134801F013FD2549114801F08F
:10054000F9FCE0B10F48062101F0E9FC10214FF061
:10055000904001F0E0FABDE8F8401D49094801F07B
:10056000FFBC0848072101F0DAFC0648062101F02B
:10057000CCFC0E4A00231370164A1370D9E7F8BD5D
:1005800000020107004400400002020700020307C6
:100590000800000705000307580700205C0700203B
:1005A0000A000020540700202E0300203D030020F5
:1005B00005000507600700206809002038030020B7
:1005C00007000707FA040020F8040020FC040020BC
:1005D000060006073C03002010B5174C204601F02A
:1005E00005FC2046042101F078FC2046082101F09A
:1005F0006CFC2046052101F088FC20464FF4007178
:1006000001F083FC2046082101F07FFC20460B49C5
:1006100001F008FC2046002101F03AFC20460021B0
:1006200001F042FC2046002101F026FC2046BDE8F6
:10063000104001F045BC00BF0044004040420F00A4
:100640002DE9F04F764B1A8885B0002A31D072B66A
:100650001A88013A1A8062B67248734F01684B1CBF
:100660005A42D2B2DBB258BF534203606F4B33F8E9
:1006700011403B78002B58D1FF2C14D8AA2CE1B2A2
:100680001AD16B49032008706A496B480B706B499B
:100690000B706B4B01221A70FF233A70037043708A
:1006A0002146FFF725FE72B6664A13880133138090
:1006B00062B605B0BDE8F08FCC290FD102223A70A6
:1006C0005B4A13705B4A5C4813705C4A13705C4B66
:1006D00001221A70FF2303704370E2E7AF2901D1B2
:1006E0000322ECE7A02901D10422E8E7552905D12E
:1006F00005223A704E4A0B201070E3E7332904D1EB
:1007000005223A7003204A4AF6E75F2906D10523FD
:100710003B70474B03221A700023D3E75029C2D104
:1007200006233B700222424BF5E7013B052BBAD86A
:10073000DFE813F03805C705F3040600E505EE050C
:100740003B4D2978B9B9404BFF2C1E7809D93A485E
:10075000FFF7CEFD16B13A4B00221A7001232B7021
:10076000A1E7E4B234482146FFF7C2FDA642F5D026
:10077000FF2CF3D0EFE70139082994D801A353F8EF
:1007800021F000BFA9070008C1070008A70600085C
:10079000A7060008A7060008A7060008EB07000840
:1007A0001312000855080008B4F5807F274B224833
:1007B00028BF0024E1B21970FFF79AFD0223CEE7AB
:1007C000FF2C1E4B08D900211B481970FFF790FD24
:1007D000174B08221A7066E7E1B217481970FFF745
:1007E00087FD002CF4D00723B9E712480378B4F54D
:1007F000807F28BF0024FF22B3FBF2F21A440133AA
:10080000DDB2E1B202F0FF02114C05700A48A154BA
:10081000FFF76EFD094B1B78AB427FF444AFD7E77F
:1008200054070020580700202E03002060070020F6
:100830002D0300202C030020010000202B030020AA
:10084000000000200A000020060000201602002000
:100850002C020020D14BD24A4FF0000883F80080D0
:100860001278D04B5B78002A00F0C381B4F5807F0A
:1008700028BF44469C4240F0BC81CB4BCB49CC4A7C
:100880001B780978B2F900200091002B00F0AB81B1
:100890008A4200F0A881C74C94F80090B9F1F50F96
:1008A00040F0AA81C44B93F800B0BBF1FF0F00F0F9
:1008B0009A81C24A1388002B00F09581C049C14E2D
:1008C000D1F800A0013B13800AF10103B8EB030249
:1008D00002F01F0203F01F0358BF53420B60BA4BD4
:1008E000BA4A1D881288ADF80C204FF4967403A8FC
:1008F0005021FFF7FDFCB5FBF4F204FB125292B25B
:100900005021B1545946FFF7F3FC6A1C92B2B2FB76
:10091000F4F104FB112292B206F802B0DFF8C0B283
:100920009BF800100191FFF7E3FCAA1C92B2B2FB06
:10093000F4FC04FB1C22019992B2B15401318BF8F2
:1009400000101321FFF7D4FCEA1C92B2B2FBF4F1C1
:1009500004FB112292B21321B1544946FFF7C8FC9F
:100960002A1D92B2B2FBF4F104FB112292B20121D2
:1009700006F80290FFF7BCFC6A1D92B2B2FBF4F1DC
:1009800004FB112292B24FF00109414606F8029091
:10099000FFF7AEFCAA1D92B2B2FBF4F104FB1122E8
:1009A00092B2402106F80280FFF7A2FCEA1D92B243
:1009B000B2FBF4F104FB112292B24021B1540321A5
:1009C000FFF796FC05F1080292B2B2FBF4F104FBCA
:1009D000112292B20321B1544946FFF789FC05F177
:1009E000090292B2B2FBF4F104FB112292B2414629
:1009F00006F80290FFF77CFC05F10A0292B2B2FB06
:100A0000F4F104FB112292B2672106F80280FFF78D
:100A10006FFC05F10B0292B2B2FBF4F104FB112260
:100A200092B26721B1546421FFF762FC05F10C0218
:100A300092B2B2FBF4F104FB112292B26421B154E0
:100A40003321FFF755FC05F10D0292B2B2FBF4F130
:100A500004FB112292B24FF03308322106F80280D3
:100A6000FFF746FC05F10E0292B2B2FBF4F104FB73
:100A7000112292B23221B1546621FFF739FC05F1FF
:100A80000F0292B2B2FBF4F104FB112292B2662182
:100A9000B1544146FFF72CFC05F1100292B2B2FBB3
:100AA000F4F104FB112292B2414606F80280FFF7EE
:100AB0001FFC05F1110292B2B2FBF4F104FB11220A
:100AC00092B2302106F80280FFF712FC05F1120203
:100AD00092B2B2FBF4F104FB112292B23021B15474
:100AE0006B21FFF705FC05F1130292B2B2FBF4F1A2
:100AF00004FB112292B26B21B1543821FFF7F8FBAD
:100B000005F1140292B2B2FBF4F104FB112292B28D
:100B10003821B1547521FFF7EBFB05F1150292B2B4
:100B2000B2FBF4F104FB112292B27521B1543621CB
:100B3000FFF7DEFB05F1160292B2B2FBF4F104FB03
:100B4000112292B23621B15405F1170292B2B2FBD2
:100B5000F4F104FB112292B29DF80C10B15405F18E
:100B6000180292B2B2FBF4F104FB112292B2164BBE
:100B70009DF80D10B15405F119021A80144B23F899
:100B80001A50144B192203F80A20134B102203F8B1
:100B90000A20124A13884B4424E000BF3D03002082
:100BA00000000020010000202B030020160200207E
:100BB000040000202C020020060000200800002075
:100BC00074040020400300203E030020AC240008F1
:100BD000B804002098040020780400206C04002051
:100BE000170200201380B94B01221A70B84B009AEB
:100BF0001A8000233B7056E5B9F1FB0FF3D1012BAE
:100C00000BD1BFF34F8FB349B34BCA6802F4E06214
:100C10001343CB60BFF34F8FFEE7072BE3D9B4F844
:100C20000110002940F01181182BDCD1AB4BE27987
:100C30001970B4F80510A37AB1F5804FD3D1032A07
:100C4000D1D1012BCFD194F80CB094F80DA094F829
:100C50000E9094F80F8094F810E094F811C0A67CE0
:100C6000E57C207D617DA27DE37DBBF1670FBAD17C
:100C7000BAF1640FB7D1B9F1330FB4D1B8F1320F73
:100C8000B1D1BEF1660FAED1BCF1330FABD1332E73
:100C9000A9D1302DA7D16B28A5D13829A3D1752A88
:100CA000A1D1362B9FD172B600F06AFE202000F051
:100CB0007DFE102000F07AFE042000F077FE8848C8
:100CC00000F098FE202000F071FE102000F06EFE73
:100CD000042000F06BFE00F061FE62B6B4F8033051
:100CE000804A5BBA1380804B4FF00209A3F8009052
:100CF0007E4B93F800A0BAF1FF0F00F0A2807C4A6F
:100D00001388002B00F09D807A49DFF804B2D1F8F7
:100D10000080BBF80050784E013B138008F10103BE
:100D20005A4202F01F0203F01F0358BF53420B60E8
:100D3000724B4FF4967403A81B88ADF80C30502109
:100D4000FFF7D6FAB5FBF4F304FB13539BB2502222
:100D50005146F254FFF7CCFA6B1C9BB2B3FBF4F292
:100D600004FB12339BB206F803A0DFF8A8A19AF89F
:100D700000100191FFF7BCFA05EB09039BB2B3FB2E
:100D8000F4F204FB123301999BB2F15401318AF859
:100D900000100321FFF7ACFAEB1C9BB2B3FBF4F29B
:100DA00004FB12339BB20322FB21F254FFF7A0FA9B
:100DB0002B1D9BB2B3FBF4F204FB12339BB2FB225C
:100DC0000021F254FFF794FA6B1D9BB2B3FBF4F2CF
:100DD00004FB12339BB200224946F254FFF788FA13
:100DE000AB1D9BB2B3FBF4F204FB12339BB206F8CB
:100DF0000390EB1D9BB2B3FBF4F204FB12339BB2E6
:100E00009DF80C20F25405F108039BB2B3FBF4F2F9
:100E100004FB12339BB29DF80D20F25405F1090337
:100E2000ABF80030364B23F81850364B092203F844
:100E30000820354B102203F80820344A1388013368
:100E40001380264B01221A70CDE6274E4DBA328808
:100E5000ADB2AA427FF4C7AED4F803801F48DC1FAE
:100E60000022C4F38504B1F5807F027098FA88F8F7
:100E700004F1FF3450D1154624E04FEA850909F109
:100E80000700FFF77FF9064672B600F079FD2020D3
:100E900000F08CFD102000F089FD042000F086FD9C
:100EA000314609EB080000F0C1FD202000F07EFD76
:100EB000102000F07BFD042000F078FD00F06EFDB6
:100EC00062B60135A542D8DD8DE600BF31030020B2
:100ED0000400002000ED00E00400FA0510020020EC
:100EE0000028000814020020120200200600002042
:100EF000080000207404002040030020AC240008F7
:100F0000B804002098040020780400206C0400201D
:100F10003E03002017020020C8F30903D3B972B6BC
:100F200000F02EFD202000F041FD102000F03EFDDD
:100F3000042000F03BFD404600F05CFD202000F066
:100F400035FD102000F032FD042000F02FFD00F0F0
:100F500025FD62B64FF00009A14540F3B780B44BC0
:100F60001B88AB42B34B93F800A01ABF0135ADB25A
:100F70000125BAF1FF0F35803FF463AFAE4A138805
:100F8000002B3FF45EAFAD49DFF8E8B2D1F8009036
:100F9000BBF80060DFF8E082013B138009F1010338
:100FA0005A4202F01F0203F01F0358BF53420B6066
:100FB000A34B4FF4967403A81B88ADF80C30502156
:100FC000FFF796F9B6FBF4F304FB13639BB25022D0
:100FD000514608F80320FFF78BF9731C9BB2B3FB53
:100FE000F4F204FB12339BB208F803A0DFF88CA2E2
:100FF0009AF800100191FFF77BF9B31C9BB2B3FB89
:10100000F4F204FB123301999BB208F8031001318A
:101010008AF800100321FFF76BF9F31C9BB2B3FBB6
:10102000F4F204FB12339BB20322FB2108F80320E5
:10103000FFF75EF9331D9BB2B3FBF4F204FB1233EE
:101040009BB24FEA152AFB22514608F80320FFF70E
:101050004FF9731D9BB2B3FBF4F204FB12339BB246
:10106000EDB2294608F803A0FFF742F9B31D9BB281
:10107000B3FBF4F204FB12339BB208F80350F31DE8
:101080009BB2B3FBF4F204FB12339BB29DF80C202D
:1010900008F8032006F108039BB2B3FBF4F204FB4B
:1010A00012339BB29DF80D2008F8032006F10903C6
:1010B000ABF80030634B23F81960634B092203F847
:1010C0000920624B102203F80920B6E64FEA890B8B
:1010D0000BF10700FFF756F8824672B600F050FC9D
:1010E000202000F063FC102000F060FC042000F0E1
:1010F0005DFC51460BEB080000F098FC202000F04E
:1011000055FC102000F052FC042000F04FFC00F0D1
:1011100045FC62B609F101091EE74D4B1978C9B9C2
:10112000444BFF2C1D7805D94A48FFF7E1F865B913
:10113000FFF74EBBE4B247482146FFF7D9F8A54276
:101140003FF446ABFF2C3FF443AB434B00221A70F5
:10115000FFF73EBB082907D13E4BB4F5807F1B78D3
:1011600028BF0024A3425BE009297FF49CAA3B4BE3
:10117000394900221A700978364B5B7800293FF410
:1011800038ADB4F5807F28BF14469C427FF431AD62
:10119000334B197800293FF42CAD324901200870F7
:1011A0001A7026E52A4E3378032B23D12E4F294877
:1011B0003D780622B5FBF2F302FB1353DBB22B4A58
:1011C000B4F5807FD35C28BF0024E1B28B4218BF06
:1011D000214B05F1010518BF0022EDB218BF1A70AE
:1011E000FFF786F8062D3D707FF45DAA002333706B
:1011F000FFF759BA5BB9B4F5807F1D4B154828BF7E
:101200000024E1B21970FFF773F80823EFE7082B09
:1012100036D1104BB4F5807F1B7828BF00249C4248
:101220001EBF0D4B00221A70094B0922FFF7D2BADC
:101230001402002006000020080000207404002092
:10124000AC240008B8040020980400207804002092
:101250002D03002001000020000000203D0300209D
:101260002F030020300300202C0300206009002001
:10127000160200203E030020400300201702002039
:10128000092B7FF410AA2A4B2A4A00251D701278D8
:10129000294B5B78002A3FF4ACACB4F5807F28BFC3
:1012A0002C469C427FF4A5AC244B1A78244B1A7030
:1012B000FFF75AF8FFF778F8224B01221D70224BF6
:1012C0006EE7224B197800293FF42AAF0829A0D0F5
:1012D00009297FF4E8A9164B00221A70154A164B0B
:1012E00012785B78002A3FF484ACB4F5807F28BF85
:1012F00000249C427FF47DAC114BFF2250E7134A3F
:101300001378012B7FF675AC013B1370FFF7CBB957
:101310000E4A1378012BF7D8FF2C98BF02344FF0F8
:10132000050394BFE4B202243B701470FFF7BBB90D
:101330003D030020000000200100002016020020D4
:1013400006000020310300200C0000202D030020A7
:10135000714B2DE9F74F1B78704F3C78002B40F014
:10136000AD80002C40F0AA806D4B6E4D1B786E4E08
:10137000FF2B00F0B9806D4B1A78E2B110214FF0CD
:1013800090401C7000F0C5FB694A6A4B11781980C7
:10139000517859809178D2789980DA80664B674885
:1013A00004221A80664B07211C8000F0AEFD3368D2
:1013B0002B6001233B70D6F800A02B68AAEB030337
:1013C000012B58D95F490B88002B54D05E4ADFF8B7
:1013D00098B114681BF80490B9F1000F7FD05B48F6
:1013E00030F8140001905A4890F80080B8F1000FCE
:1013F00014D04FF0000C013B01340B8080F800C08A
:10140000BCEB040303F01F0304F01F0458BF5C424D
:101410001460504A1388013313802CE04E4B4FF078
:1014200090401B5D0093102100F073FB424BDFF8EE
:1014300004C1A3F80080009BDFF830E15A1E4FF48E
:10144000967043469A423CDAB8F1000F02D03A4B0C
:10145000009A1A803A4B3948002207211A8009F174
:10146000FF3900F052FD3D4A0BF804900123137040
:10147000C5F800A03B7033682A689B1AB3F57A7FE1
:101480001CD910214FF0904000F043FB344A294B07
:1014900011781980517859809178D278DA809980C2
:1014A000254B04221A80264B2448002207211A804B
:1014B00000F02BFD33682B6001233B7003B0BDE8C7
:1014C000F08F01995918B1FBF0F800FB18114FF09B
:1014D00001081EF801102CF813100133B2E7013B8C
:1014E00001340B8063428DE733682A689B1AB3F599
:1014F0007A7FE3D910214FF0904000F00AFB194A9F
:101500000C49234612F8010B21F8130001330C2B70
:10151000F8D1094A1380C6E73D0300203C030020B0
:101520000600002034030020680900203103002059
:1015300028020020FC040020F804002000440040A1
:10154000FA0400206C04002070040020B80400207D
:101550003003002008000020980400202F03002002
:1015600024020020180200207804002040030020FC
:101570000D4B0E4A19681368CB1A012B10B511D9FF
:1015800072B60B48002303600A4803600A484FF410
:10159000807404800948038062B6094811600370B2
:1015A0000848037010BD00BF680900203803002000
:1015B000580700205C0700200A0000205407002084
:1015C0002E0300203D0300204B4B1B782DE9F347F1
:1015D000002B00F08E80494B93F80090B9F1FF0F7B
:1015E00000F08780464A1388002B00F0828045492E
:1015F000DFF830810F68B8F80050434E013B13808C
:101600007B1C5A4202F01F0203F01F0358BF5342D3
:101610000B603E4B4FF4967401A81B88ADF8043064
:101620005021FEF765FEB5FBF4F304FB13539BB2A8
:1016300050224946F254FEF75BFE6B1C9BB2B3FB93
:10164000F4F204FB12339BB206F80390DFF8D89053
:1016500099F800A05146FEF74BFEAB1C9BB2B3FBC2
:10166000F4F204FB12339BB2012106F803A00AF145
:10167000010A89F800A0FEF73BFEEB1C9BB2B3FB0E
:10168000F4F204FB12339BB20122F254204B93F884
:1016900000904946FEF72CFE2B1D9BB2B3FBF4F2E3
:1016A00004FB12339BB206F803906B1D9BB2B3FB95
:1016B000F4F204FB12339BB29DF80420F254AB1DEC
:1016C0009BB2B3FBF4F204FB12339BB29DF80520EE
:1016D000F254EB1DA8F800300E4B23F817500E4BB8
:1016E0000722DA550D4B1022DA550D4A13880133C3
:1016F000138002B0BDE8F0870C0000200600002037
:10170000080000207404002040030020AC240008DE
:1017100007000020B804002098040020780400206E
:101720006C0400203E03002017020020064BD3F873
:101730000028013207D072B6D3F8002882F3088857
:10174000D3F8043818477047002000085A4B1B781C
:101750002DE9F74F002B00F0AC80584B93F800A018
:10176000BAF1FF0F00F0A580554A1388002B00F056
:10177000A0805449DFF86C81B1F800905249B8F864
:1017800000500F68514E013B13807B1C5A4202F0FF
:101790001F0203F01F0358BF53420B604C4B4FF422
:1017A000967401A81B88ADF804305021FEF7A0FD07
:1017B000B5FBF4F304FB13539BB250225146F25491
:1017C000FEF796FD6B1C9BB2B3FBF4F204FB1233E5
:1017D0009BB206F803A0DFF810A19AF800B05946B2
:1017E000FEF786FDAB1C9BB2B3FBF4F204FB123395
:1017F0009BB2032106F803B00BF1010B8AF800B08D
:10180000FEF776FDEB1C9BB2B3FBF4F204FB123344
:101810009BB20322FB21F254FEF76AFD2B1D9BB203
:10182000B3FBF4F204FB12339BB24FEA192AFB22FA
:101830005146F254FEF75CFD6B1D9BB2B3FBF4F214
:1018400004FB12339BB25FFA89F9494606F803A0FC
:10185000FEF74EFDAB1D9BB2B3FBF4F204FB12335B
:101860009BB206F80390EB1D9BB2B3FBF4F204FBB2
:1018700012339BB29DF80420F25405F108039BB289
:10188000B3FBF4F204FB12339BB29DF80520F25433
:1018900005F10903A8F800300E4B23F817500E4B42
:1018A0000922DA550D4B1022DA550D4A13880133FF
:1018B000138003B0BDE8F08F100200200600002066
:1018C00008000020120200207404002040030020C1
:1018D000AC240008B80400209804002078040020FC
:1018E0006C0400203E0300201702002008B5FEF71C
:1018F0005BFCFEF773FCFEF79FFCFEF7B8FCFEF7FF
:10190000D1FCFEF7DBFCFEF7EEFCFEF701FDFEF777
:101910002BFDFEF749FDBDE80840FEF75DBE000067
:101920002DE9F0470025DFF848802F462E4644F683
:101930001F6940F6B73AD8F80040A31BB3F5FA6F19
:1019400002D3FFF741FE2646E31B4B4502D9FFF7C2
:10195000EDFE2746631B534502D9FFF7F7FE2546E8
:10196000FEF76EFEFFF7F4FCFFF702FEE3E700BFB1
:101970006809002008B5FFF7B9FFFFF7D1FF0000A5
:10198000044B1A69120641BF034A5A6002F18832B9
:101990005A6070470020024023016745024A1369DC
:1019A00043F080031361704700200240014BD86070
:1019B000704700BF00200240074BDA68D10707D408
:1019C000DA68D20606D4D868C0F3800040007047B9
:1019D00001207047032070470020024010B50446E4
:1019E000FFF7EAFF012804F1FF3402D1002CF7D100
:1019F000042010BD38B505464FF47020FFF7EEFF08
:101A000088B9094C236943F00203236165612369A6
:101A100043F0400323614FF47020FFF7DFFF236999
:101A200023F00203236138BD0020024070B5054653
:101A30004FF470200E46FFF7D1FF68B9074C2369B9
:101A400043F0010323614FF470202E60FFF7C6FFBF
:101A5000236923F00103236170BD00BF0020024011
:101A60002DE9F0430568C46800264FF0010E4FF0E1
:101A700003080EFA06F71F420DD0770008FA07FC9C
:101A800001FA07F925EA0C0524EA0C0402FA07F723
:101A900049EA05053C430136102EEAD10560C460D1
:101AA000BDE8F08301294168F0B50CBF19439943A3
:101AB0004FF6FF744160A242816815D1C46B0022C9
:101AC00001274FF0030C07FA02F61E421CBF550017
:101AD0000CFA05F502F101021CBF29433443102A18
:101AE000F1D18160C463F0BD002401274FF0030CE5
:101AF00007FA04F51D4207D065000CFA05F621EA45
:101B0000060102FA05F529430134102CF0D1816059
:101B1000E9E78161704781627047F0B5066A456AFE
:101B200000234FF0010C4FF00F0E0CFA03F4144297
:101B300007D09C000EFA04F726EA070601FA04F41F
:101B400026430133082BF0D100234FF0010C4FF056
:101B50000F0E03F108040CFA04F4144207D09C00A1
:101B60000EFA04F725EA070501FA04F425430133C8
:101B7000082BEED106624562F0BD000010B51D4C89
:101B8000E36803F4E063B3F5A06F08D020D8B3F5A1
:101B9000407F26D0B3F5806F26D0174BE360022339
:101BA0001C46C4F10404A140C3F104040F23E34024
:101BB0001340124A0B431B011118DBB281F80033AA
:101BC0004109012300F01F00834042F8213010BD7D
:101BD000B3F5C06F0BD0B3F5E06FDED10423002462
:101BE000DFE700230424DCE701230324D9E70323F0
:101BF0000124D6E700ED00E00005FA0500E100E071
:101C000021F06041034B21F07F0101439960BFF354
:101C10004F8F704700ED00E0830903F1804303F527
:101C2000043300F01F001968012282400A431A6041
:101C30007047830903F1804303F5043300F01F006C
:101C40001A680121814022EA01021A607047FFF7F9
:101C5000E3BFFFF7EEBF0000F0B55D4B89B005466E
:101C600004AC03F110061F4618685968224603C2E7
:101C70000833B3421446F7D1716838696B4603C321
:101C800003C354494B68C3F38103022B44D14A6810
:101C90004868CB6A0601C2F383424FEAD37334D457
:101CA000002B30D102324B68C86ADC0332D5CB6AD4
:101CB000400003F00F0354BF474848480133B0FBCE
:101CC000F3F35A434B68C3F3031320336B4413F805
:101CD000104C4B68C3F3022320336B4422FA04F404
:101CE00013F8206C4B68C3F3C22320336B4413F802
:101CF000183C24FA03F0062D10D8DFE805F0641232
:101D0000141017464F002132CDE70BB91132CAE744
:101D10003132C8E7324BD4E72F4AD3E7002009B06D
:101D2000F0BD2046FBE724FA06F0F8E70B6BDA0576
:101D300007D40B6B2B4813F4803F2B4B08BF18467E
:101D4000EDE74A680B6BC2F38132022A4FEAD37384
:101D50000FD0032A14D0012A06D00BB94008DEE7C1
:101D60000320B4FBF0F0DAE70BB98008D7E70520D1
:101D7000F7E71BB90623B0FBF3F0D0E70720F0E745
:101D80000BB9C008CBE70920EBE70B6B13F0400F52
:101D900048F2120018BF4FF40040C0E70B6B9B07DE
:101DA000BDD00B6B03F00303012B0CD00B6B03F0C6
:101DB0000303022B09D00B6B074803F00303032B2B
:101DC00018BF0020ABE71046A9E74FF40040A6E794
:101DD000AE2400080010024000127A00006CDC0201
:101DE00000093D00003FAB01809FD50008B50C4BBA
:101DF00098420DD003F57443984210D140F20E3052
:101E0000FFF725FF40F20E30BDE80840FFF721BF85
:101E100040F21140FFF71BFF40F21140F4E708BD0C
:101E20000044004038B5134B984204460D4618D084
:101E300003F57443984216D10620FFF70DFF226880
:101E400012044FEA550310D503EB4003B3FBF5F141
:101E5000C1F3420321F00F010904090C0B43E360B5
:101E600038BD0220E9E70020E9E70344B3FBF5F3BE
:101E70009BB2F4E700440040036823F001030360D1
:101E8000036823F4C063036003680B430360704777
:101E9000036823F001030360036823F480530360A5
:101EA00003680B4303607047036823F0010303607A
:101EB000436823F44053436043680B4343607047D7
:101EC000036843F0010303607047036823F00803CD
:101ED000036003680B4303607047036823F0040347
:101EE000036003680B4303607047C1F3080181621C
:101EF0007047406AC0F308007047026A01F01F0192
:101F000001238B401343036270478A0910B501F027
:101F10001F01145801238B402343135010BD10B5EB
:101F20008C090122235801F01F018A4023EA020391
:101F3000235010BDC1F3891310B51C588B0D1A58CE
:101F4000C1F30440012303FA00F0104006D001F071
:101F50001F018B40234214BF0120002010BD000050
:101F6000084B994206D1D0F8D03023F40043C0F892
:101F7000D0307047026AC1F3044101238B40134300
:101F80000362704709340F34DFF830D0002103E0DA
:101F90000B4B5B58435004310A480B4B42189A4292
:101FA000F6D30A4A02E0002342F8043B084B9A4267
:101FB000F9D300F011F8FFF7DDFC704710020020A4
:101FC000D826000800000020100000201002002089
:101FD0006C090020FEE700007E4BDA6902F0060281
:101FE000062A82B047D0DA69900444D57A4A7B4900
:101FF00059605A6099609A601A6942F020021A6129
:102000001A6942F040021A61DA68D107FCD41A69F1
:1020100022F020021A611A6942F010021A61DA698C
:1020200012F0060F6E4A40F0C780A5231380694B5B
:102030006B4AD969090A01F0DF015180D969C1F3FE
:1020400007419180D969090ED180196AC9B21181FD
:10205000196AC1F307215181DA68D207FCD41A69E1
:1020600022F010021A611A6922F400721A611A69C8
:1020700042F080021A615B4AD2F8883043F4700360
:10208000C2F88830584B1A6842F001021A601A6888
:102090009007FCD55A6842F080025A6000220192F3
:1020A000019A4F2A40F290805A6842F090025A609A
:1020B00000220192019A4F2A40F289805A6822F048
:1020C00003025A601A6822F0867222F480321A6083
:1020D0005968464A0A405A605A6822F0084222F477
:1020E00074125A60DA6A22F0404222F00F02DA6279
:1020F0001A6B22F4817222F001021A631A6B22F425
:1021000080321A631A6B22F000421A635A6B22F073
:1021100001025A63D3F8C02022F48032C3F8C020F1
:1021200000229A60C3F8CC201A6842F480321A6008
:102130004FF400621968890301D4013AFAD11A6890
:10214000900333D55A685A605A6842F400525A6074
:102150005A6842F480625A605A6822F0036222F49C
:1021600070225A60DA6A22F0404222F00F02DA62EC
:102170005A6842F0016242F480325A60DA6A42F0F0
:102180000102DA62DA6ADA621A6842F080721A6070
:102190001A689101FCD55A6822F003025A605A6805
:1021A00042F002025A605A681207FCD500214FF033
:1021B000006002B0FFF724BDDB6903F00603022BC9
:1021C0007FF435AFBB2331E7019A013267E7019A0B
:1021D00001326EE700200240AB89EFCD2301674555
:1021E00000F8FF1F00ED00E0001002400C00FF08A7
:1021F0002DE9F047089D0C46002B4ED194468C45A6
:102200008646B2FA82F262D94AB1C2F12003914005
:1022100020FA03F30CFA02FC194300FA02FE4FEA1B
:102220001C471FFA8CF6B1FBF7F44FEA1E4307FB7D
:10223000141143EA014304FB06F199420AD91CEB4D
:10224000030304F1FF3080F01381994240F21081C2
:10225000023C6344591A1FFA8EF3B1FBF7F007FBF7
:10226000101143EA014300FB06F69E420AD91CEB1B
:10227000030300F1FF3180F0FD809E4240F2FA80BE
:10228000634402389B1B40EA044000211DB1D34047
:102290000022C5E90032BDE8F0878B4205D90DB1B7
:1022A000C5E9000100210846F5E7B3FA83F10029EA
:1022B00046D1A34202D39042C0F0F180861A64EB6B
:1022C00003030120002DE6D0C5E90063E3E7002AFF
:1022D00040F09180A1EB0C044FEA1C481FFA8CF7E8
:1022E0000121B4FBF8F64FEA1E4308FB164443EA0B
:1022F000044307FB06F0984208D91CEB030306F1E0
:10230000FF3402D2984200F2CE8026461C1A1FFAF1
:102310008EF3B4FBF8F008FB104443EA044300FBDF
:1023200007F79F4208D91CEB030300F1FF3402D2E8
:102330009F4200F2B1802046DB1B40EA0640A5E741
:10234000C1F120068B4022FA06F71F4320FA06FC53
:1023500004FA01F343EA0C03F44000FA01F8380CE4
:102360004FEA1349B4FBF0FE1FFA87FC00FB1E4442
:1023700049EA04440EFB0CF9A14502FA01F20AD91C
:102380003C190EF1FF3A80F08580A14540F2828031
:10239000AEF1020E3C44A4EB09041FFA83F9B4FB2E
:1023A000F0F300FB134449EA044403FB0CFCA4458E
:1023B00007D93C1903F1FF3068D2A44566D9023B26
:1023C0003C4443EA0E40A0FB0293A4EB0C049C4265
:1023D000CE469C4652D34FD055B1B8EB0E0364EBBA
:1023E0000C0404FA06F6CB40CC401E43C5E9006459
:1023F0000021BDE8F087C2F1200320FA03F10CFAB6
:1024000002FC24FA03F394400C434FEA1C4800FA00
:1024100002FE1FFA8CF7B3FBF8F008FB1031230C17
:1024200043EA014300FB07F1994208D91CEB03037F
:1024300000F1FF362CD299422AD9023863445B1A44
:10244000A4B2B3FBF8F108FB113344EA034401FBE7
:1024500007F3A34208D91CEB040401F1FF3613D2A1
:10246000A34211D902396444E41A41EA004138E731
:102470000446EFE6084605E7C845ADD2B9EB020EC3
:1024800063EB070C0138A7E73146EDE7034698E711
:102490003046D4E7D6467EE7634402384CE706462A
:1024A000234608460EE7023E63442FE7FFFF000085
:1024B00000000000000001020304060708090000F4
:1024C00000000102030400C0C101C30302C2C6062A
:1024D00007C705C5C404CC0C0DCD0FCFCE0E0ACA5C
:1024E000CB0BC90908C8D81819D91BDBDA1A1EDEAC
:1024F000DF1FDD1D1CDC14D4D515D71716D6D2125C
:1025000013D311D1D010F03031F133F3F23236F66B
:10251000F737F53534F43CFCFD3DFF3F3EFEFA3A1B
:102520003BFB39F9F83828E8E929EB2B2AEAEE2EAB
:102530002FEF2DEDEC2CE42425E527E7E62622E21B
:10254000E323E12120E0A06061A163A3A26266A66B
:10255000A767A56564A46CACAD6DAF6F6EAEAA6ADB
:102560006BAB69A9A86878B8B979BB7B7ABABE7E2B
:102570007FBF7DBDBC7CB47475B577B7B67672B2DB
:10258000B373B17170B0509091519353529296566B
:102590005797559594549C5C5D9D5F9F9E5E5A9A9B
:1025A0009B5B99595898884849894B8B8A4A4E8E2B
:1025B0008F4F8D4D4C8C448485458747468682429B
:1025C00043834181804000C1814001C0804101C0FE
:1025D000804100C1814001C0804100C1814000C1F3
:1025E000814001C0804101C0804100C1814000C1E3
:1025F000814001C0804100C1814001C0804101C0D3
:10260000804100C1814001C0804100C1814000C1C2
:10261000814001C0804100C1814001C0804101C0B2
:10262000804100C1814000C1814001C0804101C0A2
:10263000804100C1814001C0804100C1814000C192
:10264000814001C0804101C0804100C1814000C182
:10265000814001C0804100C1814001C0804101C072
:10266000804100C1814000C1814001C0804101C062
:10267000804100C1814001C0804100C1814000C152
:10268000814001C0804100C1814001C0804101C042
:10269000804100C1814001C0804100C1814000C132
:1026A000814001C0804101C0804100C1814000C122
:1026B000814001C0804100C1814001C0804101C012
:0826C000804100C181400000CF
:0426C800F8B500BFA2
:0426CC00F8B500BF9E
:0826D00020FBFF7F0100000068
:1026D80001FFFF00FFFFFFF22000000101000000E2
:0400000508001F8947
:020000040800F2
:1028000060030020E1A100082DA200082DA200080D
:102810002DA200082DA200082DA200080000000033
:102820000000000000000000000000002DA20008D1
:102830002DA20008000000002DA20008B929000800
:10284000000000002DA200082DA200082DA2000803
:102850002DA200082DA200082DA200082DA200081C
:102860002DA200082DA20008E59300082DA2000863
:102870002DA200082DA200082DA200082DA20008FC
:10288000C14C00082DA20008000000002DA2000885
:102890002DA200082DA200082DA200082DA20008DC
:1028A0002DA200082DA200082DA200082DA20008CC
:1028B000E92B0008000000002DA200080000000025
:1028C0002DA20008000000002DA200082DA2000883
:1028D0002DA2000800000000000000000000000021
:1028E00000000000000000002DA200080000000011
:1028F00000000000000000000000000000000000D8
:102900002DA2000800000000000000002DA2000819
:1029100000000000000000000000000000000000B7
:1029200000000000000000000000000000000000A7
:102930000000000000000000000000000000000097
:102940000000000000000000000000002DA20008B0
:1029500053B94AB9002908BF00281CBF4FF0FF3106
:102960004FF0FF3000F00CB8ADF1080C6DE904CE6B
:1029700007F06AFDDDF804E0DDE9022304B07047EA
:10298000704700BF02440346934200D1704703F8EA
:10299000011BF9E74FF0E023054A5A61054AF0218F
:1029A00082F8231000229A6107221A61704700BF43
:1029B0001E48010000ED00E0024A13680133136075
:1029C000704700BF64190020F8B5144B6FF03A024D
:1029D000D3F8E017D3F8AC07D3F8B067D3F8B477DF
:1029E0004FF6FF73FFF7B4FF384614461D466FF0ED
:1029F0003A024FF6FF733146FFF7AAFF08486240DC
:102A00006B400021013100F8012B06294FEA122208
:102A100042EA03624FEA1323F4D1F8BD00F0FF1F2E
:102A20005C19002008B503494FF0006006F09EFFD6
:102A300062B608BD0028000808B540F2115006F043
:102A4000A1FF0823032200214FF0904006F0DAFE98
:102A50000823002202214FF0904006F0B1FEBDE8AD
:102A60000840082201214FF0904006F00CBF08B545
:102A700040F2115006F086FF0423032200214FF09C
:102A8000904006F0BFFE0423002202214FF0904048
:102A900006F096FEBDE80840042201214FF0904068
:102AA00006F0F1BE08B500221C20114606F01CFFFE
:102AB000BDE8084040F2117006F064BF10B540F266
:102AC000115006F05FFF1023032200214FF09040C9
:102AD00006F098FEBDE810401023002201214FF0BF
:102AE000904006F06DBE10214FF0904006F0C3BE3E
:102AF000037810B55940044C044B5A5C4378615C30
:102B000042704B40037010BDC4B40008C4B3000849
:102B100073B5124C2246552102F8011B1049086872
:102B20008988C4F8010091800122227262720D4AE4
:102B300000251288E571ADF80420264614F8011B23
:102B400001A80135FFF7D4FF0A2DF7D19DF8043015
:102B5000B3729DF80530F37202B070BD16120020FA
:102B60005C19002098A7000837B50C4B0C4C1D7859
:102B70000C4B65701B88ADF804305F2101A82170F3
:102B8000FFF7B6FF2946FFF7B3FF9DF80430A370A7
:102B90009DF80530E37003B030BD00BF5201002046
:102BA0002612002098A7000837B50C4B0C4C1D7856
:102BB0000C4B65701B88ADF80430332101A82170DF
:102BC000FFF796FF2946FFF793FF9DF80430A370A7
:102BD0009DF80530E37003B030BD00BF5201002006
:102BE0002212002098A70008F8B56549654807F04B
:102BF000CDFA064640B1634840F2017107F0A9FAE8
:102C00005F49604807F0D8FA5F495E4807F0BEFAAE
:102C1000074640B15B4840F2027107F09AFA5A4900
:102C2000584807F0C9FA5949564807F0AFFA05461F
:102C300040B1544840F2037107F08BFA53495148B0
:102C400007F0BAFA52494F4807F0A0FA044640B1DB
:102C50004C484FF4E06107F07CFA4D49494807F0D1
:102C6000ABFA4C49474807F091FAD0B1454840F2D9
:102C7000037107F06EFA4749424807F09DFA72B6B1
:102C8000454A00231360454A1360454A4FF480715A
:102C90001180444A138062B6434A1370434A13704A
:102CA00005E03E4335432C43E4B2002CE7D14049D4
:102CB000344807F06BFA10B3394A1388DBB137494F
:102CC00030480C68013B1380631C5A42D2B2DBB21D
:102CD00058BF53420B6007F038FA364B23F8140004
:102CE000324B01221A70344B1A68344B1A602D4A49
:102CF0001388013313802E49224807F05DFA3049CA
:102D0000204807F043FAC0B12E4D2F4B2C881B886A
:102D1000A34226D94FF49672B4FBF2F302FB13439D
:102D20009BB22A4A174832F81310013407F009FA07
:102D30002C802349134807F03FFA2549114807F032
:102D400025FAE0B10F48062107F015FA10214FF0DF
:102D5000904006F090FDBDE8F8401D49094807F095
:102D60002BBA0848072107F006FA0648062107F0A3
:102D7000F8F90E4A00231370164A1370D9E7F8BD0C
:102D8000000201070044004000020207000203079E
:102D900008000007050003075417002058170020FB
:102DA00056010020501700202C130020391300205A
:102DB000050005075C17002064190020341300206B
:102DC00007000707F6140020F4140020F814002070
:102DD000060006073813002010B5174C204607F0F0
:102DE00031F92046042107F0A4F92046082107F014
:102DF00098F92046052107F0B4F920464FF40071F8
:102E000007F0AFF92046082107F0ABF920460B493F
:102E100007F034F92046002107F066F9204600212A
:102E200007F06EF92046002107F052F92046BDE870
:102E3000104007F071B900BF0044004040420F004D
:102E40002DE9F04F974B1A888BB0002A31D072B61B
:102E50001A88013A1A8062B6934801684B1C5A429C
:102E6000D2B2DBB258BF53420360904A904B33F862
:102E700011401378002B58D1FF2C14D8AA2CE1B2A2
:102E80001AD1012111708B4A032010708A4A8B4895
:102E900013708B4A13708B4B1970FF2303704370B0
:102EA0002146FFF725FE72B6874A13880133138047
:102EB00062B60BB0BDE8F08FCC290FD102201070A4
:102EC0007C4A13707C4A7D4813707D4A13707D4B99
:102ED00001221A70FF2303704370E2E7AF2901D18A
:102EE0000320ECE7A02901D10420E8E7552905D10A
:102EF000052010706F4A0B201070E3E7332904D1CE
:102F0000052010706B4A0320F6E75F2906D10523E0
:102F10001370684B03221A700023D3E75029C2D1E3
:102F200006231370634B0222F5E7013B052BBAD849
:102F3000DFE813F0B60B0E0C4A0B0600340C3D0C08
:102F40005C4D2978B9B9614BFF2C1E7809D95B48D3
:102F5000FFF7CEFD16B15B4B00221A7001232B70D8
:102F6000A1E7E4B255482146FFF7C2FDA642F5D0DD
:102F7000FF2CF3D0EFE70139082994D801A353F8C7
:102F800021F000BFA92F0008C12F0008A72E0008BC
:102F9000A72E0008A72E0008A72E0008EB2F000878
:102FA0004546000821300008B4F5807F484B43486F
:102FB00028BF0024E1B21970FFF79AFD0223CEE783
:102FC000FF2C3F4B08D900213C481970FFF790FDBA
:102FD000384B08221A7066E7E1B238481970FFF7DB
:102FE00087FD002CF4D00723B9E733480378B4F504
:102FF000807F28BF0024FF22B3FBF2F21A44013382
:10300000DDB2E1B202F0FF02324C05702B48A15450
:10301000FFF76EFD2A4B1B78AB427FF444AFD7E736
:103020002D4B284A00271F701278244B5B78002A0A
:1030300034D0B4F5807F28BF3C46A3422ED1204B2C
:10304000234A1C78254B1278B3F900300592FCB165
:1030500093421DD01F4B93F80080B8F1F40F4DD16F
:103060001F4B1F721F7583F8207083F82C701D4B47
:103070001F701D4B1F601D4B01221A701C4B5A7391
:1030800001370A2F03F11003F9D11A4B00221A60FD
:10309000194B01221A70114B059A1A80034B00221A
:1030A00098E700BF50170020541700202C13002071
:1030B0005C1700202B1300202A1300204D01002054
:1030C000291300204C01002056010020520100204D
:1030D000141200202A120020391300205001002071
:1030E000680F002070030020680300207103002097
:1030F0007C0000206C0300202F130020B8F1480F43
:1031000011D8B8F13F0FC3D9A8F14108B8F1070FA2
:1031100072D8DFE818F02D00B80095023E03E404F1
:103120006F0558062F07B8F1F50F01F0CF80B8F101
:10313000FB0F01F03D82B8F1F20FA9D10B2CA7D102
:103140008549864A9FED867A002311F8010F07EE24
:10315000900AF8EE677A013367EE877A0A2BC2EDA0
:10316000027A02F11002F0D17E4B00221A708FE732
:10317000022C8DD15B78013BDBB2092B88D87A4ACF
:103180007A4CDFF8FCE10C2101FB0322282000FB34
:1031900003F7002100264FF07E551160556016722E
:1031A0004FF0200CE21904F807C0DFF8D8C1C2F8CC
:1031B00020E011615561C2F818C0D16182F8256024
:1031C000012210FB03231A19E6544FF0FF10FF23CE
:1031D000A2F80130C2F80300D371654A1320D31955
:1031E000D05540F2011219615D61C3F818C0D96170
:1031F0001A6283F825604BE7022C7FF449AF5B78B5
:10320000013BDBB2092B3FF643AF574A574EDFF87D
:1032100074E10C2101FB0322282000FB03F50021AF
:103220004FF07E5400271160546017724FF0200C4D
:10323000721906F805C0DFF848C1C2F820C04FF087
:10324000010C10FB03C311615461C2F818E0D16195
:1032500082F825709A19F7544FF0FF10FF23A2F857
:103260000130C2F80300D371414A0320531950556D
:1032700040F2011219615C61C3F818E0D9611A6269
:1032800083F825C004E7083CE4B20C2C3FF600AFFD
:103290005A780192511EC9B209293FF6F9AE01EBE5
:1032A0008107DA7831480292FF001A7993F8069084
:1032B00093F8078093F802A003927E1C5A79049237
:1032C00035180023835107442A4E6B60AB603846A3
:1032D000A342B8BFF55C03F10103A8BF00250C2B86
:1032E00000F8015FF4D1DDED027A9FED237A1F48EB
:1032F000049AF8EE677AF7EE006A77EEA67A282449
:1033000087EE276A4C430319161E055D00F804A0DA
:1033100018BF0126012483F8214083F82060DDEDE9
:10332000037A83ED066AB8EE677ADFED147A37EE3A
:10333000677A27EE067A83ED077AB9F1000F23D179
:1033400083F82290B8F1000F00F0368183F82390C3
:1033500040F2011432E100BF2A1200207C0000205C
:103360008180803B5801002004000020FC0C0020DC
:103370006C0B0020321200200AD7233E00000043CD
:10338000010101000AD7233DB8F1000618BF01264C
:10339000AA4583F825605C8483F8244040F00F81BF
:1033A0009B4B93F800B0BBF1FF0F3FF471AE99490E
:1033B0000B88002B3FF46CAE974C984E013B0B8072
:1033C00023680793591C484200F01F0001F01F01B9
:1033D00058BF4142924B216092491D880988ADF83F
:1033E00024104FF4967409A85021FFF781FBB5FB18
:1033F000F4F104FB115189B24FF0500C06F801C0F2
:103400005946FFF775FB691C89B2B1FBF4FC04FB5C
:103410001C1189B206F801B0DFF820B29BF8001049
:103420000691FFF765FB05F1020C1FFA8CFCBCFB53
:10343000F4FE04FB1ECC06991FFA8CFC06F80C1057
:1034400001318BF800101421FFF752FBE91C89B2FF
:10345000B1FBF4FC04FB1C1189B24FF0140C06F80C
:1034600001C04221FFF744FB291D89B2B1FBF4FCE6
:1034700004FB1C1189B24FF0420C06F801C00199FF
:10348000FFF736FB691D89B2B1FBF4FC04FB1C118C
:1034900089B2019B73545146FFF72AFBA91D89B2DB
:1034A000B1FBF4FC04FB1C1189B206F801A00299DF
:1034B000FFF71EFBEA1D92B2B2FBF4F104FB1122EE
:1034C00092B2029B0399B354FFF712FB05F1080275
:1034D00092B2B2FBF4F104FB112292B2039B049965
:1034E000B354FFF705FB05F1090292B2B2FBF4F108
:1034F00004FB112292B2049BB3544946FFF7F8FA39
:1035000005F10A0292B2B2FBF4F104FB112292B26D
:10351000414606F80290FFF7EBFA05F10B0292B272
:10352000B2FBF4F104FB112292B205F10C0906F88A
:103530000280079B05F118081FFA89F91FFA88F81D
:1035400017F801AF0193514609A8FFF7D1FAB9FB6B
:10355000F4F204FB129209F1010992B21FFA89F9FF
:10356000C84506F802A0019BEAD1B8FBF4F204FBBF
:1035700012881FFA88F89DF8242006F8082005F123
:10358000190292B2B2FBF4F104FB112292B29DF83F
:103590002510B154224905F11A020A80224A22F864
:1035A0001350224A1A21D154214A1021D154214AC0
:1035B0001388013313806BE583F823809C841E4BB2
:1035C00003EB011300241B7907EE903AF8EE677ABB
:1035D000282377EEE67A67EE877AF5EEC07AF1EE89
:1035E00010FA07DD03FB010377EEA67A1C61C3ED39
:1035F000057AD5E651BF03FB010003FB0103C3EDD0
:10360000047AC3ED056A5CBF0461C0ED056AC7E6D4
:103610005201002054010020701400203C130020AF
:103620003A13002098A70008B41400209414002036
:1036300074140020681400207C0000201512002063
:10364000022C7FF425AD93F8019009F1FF33DBB232
:10365000092B3FF61DAD924A282101FB03230022CE
:1036600083F821208F4B93F800A0BAF1FF0F3FF4AD
:103670000FAD8D4A1388002B3FF40AAD8B49DFF85C
:1036800058B2D1F80080BBF80060894F013B13802D
:1036900008F101035A4202F01F0203F01F0358BF52
:1036A00053420B60834B4FF4967509A81B88ADF805
:1036B00024305021FFF71CFAB6FBF5F305FB13632A
:1036C0009BB250225146FA54FFF712FA731C9BB278
:1036D000B3FBF5F205FB12339BB207F803A0DFF84A
:1036E000FCA19AF800100191FFF702FAB31C9BB2FB
:1036F000B3FBF5F205FB123301999BB2F95401318A
:103700008AF800102146FFF7F3F9F31C9BB2B3FBD4
:10371000F5F205FB12339BB24321FC54FFF7E8F9A5
:10372000331D9BB2B3FBF5F205FB12339BB2432270
:10373000FA544946FFF7DCF9731D9BB2B3FBF5F26F
:1037400005FB12339BB207F80390B31D9BB2B3FB8A
:10375000F5F205FB12339BB29DF82420FA54F31DB9
:103760009BB2B3FBF5F205FB12339BB29DF825200B
:10377000FA5406F10803ABF800304F4B23F81860F9
:103780004E4B082203F808204D4B102203F8082066
:103790000DE7083CE4B20C2C3FF67AAC5A78019263
:1037A000511EC9B209293FF673AC01EB8107DA78E3
:1037B00044480292FF001A7993F8069093F8078024
:1037C00093F802A003927E1C5A79049235180023C4
:1037D000835107443C4E6B60AB6038469C42C8BF87
:1037E000F55C03F10103D8BF00250C2B00F8015F45
:1037F000F4D1DDED027A9FED357A3248049AF8EE85
:10380000677AF7EE006A77EEA67A282487EE276AB1
:103810004C430319161E055D00F804A018BF0126CD
:10382000012483F8214083F82060DDED037A83EDE5
:10383000066AB8EE677ADFED267A37EE677A27EE0A
:10384000067A83ED077AB9F1000F49D183F8229007
:10385000B8F1000F1ED183F823809C841D4B03EB2D
:10386000011300241B7907EE903AF8EE677A2823BB
:1038700077EEE67A67EE877AF5EEC07AF1EE10FA27
:1038800040F31F8103FB010377EEA67A1C61C3EDB1
:10389000057A30E083F8239040F20114DDE700BFA1
:1038A000FC0C002052010020540100207014002064
:1038B0003C13002098A70008B414002094140020A2
:1038C000741400206C0B0020321200200AD7233E13
:1038D000000000437C0000203A1300201512002055
:1038E000B8F1000618BF0126AA4583F825605C845C
:1038F00083F82440B2D1B64B93F800B0BBF1FF0F70
:103900003FF4C6ABB3490B88002B3FF4C1ABB24CBC
:10391000B24E013B0B8023680793591C484200F0CC
:103920001F0001F01F0158BF4142AD4B2160AD495E
:103930001D880988ADF824104FF4967409A8502109
:10394000FFF7D6F8B5FBF4F104FB115189B24FF043
:10395000500C06F801C05946FFF7CAF8691C89B235
:10396000B1FBF4FC04FB1C1189B206F801B0DFF8CE
:103970007CB29BF800100691FFF7BAF805F1020C33
:103980001FFA8CFCBCFBF4FE04FB1ECC06991FFA4C
:103990008CFC06F80C1001318BF800101421FFF795
:1039A000A7F8E91C89B2B1FBF4FC04FB1C1189B235
:1039B0004FF0140C06F801C04421FFF799F8291DB7
:1039C00089B2B1FBF4FC04FB1C1189B24FF0440C2A
:1039D00006F801C00199FFF78BF8691D89B2B1FBA8
:1039E000F4FC04FB1C1189B2019B73545146FFF790
:1039F0007FF8A91D89B2B1FBF4FC04FB1C1189B24C
:103A000006F801A00299FFF773F8EA1D92B2B2FB23
:103A1000F4F104FB112292B2029B0399B354FFF715
:103A200067F805F1080292B2B2FBF4F104FB11222F
:103A300092B2039B0499B354FFF75AF805F10902B7
:103A400092B2B2FBF4F104FB112292B2049BB35484
:103A50004946FFF74DF805F10A0292B2B2FBF4F1C4
:103A600004FB112292B2414606F80290FFF740F89B
:103A700005F10B0292B2B2FBF4F104FB112292B2F7
:103A800005F10C0906F80280079B05F118081FFADA
:103A900089F91FFA88F817F801AF0193514609A870
:103AA000FFF726F8B9FBF4F204FB129209F10109C1
:103AB00092B21FFA89F9C84506F802A0019BEAD123
:103AC00053E551BF03FB010003FB0103C3ED047A7F
:103AD000C3ED056A5CBF0461C0ED056A0BE7022C0B
:103AE0007FF4D6AA93F8019009F1FF33DBB2092BDA
:103AF0003FF6CEAA3C4A282101FB0323002283F88B
:103B00002120334B93F800A0BAF1FF0F3FF4C0AA75
:103B1000304A1388002B3FF4BBAA2F49DFF8C0B00E
:103B2000D1F80080BBF800602C4F013B138008F1F6
:103B300001035A4202F01F0203F01F0358BF534211
:103B40000B60284B4FF4967509A81B88ADF82430FC
:103B50005021FEF7CDFFB6FBF5F305FB13639BB2D7
:103B600050225146FA54FEF7C3FF731C9BB2B3FBBD
:103B7000F5F205FB12339BB207F803A0DFF86CA047
:103B80009AF800100191FEF7B3FFB31C9BB2B3FB90
:103B9000F5F205FB123301999BB2F95401318AF811
:103BA00000102146FEF7A4FFF31C9BB2B3FBF5F215
:103BB00005FB12339BB24521FC54FEF799FF331DE0
:103BC0009BB2B3FBF5F205FB12339BB24522AFE586
:103BD0005201002054010020701400203C130020EA
:103BE0003A13002098A700086C0B00201512002043
:103BF0008180803B052C7FF44BAA93F801A00AF149
:103C0000FF32D2B2092A3FF643AA93F802901FED81
:103C1000087AD97893F80480C94B019107EE909AFD
:103C2000F8EE677A0C2167EE877A01FB0233C3ED69
:103C3000007ADDED017AF8EE677AB8F1000267EEFE
:103C4000877A18BF0122C3ED017A1A72BD4B93F82F
:103C500000B0BBF1FF0F3FF41BAABB4A1388002B37
:103C60003FF416AAB948BA4F013B13800368039387
:103C70005A1C514201F01F0102F01F0258BF4A4274
:103C80000260B449B44A09881688ADF824104FF48C
:103C9000967509A85021FEF72BFFB6FBF5F105FB41
:103CA000116189B24FF0500C07F801C05946FEF778
:103CB0001FFF711C89B2B1FBF5FC05FB1C1189B219
:103CC00007F801B0DFF8A8B29BF800100291FEF7E8
:103CD0000FFF06F1020C1FFA8CFCBCFBF5FE05FB86
:103CE0001ECC02991FFA8CFC07F80C1001318BF8DE
:103CF00000102146FEF7FCFEF11C89B2B1FBF5FC79
:103D000005FB1C1189B27C544621FEF7F1FE311DE2
:103D100089B2B1FBF5F405FB141189B246247C5439
:103D20005146FEF7E5FE711D89B2B1FBF5F405FBC6
:103D3000141189B207F801A04946FEF7D9FEB11D5A
:103D400089B2B1FBF5F405FB141189B207F80190B3
:103D50000199FEF7CDFEF11D89B2B1FBF5F405FB2B
:103D6000141189B2019B7B544146FEF7C1FE06F156
:103D7000080189B2B1FBF5F005FB101189B2764A52
:103D800007F8018006F1090189B2B1FBF5F005FBE6
:103D9000101189B29DF82400785406F10A0189B205
:103DA000B1FBF5F005FB101189B29DF825007854A0
:103DB00006F10B011180039B684A0B2122F8136066
:103DC000674AFFF7F0BB032C7FF462A993F80190D8
:103DD00009F1FF32D2B2092A3FF65AA993F80280BC
:103DE0009FED607A604B07EE908AF8EE677A03EBFE
:103DF000021367EE877AC3ED027A524B93F800A064
:103E0000BAF1FF0F3FF444A94F4A1388002B3FF447
:103E10003FA94E494E4FD1F800B0013B13800BF142
:103E200001035A4202F01F0203F01F0358BF53421E
:103E30000B60494B474A1E881288ADF824204FF486
:103E4000967509A85021FEF753FEB6FBF5F205FB67
:103E5000126292B25021B9545146FEF749FE721CCB
:103E600092B2B2FBF5F105FB112292B207F802A063
:103E7000DFF8FCA09AF800100191FEF739FEB21CA1
:103E800092B2B2FBF5FC05FB1C22019992B2B95427
:103E900001318AF800102146FEF72AFEF21C92B288
:103EA000B2FBF5F105FB112292B24721BC54FEF79B
:103EB0001FFE321D92B2B2FBF5F105FB112292B248
:103EC0004721B9544946FEF713FE721D92B2B2FB68
:103ED000F5F105FB112292B2414607F80290FEF778
:103EE00007FEB21D92B2B2FBF5F105FB112292B2B0
:103EF000194B07F80280F21D92B2B2FBF5F105FBF7
:103F0000112292B29DF82410B95406F1080292B21F
:103F1000B2FBF5F105FB112292B29DF82510B954C0
:103F200006F109021A800D4B23F81B600C4B092285
:103F300003F80B200D4B102203F80B20FFF737BBC3
:103F400004000020520100205401002070140020C1
:103F50003C13002098A700083A130020B414002056
:103F6000941400208180803B7C0000207414002089
:103F700015120020032C7FF68BA858780138C0B2A8
:103F800009283FF685A8997893F803908B1E012B9A
:103F900040F2D3800B1F5A425A419200BE4B03EBB2
:103FA00000154FEA001C6A70002203F80C10154639
:103FB00011469B461E798842A8BF2A4601313544E6
:103FC0000A29EDB203F11003F4D10BEB0C031B79BA
:103FD0009945C0F0B480994500F2EB806421B2FBB2
:103FE000F1F301FB13234A44D2B2013AE34492FBBA
:103FF000F1F601FB1622A949A74EDFF8CCC28BF8D7
:104000000490DDB201EB45010027042306EB001606
:104010004FF0FF0EAA42778001F1020180F20A817F
:104020009F4B01221A709F4B1D78FF2D3FF430A843
:104030009D4A1388002B3FF42BA89C499C4FD1F834
:104040000080013B138008F101035A4202F01F0275
:1040500003F01F0358BF53420B60964B1E88964BCC
:104060004FF4967B1B88ADF8243009A85021FEF749
:104070003FFDB6FBFBF20BFB126292B25021B9542A
:104080002946FEF735FD721C92B2B2FBFBF10BFB29
:10409000112292B2BD54894D95F800A05146FEF709
:1040A00027FDB21C92B2B2FBFBF10BFB112292B2C4
:1040B000214607F802A00AF1010A85F800A0FEF7E0
:1040C00017FDF21C92B2B2FBFBF10BFB112292B274
:1040D0004FF0000ABC54FF22B4FBF2F2144404F087
:1040E000FF04631E01930AF10405019B56FA85F54E
:1040F000ADB25345B5FBFBF10BFB1155ADB280F2F0
:10410000B5809DF824207A55621D56FA82F292B24B
:10411000B2FBFBF10BFB112292B29DF82530BB5490
:104120000634644A56FA84F31380654B23F818600A
:10413000644B03F80840FFF727BB03222EE709EB87
:1041400002016426C9B2B1FBF6F706FB1711A3EB17
:104150000907FFB2039709F16307FF1AFFB2B7FB24
:10416000F6F806FB1877DFF834815FFA81FE08EB7A
:104170004E015FFA87FA01910199F24501F10201BE
:104180000191FFF628AF039F7744B7FBF6F106FBDA
:104190001171029108EB4101019F497807F8011C58
:1041A000029918F8117001990EF1010E01F8027CC4
:1041B000E2E7C5F16405A9EB0301EDB2C9B2A9427A
:1041C00005D91D445FFA85F94B45BFF407AF03F1EC
:1041D0006301A9EB030EA1EB090113446425C9B2E5
:1041E000DBB2B1FBF5F6DFF8B480B3FBF5F705FB06
:1041F000161105FB1733CEB2DBB25FFA8EFE0193C8
:1042000008EB4601019BB342A1F102013FF7E6AE84
:10421000CF7806EB0E0A3B46BAFBF5F705FB17A76E
:1042200008EB470A013E8AF8013091F802A008F82D
:1042300017A0E7E71CF80300003818BF012001F8B9
:10424000010C581C90FBFEF8C8EB0828A0EB0800F6
:1042500002331CF8000001F8020C384487B293FBCB
:10426000FEF0C0EB00201B1A0135D3E6BAF1030FB4
:1042700008D1494609A8FEF73BFC494679550AF1A1
:10428000010A30E7104B09A813F80A100291FEF753
:104290002FFC0299F2E700BF7C0000208C0E00206A
:1042A00072030020520100205401002070140020ED
:1042B0003C1300203A13002098A700081512002094
:1042C000B4140020941400202A120020CD4B93F83F
:1042D00000A0BAF1FF0F3EF4DBAECB4A1388002BEF
:1042E0003EF4D6AEC949DFF850B3D1F80090BBF820
:1042F0000050C74E013B138009F101035A4202F0FE
:104300001F0203F01F0358BF53420B60C14B4FF411
:10431000967409A81B88ADF824305021FEF7E8FBFD
:10432000B5FBF4F304FB13539BB250225146F254F5
:10433000FEF7DEFB6B1C9BB2B3FBF4F204FB123303
:104340009BB206F803A0DFF8F4A29AF800100191DE
:10435000FEF7CEFBAB1C9BB2B3FBF4F204FB1233B3
:1043600001999BB2F15401318AF800101321FEF734
:10437000BFFBEB1C9BB2B3FBF4F204FB12339BB20A
:1043800013224146F254FEF7B3FB2B1D9BB2B3FB45
:10439000F4F204FB12339BB2394606F80380FEF7B1
:1043A000A7FB6B1D9BB2B3FBF4F204FB12339BB271
:1043B0003946F754FEF79CFBAB1D9BB2B3FBF4F2FE
:1043C00004FB12339BB24021F754FEF791FBEB1D27
:1043D0009BB2B3FBF4F204FB12339BB240220321E5
:1043E000F254FEF785FB05F108039BB2B3FBF4F230
:1043F00004FB12339BB203220121F254FEF778FB37
:1044000005F109039BB2B3FBF4F204FB12339BB238
:1044100001220C21F254FEF76BFB05F10A039BB25B
:10442000B3FBF4F204FB12339BB20C226721F2546B
:10443000FEF75EFB05F10B039BB2B3FBF4F204FB4A
:1044400012339BB267226421F254FEF751FB05F14F
:104450000C039BB2B3FBF4F204FB12339BB2642255
:104460003321F254FEF744FB05F10D039BB2B3FB7D
:10447000F4F204FB12339BB233273221F754FEF7D8
:1044800037FB05F10E039BB2B3FBF4F204FB1233CE
:104490009BB232226621F254FEF72AFB05F10F038C
:1044A0009BB2B3FBF4F204FB12339BB26622394693
:1044B000F254FEF71DFB05F110039BB2B3FBF4F2BF
:1044C00004FB12339BB23946F754FEF711FB05F19A
:1044D00011039BB2B3FBF4F204FB12339BB2302105
:1044E000F754FEF705FB05F112039BB2B3FBF4F2A0
:1044F00004FB12339BB230226B21F254FEF7F8FA20
:1045000005F113039BB2B3FBF4F204FB12339BB22D
:104510006B223821F254FEF7EBFA05F114039BB23B
:10452000B3FBF4F204FB12339BB238227521F25430
:10453000FEF7DEFA05F115039BB2B3FBF4F204FBC0
:1045400012339BB275223621F254FEF7D1FA05F1EF
:1045500016039BB2B3FBF4F204FB12339BB2362278
:10456000F25405F117039BB2B3FBF4F204FB1233D0
:104570009BB29DF82420F25405F118039BB2B3FBC3
:10458000F4F204FB12339BB29DF82520F25405F19E
:104590001903ABF80030204B23F819501F4B192298
:1045A00003F809201E4B102203F80920FEF7FFBF75
:1045B000BFF34F8F1B491C4BCA6802F4E0621343E0
:1045C000CB60BFF34F8FFEE7184B1978002937D126
:1045D0000C4BFF2C1D7805D91548FEF789FA65B9F3
:1045E000FEF7F6BCE4B212482146FEF781FAA54276
:1045F0003EF4EEACFF2C3EF4EBAC0E4B00221A70F6
:10460000FEF7E6BC52010020540100207014002087
:104610003C13002098A70008B41400209414002034
:104620007414002000ED00E00400FA052B130020B4
:104630004D0100204C0100203A13002015120020EB
:1046400008290ED1644BB4F5807F1B7828BF002465
:104650009C421EBF614B00221A70614B0922FEF77B
:10466000B9BC09297EF41FAC5E4B5C4900221A706C
:104670000978594B5B7800293EF410ADB4F5807F82
:1046800028BF14469C427EF409AD574B1978002987
:104690003EF404AD5549012008701A70FEF7FEBCC7
:1046A0004F4E3378032B23D1514F4B483D78062290
:1046B000B5FBF2F302FB1353DBB24E4AB4F5807F35
:1046C000D35C28BF0024E1B28B4218BF434B05F1F5
:1046D000010518BF0022EDB218BF1A70FEF708FAE4
:1046E000062D3D707EF4DFAB00233370FEF7DBBB9D
:1046F0005BB9B4F5807F404B374828BF0024E1B256
:104700001970FEF7F5F90823EFE7082B9AD0092B6B
:104710007EF4C9AB334B314A00251D7012782E4B05
:104720005B78002A3EF4BAACB4F5807F28BF2C46F3
:104730009C427EF4B3AC304B1A78304B1A70FEF7C3
:1047400013FAFEF731FA2E4B01221D702D4BA4E710
:10475000234B197800293FF43BAF082907D11E4BA2
:10476000B4F5807F1B7828BF0024A34271E7092994
:104770007EF499AB1B4B00221A70184A164B127824
:104780005B78002A3EF48AACB4F5807F28BF002411
:104790009C427EF483AC194BFF227EE7104A1378CB
:1047A000012B7EF67BAC013B1370FEF77CBB0C4902
:1047B0000B78012B03D9013B0B70FEF774BBFF2C68
:1047C00098BF02344FF0050394BFE4B20224137083
:1047D0000C70FEF768BB00BF4D0100204C010020AB
:1047E0002B130020391300202D1300202E1300203E
:1047F0002A1300205C19002014120020520100200E
:104800002F13002058010020714B2DE9F74F1B7822
:10481000704F3C78002B40F0AD80002C40F0AA8017
:104820006D4B6E4D1B786E4EFF2B00F0B9806D4BBB
:104830001A78E2B110214FF090401C7005F019F881
:10484000694A6A4B11781980517859809178D278E9
:104850009980DA80664B674804221A80664B0721EC
:104860001C8005F07EFC33682B6001233B70D6F87A
:1048700000A02B68AAEB0303012B58D95F490B88D2
:10488000002B54D05E4ADFF898B114681BF80490EE
:10489000B9F1000F7FD05B4830F8140001905A48FE
:1048A00090F80080B8F1000F14D04FF0000C013BDD
:1048B00001340B8080F800C0BCEB040303F01F033D
:1048C00004F01F0458BF5C421460504A138801333F
:1048D00013802CE04E4B4FF090401B5D0093102155
:1048E00004F0C7FF424BDFF804C1A3F80080009B2F
:1048F000DFF830E15A1E4FF4967043469A423CDA94
:10490000B8F1000F02D03A4B009A1A803A4B39485E
:10491000002207211A8009F1FF3905F022FC3D4AE7
:104920000BF8049001231370C5F800A03B703368A6
:104930002A689B1AB3F57A7F1CD910214FF090405A
:1049400004F097FF344A294B117819805178598027
:104950009178D278DA809980254B04221A80264BF0
:104960002448002207211A8005F0FBFB33682B60E6
:1049700001233B7003B0BDE8F08F01995918B1FBDA
:10498000F0F800FB18114FF001081EF801102CF888
:1049900013100133B2E7013B01340B8063428DE712
:1049A00033682A689B1AB3F57A7FE3D910214FF058
:1049B000904004F05EFF194A0C49234612F8010B9F
:1049C00021F8130001330C2BF8D1094A1380C6E7F4
:1049D000391300203813002052010020301300202A
:1049E000641900202F13002026120020F814002044
:1049F000F414002000440040F61400206814002045
:104A00006C140020B41400202E1300205401002048
:104A1000941400202D1300202212002016120020D2
:104A2000741400203C1300200D4B0E4A19681368C3
:104A3000CB1A012B10B511D972B60B4800230360B5
:104A40000A4803600A484FF48074048009480380D0
:104A500062B60948116003700848037010BD00BFBA
:104A60006419002034130020541700205817002028
:104A700056010020501700202C130020391300206D
:104A80004B4B1B782DE9F347002B00F08E80494BF0
:104A900093F80090B9F1FF0F00F08780464A138821
:104AA000002B00F082804549DFF830810F68B8F8AC
:104AB0000050434E013B13807B1C5A4202F01F0200
:104AC00003F01F0358BF53420B603E4B4FF49674E4
:104AD00001A81B88ADF804305021FEF709F8B5FB9A
:104AE000F4F304FB13539BB250224946F254FDF7F2
:104AF000FFFF6B1C9BB2B3FBF4F204FB12339BB2BF
:104B000006F80390DFF8D89099F800A05146FDF719
:104B1000EFFFAB1C9BB2B3FBF4F204FB12339BB26E
:104B2000012106F803A00AF1010A89F800A0FDF7A7
:104B3000DFFFEB1C9BB2B3FBF4F204FB12339BB21E
:104B40000122F254204B93F800904946FDF7D0FF24
:104B50002B1D9BB2B3FBF4F204FB12339BB206F89D
:104B600003906B1D9BB2B3FBF4F204FB12339BB2B8
:104B70009DF80420F254AB1D9BB2B3FBF4F204FB8E
:104B800012339BB29DF80520F254EB1DA8F80030BB
:104B90000E4B23F817500E4B0722DA550D4B1022FF
:104BA000DA550D4A13880133138002B0BDE8F0874F
:104BB00058010020520100205401002070140020F0
:104BC0003C13002098A7000853010020B4140020D3
:104BD0009414002074140020681400203A1300205C
:104BE0001512002010B540F2115004F0CBFE4FF426
:104BF0008073032201214FF0904004F003FEBDE8D2
:104C000010404FF48073002201214FF0904004F0D7
:104C1000D7BD00001FB540F2017004F0B3FE10488C
:104C200004F09AFF0F4B104A1B68B3FBF2F3013BF1
:104C30000022B3F5803F28BF1346ADF80030694627
:104C400009230748ADF80220019202938DF80C2049
:104C500004F0D6FF024805F063F805B05DF804FBE8
:104C6000000400405C01002040420F004FF48071BE
:104C70004FF0904004F0FDBD30B5421EC31D002032
:104C800012F8014F082145086040C0074CBF85F06D
:104C90008C00284601394FEA5404F4D19A42EFD1EE
:104CA00030BD000008B500221146102004F01CFEA3
:104CB000BDE808400148012105F039B80004004072
:104CC0002DE9F041A748012105F03AF8002800F04D
:104CD0000182A54B1B78022B4ED1A44D2B78022BC1
:104CE0001DD1A34A137873B94FF480714FF09040EF
:104CF00004F0C1FD9E4B01221A70BDE8F0419948B5
:104D0000012105F026B8302B40F0CA804FF48071A5
:104D10004FF0904004F0ADFD944B0322ECE7032BE1
:104D200013D1934A1378372B40F0BA804FF4807137
:104D30004FF0904004F0A1FD8C4B08B90422DBE752
:104D40008C4A012111700E22D6E7042BD5D1884C54
:104D50002378612B7BD14FF480714FF0904004F0A9
:104D60008CFD20B10023237005232B70C5E7814BF8
:104D700002221A707D4BE6E7002B32D17B4B1B7869
:104D8000002BBAD17A4D7C4F2C783B78CCB97B4E36
:104D90003478072C12D84FF480714FF0904004F013
:104DA0006AFD774B1B78234113F0010F0CBF0723DB
:104DB000012301343B7034700123D6E76B4B05228D
:104DC0009AE79C4208D14FF480714FF0904004F074
:104DD00050FD01342C7090E7082CFAD1644B00226E
:104DE0008AE7012B35D1614A1378012B85D1604CBC
:104DF0002378002B3FF478AF012B08D14FF480715A
:104E00004FF0904004F035FD594B022274E7022B1D
:104E100014D14FF480714FF0904004F02EFD574AAA
:104E2000574913780D78003818BF0120984028435F
:104E3000013313700870032323705EE7082B06D13B
:104E40004E4B1B78082BC9D10C231370C6E70133D6
:104E5000F2E7032B7FF451AF444C2378022B3FF44D
:104E600040AF0B2B3FF649AF01A252F823F000BF31
:104E7000CB4E0008FB4C0008FB4C0008234D0008FB
:104E8000A74E0008FB4C0008FB4C00082B4F000805
:104E9000894F0008BF4F00084750000879500008AC
:104EA0000133137029E7324D2B78612B0BD14FF46E
:104EB00080714FF0904004F0E0FC00283FF457AFC1
:104EC00000232B70B8E701334FE7294EDFF8A880A5
:104ED000357898F80030D5B9284F3D78072D14D88B
:104EE0004FF480714FF0904004F0C5FC244B1B78C8
:104EF0002B4113F0010F0CBF0723012388F800306A
:104F0000013501233D703370F7E6072394E79D4296
:104F100008D14FF480714FF0904004F0AAFC0135A5
:104F20003570EAE6082DFAD158E7114D2B78002BA1
:104F30003FF4DAAE012B3FF461AF022B0CD14FF4FA
:104F400080714FF0904004F098FC0E4B003818BF71
:104F500001201870032308E7082BB4D100222A701F
:104F60006AE700BF00040040071000203E01002057
:104F700004100020980F0020AE0F0020AD0F00207D
:104F8000AF0F0020A00F0020534D2B78002B3FF4D3
:104F9000ABAE012B3FF432AF022B0AD14FF480713C
:104FA0004FF0904004F069FC00384C4B18BF0120D2
:104FB000CFE7082B87D100232B7009233CE7484B10
:104FC0001878464B1D78C0B1002D7FF4F7AE454BE5
:104FD000454A1978454B1B7803F00703D25C444DD2
:104FE000287043480078002829D00A4301213E4810
:104FF000C254404B19700A231EE73A4B3A4A1978BB
:105000003A4B1B7803F00703D25C002DE7D13A48F6
:105010003A4D00782D78A8420DD2114214BF0125D7
:105020000025334E3570002DDBD1354D0828287012
:10503000D7D8344DD4E70CBF01250025F1E722EA8B
:1050400001020721D3E7244D2B78002B3FF44CAE0F
:10505000284A16789E4208D14FF480714FF0904054
:10506000013604F006FC2E7047E6082B7FF42BAFC8
:1050700000232B700B23DFE61A481F4E027833788B
:105080001A4901335200DBB2D2B20D78337002708C
:105090001AB96A1C0A70012202700A78082A7FF481
:1050A00034AF402B184B09D9154A144912780A70AD
:1050B00012B9164A0121117001221A700A4A1B788E
:1050C000127803B122B9124B03221A700E23B3E6F1
:1050D0000D23B1E6BDE8F081041000209F0F0020F1
:1050E000A00F00209B0F0020A40F00209C0F002089
:1050F000990F0020AE0F00209E0F0020A30F00206C
:105100009D0F0020A10F00209A0F0020A20F002069
:10511000980F002030B5421E00F10803002012F85D
:10512000014F082145086040C0074CBF85F08C0046
:10513000284601394FEA5404F4D19A42EFD130BDE8
:105140002DE9F04FAB4D2B78052B85B04BD1AA4AFA
:105150001388002B40D0A949013B13800B6818200D
:105160005A1C92FBF0F400FB14220A60A44A03EBE1
:105170004303D118D35C88784A78A2490B70A249BE
:105180000A70A24908702BB9A1490A70A14A13708C
:105190002B701CE0012B05D19D4900220A709D490E
:1051A0000A70F5E7032B10D19B4A0023136053606C
:1051B0009A4A13709A4A13709A4A13709A4A137053
:1051C000934BF0221A700623E2E7022BE0D0974AB5
:1051D0001388013313801AE09548012105B0BDE81A
:1051E000F04F04F0A8BD063B092B10D8DFE813F000
:1051F0000A000F000F000F000F000F0021004A01EE
:1052000071011F02884B1B7823B105232B7005B059
:10521000BDE8F08F874901220A7087490B708749E2
:105220000B7087490A70874A13707A4A13700223F9
:10523000ECE7754B76491C78744B834E1A780978E5
:105240000923B2FBF3F303EBC303D31ADBB2082A3F
:10525000F154DAD13046FFF75DFF0028D5D17B4904
:105260007B4A04F03F0301EBC30051F83330136075
:10527000436853603388774C03EB830303EB83036A
:105280001BB2002B1A46B8BFDA1C594201F00301C9
:1052900003F0030358BF4B42002B6F4B4FEAA202AF
:1052A000B8BF02F1FF3293F800B0B8BF12B2627219
:1052B000BBF1FF0FC2F30722A272A6D0674A138880
:1052C000002BA2D06649DFF8B081D1F800A0B8F871
:1052D0000070DFF8A891013B13800AF101035A42E4
:1052E00002F01F0203F01F0358BF53420B605D4BD7
:1052F0004FF4967603A81B88ADF80C305021FDF7CB
:10530000F7FBB7FBF6F306FB13739BB2502259462B
:1053100009F80320FDF7ECFB7B1C9BB2B3FBF6F214
:1053200006FB12339BB209F803B0DFF854B19BF8C7
:1053300000100091FDF7DCFBBB1C9BB2B3FBF6F247
:1053400006FB123300999BB209F8031001318BF868
:1053500000100B21FDF7CCFBFB1C9BB2B3FBF6F25C
:1053600006FB12339BB20B2209F8032007F10F0B47
:1053700022463C1DA4B21FFA8BFB12F8011B03A8A6
:10538000CDE90012FDF7B4FBB4FBF6F306FB1343C3
:1053900001349BB2A4B2009909F803105C45019A4C
:1053A000EBD1B4FBF6F306FB1344A4B29DF80C302A
:1053B00009F8043007F110039BB2B3FBF6F206FBC9
:1053C00012339BB29DF80D2009F8032007F1110359
:1053D000A8F80030244B23F81A70244B112203F84C
:1053E0000A20234B102203F80A20224A1388013393
:1053F00013800AE73E010020B00F0020B40F002008
:10540000BC0F00200710002006100020051000200F
:10541000AF0F0020AD0F0020A40F0020AC0F002024
:10542000A30F0020A10F0020A20F00203C010020AC
:10543000000400409E0F00209D0F00209C0F0020C4
:105440009B0F00209A0F00200B1200200810002054
:10545000420100204101002052010020540100209F
:105460007014002098A70008B414002094140020A1
:1054700074140020681400203A1300203C1300200C
:1054800015120020794E7A4F30463C78FFF7F4FB36
:10549000D0B93378282B0ED1764977480B7832680B
:1054A00003F03F0C00EBCC0E40F83C200133726857
:1054B000CEF804200B70714B1B78A3423FF4A5AECD
:1054C00001343C700623A1E66D4B03221A700E23B3
:1054D0009CE66B4B6B4A93F800806B4B82F8018023
:1054E00093F800B0BBF1FF0F00F0978067490B887D
:1054F000002B00F092806648DFF8C0A1D0F8009041
:10550000BAF80060634F013B0B8009F10103594277
:1055100001F01F0103F01F0358BF4B4203605E4BB5
:105520004FF4967403A81B88ADF80C305021FDF79A
:10553000DFFAB6FBF4F304FB13639BB25021F9547A
:105540005946FDF7D5FA731C9BB2B3FBF4F104FB8B
:1055500011339BB207F803B0DFF864B19BF8001079
:105560000091FDF7C5FAB31C9BB2B3FBF4FC04FB3E
:105570001C3300999BB2F95401318BF800100221C1
:10558000FDF7B6FAF31C3F4A9BB2B3FBF4F104FB00
:10559000113392F800B09BB20221F9545946FDF73D
:1055A000A7FA331D9BB2B3FBF4F204FB12339BB298
:1055B000414607F803B0FDF79BFA731D9BB2B3FB9E
:1055C000F4F204FB12339BB207F80380B31D9BB2C5
:1055D000B3FBF4F204FB12339BB29DF80C20FA5497
:1055E000F31D9BB2B3FBF4F204FB12339BB29DF8A4
:1055F0000D20FA5406F10803AAF80030274B23F8CF
:105600001960274B082203F80920264B102203F8C3
:105610000920254A13880133138008F1FF38B8F1B7
:10562000010F9EBF134B00221A700F23EEE51F4A95
:105630001388002B3FF4D0AD1D49013B13800B684C
:1056400018205A1C92FBF0F400FB14220A6003EBB2
:105650004303184AD35C9A1E012A3FF6B8AD164A96
:10566000032B13703FF4A0AD022391E5A40F00209B
:10567000AC0F00200A1200200810002006100020A5
:10568000980F00203F01002052010020540100200B
:10569000701400203C13002098A70008B4140020C8
:1056A000941400207414002068140020B00F00200F
:1056B000B40F0020BC0F0020071000203A13002078
:1056C0001512002038B5114A114B002119701388AA
:1056D000DBB11048013B1380036818245A1C92FB6D
:1056E000F4F504FB152202600B4803EB4303C218D8
:1056F0000324C4549170FF2308485370012104F01F
:1057000016FB074A13880133138038BD3C01002083
:105710000A120020B80F0020BC0F00200004004037
:10572000B00F002038B5334B1B78002B60D0324CC3
:105730002388DBB13149013B23800B6818205A1CB8
:1057400092FBF0F500FB15220A602D4903EB4303A1
:10575000CA180220C85400232A48537001219370AC
:1057600004F0E5FA284A1388013313802388DBB15B
:105770002249013B23800B6818205A1C92FBF0F54C
:1057800000FB15221E480A6003EB4303C2180021E8
:10579000C1549170CC231B485370012104F0C7FA07
:1057A000194A1388013313802388DBB11349013B65
:1057B00023800B6818205A1C92FBF0F400FB142283
:1057C0000F480A6003EB4303C2180021C1549170D3
:1057D00044230C485370012104F0A9FA0A4A1388A3
:1057E00001331380094B00221A70094B01221A70F1
:1057F00038BD00BF0A1200203C010020B80F002075
:10580000BC0F002000040040B00F0020091200204F
:10581000081200202DE9F74FDFF8AC9199F800301D
:10582000002B00F0BF80614B614C1B78DFF89CA11E
:10583000019323889AF80050DBB15E49013B238035
:105840000B6818205A1C92FBF0F600FB16220A6027
:10585000594903EB4303CA180220C8540023574890
:1058600053700121937004F062FA554A1388013392
:1058700013802388DBB14F49013B23800B6818203C
:105880005A1C92FBF0F600FB16224B480A6003EB11
:105890004303C2180021C1549170552347485370E7
:1058A000012104F044FA464A138801331380454A23
:1058B000DFF800B105F03F0702EBC7083E4A0026BB
:1058C0002388F3B1013B2380DBF8003018F806C0D1
:1058D000591C182003EB430391FBF0FE00FB1E1143
:1058E000CBF80010D1180020D054887081F801C086
:1058F0003248012104F01BFA31492F4A0B88013349
:105900000B800136082EDBD12388DBB12949013B0E
:1059100023800B6818205A1C92FBF0F600FB16221D
:1059200025480A6003EB4303C2180021C15491705B
:10593000BE2322485370012104F0F9F9204A13884C
:10594000013313805FFA87FBDFF86C80194F1B4827
:1059500000262388D3B1013B23803B6818215A1CC1
:1059600003EB430392FBF1FC01FB1C223A6008EBC2
:105970000302012108F8031082F801B0967004F0C8
:10598000D6F90F4A0D481388013313800136092ECA
:10599000DFD1019BAB428BBF013500238AF8005059
:1059A00089F8003003B0BDE8F08F00BF0A12002074
:1059B0003C010020B80F0020BC0F00200004004074
:1059C000B00F00200810002008120020091200204B
:1059D00010B540F2115003F0D5FF4FF4805303226D
:1059E00000214FF0904003F00DFFBDE810404FF450
:1059F0008053012200214FF0904003F0E1BE10B52A
:105A000040F2115003F0BEFF4FF400630322002167
:105A10004FF0904003F0F6FEBDE810404FF40063F5
:105A2000012200214FF0904003F0CABE10B540F2B1
:105A3000115003F0A7FF4FF48063032200214FF0C1
:105A4000904003F0DFFEBDE810404FF48063012278
:105A500000214FF0904003F0B3BE10B540F211505A
:105A600003F090FF4FF40073032200214FF09040A9
:105A700003F0C8FEBDE810404FF40073012200217E
:105A80004FF0904003F09CBEF8B5274C274D277887
:105A90002E684FF480514FF0904003F0EEFEB0FAC4
:105AA00080F0400987421CBF002320704FF4006142
:105AB0004FF0904018BF2372277B18BF66602E6896
:105AC00003F0DBFEB0FA80F0400987421CBF0023E0
:105AD00020734FF480614FF090401CBF2375266106
:105AE000277E2E6803F0C9FEB0FA80F04009874295
:105AF0001CBF002320764FF400714FF090401CBF74
:105B0000E66184F820302D6894F8246003F0B5FE37
:105B1000B0FA80F0400986421FBF002384F82400B9
:105B2000A56284F82C30F8BD680F002064190020AD
:105B30002DE9F04F604BDFF8B0A11B7887B003F080
:105B4000030B01930C2303FB0BF30AEB0301097A0C
:105B5000002940F0A980594F1AF80330BB70584B08
:105B60001E7801213970FF2E5944797000F096801B
:105B700054490B88002B00F09180534CDFF86C8166
:105B8000013B0B8023680293591C484200F01F0020
:105B900001F01F0158BF41424C4B21604C491D8808
:105BA0000988ADF814104FF4967405A85021FCF73D
:105BB0009FFFB5FBF4F104FB115189B24FF0500C7B
:105BC00008F801C03146FCF793FF691C89B2B1FBAC
:105BD000F4FC04FB1C1189B208F801603D4E96F8F4
:105BE00000904946FCF784FFA91C89B2B1FBF4FC84
:105BF00004FB1C1189B208F8019009F10109032185
:105C000086F80090FCF774FFE91C89B2B1FBF4F050
:105C100004FB101189B20320B946EE1D2F1D08F8B0
:105C20000100029BBFB2B6B219F8011B039305A88D
:105C30000291FCF75DFFB7FBF4F004FB1070013735
:105C400080B2BFB2029908F80010BE42039BEBD1AC
:105C5000B6FBF4F104FB1166B6B29DF8141008F817
:105C6000061005F1080189B2B1FBF4F004FB101134
:105C700089B29DF81500154A08F8010005F10901DF
:105C80001180154921F8135014490920C8541449AA
:105C90001020C85413490B8801330B800C2303FBDD
:105CA0000BAA01238AF80830019B034A01331370C1
:105CB00007B0BDE8F08F00BF620F0020630F002027
:105CC0005201002054010020701400203A130020DB
:105CD00098A7000815120020B41400209414002086
:105CE0007414002068140020680F00203C1300206A
:105CF0001FB50C4C40F2116003F044FE204603F047
:105D00002BFF0023642269462046CDE9003302922E
:105D10008DF80C3003F074FF204604F001F804B055
:105D200010BD00BF0044014010B50D4C40F21250B0
:105D300003F028FE20464FF480730322002103F075
:105D400061FD2046002202214FF4807303F038FDEC
:105D500020464FF48072BDE81040022103F093BD4D
:105D60000004004830B54FF4A06085B003F00AFE8F
:105D70001B4B1C4A1A601C4B1C4C0FCB6D4685E814
:105D80000F002A462046002103F0F4FF00221146AE
:105D9000204604F023F920466022002104F0F8F8A0
:105DA00008222046002104F027F92046012103F0B3
:105DB000D7FF4FF48071204603F0CEFF204603F05A
:105DC000AFFF012211460A2003F08EFD022003F0EE
:105DD000E5FB0221084603F043FC05B030BD00BFDF
:105DE0001C010020344401409CA7000800440140ED
:105DF0004E4B4F4A2DE9F341D3F8006C1288D3F88B
:105E0000048CD3F8087CADF80420FF2E94BF3146F3
:105E10000021C9B201A8FCF76BFE464C464D216833
:105E2000B1F5807F28BF002101A8C9B2FCF760FE50
:105E30006168B1F5807F28BF0021C9B2FCF758FE28
:105E4000A168B1F5807F28BF0021C9B20C34FCF7EE
:105E50004FFEAC42E3D1394D2168B1F5807F28BFB8
:105E60000021C9B201A8FCF743FE6168B1F5807F4B
:105E700028BF0021C9B20834FCF73AFEAC42EBD18E
:105E80009DF80430434542D19DF80530BB423ED1D8
:105E9000012E3CD12A4B274A2A481E461168B1F5EB
:105EA000807F28BF0021197051680139FE2902F155
:105EB00008028CBF002101218242597003F10203C4
:105EC000ECD12149002064271368B3F5807F28BFF7
:105ED00000230B705368B3F5807F28BF00234B70FD
:105EE0009368B3F5807F28BF0023DBB20B71B3FB4F
:105EF000F7F407FB1433DBB20024013BA4469C45B6
:105F00004C8007DD0C32AA4201F11001DCD102B055
:105F1000BDE8F08116F810E001307444A4B2B0FB83
:105F2000F7FE0CF1010C07FB1E00E8E700F000088B
:105F300098A700080CFC000884FC0008A4FF0008D7
:105F40008C0E00202CFF00087C0000202DE9F04F73
:105F50002DED108B95B0AA4B0593AA4B0893AA4B35
:105F6000009303F1010AA94CDFEDA9DA00230293A3
:105F700009939B46059B5B780B93059B5B8809EE19
:105F8000103A059BD3ED029A089B93ED00BAD3ED2E
:105F900001BA1B7A0E93009B93F820300F9394F86C
:105FA00020301093059B1B796422B3FBF2F102FBB6
:105FB0001133DBB2013B944A119300230AEE103AED
:105FC00006930393282303FB0B2307931AEE102A4F
:105FD000119B9A423BDD059B069A1B7B934205D0A1
:105FE000059A012353731346069A1A73009B93F87C
:105FF0002130002B01F00C82009A009BD2ED047A34
:10600000D2ED066A93F8223092ED057A77EEA67A01
:10601000F5EEC07AF1EE10FAC1F2EE81002B01F03C
:10602000DF81B4EEE77A0123F1EE10FA82F8233033
:1060300001F2DB81009A002313614FF07E5353611C
:10604000012382F8233082F8243001F0E1B9714B4A
:10605000099A13F812200192099ADDED017A03EBF7
:106060004203039A5B781293019BB8EE67DA1344FC
:106070000D932BEE0DCA01236BEE8DCA0A93F7EE3A
:10608000008A0A9B03F1FF39019B99450FDB099AAE
:1060900064230132B2FBF3F103FB112309931AEEDF
:1060A000103A01330AEE103A0D9B03938EE7129BD0
:1060B0001BB1019B0A9AA3EB020907EE909AF5EE39
:1060C000C09AF1EE10FAF8EEE7AA60DDB4EEEACA83
:1060D000F1EE10FA59D8F4EEEACAF1EE10FACCBF9C
:1060E000012300230E9A934251D0109A267894F8F7
:1060F0002130002A61D19FED48EA102E28BFB0EE72
:1061000068EA002B00F0298194F8233094ED048A8A
:106110002BB1B0EE480A04F0F5FA38EE408AB5EE3D
:10612000C08AF1EE10FA67D4B4EEE88AF1EE10FA04
:1061300000F31381252E00F26881DFE816F01302C8
:1061400025032803A403DA036601660166016601DC
:106150006601660166016601660166016601660107
:1061600056062C049F04ED04660166016601660173
:1061700066016601660166016601660166013E050B
:1061800060058205DB0500062E060023AAE70B9BAF
:106190004FF4FF62581E0023834200F3F080029DFB
:1061A0001E494FF000064E5529460131B1FBF2F66B
:1061B00002FB161102910133EEE79FED17EA102E54
:1061C00028BFB0EE68EA002B00F0C78094ED077A94
:1061D00094ED048A94F82330F8EECA7AA7EEC78AC1
:1061E0002BB1B0EE480A04F08DFA38EE408AB5EED5
:1061F000C08AF1EE10FA13D538EECEEAADE000BF5A
:106200007C00002004000020FC0C00206C0B00200F
:1062100000007F438C0E002000000000730300206C
:10622000B4EEE88AF1EE10FA00F39780252E00F222
:10623000EC80DFE816F09701A9022600B700ED0018
:10624000EA00EA00EA00EA00EA00EA00EA00EA00FE
:10625000EA00EA00EA00EA00DA053701A901F301E1
:10626000EA00EA00EA00EA00EA00EA00EA00EA00DE
:10627000EA00EA00EA00C204E40406053D025F0207
:106280008602602399FBF3F203FB129294F8243008
:10629000002B00F08480002AC94B4FF00C0172DB08
:1062A00092FBF1F0282101FB0B31014400234B70DC
:1062B0000C23B2FBF3F2C24B282101FB0B33134436
:1062C00009F007015E78D9F1000303F0070358BF16
:1062D00059420029B8BF083146FA01F3DF0700F13F
:1062E0004181DFF8F082DFF8F0C2B64F9CF8003051
:1062F00098F8000004933B788CF8003080EA001096
:10630000C0B283EA5303434083EA4003DBB207EEA3
:10631000903A94ED067ADFEDAC6ADFF8C0E23B70AC
:10632000F8EE677A37EE087A67EEA67A9EF80050A4
:1063300088F80050F4EEC77A049D8EF80050F1EE14
:1063400010FA62D59E4B282000FB0B331344012228
:106350008A4032435A709FED9DEA0B9BB8EECA8A81
:10636000013B139300260823B0460493B1EE488AFC
:10637000049BA3F10807139B9F4240F33A850A9BB5
:1063800001330A937DE602F16000B0FBF1F12820B1
:1063900000FB0B330B4400215970603288E7002A60
:1063A00086DAFAE794F82530DFED8F7AC3B138EE5C
:1063B000C88A28EE0D8AB4EEE78AF1EE10FA0DD8FD
:1063C000DFED8A7AB4EEE78AF1EE10FA06DBFDEE35
:1063D000C87A17EE903A4B4517DCC3E00023FAE782
:1063E0002DEE088AB4EEE78AF1EE10FA0AD8DFED56
:1063F0007F7AB4EEE78AF1EE10FAA4BFFDEEC87A18
:1064000017EE903A4B4580F2AD80B7EE00EAA4E774
:10641000019B9FED737A013303F4FF7307EE903A0B
:1064200094F82530F8EE677A03B338EEC88A28EE80
:10643000278AB4EEC78AF1EE10FA15D8DFED697A33
:10644000B4EEE78AF1EE10FA0EDBF6EE007A28EEF3
:10645000278AFDEEC87A17EE903A4B45D5DC019AB3
:10646000D31A4B45D1DD7DE00023F6E768EE277AAD
:10647000F4EEC77AF1EE10FA0ED89FED5A7AF4EEE8
:10648000C77AF1EE10FAA1BFB6EE007A67EE877A0E
:10649000FDEEE77A17EE903A4B4563DA019AD31A8C
:1064A000013B98E7602399FBF3F203FB129294F807
:1064B0002430002B65D0002A414B4FF00C0154DBF7
:1064C00092FBF1F0282101FB0B31014400234B70BA
:1064D0000C23B2FBF3F23A4B282101FB0B3313449C
:1064E00009F007015E78D9F1000303F0070358BFF4
:1064F00059420029B8BF083146FA01F3DD0784D4B8
:10650000DFF8D080DFF8D0C02E4F9CF8003098F82C
:10651000000004933B788CF8003080EA0010C0B291
:1065200083EA5303434083EA4003DBB207EE903A29
:1065300094ED067ADFED246ADFF8A0E03B70F8EE18
:10654000677A37EE087A67EEA67A9EF8005088F8E8
:106550000050F4EEC77A049D8EF80050F1EE10FA68
:106560003FF5F0AE9FED1AEAF7E602F16000B0FBEE
:10657000F1F1282000FB0B330B44002159706032ED
:10658000A6E7002AA4DAFAE794F82530DFED167AB8
:1065900073B338EEC88A28EE0D8AB4EEE78AF1EEBE
:1065A00010FA0BD8DFED117AB4EEE78AF1EE10FAAB
:1065B00004DBFDEEC87A17EE903A52E7002350E76D
:1065C0006C0B0020000000208180803B00007F4396
:1065D0000000000064030020620300206303002029
:1065E0000000804F000080CF0000004F000000CF6F
:1065F0002DEE088AB4EEE78AF1EE10FA0AD85FEDC4
:10660000057AB4EEE78AF1EE10FAA4BFFDEEC87A7F
:1066100017EE903A4B45BFF6F8AEA3E7019B1FED8E
:10662000107A013303F4FF7307EE903A94F82530A3
:10663000F8EE677AFBB138EEC88A28EE278AB4EE06
:10664000C78AF1EE10FA14D85FED1A7AB4EEE78A31
:10665000F1EE10FA0DDBF6EE007A28EE278AFDEE59
:10666000C87A17EE903A4B453FF77CAF019AD31AA0
:10667000B1E60023F7E768EE277AF4EEC77AF1EE89
:1066800010FA0ED81FED297AF4EEC77AF1EE10FA5F
:10669000A1BFB6EE007A67EE877AFDEEE77A17EED5
:1066A000903A4B45BFF6B1AE019AD31A013BD8E6FA
:1066B000E37807EE903A94F825300BB138EEC88AAB
:1066C0002DEE088A1FED387AB4EEC78AF1EE10FA83
:1066D0000ED81FED3A7AB4EEC78AF1EE10FA07DB56
:1066E000BDEEC87A17EE103A4B4540F0F482A6E2B0
:1066F0000023F9E7E37807EE903A94F825300BB1E0
:1067000038EEC88A2DEE088A1FED4B7AB4EEC78AA0
:10671000F1EE10FA36D81FED4D7AB4EEC78AF1EEDD
:1067200010FA2FDBB6EE007A28EE078ABDEEC87AA3
:1067300017EE103A4B4500F08282019AD31A013BC2
:10674000D2E7E37807EE903A94F8253053B1B6EEED
:10675000007AB4EEC78AF1EE10FAD4BF38EE078A99
:1067600038EE478A2DEE088A1FED617AB4EEC78AAB
:10677000F1EE10FA06D81FED637AB4EEC78AF1EE97
:1067800010FAD3DA0023D5E738EEC8EAE5E5039B33
:1067900003EB0902602392FBF3F103FB112194F850
:1067A0002430002B6CD00029C54B4FF00C005BDB74
:1067B00091FBF0F6282000FB0B303044002343709F
:1067C0000C23B1FBF3F1BE4B282000FB0B330B4431
:1067D0005E78534203F0070302F0070258BF5A42A3
:1067E000002AB8BF083246FA02F3D8073FF5BAAE1E
:1067F000DFF8DC82DFF8DCC2B24F9CF8003098F89A
:10680000000004933B788CF8003080EA0010C0B29E
:1068100083EA5303434083EA4003DBB207EE103AB6
:10682000D4ED067ADFEDA86ADFF8ACE23B70B8EE93
:10683000477A77EE887A27EE267A9EF8005088F815
:106840000050B4EEE77A049D8EF80050F1EE10FA95
:106850007FF5DBAD9A4B282000FB0B330B44012165
:1068600091403143597076E501F16006B6FBF0F0D6
:10687000282606FB0B3303440020587060319FE745
:1068800000299DDAFAE7039BDFED906A03EB09022A
:1068900094F82530B8EE497ABBB178EEC87A67EE45
:1068A000877AF4EEE67AF1EE10FA0CD89FED8B7A47
:1068B000F4EEC77AF1EE10FA05DBFDEEE77A17EE9B
:1068C000903A934288E50023FBE768EE077AF4EEFE
:1068D000E67AF1EE10FA0AD89FED807AF4EEC77AE4
:1068E000F1EE10FAA4BFFDEEE77A17EE903A93426C
:1068F00089E519EE103A013323F001039BB200EE53
:10690000103A039B9FED767A03EB090294F8253049
:10691000B8EE400A0BB378EEC87A67EE807AF4EEF0
:10692000C77AF1EE10FA16D89FED6E7AF4EEC77AB8
:10693000F1EE10FA0FDBB6EE007A67EE877AFDEE25
:10694000E77A17EE903A93423FF75FAD19EE101ACF
:10695000CB1A934286E50023F5E728EE000AB4EE51
:10696000C70AF1EE10FA0ED8DFED5E7AB4EEE70A50
:10697000F1EE10FAA1BFF6EE007A20EE270AFDEE46
:10698000C07A17EE903A9342BFF6ECAD19EE101AAA
:10699000CB1A013B95E7039B03EB0902602392FBB3
:1069A000F3F103FB112194F82430002B63D000296C
:1069B000434B4FF00C0052DB91FBF0F6282000FB1C
:1069C0000B303044002343700C23B1FBF3F13C4BFC
:1069D000282000FB0B330B445E78534203F007037F
:1069E00002F0070258BF5A42002AB8BF083246FADE
:1069F00002F3DB073FF509ADDFF8D480DFF8D4C040
:106A0000304F9CF8003098F8000004933B788CF8E5
:106A1000003080EA0010C0B283EA5303434083EAA7
:106A20004003DBB207EE103AD4ED067ADFED266ABA
:106A3000DFF8A4E03B70B8EE477A77EE887A27EE6D
:106A4000267A9EF8005088F80050B4EEE77A049D4C
:106A50008EF80050F1EE10FA7FF584ADFAE601F100
:106A60006006B6FBF0F0282606FB0B33034400203B
:106A700058706031A8E70029A6DAFAE7039BDFED3A
:106A8000136A03EB090294F82530B8EE497A7BB318
:106A900078EEC87A67EE877AF4EEE67AF1EE10FACD
:106AA0000BD89FED0E7AF4EEC77AF1EE10FA04DB04
:106AB000FDEEE77A17EE903A4BE7002349E700BF77
:106AC0006C0B0020000000208180803B0000004F04
:106AD000640300206203002063030020000000CF55
:106AE0000000804F000080CF0000004B000000CB72
:106AF00068EE077AF4EEE67AF1EE10FA0AD81FEDA6
:106B0000097AF4EEC77AF1EE10FAA4BFFDEEE77A47
:106B100017EE903A93427EE519EE103A013323F0D6
:106B200001039BB200EE103A039B1FED137A03EBB7
:106B3000090294F82530B8EE400A03B378EEC87A1B
:106B400067EE807AF4EEC77AF1EE10FA15D81FEDF1
:106B50001B7AF4EEC77AF1EE10FA0EDBB6EE007A8D
:106B600067EE877AFDEEE77A17EE903A93423FF7A9
:106B7000F9AC19EE101ACB1AA3E60023F6E728EEBB
:106B8000000AB4EEC70AF1EE10FA0ED85FED2B7AC8
:106B9000B4EEE70AF1EE10FAA1BFF6EE007A20EEAD
:106BA000270AFDEEC07A17EE903A9342BFF62DAC5D
:106BB00019EE101ACB1A013BCBE65FED357AB4EE35
:106BC000E78AF1EE10FA18D85FED387AB4EEE78A6A
:106BD000F1EE10FA11DBF0EE487AFEEECC7A17EE09
:106BE000903A5A42D2B2DBB258BF5342B04A02EB9B
:106BF000830292ED00EAFFF7B0BB0023F6E7AD4F4A
:106C0000E378AD493A78AD48AD4E90F800E094F89D
:106C100004C096F8008087F8008007EE903A0B7861
:106C2000037082EA0212D2B283EA5303534083EA2A
:106C30004203DBB29C4586F800E00B704BD9A37889
:106C40004AE0E378DFED9F6A07EE903AB4EEE68A19
:106C50002379F1EE10FA07EE103A49D8DFED9A6A7F
:106C6000B4EEE68AF1EE10FA42DBF0EE486AFEEE90
:106C7000CC6A16EE903A5A42D2B2DBB258BF5342B7
:106C80008B4A8C4F8C498D488D4E90F800C096F8F9
:106C900000E086F800C002EB830292ED006A3A78C9
:106CA0000B78037082EA0212D2B283EA5303534094
:106CB00083EA4203DBB206EE903AB8EE477AF8EE8A
:106CC000666A27EE067A87F800E0F4EEC76AF1EE0E
:106CD00010FA0B70B3D4637807EE103AF8EE677AC7
:106CE000B8EE477A77EEA87A87EE27EAFFF735BB4A
:106CF0000023C5E7E37807EE903A94F825300BB10E
:106D000038EEC88AB8EE490A9FED737A039B20EEED
:106D1000080A03EB0902B4EEC70AF1EE10FA0CD828
:106D20009FED6E7AB4EEC70AF1EE10FA05DBBDEE08
:106D3000C07A17EE103A9A42D7E40023FBE7E378D3
:106D400007EE903A94F825300BB138EEC88AB8EEC9
:106D5000490A9FED5E7A039B20EE080A03EB0902C5
:106D6000B4EEC70AF1EE10FA3DD89FED597AB4EEB1
:106D7000C70AF1EE10FA36DBB6EE007A20EE070A0B
:106D8000BDEEC07A17EE103A93423FF458AF19EEB9
:106D9000101ACB1A013B9342A7E4E37807EE903A2E
:106DA00094F8253053B1B6EE007AB4EEC78AF1EE0E
:106DB00010FAD4BF38EE078A38EE478AB8EE490A8F
:106DC0009FED457A039B20EE080A03EB0902B4EE1F
:106DD000C70AF1EE10FA06D89FED407AB4EEC70A62
:106DE000F1EE10FACCDA0023CEE7B0EE48EAFFF776
:106DF000B4BA029A374B9B5C0F9A0FEE103A009B85
:106E000093F82130002A00F02781002B4DD0009A02
:106E1000009BD2ED077A92ED040A93F82330A8EE96
:106E2000270AF0EE40EA1BB103F06CFC7EEEC0EAEC
:106E3000F5EEC0EAF1EE10FA37D4F4EEE8EAF1EE3E
:106E400010FA32DC009B1B78112B49D028D8002B7C
:106E500000F09081102B28D10C23B6FBF3F203FB3A
:106E60001262711C1AF8022007EE102AB1FBF3F22D
:106E700003FB1212B11C1AF8022007EE902AB1FB94
:106E8000F3F203FB1212009B1AF8021093F825305C
:106E90000BB178EEEEEAB8EE477AAEEEAD7A48E0A6
:106EA000202B00F00B82212B6ED0F8EE4F7A9CE164
:106EB000C4A7000864030020000000206203002033
:106EC000630300200000004B000000CB0000804F57
:106ED000000080CF730300200000004F000000CFAF
:106EE0000C23B6FBF3F203FB1262711C1AF80220AA
:106EF00007EE102AB1FBF3F203FB1212B11C1AF8D1
:106F0000022007EE902AB1FBF3F203FB1212009B62
:106F10001AF8021093F825300BB178EEEEEAC8EEBD
:106F20008D6AB0EE6E0AAAEEA60AB8EE477AA0EE17
:106F30002D7A5FED176AB4EEE67AF1EE10FA00F200
:106F4000AD815FED1A6AB4EEE67AF1EE10FAC0F2A6
:106F5000A581BDEEC77A17EE103A5A42D2B2DBB223
:106F600058BF534207EE101ACD4AF8EE677AB8EED2
:106F7000477A02EB830237EE677AD2ED006AE7EEDA
:106F8000267A69EEA77A30E1C64ADFF828E3DFF80F
:106F900028C310789EF80010C34F0C919CF8001085
:106FA0003B78137080EA0010C0B281EA510242407F
:106FB00082EA4002D2B207EE902A00989FEDBB6AA7
:106FC0000C9D3D70B8EE677AD0ED067A8EF8001011
:106FD000F3EE096A27EE067A67EEA67A8CF80020AF
:106FE000B4EEE77AF1EE10FA00F2F0810C27B8FB6C
:106FF000F7F007FB108083EA03131AF800508EF8AD
:10700000002008F10100DBB207EE905AB0FBF7F563
:1070100083EA430307FB150053401AF80050A24FC0
:10702000A048397083EA5203DBB206EE905A07EEAD
:10703000103AF8EE677AF8EE666AB8EE477A76EEBE
:10704000E76A27EE067A0C9D0570E6EE877A8CF8E3
:10705000003067EEA97A94E7002B3FF426AF009B3F
:10706000D3ED04EA93F823302BB1B0EE6E0A03F0AF
:1070700049FB7EEEC0EAF5EEC0EAF1EE10FA3FF50C
:1070800014AFF4EEE8EAF1EE10FA3FF70EAF009B12
:107090001B78112B00F0D2807FF6D9AE202B00F0A8
:1070A0000D81212B7FF401AF7E4ADFF808E2DFF883
:1070B00008C210789EF800107B4F0C919CF80010CD
:1070C0003B78137080EA0010C0B281EA510242405E
:1070D00082EA4002D2B207EE902A00989FED736ACE
:1070E0000C9D3D70B8EE677AD0ED067A8EF80010F0
:1070F000F3EE096A27EE067A67EEA67A8CF800208E
:10710000B4EEE77AF1EE10FA00F260810C27B8FBDA
:10711000F7F007FB108083EA03131AF800508EF88B
:10712000002008F10100DBB207EE905AB0FBF7F542
:1071300083EA430307FB150053401AF800505A4FE7
:107140005848397083EA5203DBB206EE905A07EED4
:10715000103AF8EE677AB8EE477AF8EE666A27EEEC
:10716000067A76EEE76A0C9D0570E7EE267A8CF8D3
:1071700000306EE70C21B7FBF1F201FB12720799A8
:107180000A44B8EE4F7A527807EE902AF8EE677A02
:1071900067EEA97AF4EEED7AF1EE10FA0AD8F5EE80
:1071A000C07AF1EE10FAA2BFFCEEE76ACDED0C6AF0
:1071B0009DF830301FEE102A934200F00A81009BA8
:1071C00093F822308BB9009B38EEEE0AD3ED066AB5
:1071D000F4EEC06AF1EE10FA07D877EEC77A67EEE0
:1071E000A67AC7EE806A76EE877A6EEE277AF4EE9C
:1071F000ED7AF1EE10FA00F3EF80F5EEC07AF1EEE1
:1072000010FA40F3EB80FCEEE77ACDED067A9DF8BC
:107210001830012206920299254A53544A1C4FF411
:10722000FF63B2FBF3F103FB11230293049B0133D1
:10723000049308F102080336FFF79AB80C23B6FB53
:10724000F3F203FB1262711C1AF8022007EE102AF7
:10725000B1FBF3F203FB1212B11C1AF8022007EE85
:10726000902AB1FBF3F203FB1212009B1AF80210F2
:1072700093F825300BB178EEEEEA039B4B4406EE13
:10728000103AF8EE495AB8EEC66AB8EE477AC6EE3A
:10729000256A76EEAE6AA6EEAD7A4AE6002361E68E
:1072A000C4A7000864030020630300208180803BA2
:1072B000730300206203002000000020009B93F86D
:1072C0002430002B58D00C23B8FBF3F203FB1282BE
:1072D00008F101011AF80220DFF84CC288489FED3E
:1072E000896A90F800E0884F07EE102AB1FBF3F2AC
:1072F00003FB121285491AF802309CF800203D78F1
:107300008CF8005006EE903A0B78037082EA021275
:10731000D2B283EA5303534083EA4203DBB207EE5F
:10732000903AB8EE477AF8EE666AF8EE677A76EE4B
:10733000C76A67EE867A87F800E0A6EEA77A0B7038
:1073400027EE297AB4EEED7AF1EE10FA3CD8B5EEDC
:10735000C07AF1EE10FA37DBFCEEC77ACDED0C7A8D
:107360009DF830200498049B0C21B3FBF1F301FB42
:10737000130307990B445A700499049B0C22B3FB26
:10738000F2F302FB1313079A13441FEE102A5B78E3
:107390009A42F8EE4F7A3FF428AF009A38EEEE0AA0
:1073A000D2ED066A07EE103AF4EEC06AF1EE10FA7A
:1073B000B8EE477A0DD837EE677A27EE267AC7EE11
:1073C000006A77EEA67A10E70022CBE7F8EE4F7A54
:1073D000D7E5F0EE477A08E7FF231AE700231AE71C
:1073E000B4EEE77AF1EE10FA0ED9009B009AC3EDE5
:1073F000047A0023FEF727BEB4EEE77AF1EE10FA26
:10740000F3D8002B7EF416AE009A002382F82130C8
:1074100094F82130ABB3D4ED047AD4ED066A94F835
:10742000223094ED057A77EEA67AF5EEC07AF1EE89
:1074300010FA1CDB43B9B4EEE77AF1EE10FA1DD96D
:10744000C4ED047A00230FE0B4EEE77A0123F1EEF5
:1074500010FA84F82330F3D8002323614FF07E53D1
:107460006361012384F8233084F8243009E0B4EE0A
:10747000E77AF1EE10FAE3D8002BEDD1002384F87F
:107480002130059B10330593089B0C330893009B18
:107490000BF1010B2833BBF10A0F009304F1280410
:1074A0000AF1280A7EF466AD029B194CB3F5FF6F12
:1074B000C3F5FF6204EB0300C8BF00220021FBF705
:1074C00061FA144B2178144C01221A80134A144B90
:1074D00002EBC10052F831201A60426811485A602C
:1074E0000021E36002F021FC2146022002F074F842
:1074F000022015B0BDEC108BBDE8F04F02F058B87B
:10750000620300208180803B630300200000002094
:1075100073030020540F00201C010020C4AB00089E
:10752000560F002000440140640300202DE9F04F75
:107530002DED108B97B0AE4B0693AE4B0A93AE4B2E
:10754000019303F1010AAD4C9FEDADEA00230793CF
:1075500004930B939B46069B5B780D93069B5B887D
:1075600009EE103A069BD3ED029A0A9BD3ED00BABE
:1075700093ED01CA1B7A1093019B93F8203011936D
:1075800094F820301293069B1B796422B3FBF2F12E
:1075900002FB1133DBB2013B139300230AEE103AD6
:1075A00008930393944B282202FB0B3309931AEEA2
:1075B000102A139B9A423BDD069B089A1B7B934241
:1075C00005D0069A012353731346089A1A73019B38
:1075D00093F82130002B01F0FF81019A019BD2ED3D
:1075E000047AD2ED066A93F8223092ED057A77EEAE
:1075F000A67AF5EEC07AF1EE10FAC1F2E181002B25
:1076000001F0D281B4EEE77A0123F1EE10FA82F8AC
:10761000233001F2CE81019A002313614FF07E5393
:107620005361012382F8233082F8243001F0D4B969
:10763000744B0B9A9FED74BA13F8122002920B9AB6
:10764000DDED027A03EB4203F8EE67DA5B78149320
:10765000DDE9023213440F936BEEADCA01232CEE29
:107660002DDA0C93F7EE008A0C9B03F1FF39029B95
:1076700099450FDB0B9A64230132B2FBF3F103FB54
:1076800011230B931AEE103A01330AEE103A0F9BB6
:1076900003938CE7149B1BB1029B0C9AA3EB02098A
:1076A00007EE909AF5EEC09AF1EE10FAF8EEE7AA1E
:1076B00060DDF4EEEACAF1EE10FA59D8B4EEEADA77
:1076C000F1EE10FACCBF01230023109A934251D05F
:1076D000129A267894F82130002A66D1102E2CBFF9
:1076E000F0EE68EAF0EE4BEA002B00F02E8194F801
:1076F000233094ED048A2BB1B0EE480A03F002F86F
:1077000038EE408AB5EEC08AF1EE10FA6CD4B4EED1
:10771000E88AF1EE10FA00F31881252E00F26D814F
:10772000DFE816F018022A032D03A903DF036B011B
:107730006B016B016B016B016B016B016B016B01E9
:107740006B016B016B015E063104A404F2046B0152
:107750006B016B016B016B016B016B016B016B01C9
:107760006B016B01430565058705E00505063306DA
:107770000023AAE70D9B581E00231E464FF4FF620C
:10778000834200F3F480214F0499795C0029079922
:1077900018BF0121079104997E540131B1FBF2F722
:1077A00002FB171104910133EAE7102E2CBFF0EE13
:1077B00068EAF0EE4BEA002B00F0C78094ED077A00
:1077C00094ED048A94F82330F8EECA7AA7EEC78ABB
:1077D0002BB1B0EE480A02F095FF38EE408AB5EEC4
:1077E000C08AF1EE10FA13D578EEEEEAADE000BFF4
:1077F0007C00002004000020FC0C00206C0B00200A
:1078000000007F438C0E0020000000007303002066
:10781000B4EEE88AF1EE10FA00F39780252E00F21C
:10782000EC80DFE816F09701A9022600B700ED0012
:10783000EA00EA00EA00EA00EA00EA00EA00EA00F8
:10784000EA00EA00EA00EA00DD053701A901F301D8
:10785000EA00EA00EA00EA00EA00EA00EA00EA00D8
:10786000EA00EA00EA00C204E40406053D025F0201
:107870008602602399FBF3F203FB129294F8243002
:10788000002B00F08480002AC94B4FF00C0172DB02
:1078900092FBF1F0282101FB0B31014400234B70D6
:1078A0000C23B2FBF3F2C24B282101FB0B33134430
:1078B00009F007015E78D9F1000303F0070358BF10
:1078C00059420029B8BF083146FA01F3DF0700F139
:1078D0004181DFF8F082DFF8F0C2B64F9CF800304B
:1078E00098F8000005933B788CF8003080EA00108F
:1078F000C0B283EA5303434083EA4003DBB207EE9E
:10790000903A94ED067ADFEDAC6ADFF8C0E23B70A6
:10791000F8EE677A37EE087A67EEA67A9EF800509E
:1079200088F80050F4EEC77A059D8EF80050F1EE0D
:1079300010FA62D59E4B282000FB0B331344012222
:107940008A4032435A70DFED9DEA0D9BB8EECA8A39
:10795000013B159300260823B0460593B1EE488AF3
:10796000059BA3F10807159B9F4240F33D850C9BA7
:1079700001330C9378E602F16000B0FBF1F12820AE
:1079800000FB0B330B4400215970603288E7002A5A
:1079900086DAFAE794F82530DFED8F7AC3B138EE56
:1079A000C88A28EE2D8AB4EEE78AF1EE10FA0DD8D7
:1079B000DFED8A7AB4EEE78AF1EE10FA06DBFDEE2F
:1079C000C87A17EE903A4B4517DCC3E00023FAE77C
:1079D0002DEE888AB4EEE78AF1EE10FA0AD8DFEDD0
:1079E0007F7AB4EEE78AF1EE10FAA4BFFDEEC87A12
:1079F00017EE903A4B4580F2AD80F7EE00EAA4E72F
:107A0000029B9FED737A013303F4FF7307EE903A04
:107A100094F82530F8EE677A03B338EEC88A28EE7A
:107A2000278AB4EEC78AF1EE10FA15D8DFED697A2D
:107A3000B4EEE78AF1EE10FA0EDBF6EE007A28EEED
:107A4000278AFDEEC87A17EE903A4B45D5DC029AAC
:107A5000D31A4B45D1DD7DE00023F6E768EE277AA7
:107A6000F4EEC77AF1EE10FA0ED89FED5A7AF4EEE2
:107A7000C77AF1EE10FAA1BFB6EE007A67EE877A08
:107A8000FDEEE77A17EE903A4B4563DA029AD31A85
:107A9000013B98E7602399FBF3F203FB129294F801
:107AA0002430002B65D0002A414B4FF00C0154DBF1
:107AB00092FBF1F0282101FB0B31014400234B70B4
:107AC0000C23B2FBF3F23A4B282101FB0B33134496
:107AD00009F007015E78D9F1000303F0070358BFEE
:107AE00059420029B8BF083146FA01F3DD0784D4B2
:107AF000DFF8D080DFF8D0C02E4F9CF8003098F827
:107B0000000005933B788CF8003080EA0010C0B28A
:107B100083EA5303434083EA4003DBB207EE903A23
:107B200094ED067ADFED246ADFF8A0E03B70F8EE12
:107B3000677A37EE087A67EEA67A9EF8005088F8E2
:107B40000050F4EEC77A059D8EF80050F1EE10FA61
:107B50003FF5F0AEDFED1AEAF7E602F16000B0FBA8
:107B6000F1F1282000FB0B330B44002159706032E7
:107B7000A6E7002AA4DAFAE794F82530DFED167AB2
:107B800073B338EEC88A28EE2D8AB4EEE78AF1EE98
:107B900010FA0BD8DFED117AB4EEE78AF1EE10FAA5
:107BA00004DBFDEEC87A17EE903A52E7002350E767
:107BB0006C0B0020000000208180803B00007F4390
:107BC0000000000064030020620300206303002023
:107BD0000000804F000080CF0000004F000000CF69
:107BE0002DEE888AB4EEE78AF1EE10FA0AD85FED3E
:107BF000057AB4EEE78AF1EE10FAA4BFFDEEC87A7A
:107C000017EE903A4B45BFF6F8AEA3E7029B1FED87
:107C1000107A013303F4FF7307EE903A94F825309D
:107C2000F8EE677AFBB138EEC88A28EE278AB4EE00
:107C3000C78AF1EE10FA14D85FED1A7AB4EEE78A2B
:107C4000F1EE10FA0DDBF6EE007A28EE278AFDEE53
:107C5000C87A17EE903A4B453FF77CAF029AD31A99
:107C6000B1E60023F7E768EE277AF4EEC77AF1EE83
:107C700010FA0ED81FED297AF4EEC77AF1EE10FA59
:107C8000A1BFB6EE007A67EE877AFDEEE77A17EECF
:107C9000903A4B45BFF6B1AE029AD31A013BD8E6F3
:107CA000E37807EE903A94F825300BB138EEC88AA5
:107CB0002DEE888A1FED387AB4EEC78AF1EE10FAFD
:107CC0000ED81FED3A7AB4EEC78AF1EE10FA07DB50
:107CD000BDEEC87A17EE103A4B4540F0F482A6E2AA
:107CE0000023F9E7E37807EE903A94F825300BB1DA
:107CF00038EEC88A2DEE888A1FED4B7AB4EEC78A1B
:107D0000F1EE10FA36D81FED4D7AB4EEC78AF1EED7
:107D100010FA2FDBB6EE007A28EE078ABDEEC87A9D
:107D200017EE103A4B4500F08282029AD31A013BBB
:107D3000D2E7E37807EE903A94F8253053B1B6EEE7
:107D4000007AB4EEC78AF1EE10FAD4BF38EE078A93
:107D500038EE478A2DEE888A1FED617AB4EEC78A25
:107D6000F1EE10FA06D81FED637AB4EEC78AF1EE91
:107D700010FAD3DA0023D5E778EEC8EAE5E5039BED
:107D800003EB0902602392FBF3F103FB112194F84A
:107D90002430002B6CD00029C54B4FF00C005BDB6E
:107DA00091FBF0F6282000FB0B3030440023437099
:107DB0000C23B1FBF3F1BE4B282000FB0B330B442B
:107DC0005E78534203F0070302F0070258BF5A429D
:107DD000002AB8BF083246FA02F3D8073FF5BAAE18
:107DE000DFF8DC82DFF8DCC2B24F9CF8003098F894
:107DF000000005933B788CF8003080EA0010C0B298
:107E000083EA5303434083EA4003DBB207EE903A30
:107E100094ED067ADFEDA86ADFF8ACE23B70F8EE8D
:107E2000677A37EE087A67EEA67A9EF8005088F8EF
:107E30000050F4EEC77A059D8EF80050F1EE10FA6E
:107E40007FF5DBAD9A4B282000FB0B330B4401215F
:107E500091403143597076E501F16006B6FBF0F0D0
:107E6000282606FB0B3303440020587060319FE73F
:107E700000299DDAFAE7039BDFED906A03EB090224
:107E800094F82530B8EE497ABBB178EEC87A67EE3F
:107E9000877AF4EEE67AF1EE10FA0CD89FED8B7A41
:107EA000F4EEC77AF1EE10FA05DBFDEEE77A17EE95
:107EB000903A934288E50023FBE768EE077AF4EEF8
:107EC000E67AF1EE10FA0AD89FED807AF4EEC77ADE
:107ED000F1EE10FAA4BFFDEEE77A17EE903A934266
:107EE00089E519EE103A013323F001039BB200EE4D
:107EF000103A039B9FED767A03EB090294F8253044
:107F0000B8EE400A0BB378EEC87A67EE807AF4EEEA
:107F1000C77AF1EE10FA16D89FED6E7AF4EEC77AB2
:107F2000F1EE10FA0FDBB6EE007A67EE877AFDEE1F
:107F3000E77A17EE903A93423FF75FAD19EE101AC9
:107F4000CB1A934286E50023F5E728EE000AB4EE4B
:107F5000C70AF1EE10FA0ED8DFED5E7AB4EEE70A4A
:107F6000F1EE10FAA1BFF6EE007A20EE270AFDEE40
:107F7000C07A17EE903A9342BFF6ECAD19EE101AA4
:107F8000CB1A013B95E7039B03EB0902602392FBAD
:107F9000F3F103FB112194F82430002B63D0002966
:107FA000434B4FF00C0052DB91FBF0F6282000FB16
:107FB0000B303044002343700C23B1FBF3F13C4BF6
:107FC000282000FB0B330B445E78534203F0070379
:107FD00002F0070258BF5A42002AB8BF083246FAD8
:107FE00002F3DB073FF509ADDFF8D480DFF8D4C03A
:107FF000304F9CF8003098F8000005933B788CF8DF
:10800000003080EA0010C0B283EA5303434083EAA1
:108010004003DBB207EE903A94ED067ADFED266A74
:10802000DFF8A4E03B70F8EE677A37EE087A67EE87
:10803000A67A9EF8005088F80050F4EEC77A059DA5
:108040008EF80050F1EE10FA7FF584ADFAE601F1FA
:108050006006B6FBF0F0282606FB0B330344002035
:1080600058706031A8E70029A6DAFAE7039BDFED34
:10807000136A03EB090294F82530B8EE497A7BB312
:1080800078EEC87A67EE877AF4EEE67AF1EE10FAC7
:108090000BD89FED0E7AF4EEC77AF1EE10FA04DBFE
:1080A000FDEEE77A17EE903A4BE7002349E700BF71
:1080B0006C0B0020000000208180803B0000004FFE
:1080C000640300206203002063030020000000CF4F
:1080D0000000804F000080CF0000004B000000CB6C
:1080E00068EE077AF4EEE67AF1EE10FA0AD81FEDA0
:1080F000097AF4EEC77AF1EE10FAA4BFFDEEE77A42
:1081000017EE903A93427EE519EE103A013323F0D0
:1081100001039BB200EE103A039B1FED137A03EBB1
:10812000090294F82530B8EE400A03B378EEC87A15
:1081300067EE807AF4EEC77AF1EE10FA15D81FEDEB
:108140001B7AF4EEC77AF1EE10FA0EDBB6EE007A87
:1081500067EE877AFDEEE77A17EE903A93423FF7A3
:10816000F9AC19EE101ACB1AA3E60023F6E728EEB5
:10817000000AB4EEC70AF1EE10FA0ED85FED2B7AC2
:10818000B4EEE70AF1EE10FAA1BFF6EE007A20EEA7
:10819000270AFDEEC07A17EE903A9342BFF62DAC57
:1081A00019EE101ACB1A013BCBE65FED357AB4EE2F
:1081B000E78AF1EE10FA18D85FED387AB4EEE78A64
:1081C000F1EE10FA11DBF0EE487AFEEECC7A17EE03
:1081D000903A5A42D2B2DBB258BF53429E4A02EBA7
:1081E0008302D2ED00EAFFF7B0BB0023F6E79B4F16
:1081F000E3789B493A789B489B4E90F800E094F8CE
:1082000004C096F8008087F8008007EE903A0B785B
:10821000037082EA0212D2B283EA5303534083EA24
:108220004203DBB29C4586F800E00B704BD9A37883
:108230004AE0E378DFED8D6A07EE903AB4EEE68A25
:108240002379F1EE10FA07EE103A49D8DFED886A8B
:10825000B4EEE68AF1EE10FA42DBF0EE486AFEEE8A
:10826000CC6A16EE903A5A42D2B2DBB258BF5342B1
:10827000794A7A4F7A497B487B4E90F800C096F84D
:1082800000E086F800C002EB830292ED006A3A78C3
:108290000B78037082EA0212D2B283EA530353408E
:1082A00083EA4203DBB206EE903AB8EE477AF8EE84
:1082B000666A27EE067A87F800E0F4EEC76AF1EE08
:1082C00010FA0B70B3D4637807EE103AF8EE677AC1
:1082D000B8EE477A77EEA87AC7EE27EAFFF735BB04
:1082E0000023C5E7E37807EE903A94F825300BB108
:1082F00038EEC88AB8EE497ADFED5E6A039B27EE56
:10830000087A03EB0902B4EEE67AF1EE10FA0CD823
:10831000DFED596AB4EEE67AF1EE10FA05DBBDEE58
:10832000C77A17EE103A9A42D7E40023FBE7E378C6
:1083300007EE903A94F825300BB138EEC88AB8EEC3
:10834000490A9FED4E7A039B20EE080A03EB0902CF
:10835000B4EEC70AF1EE10FA40D89FED497AB4EEB8
:10836000C70AF1EE10FA39DBB6EE007A20EE070A02
:10837000BDEEC07A17EE103A93423FF458AF19EEB3
:10838000101ACB1A013B9342A7E4E37807EE903A28
:1083900094F8253053B1B6EE007AB4EEC78AF1EE08
:1083A00010FAD4BF38EE078A38EE478AB8EE497A19
:1083B000DFED306A039B27EE087A03EB0902B4EE87
:1083C000E67AF1EE10FA09D8DFED2B6AB4EEE67A20
:1083D000F1EE10FA02DBBDEEC77ACBE70023CBE764
:1083E000F0EE48EAFFF7B1BA049A264B9B5C119A6B
:1083F0000FEE103A019B93F82130002A00F08E8195
:1084000033B3019A019BD2ED077A92ED040A93F8F7
:108410002330A8EE270AF0EE40FA1BB102F072F901
:108420007FEEC0FAF5EEC0FAF1EE10FA10D4F4EED9
:10843000E8FAF1EE10FA0BDC019B1B78112B00F02F
:10844000908021D8002B00F0E181102B00F04A82AF
:10845000F8EE4F7A15E200BFC4A7000864030020BD
:108460000000002062030020630300200000004B96
:10847000000000CB0000004F000000CF0000804F44
:10848000000080CF73030020202B00F0BE80212B42
:10849000DED1D64ADFF86CE3DFF86CC310789EF8C3
:1084A0000010D34F0E919CF800103B78137080EAB7
:1084B0000010C0B281EA5102424082EA4002D2B2C8
:1084C00007EE902A01989FEDCB6A0E9D3D70B8EEA5
:1084D000677AD0ED067A8EF80010F3EE096A27EE7F
:1084E000067A67EEA67A8CF80020B4EEE77AF1EE11
:1084F00010FA00F24F820C27B8FBF7F007FB108050
:1085000083EA03131AF80050DBB208F1010007EE0A
:10851000905AB0FBF7F583EA430307FB150053407D
:108520001AF80050B24FB148397083EA5203DBB2F7
:1085300006EE905A07EE103AF8EE677AF8EE666AA1
:10854000B8EE477A76EEE76A27EE067A0E9D05705A
:10855000E6EE877A8EF800208CF8003067EEA97A74
:1085600050E00C23B6FBF3F203FB1262711C1AF805
:10857000022007EE102AB1FBF3F203FB1212B11C2A
:108580001AF8022007EE902AB1FBF3F203FB121255
:10859000019B1AF8021093F825300BB178EEEFFA30
:1085A000C8EEAD6AB0EE6F0AAAEEA60AB8EE477A38
:1085B000A0EE0E7ADFED906AB4EEE67AF1EE10FAF4
:1085C00000F2E481DFED8D6AB4EEE67AF1EE10FAA6
:1085D000C0F2DC81BDEEC77A17EE103A5A42D2B231
:1085E000DBB258BF534207EE101A854AF8EE677A9D
:1085F000B8EE477A02EB830237EE677AD2ED006A73
:10860000E7EE267A69EEA77A3BE1019B93F82430E6
:10861000002B5AD00C23B8FBF3F203FB128208F1B3
:1086200001011AF80220DFF8C4C176489FED716A93
:1086300090F800E06E4F07EE902AB1FBF3F203FBD7
:10864000121271491AF802309CF800203D788CF81B
:10865000005006EE903A0B78037082EA0212D2B212
:1086600083EA5303534083EA4203DBB207EE103A36
:10867000F8EE677AB8EE477AF8EE666A27EE067A81
:1086800076EEE76A87F800E0E7EE267A0B7067EE91
:10869000A97AF4EECE7AF1EE10FA00F27981F5EED5
:1086A000C07AF1EE10FAC0F27381FCEEE77ACDEDFC
:1086B0000E7A9DF838200598059B0C21B3FBF1F349
:1086C00001FB130309990B445A700599059B0C2271
:1086D000B3FBF2F302FB1313099A13441FEE102AA3
:1086E0005B789A42F8EE4F7A00F0CB80019A38EE30
:1086F000EF0AD2ED066A07EE103AF4EEC06AF1EE28
:1087000010FAB8EE477A00F2488137EE677A27EE22
:10871000267AC7EE006A77EEA67AB2E0002B3FF425
:1087200097AE019BD3ED04FA93F823302BB1B0EE52
:108730006F0A01F0E7FF7FEEC0FAF5EEC0FAF1EE46
:1087400010FA3FF585AEF4EEE8FAF1EE10FA3FF7D5
:108750007FAE019B1B78112B00F0E8807FF672AE94
:10876000202B7FF494AE019B93F82430002BACD0E7
:108770000C23B8FBF3F203FB128208F101011AF893
:108780000220DFF868C01F489FED1A6A90F800E0E9
:10879000174F07EE902AB1FBF3F203FB12121A49AE
:1087A0001AF802309CF800203D788CF8005006EE54
:1087B000903A0B78037082EA0212D2B283EA530332
:1087C000534083EA4203DBB207EE103AF8EE677AD1
:1087D000F8EE666AB8EE477A76EEE76A27EE067A32
:1087E00087F800E0E6EE877A0B7050E7640300201C
:1087F000630300208180803B0000004F000000CF19
:10880000C4A7000862030020000000200C21B7FB71
:10881000F1F201FB127209990A44B8EE4F7A5278CC
:1088200007EE902AF8EE677A67EEA97AF4EECE7A30
:10883000F1EE10FA0AD8F5EEC07AF1EE10FAA2BF06
:10884000FCEEE76ACDED0E6A9DF838301FEE102A77
:10885000934200F0A280019B93F822308BB9019BD8
:1088600038EEEF0AD3ED066AF4EEC06AF1EE10FAC4
:1088700007D877EEC77A67EEA67AC7EE806A76EEFB
:10888000877A6EEEA77AF4EECE7AF1EE10FA00F364
:108890008780F5EEC07AF1EE10FA40F38380FCEEAB
:1088A000E77ACDED087A9DF82030012208920499EC
:1088B000894A5354079A1FEE101A8B4218BF01229F
:1088C000049B07925A1C4FF4FF63B2FBF3F103FBC6
:1088D00011230493059B0133059308F10208033625
:1088E000FFF73EB80C23B6FBF3F203FB1262711CD8
:1088F0001AF8022007EE102AB1FBF3F203FB121262
:10890000B11C1AF8022007EE902AB1FBF3F203FB28
:108910001212019B1AF8021093F825300BB178EE71
:10892000EFFAB8EE477AAFEE8E7A43E60C23B6FB49
:10893000F3F203FB1262711C1AF8022007EE102AF0
:10894000B1FBF3F203FB1212B11C1AF8022007EE7E
:10895000902AB1FBF3F203FB1212019B1AF80210EA
:1089600093F825300BB178EEEFFA039B4B4406EEFB
:10897000103AF8EE495AB8EEC66AB8EE477AC6EE33
:10898000256A76EEAF6AA6EE8E7A13E600232AE613
:10899000002290E6F8EE4F7A34E6F0EE477A70E780
:1089A000FF2382E7002382E7B4EEE77AF1EE10FAC4
:1089B0000ED9019B019AC3ED047A0023FEF734BE61
:1089C000B4EEE77AF1EE10FAF3D8002B7EF423AE82
:1089D000019A002382F8213094F82130ABB3D4ED12
:1089E000047AD4ED066A94F8223094ED057A77EE95
:1089F000A67AF5EEC07AF1EE10FA1CDB43B9B4EEBC
:108A0000E77AF1EE10FA1DD9C4ED047A00230FE0E5
:108A1000B4EEE77A0123F1EE10FA84F82330F3D8AC
:108A2000002323614FF07E536361012384F82330D8
:108A300084F8243009E0B4EEE77AF1EE10FAE3D8D6
:108A4000002BEDD1002384F82130069B10330693D0
:108A50000A9B0C330A93019B0BF1010B2833BBF1EA
:108A60000A0F019304F128040AF1280A7EF473AD79
:108A7000049B194CB3F5FF6FC3F5FF6204EB0300D1
:108A8000C8BF00220021F9F77DFF079BF3B1134B0C
:108A90002178134C01221A80124A134B02EBC100B9
:108AA00052F831201A60426810485A600021E36091
:108AB00001F03BF92146022000F08EFD022017B0A4
:108AC000BDEC108BBDE8F04F00F072BD17B0BDECEF
:108AD000108BBDE8F08F00BF73030020540F0020FF
:108AE0001C010020C4AB0008560F002000440140C8
:108AF0002DE9F743A84F3B78002B00F0388172B680
:108B000000F0EEFD202000F001FE102000F0FEFD40
:108B1000042000F0FBFDA14800F01CFE202000F026
:108B2000F5FD102000F0F2FD042000F0EFFD00F054
:108B3000E5FD62B672B600F0D3FD202000F0E6FD40
:108B4000102000F0E3FD042000F0E0FD0121934837
:108B500000F01CFE202000F0D9FD102000F0D6FD12
:108B6000042000F0D3FD00F0C9FD62B68C4B8D4DA2
:108B70001B88ADF80430012101A8F9F7B9FF8A4C30
:108B8000DFF838922E7801A83146F9F7B1FF72B6B6
:108B900000F0A6FD202000F0B9FD102000F0B6FD89
:108BA000042000F0B3FD3146204600F0EFFD202008
:108BB00000F0ACFD102000F0A9FD042000F0A6FD9F
:108BC00000F09CFD62B66E7804F10408002E00F0FF
:108BD000D180012101A8F9F78BFF72B600F080FD6A
:108BE000202000F093FD102000F090FD042000F004
:108BF0008DFD0121404600F0C9FD202000F086FDDA
:108C0000102000F083FD042000F080FD00F076FDD0
:108C100062B608344C4505F10205B3D1634D2E7898
:108C200001A83146F9F764FF72B600F059FD202023
:108C300000F06CFD102000F069FD042000F066FDDE
:108C40003146204600F0A2FD202000F05FFD1020FC
:108C500000F05CFD042000F059FD00F04FFD62B60D
:108C60006E7801A83146F9F743FF72B600F038FD7F
:108C7000202000F04BFD102000F048FD042000F003
:108C800045FD3146201D00F081FD202000F03EFD15
:108C9000102000F03BFD042000F038FD00F02EFD18
:108CA00062B62E7901A83146F9F722FF72B600F0BC
:108CB00017FD202000F02AFD102000F027FD0420E1
:108CC00000F024FD314604F1080000F05FFD202093
:108CD00000F01CFD102000F019FD042000F016FD2E
:108CE00000F00CFD62B6324B0C349C4205F11005CD
:108CF00095D19DF8044072B600F0F2FC202000F0FF
:108D000005FD102000F002FD042000F0FFFC2146CC
:108D1000284800F03BFD202000F0F8FC102000F077
:108D2000F5FC042000F0F2FC00F0E8FC62B69DF8CF
:108D3000054072B600F0D4FC202000F0E7FC1020C3
:108D400000F0E4FC042000F0E1FC21461A4800F0A9
:108D50001DFD202000F0DAFC102000F0D7FC0420DC
:108D600000F0D4FC00F0CAFC62B600233B7003B0F4
:108D7000BDE8F083314601A8F9F7BAFE72B600F0FB
:108D8000AFFC202000F0C2FC102000F0BFFC04204B
:108D900000F0BCFC31462DE77203002000FC000807
:108DA00098A700088C0E00200CFC00087C00002016
:108DB000A4FF000804FC000808FC00082CFF0008C1
:108DC0002DE9F04F6B4B6C4F1D6885B007EB05121A
:108DD0002B010093537B002B00F0BC80674B93F872
:108DE0000090B9F1FF0F00F0B18065490B88002BAE
:108DF00000F0AC806348DFF8A8B1D0F80080BBF881
:108E000000400192013B0B8008F10103594201F03F
:108E10001F0103F01F0358BF4B4203605A4B5B4EC8
:108E20001B88ADF80C304FF4967A03A85021F9F75F
:108E30005FFEB4FBFAF10AFB114189B24FF0500C0E
:108E400006F801C04946F9F753FE611C89B2B1FB2F
:108E5000FAFC0AFB1C1189B206F80190DFF8449174
:108E600099F800100091F9F743FE04F1020C1FFA83
:108E70008CFCBCFBFAFE0AFB1ECC00991FFA8CFC92
:108E800006F80C10013189F800100221F9F730FEC4
:108E9000E11C89B2019AB1FBFAFC0AFB1C1189B2F0
:108EA00004F104091FFA89F94FF0020C137B06F84C
:108EB00001C0B9FBFAF10AFB11991FFA89F9002BDD
:108EC00053D04121F9F714FE412306F8093005F18A
:108ED0000109B9F5807F28BF4FF000095FFA89F9D1
:108EE000494603A8F9F704FE631D4FF496729BB23E
:108EF000B3FBF2F102FB11339BB206F80390A31D02
:108F00009BB2B3FBF2F102FB11339BB29DF80C1044
:108F1000F154E31D9BB2B3FBF2F102FB11339BB2A0
:108F20009DF80D20F25404F10803ABF80030184B03
:108F300023F81840174B082203F80820164B10227C
:108F400003F80820154A1388013313802B011F44AE
:108F500000237B730A23013595FBF3F203FB1255C3
:108F6000044B1D6005B0BDE8F08F4021F9F7C0FD4E
:108F70004023AAE76C0300207C000020520100205F
:108F8000540100207014002098A700083C13002012
:108F9000B4140020941400207414002068140020DD
:108FA0003A130020151200202DE9F04F924B1A7849
:108FB00087B0002A00F0E480904A1278092A00F273
:108FC00017818F4B93F800A002F10108BAF1FF0F4F
:108FD0005FFA88F800F0D1808A480188002900F003
:108FE000CC8001390180DFF848B28748874DD0F83E
:108FF000009013010BEB02124FF496761779019350
:1090000009F10102514201F01F0102F01F0258BF95
:109010004A4202607E4A14887E4A05A81288ADF84A
:1090200014205021F9F764FDB4FBF6F206FB12425E
:1090300092B25021A9545146F9F75AFD621C92B2DE
:10904000B2FBF6F106FB112292B205F802A0DFF89E
:10905000E4A19AF800100091F9F74AFDA21C92B21F
:10906000B2FBF6FC06FB1C22009992B2A954013116
:109070008AF8001007F1020A4FEA4A0A5FFA8AFAF0
:109080005146F9F735FDE21C92B2B2FBF6F106FB50
:10909000112292B2482105F802A0F9F729FD221DFC
:1090A00092B2B2FBF6F106FB112292B24821A9540A
:1090B0004146F9F71DFD019B621D92B21BF803A00A
:1090C000B2FBF6F106FB112292B2514605F802807E
:1090D000F9F70EFDA31D9BB2B3FBF6F206FB1233AC
:1090E0009BB2394605F803A0F9F702FDE31D9BB2D8
:1090F000B3FBF6F206FB12339BB24FF0000AEF54BB
:109100006423B7FBF3F203FB1277FBB20093013B3E
:10911000029304F108031FFA83FB029B4FF496713C
:109120005345BBFBF1F701FB17B7BFB22BDA009A2F
:109130009DF81430EB5504325200D2B2531C54FA4D
:1091400083F39BB2B3FBF1F001FB10339BB29DF8AC
:109150001510E954931CDBB22D4A191911802E4ABF
:1091600022F819402D4A02F809302D4B102203F83D
:1091700009202C4A138801331380204B83F8008088
:1091800007B0BDE8F08F284B1E68284B13F8162057
:10919000019203EB4602517821B3012105A8F9F7AA
:1091A000A7FC0121E95505A80199F9F7A1FC0BF1EC
:1091B00001024FF4967192B2B2FBF1F001FB102262
:1091C00092B2019BAB540136174B642296FBF2F12D
:1091D00002FB11661E600BF102030AF1010A1FFA7D
:1091E00083FB9AE705A80391F9F782FC0399D9E775
:1091F00000221A70C4E700BF710300207003002032
:109200005201002054010020701400203C13002063
:109210003A13002098A70008B414002094140020EA
:109220007414002068140020680300208C0E0020B5
:109230007C000020151200202DE9F74FDFF89891EF
:109240005B4D0023F42289F8002089F801301A468A
:1092500019460C24012604FB01F0285C20B106FA13
:1092600001F31A43D2B2034601310429F3D10BB101
:1092700089F801204F4B93F800A0BAF1FF0F00F0DE
:1092800093804D4A1388002B00F08E804B49DFF805
:109290004C810F68B8F80050494E013B13807B1C8D
:1092A0005A4202F01F0203F01F0358BF53420B60E3
:1092B000444B4FF4967401A81B88ADF8043050213C
:1092C000F9F716FCB5FBF4F304FB13539BB25022E1
:1092D0005146F254F9F70CFC6B1C9BB2B3FBF4F251
:1092E00004FB12339BB206F803A0DFF8F4A09AF84F
:1092F00000B05946F9F7FCFBAB1C9BB2B3FBF4F290
:1093000004FB12339BB2022106F803B00BF1010BF0
:109310008AF800B0F9F7ECFBEB1C9BB2B3FBF4F25C
:1093200004FB12339BB20222F421F254F9F7E0FB62
:109330002B1D9BB299F80190B3FBF4F204FB12339E
:109340009BB2F4224946F254F9F7D2FB6B1D9BB253
:10935000B3FBF4F204FB12339BB206F80390AB1D8F
:109360009BB2B3FBF4F204FB12339BB29DF80420D2
:10937000F254EB1D9BB2B3FBF4F204FB12339BB22D
:109380009DF80520F25405F10803A8F800300E4BB3
:1093900023F817500D4B0822DA550D4B1022DA55E1
:1093A0000C4A13880133138003B0BDE8F08F00BF6F
:1093B000680F00205201002054010020701400208A
:1093C0003C13002098A70008B41400209414002037
:1093D0007414002068140020600300203A13002059
:1093E00015120020022170B5084600F043F910B3B1
:1093F000114D0121022000F071F92C88B4F5FF6FA6
:1094000019D20E4A0E4B115D0E4A0F4E02EBC100EF
:1094100052F831201A6042680C485A600021F3600B
:1094200000F083FC3146022000F0D6F8013402201F
:1094300000F0BEF82C8070BD540F00207303002094
:10944000560F0020C4AB00081C010020004401405E
:1094500008B5F9F79FFAF9F7B7FAF9F7E3FAF9F768
:10946000EBFAF9F704FBF9F71DFBF9F727FBF9F71E
:109470003AFBF9F74DFBF9F777FBF9F795FBF9F7AD
:10948000ABFCFBF7AFFBFBF7C5FBFBF7EFFBFBF719
:1094900009FCFCF79DFAFCF7B2FAFCF7C7FAFCF7F7
:1094A000DCFAFCF725FCFCF73FFCFCF75BFCFCF767
:1094B0009FFCBDE80840FCF749BD00002DE9F04FD6
:1094C000002585B0CDE90155AA460395A946A846D1
:1094D0002F462E462D4B1C68019BE31AB3F5FA6FFD
:1094E00002D3FBF7CDFA0194029B43F69722E31ACD
:1094F000934202D9FCF7E6F80294A31B45F2072237
:10950000934204D9FCF70EF9A4F5BB56103EA4EB28
:10951000070BBBF1630F02D9FCF77CF92746A4EBDC
:109520000803092B02D9FCF7AFFAA046A4EB090304
:10953000272B02D9FDF7FAFFA146BBF1630F01D932
:10954000FFF7D6FA039BE31A4A2B04D9FFF738FC3E
:10955000A4F123030393A4EB0A034B2B03D9FFF7D6
:1095600023FDA4F1240A621B41F287339A4202D9F7
:10957000FFF762FE2546F9F763FCFBF745F9FBF7B9
:1095800053FAFBF7DDFDFCF7D3FAA3E764190020DB
:1095900008B5FFF75DFFFFF791FF00001423034AB2
:1095A0005843835823F0200383507047080002403B
:1095B0001423034A5843835843F0010383507047F0
:1095C000080002401423034A5843835823F0010340
:1095D000835070470800024038B50446FFF7F2FF99
:1095E000142303FB04F0184B0A68C2500433CA6802
:1095F000C250083B0A8BC250043B0D694A68C458EC
:109600002A43CD6924F47C542A432243C2500A7A67
:10961000012AC2580CBF42F0400222F04002C25060
:109620000A7D012AC2580CBF42F0800222F080025B
:10963000C2504A7D22B9C25822F01002C25038BD31
:10964000C25842F01002F9E710000240034B8000BC
:109650005A68814011435960704700BF00000240C2
:109660001423034A584383580B438350704700BF69
:1096700008000240042913D008291DD0022927D14F
:10968000144B82001B68914019401423124A434333
:10969000985800F00200D9B1003818BF0120704777
:1096A0000C4B82001B689140194014230A4A434323
:1096B000985800F00400EEE7064B82001B689140CA
:1096C000194014235843044BC05800F00800E2E747
:1096D000002070470000024008000240FFF7B6BFBC
:1096E000044B1A69120641BF034A5A6002F18832DC
:1096F0005A6070470020024023016745024A1369FF
:1097000043F080031361704700200240014BD86092
:10971000704700BF00200240074BDA68D10707D42A
:10972000DA68D20606D4D868C0F3800040007047DB
:1097300001207047032070470020024010B5044606
:10974000FFF7EAFF012804F1FF3402D1002CF7D122
:10975000042010BD38B505464FF47020FFF7EEFF2A
:1097600088B9094C236943F00203236165612369C9
:1097700043F0400323614FF47020FFF7DFFF2369BC
:1097800023F00203236138BD0020024070B5054676
:109790004FF470200E46FFF7D1FF68B9074C2369DC
:1097A00043F0010323614FF470202E60FFF7C6FFE2
:1097B000236923F00103236170BD00BF0020024034
:1097C0002DE9F0430568C46800264FF0010E4FF004
:1097D00003080EFA06F71F420DD0770008FA07FCBF
:1097E00001FA07F925EA0C0524EA0C0402FA07F746
:1097F00049EA05053C430136102EEAD10560C460F4
:10980000BDE8F08301294168F0B50CBF19439943C5
:109810004FF6FF744160A242816815D1C46B0022EB
:1098200001274FF0030C07FA02F61E421CBF550039
:109830000CFA05F502F101021CBF29433443102A3A
:10984000F1D18160C463F0BD002401274FF0030C07
:1098500007FA04F51D4207D065000CFA05F621EA67
:10986000060102FA05F529430134102CF0D181607C
:10987000E9E7816170478162704703690B4214BF59
:10988000012000207047F0B5066A456A00234FF0BA
:10989000010C4FF00F0E0CFA03F4144207D09C0099
:1098A0000EFA04F726EA070601FA04F42643013308
:1098B000082BF0D100234FF0010C4FF00F0E03F1F5
:1098C00008040CFA04F4144207D09C000EFA04F7C2
:1098D00025EA070501FA04F425430133082BEED1EC
:1098E00006624562F0BD000010B51D4CE36803F44C
:1098F000E063B3F5A06F08D020D8B3F5407F26D041
:10990000B3F5806F26D0174BE36002231C46C4F1E9
:109910000404A140C3F104040F23E3401340124A9E
:109920000B431B011118DBB281F8003341090123FD
:1099300000F01F00834042F8213010BDB3F5C06F26
:109940000BD0B3F5E06FDED104230024DFE7002362
:109950000424DCE701230324D9E703230124D6E709
:1099600000ED00E00005FA0500E100E021F06041B3
:10997000034B21F07F0101439960BFF34F8F704784
:1099800000ED00E0830903F1804303F5043300F0A8
:109990001F001968012282400A431A607047830938
:1099A00003F1804303F5043300F01F001A6801211E
:1099B000814022EA01021A607047FFF7E3BFFFF718
:1099C000EEBF0000F0B55D4B89B0054604AC03F175
:1099D00010061F4618685968224603C20833B3426E
:1099E0001446F7D1716838696B4603C303C3544901
:1099F0004B68C3F38103022B44D14A684868CB6AA1
:109A00000601C2F383424FEAD37334D4002B30D122
:109A100002324B68C86ADC0332D5CB6A400003F0DF
:109A20000F0354BF474848480133B0FBF3F35A4390
:109A30004B68C3F3031320336B4413F8104C4B688B
:109A4000C3F3022320336B4422FA04F413F8206C8E
:109A50004B68C3F3C22320336B4413F8183C24FA39
:109A600003F0062D10D8DFE805F064121410174635
:109A70004F002132CDE70BB91132CAE73132C8E7C6
:109A8000324BD4E72F4AD3E7002009B0F0BD20467F
:109A9000FBE724FA06F0F8E70B6BDA0507D40B6B4B
:109AA0002B4813F4803F2B4B08BF1846EDE74A685C
:109AB0000B6BC2F38132022A4FEAD3730FD0032A11
:109AC00014D0012A06D00BB94008DEE70320B4FB0E
:109AD000F0F0DAE70BB98008D7E70520F7E71BB904
:109AE0000623B0FBF3F0D0E70720F0E70BB9C0087E
:109AF000CBE70920EBE70B6B13F0400F48F21200A5
:109B000018BF4FF40040C0E70B6B9B07BDD00B6B39
:109B100003F00303012B0CD00B6B03F00303022BA8
:109B200009D00B6B074803F00303032B18BF002079
:109B3000ABE71046A9E74FF40040A6E7ACA7000842
:109B40000010024000127A00006CDC0200093D00A7
:109B5000003FAB01809FD50008B5274B98421ED02F
:109B60000BD8A3F5943398422AD003F5E0539842DA
:109B70002DD0B0F1804F1CD008BD204B98422DD085
:109B800003F58063984230D0A3F500639842F3D187
:109B90004FF44470FFF711FF4FF4447005E040F2BA
:109BA0000B30FFF70AFF40F20B30BDE80840FFF72B
:109BB00006BF4FF48060FFF700FF4FF48060F4E7CA
:109BC00040F20140FFF7F9FE40F20140EDE74FF4AB
:109BD0008160FFF7F2FE4FF48160E6E740F211305A
:109BE000FFF7EBFE40F21130DFE740F21230FFF7F3
:109BF000E4FE40F21230D8E7002C0140004401405E
:109C00000B8810B58362424B98421BD020F48063CE
:109C1000B3F1804F16D08B68C3623E4B98423CD064
:109C200003F5903398424FD03B4A904255D002F50D
:109C3000806290425ED0A3F5A053984228D10B7B5E
:109C4000036325E0036823F07003036002684B8818
:109C50001343036002688B88134303608B68C362FD
:109C60002B4B984222D0B0F1804F16D0A3F59433FD
:109C70009842D2D14FF08043D3F8002422F44072AE
:109C8000C3F80024D3F80044CA882243C3F8002450
:109C9000436943F00103436110BD036823F440733B
:109CA00003600268CB8813430360F1E71B4BD3F8D2
:109CB000002C22F44072C3F8002CD3F8004CCA8860
:109CC0002243C3F8002CBAE7036823F4407303600F
:109CD0000268CB8813430360B1E7D3F8002422F471
:109CE0004072C3F80024D3F80044CA882243C3F862
:109CF0000024A4E7D3F8002822F44072C3F8002817
:109D0000D3F80048CA882243C3F8002897E700BF69
:109D1000002C014000200040004401400020014090
:109D2000036843F001030360704741627047C368F2
:109D30000B43C3607047C36823EA0103C3607047E5
:109D4000C3680069084003D00B4214BF0120002003
:109D50007047C94301617047C3681943C1607047C8
:109D6000436C01290CBF43F4004323F400434364D4
:109D700070470000032900F20381DFE811F00400BE
:109D800047009A00DF00036A23F00103036283693E
:109D900023F003038361036A11680B430362036AC0
:109DA00023F002030362016AD3880B430362754BFD
:109DB00098420AD020F4806103F5A053994204D060
:109DC00003F50063984240F0DB80036A23F004034C
:109DD0000362016A93880B430362036A23F008035A
:109DE0000362016A13890B430362436823F480739F
:109DF0004360416853890B434360436823F4007315
:109E00004360416893890B4343607047036A23F0C2
:109E100010030362836923F440738361036A11684A
:109E200043EA01130362036AD18823F0200303622B
:109E3000036A43EA01130362524B98422DD1036A2D
:109E4000918823F040030362036A43EA011303622B
:109E5000036A118923F080030362036A43EA011352
:109E60000362494B5089D3F8041C928921F4806124
:109E7000C3F8041CD3F8041C41EA8001C3F8041C95
:109E8000D3F8041C21F40061C3F8041CD3F8041CAB
:109E900041EA8202C3F8042C70473C4B98426FD1D0
:109EA0004368528923F480634360436843EA820332
:109EB000AAE7036A23F480730362C36923F00303F0
:109EC000C361036A116843EA01230362036AD1880C
:109ED00023F400730362036A43EA01230362294BFC
:109EE00098424DD1036A918823F480630362036A28
:109EF00043EA01230362036A118923F400630362C6
:109F0000036A43EA012303621F4B5089D3F8041C00
:109F1000928921F48051C3F8041CD3F8041C41EA4F
:109F20000011C3F8041CD3F8041C21F40051C3F839
:109F3000041CD3F8041C41EA0212ABE7036A23F4C1
:109F400080530362C36923F44073C361036A1168D9
:109F500043EA01330362036AD18823F400530362A6
:109F6000036A43EA01330362064B984208D15968F9
:109F7000528921F480415960596841EA82125A603D
:109F8000704700BF002C014000200140004001400C
:109F900003291AD8DFE801F0020A121A836923F0B4
:109FA000700383618369134383617047836923F47A
:109FB000E0438361836943EA0223F5E7C36923F041
:109FC0007003C361C3691343C3617047C36923F45A
:109FD000E043C361C36943EA0223F5E703290AD8D2
:109FE000DFE801F0020406084263704782637047AD
:109FF000C26370470264704703291AD8DFE801F092
:10A00000020A121A836923F00803836183691343E8
:10A0100083617047836923F400638361836943EA42
:10A020000223F5E7C36923F00803C361C36913433F
:10A03000C3617047C36923F40063C361C36943EA22
:10A040000223F5E708B50C4B98420DD003F5744395
:10A05000984210D140F20E30FFF7AFFC40F20E30C4
:10A06000BDE80840FFF7ABBC40F21140FFF7A5FC8C
:10A0700040F21140F4E708BD0044004038B5134BEE
:10A08000984204460D4618D003F57443984216D101
:10A090000620FFF797FC226812044FEA550310D5FB
:10A0A00003EB4003B3FBF5F1C1F3420321F00F01D1
:10A0B0000904090C0B43E36038BD0220E9E70020E6
:10A0C000E9E70344B3FBF5F39BB2F4E70044004037
:10A0D000036823F001030360036823F4C063036093
:10A0E00003680B4303607047036823F001030360B8
:10A0F000036823F48053036003680B4303607047D5
:10A10000036823F001030360436823F44053436072
:10A1100043680B4343607047036843F001030360E7
:10A120007047036823F00803036003680B43036070
:10A130007047036823F00403036003680B43036064
:10A140007047C1F3080181627047406AC0F308009C
:10A150007047026A01F01F0101238B401343036221
:10A1600070478A0910B501F01F01145801238B4074
:10A170002343135010BD10B58C090122235801F060
:10A180001F018A4023EA0203235010BDC1F3891343
:10A1900010B51C588B0D1A58C1F30440012303FA63
:10A1A00000F0104006D001F01F018B40234214BF85
:10A1B0000120002010BD0000084B994206D1D0F8C4
:10A1C000D03023F40043C0F8D0307047026AC1F3A6
:10A1D000044101238B4013430362704709340F3459
:10A1E000DFF830D0002103E00B4B5B5843500431C3
:10A1F0000A480B4B42189A42F6D30A4A02E000235F
:10A2000042F8043B084B9A42F9D300F011F8FFF7EB
:10A21000BFF9704760030020D4B50008000000209B
:10A22000600100206003002068190020FEE70000A4
:10A230007E4BDA6902F00602062A82B047D0DA695C
:10A24000900444D57A4A7B4959605A6099609A6073
:10A250001A6942F020021A611A6942F040021A613A
:10A26000DA68D107FCD41A6922F020021A611A694F
:10A2700042F010021A61DA6912F0060F6E4A40F0DD
:10A28000C780A5231380694B6B4AD969090A01F07D
:10A29000DF015180D969C1F307419180D969090E65
:10A2A000D180196AC9B21181196AC1F3072151819C
:10A2B000DA68D207FCD41A6922F010021A611A690E
:10A2C00022F400721A611A6942F080021A615B4A34
:10A2D000D2F8883043F47003C2F88830584B1A68BB
:10A2E00042F001021A601A689007FCD55A6842F0E1
:10A2F00080025A6000220192019A4F2A40F2908017
:10A300005A6842F090025A6000220192019A4F2A44
:10A3100040F289805A6822F003025A601A6822F0DB
:10A32000867222F480321A605968464A0A405A609E
:10A330005A6822F0084222F474125A60DA6A22F053
:10A34000404222F00F02DA621A6B22F4817222F08C
:10A3500001021A631A6B22F480321A631A6B22F01C
:10A3600000421A635A6B22F001025A63D3F8C020EC
:10A3700022F48032C3F8C02000229A60C3F8CC20B7
:10A380001A6842F480321A604FF400621968890337
:10A3900001D4013AFAD11A68900333D55A685A6049
:10A3A0005A6842F400525A605A6842F480625A6015
:10A3B0005A6822F0036222F470225A60DA6A22F0AC
:10A3C000404222F00F02DA625A6842F0016242F41F
:10A3D00080325A60DA6A42F00102DA62DA6ADA62DC
:10A3E0001A6842F080721A601A689101FCD55A68A6
:10A3F00022F003025A605A6842F002025A605A6818
:10A400001207FCD500214FF0006002B0FFF7AEBA92
:10A41000DB6903F00603022B7FF435AFBB2331E782
:10A42000019A013267E7019A01326EE7002002408B
:10A43000AB89EFCD2301674500F8FF1F00ED00E079
:10A44000001002400C00FF082DE9F047089D0C4663
:10A45000002B4ED194468C458646B2FA82F262D9E0
:10A460004AB1C2F12003914020FA03F30CFA02FC36
:10A47000194300FA02FE4FEA1C471FFA8CF6B1FBA3
:10A48000F7F44FEA1E4307FB141143EA014304FBB0
:10A4900006F199420AD91CEB030304F1FF3080F066
:10A4A0001381994240F21081023C6344591A1FFA09
:10A4B0008EF3B1FBF7F007FB101143EA014300FBF9
:10A4C00006F69E420AD91CEB030300F1FF3180F02F
:10A4D000FD809E4240F2FA80634402389B1B40EAB2
:10A4E000044000211DB1D3400022C5E90032BDE87F
:10A4F000F0878B4205D90DB1C5E90001002108465E
:10A50000F5E7B3FA83F1002946D1A34202D3904282
:10A51000C0F0F180861A64EB03030120002DE6D021
:10A52000C5E90063E3E7002A40F09180A1EB0C0449
:10A530004FEA1C481FFA8CF70121B4FBF8F64FEAEA
:10A540001E4308FB164443EA044307FB06F0984207
:10A5500008D91CEB030306F1FF3402D2984200F243
:10A56000CE8026461C1A1FFA8EF3B4FBF8F008FBC7
:10A57000104443EA044300FB07F79F4208D91CEB51
:10A58000030300F1FF3402D29F4200F2B180204663
:10A59000DB1B40EA0640A5E7C1F120068B4022FA0A
:10A5A00006F71F4320FA06FC04FA01F343EA0C0302
:10A5B000F44000FA01F8380C4FEA1349B4FBF0FEFE
:10A5C0001FFA87FC00FB1E4449EA04440EFB0CF909
:10A5D000A14502FA01F20AD93C190EF1FF3A80F0C6
:10A5E0008580A14540F28280AEF1020E3C44A4EB8E
:10A5F00009041FFA83F9B4FBF0F300FB134449EAA2
:10A60000044403FB0CFCA44507D93C1903F1FF30BB
:10A6100068D2A44566D9023B3C4443EA0E40A0FB05
:10A620000293A4EB0C049C42CE469C4652D34FD0DE
:10A6300055B1B8EB0E0364EB0C0404FA06F6CB40FC
:10A64000CC401E43C5E900640021BDE8F087C2F19B
:10A65000200320FA03F10CFA02FC24FA03F39440DD
:10A660000C434FEA1C4800FA02FE1FFA8CF7B3FBBA
:10A67000F8F008FB1031230C43EA014300FB07F11B
:10A68000994208D91CEB030300F1FF362CD2994202
:10A690002AD9023863445B1AA4B2B3FBF8F108FB71
:10A6A000113344EA034401FB07F3A34208D91CEB2E
:10A6B000040401F1FF3613D2A34211D902396444D4
:10A6C000E41A41EA004138E70446EFE6084605E7A8
:10A6D000C845ADD2B9EB020E63EB070C0138A7E712
:10A6E0003146EDE7034698E73046D4E7D6467EE7A5
:10A6F000634402384CE70646234608460EE7023E0E
:10A7000063442FE710EE102AC2F3C7537F3B162B8A
:10A7100022F0004129DC002B104618DB1A491941B0
:10A720000A4221D0DFED197A70EE277AF5EEC07A71
:10A73000F1EE10FA18DD002A04DA4FF4000242FAB2
:10A7400003F3184420EA010300EE103A7047DFEDEE
:10A750000F7A70EE277AF5EEC07AF1EE10FA03DD8B
:10A76000002A08DB9FED0A0A7047B1F1FF4FFBD3C7
:10A7700030EE000A7047DFED077A0029BFEE000ACD
:10A7800008BFB0EE670A7047FFFF7F00CAF2497149
:10A790000000000000000080FFFF0000010000003A
:10A7A00000000000000000010000000000000000A8
:10A7B0000000000001020304060708090000000071
:10A7C000010203040000000000E81D3900E21D3A08
:10A7D0000093B13A80C91D3B006E763B0055B13BFA
:10A7E0000036F13B40681D3C600C473C0081753CE5
:10A7F000905F943C505FB03C90BBCE3C806FEF3C90
:10A80000103B093D10E51B3DD0B22F3D40A1443D1A
:10A8100038AD5A3D48D3713DEC07853D98AF913D29
:10A82000B4DE9E3D3C93AC3D0CCBBA3DF883C93DB4
:10A83000B8BBD83DF46FE83D409EF83D0EA2043E03
:10A840007C2F0D3E1AF6153E8CF41E3E6E29283ED6
:10A850005693313ECE303B3E5E00453E80004F3E3B
:10A86000AC2F593E4E8C633ECA146E3E88C7783E6C
:10A870006DD1813E8C52873E46E68C3EC08B923E27
:10A880001C42983E76089E3EECDDA33E96C1A93E52
:10A890008FB2AF3EE8AFB53EB6B8BB3E0ECCC13EC0
:10A8A000FBE8C73E910ECE3ED83BD43EDF6FDA3E8A
:10A8B000B2A9E03E59E8E63EE12AED3E4D70F33E96
:10A8C000ACB7F93E0000003F2B24033FDA47063FB8
:10A8D000906A093FD48B0C3F27AB0F3F11C8123F42
:10A8E00015E2153FB8F8183F830B1C3FFA191F3FBC
:10A8F000A623223F0D28253FB926283F361F2B3F90
:10A900000A112E3FC6FB303FF3DE333F20BA363FFD
:10A91000DE8C393FBB563C3F4A173F3F1ECE413F7E
:10A92000CE7A443FEE1C473F15B4493FE03F4C3FD1
:10A93000EABF4E3FCC33513F2B9B533FA6F5553FCB
:10A94000DE42583F7A825A3F22B45C3F7ED75E3F58
:10A9500038EC603F02F2623F8AE8643F82CF663F94
:10A960009EA6683F996D6A3F2A246C3F0DCA6D3FD1
:10A97000035F6F3FCCE2703F2C55723FECB5733FE5
:10A98000D404753FB041763F4F6C773F8484783F65
:10A99000248A793F067D7A3F045D7B3FFC297C3F1A
:10A9A000CFE37C3F608A7D3F941D7E3F569D7E3F76
:10A9B00092097F3F36627F3F37A77F3F88D87F3F2E
:10A9C00022F67F3F0000803F22F67F3F88D87F3FFE
:10A9D00036A77F3F36627F3F92097F3F569D7E3F7D
:10A9E000941D7E3F5F8A7D3FCEE37C3FFC297C3F08
:10A9F000045D7B3F057D7A3F248A793F8484783FDC
:10AA00004E6C773FAF41763FD304753FECB5733F53
:10AA10002C55723FCCE2703F025F6F3F0CCA6D3F16
:10AA20002A246C3F986D6A3F9EA6683F81CF663F9F
:10AA300089E8643F01F2623F37EC603F7CD75E3FBC
:10AA400020B45C3F78825A3FDE42583FA4F5553F20
:10AA50002C9B533FCD33513FE8BF4E3FDF3F4C3F30
:10AA600014B4493FEB1C473FCB7A443F1FCE413FD4
:10AA70004A173F3FBA563C3FDC8C393F1FBA363F3E
:10AA8000F0DE333FC3FB303F0B112E3F351F2B3F12
:10AA9000B926283F0B28253FA323223FF7191F3F44
:10AAA000800B1C3FB9F8183F14E2153F10C8123F45
:10AAB00026AB0F3FD28B0C3F8E6A093FD747063F2C
:10AAC0002B24033F0000003FA9B7F93E4A70F33E34
:10AAD000DC2AED3E54E8E63EACA9E03EE06FDA3E0B
:10AAE000D73BD43E8E0ECE3EF8E8C73E09CCC13EE1
:10AAF000B2B8BB3EE2AFB53E8EB2AF3E96C1A93E04
:10AB0000EADDA33E72089E3E1742983EBB8B923E02
:10AB100040E68C3E8C52873E6CD1813E84C7783EA5
:10AB2000C6146E3E468C633EA22F593E82004F3EB5
:10AB30005E00453ECC303B3E5293313E6829283E74
:10AB400084F41E3E12F6153E7E2F0D3E0EA2043EEC
:10AB50003C9EF83DEC6FE83DB0BBD83DEC83C93D71
:10AB600000CBBA3D3C93AC3DB4DE9E3D94AF913DED
:10AB7000E407853D38D3713D28AD5A3D30A1443DB1
:10AB8000D0B22F3D08E51B3D103B093D706FEF3CF7
:10AB900070BBCE3C405FB03C705F943C0081753C24
:10ABA000600C473C20681D3C0036F13BC054B13B73
:10ABB000006E763B00C91D3B0093B13A00E21D3A9E
:10ABC00000E81D391919191919191919191919191B
:10ABD0001919194B1919191919194B191919191981
:10ABE00019194B4B19191919194B1919191919193F
:10ABF000194B194B19191919194B4B1919191919FD
:10AC0000194B4B4B191919194B19191919191919EC
:10AC10004B19194B191919194B194B1919191919DC
:10AC20004B194B4B191919194B4B1919191919199A
:10AC30004B4B194B191919194B4B4B191919191958
:10AC40004B4B4B4B1919194B191919191919194B48
:10AC50001919194B1919194B19194B191919194B9C
:10AC600019194B4B1919194B194B19191919194B5A
:10AC7000194B194B1919194B194B4B191919194B18
:10AC8000194B4B4B1919194B4B1919191919194B08
:10AC90004B19194B1919194B4B194B191919194BF8
:10ACA0004B194B4B1919194B4B4B19191919194BB6
:10ACB0004B4B194B1919194B4B4B4B191919194B74
:10ACC0004B4B4B4B19194B191919191919194B19C8
:10ACD0001919194B19194B1919194B1919194B191C
:10ACE00019194B4B19194B19194B191919194B19DA
:10ACF000194B194B19194B19194B4B1919194B1998
:10AD0000194B4B4B19194B194B19191919194B1987
:10AD10004B19194B19194B194B194B1919194B1977
:10AD20004B194B4B19194B194B4B191919194B1935
:10AD30004B4B194B19194B194B4B4B1919194B19F3
:10AD40004B4B4B4B19194B4B1919191919194B4BE3
:10AD50001919194B19194B4B19194B1919194B4B37
:10AD600019194B4B19194B4B194B191919194B4BF5
:10AD7000194B194B19194B4B194B4B1919194B4BB3
:10AD8000194B4B4B19194B4B4B19191919194B4BA3
:10AD90004B19194B19194B4B4B194B1919194B4B93
:10ADA0004B194B4B19194B4B4B4B191919194B4B51
:10ADB0004B4B194B19194B4B4B4B4B1919194B4B0F
:10ADC0004B4B4B4B194B191919191919194B1919C7
:10ADD0001919194B194B191919194B19194B19191B
:10ADE00019194B4B194B1919194B1919194B1919D9
:10ADF000194B194B194B1919194B4B19194B191997
:10AE0000194B4B4B194B19194B191919194B191986
:10AE10004B19194B194B19194B194B19194B191976
:10AE20004B194B4B194B19194B4B1919194B191934
:10AE30004B4B194B194B19194B4B4B19194B1919F2
:10AE40004B4B4B4B194B194B19191919194B194BE2
:10AE50001919194B194B194B19194B19194B194B36
:10AE600019194B4B194B194B194B1919194B194BF4
:10AE7000194B194B194B194B194B4B19194B194BB2
:10AE8000194B4B4B194B194B4B191919194B194BA2
:10AE90004B19194B194B194B4B194B19194B194B92
:10AEA0004B194B4B194B194B4B4B1919194B194B50
:10AEB0004B4B194B194B194B4B4B4B19194B194B0E
:10AEC0004B4B4B4B194B4B1919191919194B4B1962
:10AED0001919194B194B4B1919194B19194B4B19B6
:10AEE00019194B4B194B4B19194B1919194B4B1974
:10AEF000194B194B194B4B19194B4B19194B4B1932
:10AF0000194B4B4B194B4B194B191919194B4B1921
:10AF10004B19194B194B4B194B194B19194B4B1911
:10AF20004B194B4B194B4B194B4B1919194B4B19CF
:10AF30004B4B194B194B4B194B4B4B19194B4B198D
:10AF40004B4B4B4B194B4B4B19191919194B4B4B7D
:10AF50001919194B194B4B4B19194B19194B4B4BD1
:10AF600019194B4B194B4B4B194B1919194B4B4B8F
:10AF7000194B194B194B4B4B194B4B19194B4B4B4D
:10AF8000194B4B4B194B4B4B4B191919194B4B4B3D
:10AF90004B19194B194B4B4B4B194B19194B4B4B2D
:10AFA0004B194B4B194B4B4B4B4B1919194B4B4BEB
:10AFB0004B4B194B194B4B4B4B4B4B19194B4B4BA9
:10AFC0004B4B4B4B4B191919191919194B191919C5
:10AFD0001919194B4B19191919194B194B19191919
:10AFE00019194B4B4B191919194B19194B191919D7
:10AFF000194B194B4B191919194B4B194B19191995
:10B00000194B4B4B4B1919194B1919194B19191984
:10B010004B19194B4B1919194B194B194B19191974
:10B020004B194B4B4B1919194B4B19194B19191932
:10B030004B4B194B4B1919194B4B4B194B191919F0
:10B040004B4B4B4B4B19194B191919194B19194BE0
:10B050001919194B4B19194B19194B194B19194B34
:10B0600019194B4B4B19194B194B19194B19194BF2
:10B07000194B194B4B19194B194B4B194B19194BB0
:10B08000194B4B4B4B19194B4B1919194B19194BA0
:10B090004B19194B4B19194B4B194B194B19194B90
:10B0A0004B194B4B4B19194B4B4B19194B19194B4E
:10B0B0004B4B194B4B19194B4B4B4B194B19194B0C
:10B0C0004B4B4B4B4B194B19191919194B194B1960
:10B0D0001919194B4B194B1919194B194B194B19B4
:10B0E00019194B4B4B194B19194B19194B194B1972
:10B0F000194B194B4B194B19194B4B194B194B1930
:10B10000194B4B4B4B194B194B1919194B194B191F
:10B110004B19194B4B194B194B194B194B194B190F
:10B120004B194B4B4B194B194B4B19194B194B19CD
:10B130004B4B194B4B194B194B4B4B194B194B198B
:10B140004B4B4B4B4B194B4B191919194B194B4B7B
:10B150001919194B4B194B4B19194B194B194B4BCF
:10B1600019194B4B4B194B4B194B19194B194B4B8D
:10B17000194B194B4B194B4B194B4B194B194B4B4B
:10B18000194B4B4B4B194B4B4B1919194B194B4B3B
:10B190004B19194B4B194B4B4B194B194B194B4B2B
:10B1A0004B194B4B4B194B4B4B4B19194B194B4BE9
:10B1B0004B4B194B4B194B4B4B4B4B194B194B4BA7
:10B1C0004B4B4B4B4B4B1919191919194B4B19195F
:10B1D0001919194B4B4B191919194B194B4B1919B3
:10B1E00019194B4B4B4B1919194B19194B4B191971
:10B1F000194B194B4B4B1919194B4B194B4B19192F
:10B20000194B4B4B4B4B19194B1919194B4B19191E
:10B210004B19194B4B4B19194B194B194B4B19190E
:10B220004B194B4B4B4B19194B4B19194B4B1919CC
:10B230004B4B194B4B4B19194B4B4B194B4B19198A
:10B240004B4B4B4B4B4B194B191919194B4B194B7A
:10B250001919194B4B4B194B19194B194B4B194BCE
:10B2600019194B4B4B4B194B194B19194B4B194B8C
:10B27000194B194B4B4B194B194B4B194B4B194B4A
:10B28000194B4B4B4B4B194B4B1919194B4B194B3A
:10B290004B19194B4B4B194B4B194B194B4B194B2A
:10B2A0004B194B4B4B4B194B4B4B19194B4B194BE8
:10B2B0004B4B194B4B4B194B4B4B4B194B4B194BA6
:10B2C0004B4B4B4B4B4B4B19191919194B4B4B19FA
:10B2D0001919194B4B4B4B1919194B194B4B4B194E
:10B2E00019194B4B4B4B4B19194B19194B4B4B190C
:10B2F000194B194B4B4B4B19194B4B194B4B4B19CA
:10B30000194B4B4B4B4B4B194B1919194B4B4B19B9
:10B310004B19194B4B4B4B194B194B194B4B4B19A9
:10B320004B194B4B4B4B4B194B4B19194B4B4B1967
:10B330004B4B194B4B4B4B194B4B4B194B4B4B1925
:10B340004B4B4B4B4B4B4B4B191919194B4B4B4B15
:10B350001919194B4B4B4B4B19194B194B4B4B4B69
:10B3600019194B4B4B4B4B4B194B19194B4B4B4B27
:10B37000194B194B4B4B4B4B194B4B194B4B4B4BE5
:10B38000194B4B4B4B4B4B4B4B1919194B4B4B4BD5
:10B390004B19194B4B4B4B4B4B194B194B4B4B4BC5
:10B3A0004B194B4B4B4B4B4B4B4B19194B4B4B4B83
:10B3B0004B4B194B4B4B4B4B4B4B4B194B4B4B4B41
:10B3C0004B4B4B4B00C0C101C30302C2C60607C7AB
:10B3D00005C5C404CC0C0DCD0FCFCE0E0ACACB0BC5
:10B3E000C90908C8D81819D91BDBDA1A1EDEDF1FF5
:10B3F000DD1D1CDC14D4D515D71716D6D21213D3E5
:10B4000011D1D010F03031F133F3F23236F6F73794
:10B41000F53534F43CFCFD3DFF3F3EFEFA3A3BFB84
:10B4200039F9F83828E8E929EB2B2AEAEE2E2FEF34
:10B430002DEDEC2CE42425E527E7E62622E2E323A4
:10B44000E12120E0A06061A163A3A26266A6A767D4
:10B45000A56564A46CACAD6DAF6F6EAEAA6A6BAB44
:10B4600069A9A86878B8B979BB7B7ABABE7E7FBF74
:10B470007DBDBC7CB47475B577B7B67672B2B37364
:10B48000B17170B050909151935352929656579714
:10B49000559594549C5C5D9D5F9F9E5E5A9A9B5B04
:10B4A00099595898884849894B8B8A4A4E8E8F4FB4
:10B4B0008D4D4C8C44848545874746868242438324
:10B4C0004181804000C1814001C0804101C0804174
:10B4D00000C1814001C0804100C1814000C1814064
:10B4E00001C0804101C0804100C1814000C1814054
:10B4F00001C0804100C1814001C0804101C0804144
:10B5000000C1814001C0804100C1814000C1814033
:10B5100001C0804100C1814001C0804101C0804123
:10B5200000C1814000C1814001C0804101C0804113
:10B5300000C1814001C0804100C1814000C1814003
:10B5400001C0804101C0804100C1814000C18140F3
:10B5500001C0804100C1814001C0804101C08041E3
:10B5600000C1814000C1814001C0804101C08041D3
:10B5700000C1814001C0804100C1814000C18140C3
:10B5800001C0804100C1814001C0804101C08041B3
:10B5900000C1814001C0804100C1814000C18140A3
:10B5A00001C0804101C0804100C1814000C1814093
:10B5B00001C0804100C1814001C0804101C0804183
:04B5C00000C1814005
:04B5C400F8B500BF17
:04B5C800F8B500BF13
:08B5CC007CEEFF7F010000008E
:10B5D40001000000000000000000803F00000000A7
:10B5E400000000000000803F000000000000000098
:10B5F4000000803F00000000000000000000803FC9
:10B6040000000000000000000000803F0000000077
:10B61400000000000000803F000000000000000067
:10B624000000803F00000000000000000000803F98
:10B6340000000000000000000000803F0000000047
:10B64400000000000000803F000000000000000037
:10B65400000000000000003F0001000000000000A6
:10B66400000000000000003F000100000000000096
:10B67400000000000000003F000100000000000086
:10B68400000000000000003F000100000000000076
:10B69400000000000000003F000100000000000066
:10B6A400000000000000003F000100000000000056
:10B6B400000000000000003F000100000000000046
:10B6C400000000000000003F000100000000000036
:10B6D400000000000000003F000100000000000026
:10B6E400000000000000003F000100000000000016
:10B6F4000001000000000000000000000000000045
:10B70400010100000C00000000000000180005C644
:10B7140000C60000000000000000000001FFFF0060
:10B72400FFFFFFF2200000010100000000BD010541
:040000050800A1E16D
:00000001FF
