:020000040800F2
:1000000010020020891F0008D51F0008D51F000816
:10001000D51F0008D51F0008D51F000800000000EC
:10002000000000000000000000000000D51F0008D4
:10003000D51F000800000000D51F0008CD010008F2
:1000400000000000D51F0008D51F0008D51F0008BC
:10005000D51F0008D51F0008D51F0008D51F0008B0
:10006000D51F0008D51F0008D51F0008D51F0008A0
:10007000D51F0008D51F0008D51F0008D51F000890
:10008000D51F0008D51F000800000000D51F00087C
:10009000D51F0008D51F0008D51F0008D51F000870
:1000A000D51F0008D51F0008D51F0008D51F000860
:1000B000E903000800000000D51F00080000000050
:1000C000D51F000800000000D51F0008D51F00083C
:1000D000D51F000800000000000000000000000024
:1000E0000000000000000000D51F00080000000014
:1000F0000000000000000000000000000000000000
:10010000D51F00080000000000000000D51F0008F7
:1001100000000000000000000000000000000000DF
:1001200000000000000000000000000000000000CF
:1001300000000000000000000000000000000000BF
:10014000000000000000000000000000D51F0008B3
:1001500053B94AB9002908BF00281CBF4FF0FF312E
:100160004FF0FF3000F00CB8ADF1080C6DE904CE93
:1001700002F03EF8DDF804E0DDE9022304B0704748
:10018000704700BF074B591E1A5C095C41EA022107
:100190009A1E033B125C185C42EA012240EA0220EC
:1001A000704700BF2F0200204FF0E023054A5A613C
:1001B000054AF02182F8231000229A6107221A6171
:1001C000704700BF1E48010000ED00E0024A1368BE
:1001D00001331360704700BF68090020F8B5144B65
:1001E0006FF03A02D3F8E017D3F8AC07D3F8B06752
:1001F000D3F8B4774FF6FF73FFF7AAFF38461446DB
:100200001D466FF03A024FF6FF733146FFF7A0FF2D
:10021000084862406B400021013100F8012B06299B
:100220004FEA122242EA03624FEA1323F4D1F8BDE7
:1002300000F0FF1F6009002008B540F2115001F0E6
:10024000EBFC0823032200214FF0904001F02AFC30
:100250000823002202214FF0904001F001FCBDE88C
:100260000840082201214FF0904001F056BC08B52B
:1002700040F2115001F0D0FC0423032200214FF082
:10028000904001F00FFC0423002202214FF0904027
:1002900001F0E6FBBDE80840042201214FF0904048
:1002A00001F03BBC08B500221C20114601F066FCA1
:1002B000BDE8084040F2117001F0AEBC10B540F24C
:1002C000115001F0A9FC1023032200214FF09040AF
:1002D00001F0E8FBBDE810401023002201214FF09F
:1002E000904001F0BDBB10214FF0904001F013BCD5
:1002F000037810B55940044C044B5A5C4378615C58
:1003000042704B40037010BDC6250008C62400088B
:1003100073B5124C2246552102F8011B104908689A
:100320008988C4F8010091800122227262720D4A0C
:1003300000251288E571ADF80420264614F8011B4B
:1003400001A80135FFF7D4FF0A2DF7D19DF804303D
:10035000B3729DF80530F37202B070BD1802002030
:1003600060090020AC24000837B50C4B0C4C1D78FC
:100370000C4B65701B88ADF804305F2101A821701B
:10038000FFF7B6FF2946FFF7B3FF9DF80430A370CF
:100390009DF80530E37003B030BD00BF06000020BB
:1003A00028020020AC24000837B50C4B0C4C1D78FB
:1003B0000C4B65701B88ADF80430332101A8217007
:1003C000FFF796FF2946FFF793FF9DF80430A370CF
:1003D0009DF80530E37003B030BD00BF060000207B
:1003E00024020020AC240008F8B56549654801F0F6
:1003F000A1FD064640B1634840F2017101F07DFD68
:100400005F49604801F0ACFD5F495E4801F092FD34
:10041000074640B15B4840F2027101F06EFD5A4957
:10042000584801F09DFD5949564801F083FD0546A5
:1004300040B1544840F2037101F05FFD5349514807
:1004400001F08EFD52494F4801F074FD044640B161
:100450004C484FF4E06101F050FD4D49494801F02E
:100460007FFD4C49474801F065FDD0B1454840F259
:10047000037101F042FD4749424801F071FD72B637
:10048000454A00231360454A1360454A4FF4807182
:100490001180444A138062B6434A1370434A137072
:1004A00005E03E4335432C43E4B2002CE7D14049FC
:1004B000344801F03FFD10B3394A1388DBB13749A6
:1004C00030480C68013B1380631C5A42D2B2DBB245
:1004D00058BF53420B6001F00CFD364B23F814005B
:1004E000324B01221A70344B1A68344B1A602D4A71
:1004F0001388013313802E49224801F031FD304921
:10050000204801F017FDC0B12E4D2F4B2C881B88C1
:10051000A34226D94FF49672B4FBF2F302FB1343C5
:100520009BB22A4A174832F81310013401F0DDFC5F
:100530002C802349134801F013FD2549114801F08F
:10054000F9FCE0B10F48062101F0E9FC10214FF061
:10055000904001F0E0FABDE8F8401D49094801F07B
:10056000FFBC0848072101F0DAFC0648062101F02B
:10057000CCFC0E4A00231370164A1370D9E7F8BD5D
:1005800000020107004400400002020700020307C6
:100590000800000705000307580700205C0700203B
:1005A0000A000020540700202E0300203D030020F5
:1005B00005000507600700206809002038030020B7
:1005C00007000707FA040020F8040020FC040020BC
:1005D000060006073C03002010B5174C204601F02A
:1005E00005FC2046042101F078FC2046082101F09A
:1005F0006CFC2046052101F088FC20464FF4007178
:1006000001F083FC2046082101F07FFC20460B49C5
:1006100001F008FC2046002101F03AFC20460021B0
:1006200001F042FC2046002101F026FC2046BDE8F6
:10063000104001F045BC00BF0044004040420F00A4
:100640002DE9F04F764B1A8885B0002A31D072B66A
:100650001A88013A1A8062B67248734F01684B1CBF
:100660005A42D2B2DBB258BF534203606F4B33F8E9
:1006700011403B78002B58D1FF2C14D8AA2CE1B2A2
:100680001AD16B49032008706A496B480B706B499B
:100690000B706B4B01221A70FF233A70037043708A
:1006A0002146FFF725FE72B6664A13880133138090
:1006B00062B605B0BDE8F08FCC290FD102223A70A6
:1006C0005B4A13705B4A5C4813705C4A13705C4B66
:1006D00001221A70FF2303704370E2E7AF2901D1B2
:1006E0000322ECE7A02901D10422E8E7552905D12E
:1006F00005223A704E4A0B201070E3E7332904D1EB
:1007000005223A7003204A4AF6E75F2906D10523FD
:100710003B70474B03221A700023D3E75029C2D104
:1007200006233B700222424BF5E7013B052BBAD86A
:10073000DFE813F03805C705F3040600E505EE050C
:100740003B4D2978B9B9404BFF2C1E7809D93A485E
:10075000FFF7CEFD16B13A4B00221A7001232B7021
:10076000A1E7E4B234482146FFF7C2FDA642F5D026
:10077000FF2CF3D0EFE70139082994D801A353F8EF
:1007800021F000BFA9070008C1070008A70600085C
:10079000A7060008A7060008A7060008EB07000840
:1007A0001312000855080008B4F5807F274B224833
:1007B00028BF0024E1B21970FFF79AFD0223CEE7AB
:1007C000FF2C1E4B08D900211B481970FFF790FD24
:1007D000174B08221A7066E7E1B217481970FFF745
:1007E00087FD002CF4D00723B9E712480378B4F54D
:1007F000807F28BF0024FF22B3FBF2F21A440133AA
:10080000DDB2E1B202F0FF02114C05700A48A154BA
:10081000FFF76EFD094B1B78AB427FF444AFD7E77F
:1008200054070020580700202E03002060070020F6
:100830002D0300202C030020010000202B030020AA
:10084000000000200A000020060000201602002000
:100850002C020020D14BD24A4FF0000883F80080D0
:100860001278D04B5B78002A00F0C381B4F5807F0A
:1008700028BF44469C4240F0BC81CB4BCB49CC4A7C
:100880001B780978B2F900200091002B00F0AB81B1
:100890008A4200F0A881C74C94F80090B9F1F50F96
:1008A00040F0AA81C44B93F800B0BBF1FF0F00F0F9
:1008B0009A81C24A1388002B00F09581C049C14E2D
:1008C000D1F800A0013B13800AF10103B8EB030249
:1008D00002F01F0203F01F0358BF53420B60BA4BD4
:1008E000BA4A1D881288ADF80C204FF4967403A8FC
:1008F0005021FFF7FDFCB5FBF4F204FB125292B25B
:100900005021B1545946FFF7F3FC6A1C92B2B2FB76
:10091000F4F104FB112292B206F802B0DFF8C0B283
:100920009BF800100191FFF7E3FCAA1C92B2B2FB06
:10093000F4FC04FB1C22019992B2B15401318BF8F2
:1009400000101321FFF7D4FCEA1C92B2B2FBF4F1C1
:1009500004FB112292B21321B1544946FFF7C8FC9F
:100960002A1D92B2B2FBF4F104FB112292B20121D2
:1009700006F80290FFF7BCFC6A1D92B2B2FBF4F1DC
:1009800004FB112292B24FF00109414606F8029091
:10099000FFF7AEFCAA1D92B2B2FBF4F104FB1122E8
:1009A00092B22D2106F80280FFF7A2FCEA1D92B256
:1009B000B2FBF4F104FB112292B22D21B1540521B6
:1009C000FFF796FC05F1080292B2B2FBF4F104FBCA
:1009D000112292B20521B1544946FFF789FC05F175
:1009E000090292B2B2FBF4F104FB112292B2414629
:1009F00006F80290FFF77CFC05F10A0292B2B2FB06
:100A0000F4F104FB112292B2672106F80280FFF78D
:100A10006FFC05F10B0292B2B2FBF4F104FB112260
:100A200092B26721B1546421FFF762FC05F10C0218
:100A300092B2B2FBF4F104FB112292B26421B154E0
:100A40003321FFF755FC05F10D0292B2B2FBF4F130
:100A500004FB112292B24FF03308322106F80280D3
:100A6000FFF746FC05F10E0292B2B2FBF4F104FB73
:100A7000112292B23221B1546621FFF739FC05F1FF
:100A80000F0292B2B2FBF4F104FB112292B2662182
:100A9000B1544146FFF72CFC05F1100292B2B2FBB3
:100AA000F4F104FB112292B2414606F80280FFF7EE
:100AB0001FFC05F1110292B2B2FBF4F104FB11220A
:100AC00092B2302106F80280FFF712FC05F1120203
:100AD00092B2B2FBF4F104FB112292B23021B15474
:100AE0006B21FFF705FC05F1130292B2B2FBF4F1A2
:100AF00004FB112292B26B21B1543821FFF7F8FBAD
:100B000005F1140292B2B2FBF4F104FB112292B28D
:100B10003821B1547521FFF7EBFB05F1150292B2B4
:100B2000B2FBF4F104FB112292B27521B1543621CB
:100B3000FFF7DEFB05F1160292B2B2FBF4F104FB03
:100B4000112292B23621B15405F1170292B2B2FBD2
:100B5000F4F104FB112292B29DF80C10B15405F18E
:100B6000180292B2B2FBF4F104FB112292B2164BBE
:100B70009DF80D10B15405F119021A80144B23F899
:100B80001A50144B192203F80A20134B102203F8B1
:100B90000A20124A13884B4424E000BF3D03002082
:100BA00000000020010000202B030020160200207E
:100BB000040000202C020020060000200800002075
:100BC00074040020400300203E030020AC240008F1
:100BD000B804002098040020780400206C04002051
:100BE000170200201380B94B01221A70B84B009AEB
:100BF0001A8000233B7056E5B9F1FB0FF3D1012BAE
:100C00000BD1BFF34F8FB349B34BCA6802F4E06214
:100C10001343CB60BFF34F8FFEE7072BE3D9B4F844
:100C20000110002940F01181182BDCD1AB4BE27987
:100C30001970B4F80510A37AB1F5345FD3D1052A41
:100C4000D1D1012BCFD194F80CB094F80DA094F829
:100C50000E9094F80F8094F810E094F811C0A67CE0
:100C6000E57C207D617DA27DE37DBBF1670FBAD17C
:100C7000BAF1640FB7D1B9F1330FB4D1B8F1320F73
:100C8000B1D1BEF1660FAED1BCF1330FABD1332E73
:100C9000A9D1302DA7D16B28A5D13829A3D1752A88
:100CA000A1D1362B9FD172B600F06AFE202000F051
:100CB0007DFE102000F07AFE042000F077FE8848C8
:100CC00000F098FE202000F071FE102000F06EFE73
:100CD000042000F06BFE00F061FE62B6B4F8033051
:100CE000804A5BBA1380804B4FF00209A3F8009052
:100CF0007E4B93F800A0BAF1FF0F00F0A2807C4A6F
:100D00001388002B00F09D807A49DFF804B2D1F8F7
:100D10000080BBF80050784E013B138008F10103BE
:100D20005A4202F01F0203F01F0358BF53420B60E8
:100D3000724B4FF4967403A81B88ADF80C30502109
:100D4000FFF7D6FAB5FBF4F304FB13539BB2502222
:100D50005146F254FFF7CCFA6B1C9BB2B3FBF4F292
:100D600004FB12339BB206F803A0DFF8A8A19AF89F
:100D700000100191FFF7BCFA05EB09039BB2B3FB2E
:100D8000F4F204FB123301999BB2F15401318AF859
:100D900000100321FFF7ACFAEB1C9BB2B3FBF4F29B
:100DA00004FB12339BB20322FB21F254FFF7A0FA9B
:100DB0002B1D9BB2B3FBF4F204FB12339BB2FB225C
:100DC0000021F254FFF794FA6B1D9BB2B3FBF4F2CF
:100DD00004FB12339BB200224946F254FFF788FA13
:100DE000AB1D9BB2B3FBF4F204FB12339BB206F8CB
:100DF0000390EB1D9BB2B3FBF4F204FB12339BB2E6
:100E00009DF80C20F25405F108039BB2B3FBF4F2F9
:100E100004FB12339BB29DF80D20F25405F1090337
:100E2000ABF80030364B23F81850364B092203F844
:100E30000820354B102203F80820344A1388013368
:100E40001380264B01221A70CDE6274E4DBA328808
:100E5000ADB2AA427FF4C7AED4F803801F48DC1FAE
:100E60000022C4F38504B1F5807F027098FA88F8F7
:100E700004F1FF3450D1154624E04FEA850909F109
:100E80000700FFF77FF9064672B600F079FD2020D3
:100E900000F08CFD102000F089FD042000F086FD9C
:100EA000314609EB080000F0C1FD202000F07EFD76
:100EB000102000F07BFD042000F078FD00F06EFDB6
:100EC00062B60135A542D8DD8DE600BF31030020B2
:100ED0000400002000ED00E00400FA0510020020EC
:100EE0000028000814020020120200200600002042
:100EF000080000207404002040030020AC240008F7
:100F0000B804002098040020780400206C0400201D
:100F10003E03002017020020C8F30903D3B972B6BC
:100F200000F02EFD202000F041FD102000F03EFDDD
:100F3000042000F03BFD404600F05CFD202000F066
:100F400035FD102000F032FD042000F02FFD00F0F0
:100F500025FD62B64FF00009A14540F3B780B44BC0
:100F60001B88AB42B34B93F800A01ABF0135ADB25A
:100F70000125BAF1FF0F35803FF463AFAE4A138805
:100F8000002B3FF45EAFAD49DFF8E8B2D1F8009036
:100F9000BBF80060DFF8E082013B138009F1010338
:100FA0005A4202F01F0203F01F0358BF53420B6066
:100FB000A34B4FF4967403A81B88ADF80C30502156
:100FC000FFF796F9B6FBF4F304FB13639BB25022D0
:100FD000514608F80320FFF78BF9731C9BB2B3FB53
:100FE000F4F204FB12339BB208F803A0DFF88CA2E2
:100FF0009AF800100191FFF77BF9B31C9BB2B3FB89
:10100000F4F204FB123301999BB208F8031001318A
:101010008AF800100321FFF76BF9F31C9BB2B3FBB6
:10102000F4F204FB12339BB20322FB2108F80320E5
:10103000FFF75EF9331D9BB2B3FBF4F204FB1233EE
:101040009BB24FEA152AFB22514608F80320FFF70E
:101050004FF9731D9BB2B3FBF4F204FB12339BB246
:10106000EDB2294608F803A0FFF742F9B31D9BB281
:10107000B3FBF4F204FB12339BB208F80350F31DE8
:101080009BB2B3FBF4F204FB12339BB29DF80C202D
:1010900008F8032006F108039BB2B3FBF4F204FB4B
:1010A00012339BB29DF80D2008F8032006F10903C6
:1010B000ABF80030634B23F81960634B092203F847
:1010C0000920624B102203F80920B6E64FEA890B8B
:1010D0000BF10700FFF756F8824672B600F050FC9D
:1010E000202000F063FC102000F060FC042000F0E1
:1010F0005DFC51460BEB080000F098FC202000F04E
:1011000055FC102000F052FC042000F04FFC00F0D1
:1011100045FC62B609F101091EE74D4B1978C9B9C2
:10112000444BFF2C1D7805D94A48FFF7E1F865B913
:10113000FFF74EBBE4B247482146FFF7D9F8A54276
:101140003FF446ABFF2C3FF443AB434B00221A70F5
:10115000FFF73EBB082907D13E4BB4F5807F1B78D3
:1011600028BF0024A3425BE009297FF49CAA3B4BE3
:10117000394900221A700978364B5B7800293FF410
:1011800038ADB4F5807F28BF14469C427FF431AD62
:10119000334B197800293FF42CAD324901200870F7
:1011A0001A7026E52A4E3378032B23D12E4F294877
:1011B0003D780622B5FBF2F302FB1353DBB22B4A58
:1011C000B4F5807FD35C28BF0024E1B28B4218BF06
:1011D000214B05F1010518BF0022EDB218BF1A70AE
:1011E000FFF786F8062D3D707FF45DAA002333706B
:1011F000FFF759BA5BB9B4F5807F1D4B154828BF7E
:101200000024E1B21970FFF773F80823EFE7082B09
:1012100036D1104BB4F5807F1B7828BF00249C4248
:101220001EBF0D4B00221A70094B0922FFF7D2BADC
:101230001402002006000020080000207404002092
:10124000AC240008B8040020980400207804002092
:101250002D03002001000020000000203D0300209D
:101260002F030020300300202C0300206009002001
:10127000160200203E030020400300201702002039
:10128000092B7FF410AA2A4B2A4A00251D701278D8
:10129000294B5B78002A3FF4ACACB4F5807F28BFC3
:1012A0002C469C427FF4A5AC244B1A78244B1A7030
:1012B000FFF75AF8FFF778F8224B01221D70224BF6
:1012C0006EE7224B197800293FF42AAF0829A0D0F5
:1012D00009297FF4E8A9164B00221A70154A164B0B
:1012E00012785B78002A3FF484ACB4F5807F28BF85
:1012F00000249C427FF47DAC114BFF2250E7134A3F
:101300001378012B7FF675AC013B1370FFF7CBB957
:101310000E4A1378012BF7D8FF2C98BF02344FF0F8
:10132000050394BFE4B202243B701470FFF7BBB90D
:101330003D030020000000200100002016020020D4
:1013400006000020310300200C0000202D030020A7
:10135000714B2DE9F74F1B78704F3C78002B40F014
:10136000AD80002C40F0AA806D4B6E4D1B786E4E08
:10137000FF2B00F0B9806D4B1A78E2B110214FF0CD
:1013800090401C7000F0C5FB694A6A4B11781980C7
:10139000517859809178D2789980DA80664B674885
:1013A00004221A80664B07211C8000F0AEFD3368D2
:1013B0002B6001233B70D6F800A02B68AAEB030337
:1013C000012B58D95F490B88002B54D05E4ADFF8B7
:1013D00098B114681BF80490B9F1000F7FD05B48F6
:1013E00030F8140001905A4890F80080B8F1000FCE
:1013F00014D04FF0000C013B01340B8080F800C08A
:10140000BCEB040303F01F0304F01F0458BF5C424D
:101410001460504A1388013313802CE04E4B4FF078
:1014200090401B5D0093102100F073FB424BDFF8EE
:1014300004C1A3F80080009BDFF830E15A1E4FF48E
:10144000967043469A423CDAB8F1000F02D03A4B0C
:10145000009A1A803A4B3948002207211A8009F174
:10146000FF3900F052FD3D4A0BF804900123137040
:10147000C5F800A03B7033682A689B1AB3F57A7FE1
:101480001CD910214FF0904000F043FB344A294B07
:1014900011781980517859809178D278DA809980C2
:1014A000254B04221A80264B2448002207211A804B
:1014B00000F02BFD33682B6001233B7003B0BDE8C7
:1014C000F08F01995918B1FBF0F800FB18114FF09B
:1014D00001081EF801102CF813100133B2E7013B8C
:1014E00001340B8063428DE733682A689B1AB3F599
:1014F0007A7FE3D910214FF0904000F00AFB194A9F
:101500000C49234612F8010B21F8130001330C2B70
:10151000F8D1094A1380C6E73D0300203C030020B0
:101520000600002034030020680900203103002059
:1015300028020020FC040020F804002000440040A1
:10154000FA0400206C04002070040020B80400207D
:101550003003002008000020980400202F03002002
:1015600024020020180200207804002040030020FC
:101570000D4B0E4A19681368CB1A012B10B511D9FF
:1015800072B60B48002303600A4803600A484FF410
:10159000807404800948038062B6094811600370B2
:1015A0000848037010BD00BF680900203803002000
:1015B000580700205C0700200A0000205407002084
:1015C0002E0300203D0300204B4B1B782DE9F347F1
:1015D000002B00F08E80494B93F80090B9F1FF0F7B
:1015E00000F08780464A1388002B00F0828045492E
:1015F000DFF830810F68B8F80050434E013B13808C
:101600007B1C5A4202F01F0203F01F0358BF5342D3
:101610000B603E4B4FF4967401A81B88ADF8043064
:101620005021FEF765FEB5FBF4F304FB13539BB2A8
:1016300050224946F254FEF75BFE6B1C9BB2B3FB93
:10164000F4F204FB12339BB206F80390DFF8D89053
:1016500099F800A05146FEF74BFEAB1C9BB2B3FBC2
:10166000F4F204FB12339BB2012106F803A00AF145
:10167000010A89F800A0FEF73BFEEB1C9BB2B3FB0E
:10168000F4F204FB12339BB20122F254204B93F884
:1016900000904946FEF72CFE2B1D9BB2B3FBF4F2E3
:1016A00004FB12339BB206F803906B1D9BB2B3FB95
:1016B000F4F204FB12339BB29DF80420F254AB1DEC
:1016C0009BB2B3FBF4F204FB12339BB29DF80520EE
:1016D000F254EB1DA8F800300E4B23F817500E4BB8
:1016E0000722DA550D4B1022DA550D4A13880133C3
:1016F000138002B0BDE8F0870C0000200600002037
:10170000080000207404002040030020AC240008DE
:1017100007000020B804002098040020780400206E
:101720006C0400203E03002017020020064BD3F873
:101730000028013207D072B6D3F8002882F3088857
:10174000D3F8043818477047002000085A4B1B781C
:101750002DE9F74F002B00F0AC80584B93F800A018
:10176000BAF1FF0F00F0A580554A1388002B00F056
:10177000A0805449DFF86C81B1F800905249B8F864
:1017800000500F68514E013B13807B1C5A4202F0FF
:101790001F0203F01F0358BF53420B604C4B4FF422
:1017A000967401A81B88ADF804305021FEF7A0FD07
:1017B000B5FBF4F304FB13539BB250225146F25491
:1017C000FEF796FD6B1C9BB2B3FBF4F204FB1233E5
:1017D0009BB206F803A0DFF810A19AF800B05946B2
:1017E000FEF786FDAB1C9BB2B3FBF4F204FB123395
:1017F0009BB2032106F803B00BF1010B8AF800B08D
:10180000FEF776FDEB1C9BB2B3FBF4F204FB123344
:101810009BB20322FB21F254FEF76AFD2B1D9BB203
:10182000B3FBF4F204FB12339BB24FEA192AFB22FA
:101830005146F254FEF75CFD6B1D9BB2B3FBF4F214
:1018400004FB12339BB25FFA89F9494606F803A0FC
:10185000FEF74EFDAB1D9BB2B3FBF4F204FB12335B
:101860009BB206F80390EB1D9BB2B3FBF4F204FBB2
:1018700012339BB29DF80420F25405F108039BB289
:10188000B3FBF4F204FB12339BB29DF80520F25433
:1018900005F10903A8F800300E4B23F817500E4B42
:1018A0000922DA550D4B1022DA550D4A13880133FF
:1018B000138003B0BDE8F08F100200200600002066
:1018C00008000020120200207404002040030020C1
:1018D000AC240008B80400209804002078040020FC
:1018E0006C0400203E0300201702002008B5FEF71C
:1018F0005BFCFEF773FCFEF79FFCFEF7B8FCFEF7FF
:10190000D1FCFEF7DBFCFEF7EEFCFEF701FDFEF777
:101910002BFDFEF749FDBDE80840FEF75DBE000067
:101920002DE9F0470025DFF848802F462E4644F683
:101930001F6940F6B73AD8F80040A31BB3F5FA6F19
:1019400002D3FFF741FE2646E31B4B4502D9FFF7C2
:10195000EDFE2746631B534502D9FFF7F7FE2546E8
:10196000FEF76EFEFFF7F4FCFFF702FEE3E700BFB1
:101970006809002008B5FFF7B9FFFFF7D1FF0000A5
:10198000044B1A69120641BF034A5A6002F18832B9
:101990005A6070470020024023016745024A1369DC
:1019A00043F080031361704700200240014BD86070
:1019B000704700BF00200240074BDA68D10707D408
:1019C000DA68D20606D4D868C0F3800040007047B9
:1019D00001207047032070470020024010B50446E4
:1019E000FFF7EAFF012804F1FF3402D1002CF7D100
:1019F000042010BD38B505464FF47020FFF7EEFF08
:101A000088B9094C236943F00203236165612369A6
:101A100043F0400323614FF47020FFF7DFFF236999
:101A200023F00203236138BD0020024070B5054653
:101A30004FF470200E46FFF7D1FF68B9074C2369B9
:101A400043F0010323614FF470202E60FFF7C6FFBF
:101A5000236923F00103236170BD00BF0020024011
:101A60002DE9F0430568C46800264FF0010E4FF0E1
:101A700003080EFA06F71F420DD0770008FA07FC9C
:101A800001FA07F925EA0C0524EA0C0402FA07F723
:101A900049EA05053C430136102EEAD10560C460D1
:101AA000BDE8F08301294168F0B50CBF19439943A3
:101AB0004FF6FF744160A242816815D1C46B0022C9
:101AC00001274FF0030C07FA02F61E421CBF550017
:101AD0000CFA05F502F101021CBF29433443102A18
:101AE000F1D18160C463F0BD002401274FF0030CE5
:101AF00007FA04F51D4207D065000CFA05F621EA45
:101B0000060102FA05F529430134102CF0D1816059
:101B1000E9E78161704781627047F0B5066A456AFE
:101B200000234FF0010C4FF00F0E0CFA03F4144297
:101B300007D09C000EFA04F726EA070601FA04F41F
:101B400026430133082BF0D100234FF0010C4FF056
:101B50000F0E03F108040CFA04F4144207D09C00A1
:101B60000EFA04F725EA070501FA04F425430133C8
:101B7000082BEED106624562F0BD000010B51D4C89
:101B8000E36803F4E063B3F5A06F08D020D8B3F5A1
:101B9000407F26D0B3F5806F26D0174BE360022339
:101BA0001C46C4F10404A140C3F104040F23E34024
:101BB0001340124A0B431B011118DBB281F80033AA
:101BC0004109012300F01F00834042F8213010BD7D
:101BD000B3F5C06F0BD0B3F5E06FDED10423002462
:101BE000DFE700230424DCE701230324D9E70323F0
:101BF0000124D6E700ED00E00005FA0500E100E071
:101C000021F06041034B21F07F0101439960BFF354
:101C10004F8F704700ED00E0830903F1804303F527
:101C2000043300F01F001968012282400A431A6041
:101C30007047830903F1804303F5043300F01F006C
:101C40001A680121814022EA01021A607047FFF7F9
:101C5000E3BFFFF7EEBF0000F0B55D4B89B005466E
:101C600004AC03F110061F4618685968224603C2E7
:101C70000833B3421446F7D1716838696B4603C321
:101C800003C354494B68C3F38103022B44D14A6810
:101C90004868CB6A0601C2F383424FEAD37334D457
:101CA000002B30D102324B68C86ADC0332D5CB6AD4
:101CB000400003F00F0354BF474848480133B0FBCE
:101CC000F3F35A434B68C3F3031320336B4413F805
:101CD000104C4B68C3F3022320336B4422FA04F404
:101CE00013F8206C4B68C3F3C22320336B4413F802
:101CF000183C24FA03F0062D10D8DFE805F0641232
:101D0000141017464F002132CDE70BB91132CAE744
:101D10003132C8E7324BD4E72F4AD3E7002009B06D
:101D2000F0BD2046FBE724FA06F0F8E70B6BDA0576
:101D300007D40B6B2B4813F4803F2B4B08BF18467E
:101D4000EDE74A680B6BC2F38132022A4FEAD37384
:101D50000FD0032A14D0012A06D00BB94008DEE7C1
:101D60000320B4FBF0F0DAE70BB98008D7E70520D1
:101D7000F7E71BB90623B0FBF3F0D0E70720F0E745
:101D80000BB9C008CBE70920EBE70B6B13F0400F52
:101D900048F2120018BF4FF40040C0E70B6B9B07DE
:101DA000BDD00B6B03F00303012B0CD00B6B03F0C6
:101DB0000303022B09D00B6B074803F00303032B2B
:101DC00018BF0020ABE71046A9E74FF40040A6E794
:101DD000AE2400080010024000127A00006CDC0201
:101DE00000093D00003FAB01809FD50008B50C4BBA
:101DF00098420DD003F57443984210D140F20E3052
:101E0000FFF725FF40F20E30BDE80840FFF721BF85
:101E100040F21140FFF71BFF40F21140F4E708BD0C
:101E20000044004038B5134B984204460D4618D084
:101E300003F57443984216D10620FFF70DFF226880
:101E400012044FEA550310D503EB4003B3FBF5F141
:101E5000C1F3420321F00F010904090C0B43E360B5
:101E600038BD0220E9E70020E9E70344B3FBF5F3BE
:101E70009BB2F4E700440040036823F001030360D1
:101E8000036823F4C063036003680B430360704777
:101E9000036823F001030360036823F480530360A5
:101EA00003680B4303607047036823F0010303607A
:101EB000436823F44053436043680B4343607047D7
:101EC000036843F0010303607047036823F00803CD
:101ED000036003680B4303607047036823F0040347
:101EE000036003680B4303607047C1F3080181621C
:101EF0007047406AC0F308007047026A01F01F0192
:101F000001238B401343036270478A0910B501F027
:101F10001F01145801238B402343135010BD10B5EB
:101F20008C090122235801F01F018A4023EA020391
:101F3000235010BDC1F3891310B51C588B0D1A58CE
:101F4000C1F30440012303FA00F0104006D001F071
:101F50001F018B40234214BF0120002010BD000050
:101F6000084B994206D1D0F8D03023F40043C0F892
:101F7000D0307047026AC1F3044101238B40134300
:101F80000362704709340F34DFF830D0002103E0DA
:101F90000B4B5B58435004310A480B4B42189A4292
:101FA000F6D30A4A02E0002342F8043B084B9A4267
:101FB000F9D300F011F8FFF7DDFC704710020020A4
:101FC000D826000800000020100000201002002089
:101FD0006C090020FEE700007E4BDA6902F0060281
:101FE000062A82B047D0DA69900444D57A4A7B4900
:101FF00059605A6099609A601A6942F020021A6129
:102000001A6942F040021A61DA68D107FCD41A69F1
:1020100022F020021A611A6942F010021A61DA698C
:1020200012F0060F6E4A40F0C780A5231380694B5B
:102030006B4AD969090A01F0DF015180D969C1F3FE
:1020400007419180D969090ED180196AC9B21181FD
:10205000196AC1F307215181DA68D207FCD41A69E1
:1020600022F010021A611A6922F400721A611A69C8
:1020700042F080021A615B4AD2F8883043F4700360
:10208000C2F88830584B1A6842F001021A601A6888
:102090009007FCD55A6842F080025A6000220192F3
:1020A000019A4F2A40F290805A6842F090025A609A
:1020B00000220192019A4F2A40F289805A6822F048
:1020C00003025A601A6822F0867222F480321A6083
:1020D0005968464A0A405A605A6822F0084222F477
:1020E00074125A60DA6A22F0404222F00F02DA6279
:1020F0001A6B22F4817222F001021A631A6B22F425
:1021000080321A631A6B22F000421A635A6B22F073
:1021100001025A63D3F8C02022F48032C3F8C020F1
:1021200000229A60C3F8CC201A6842F480321A6008
:102130004FF400621968890301D4013AFAD11A6890
:10214000900333D55A685A605A6842F400525A6074
:102150005A6842F480625A605A6822F0036222F49C
:1021600070225A60DA6A22F0404222F00F02DA62EC
:102170005A6842F0016242F480325A60DA6A42F0F0
:102180000102DA62DA6ADA621A6842F080721A6070
:102190001A689101FCD55A6822F003025A605A6805
:1021A00042F002025A605A681207FCD500214FF033
:1021B000006002B0FFF724BDDB6903F00603022BC9
:1021C0007FF435AFBB2331E7019A013267E7019A0B
:1021D00001326EE700200240AB89EFCD2301674555
:1021E00000F8FF1F00ED00E0001002400C00FF08A7
:1021F0002DE9F047089D0C46002B4ED194468C45A6
:102200008646B2FA82F262D94AB1C2F12003914005
:1022100020FA03F30CFA02FC194300FA02FE4FEA1B
:102220001C471FFA8CF6B1FBF7F44FEA1E4307FB7D
:10223000141143EA014304FB06F199420AD91CEB4D
:10224000030304F1FF3080F01381994240F21081C2
:10225000023C6344591A1FFA8EF3B1FBF7F007FBF7
:10226000101143EA014300FB06F69E420AD91CEB1B
:10227000030300F1FF3180F0FD809E4240F2FA80BE
:10228000634402389B1B40EA044000211DB1D34047
:102290000022C5E90032BDE8F0878B4205D90DB1B7
:1022A000C5E9000100210846F5E7B3FA83F10029EA
:1022B00046D1A34202D39042C0F0F180861A64EB6B
:1022C00003030120002DE6D0C5E90063E3E7002AFF
:1022D00040F09180A1EB0C044FEA1C481FFA8CF7E8
:1022E0000121B4FBF8F64FEA1E4308FB164443EA0B
:1022F000044307FB06F0984208D91CEB030306F1E0
:10230000FF3402D2984200F2CE8026461C1A1FFAF1
:102310008EF3B4FBF8F008FB104443EA044300FBDF
:1023200007F79F4208D91CEB030300F1FF3402D2E8
:102330009F4200F2B1802046DB1B40EA0640A5E741
:10234000C1F120068B4022FA06F71F4320FA06FC53
:1023500004FA01F343EA0C03F44000FA01F8380CE4
:102360004FEA1349B4FBF0FE1FFA87FC00FB1E4442
:1023700049EA04440EFB0CF9A14502FA01F20AD91C
:102380003C190EF1FF3A80F08580A14540F2828031
:10239000AEF1020E3C44A4EB09041FFA83F9B4FB2E
:1023A000F0F300FB134449EA044403FB0CFCA4458E
:1023B00007D93C1903F1FF3068D2A44566D9023B26
:1023C0003C4443EA0E40A0FB0293A4EB0C049C4265
:1023D000CE469C4652D34FD055B1B8EB0E0364EBBA
:1023E0000C0404FA06F6CB40CC401E43C5E9006459
:1023F0000021BDE8F087C2F1200320FA03F10CFAB6
:1024000002FC24FA03F394400C434FEA1C4800FA00
:1024100002FE1FFA8CF7B3FBF8F008FB1031230C17
:1024200043EA014300FB07F1994208D91CEB03037F
:1024300000F1FF362CD299422AD9023863445B1A44
:10244000A4B2B3FBF8F108FB113344EA034401FBE7
:1024500007F3A34208D91CEB040401F1FF3613D2A1
:10246000A34211D902396444E41A41EA004138E731
:102470000446EFE6084605E7C845ADD2B9EB020EC3
:1024800063EB070C0138A7E73146EDE7034698E711
:102490003046D4E7D6467EE7634402384CE706462A
:1024A000234608460EE7023E63442FE7FFFF000085
:1024B00000000000000001020304060708090000F4
:1024C00000000102030400C0C101C30302C2C6062A
:1024D00007C705C5C404CC0C0DCD0FCFCE0E0ACA5C
:1024E000CB0BC90908C8D81819D91BDBDA1A1EDEAC
:1024F000DF1FDD1D1CDC14D4D515D71716D6D2125C
:1025000013D311D1D010F03031F133F3F23236F66B
:10251000F737F53534F43CFCFD3DFF3F3EFEFA3A1B
:102520003BFB39F9F83828E8E929EB2B2AEAEE2EAB
:102530002FEF2DEDEC2CE42425E527E7E62622E21B
:10254000E323E12120E0A06061A163A3A26266A66B
:10255000A767A56564A46CACAD6DAF6F6EAEAA6ADB
:102560006BAB69A9A86878B8B979BB7B7ABABE7E2B
:102570007FBF7DBDBC7CB47475B577B7B67672B2DB
:10258000B373B17170B0509091519353529296566B
:102590005797559594549C5C5D9D5F9F9E5E5A9A9B
:1025A0009B5B99595898884849894B8B8A4A4E8E2B
:1025B0008F4F8D4D4C8C448485458747468682429B
:1025C00043834181804000C1814001C0804101C0FE
:1025D000804100C1814001C0804100C1814000C1F3
:1025E000814001C0804101C0804100C1814000C1E3
:1025F000814001C0804100C1814001C0804101C0D3
:10260000804100C1814001C0804100C1814000C1C2
:10261000814001C0804100C1814001C0804101C0B2
:10262000804100C1814000C1814001C0804101C0A2
:10263000804100C1814001C0804100C1814000C192
:10264000814001C0804101C0804100C1814000C182
:10265000814001C0804100C1814001C0804101C072
:10266000804100C1814000C1814001C0804101C062
:10267000804100C1814001C0804100C1814000C152
:10268000814001C0804100C1814001C0804101C042
:10269000804100C1814001C0804100C1814000C132
:1026A000814001C0804101C0804100C1814000C122
:1026B000814001C0804100C1814001C0804101C012
:0826C000804100C181400000CF
:0426C800F8B500BFA2
:0426CC00F8B500BF9E
:0826D00020FBFF7F0100000068
:1026D80001FFFF00FFFFFFF22000000101000000E2
:0400000508001F8947
:020000040800F2
:1028000054030020AD9A0008F99A0008F99A0008CC
:10281000F99A0008F99A0008F99A000800000000E7
:10282000000000000000000000000000F99A00080D
:10283000F99A000800000000F99A0008B929000878
:1028400000000000F99A0008F99A0008F99A0008B7
:10285000F99A0008F99A0008F99A0008F99A00080C
:10286000F99A0008F99A0008118A0008F99A0008F4
:10287000F99A0008F99A0008F99A0008F99A0008EC
:10288000F99A0008F99A000800000000F99A000877
:10289000F99A0008F99A0008F99A0008F99A0008CC
:1028A000F99A0008F99A0008F99A0008F99A0008BC
:1028B000E92B000800000000F99A00080000000061
:1028C000F99A000800000000F99A0008F99A000837
:1028D000F99A00080000000000000000000000005D
:1028E0000000000000000000F99A0008000000004D
:1028F00000000000000000000000000000000000D8
:10290000F99A00080000000000000000F99A000891
:1029100000000000000000000000000000000000B7
:1029200000000000000000000000000000000000A7
:102930000000000000000000000000000000000097
:10294000000000000000000000000000F99A0008EC
:1029500053B94AB9002908BF00281CBF4FF0FF3106
:102960004FF0FF3000F00CB8ADF1080C6DE904CE6B
:1029700007F0D0F9DDF804E0DDE9022304B0704788
:10298000704700BF02440346934200D1704703F8EA
:10299000011BF9E74FF0E023054A5A61054AF0218F
:1029A00082F8231000229A6107221A61704700BF43
:1029B0001E48010000ED00E0024A13680133136075
:1029C000704700BF50180020F8B5144B6FF03A0262
:1029D000D3F8E017D3F8AC07D3F8B067D3F8B477DF
:1029E0004FF6FF73FFF7B4FF384614461D466FF0ED
:1029F0003A024FF6FF733146FFF7AAFF08486240DC
:102A00006B400021013100F8012B06294FEA122208
:102A100042EA03624FEA1323F4D1F8BD00F0FF1F2E
:102A20004818002008B503494FF0006006F0D2FBBB
:102A300062B608BD0028000808B540F2115006F043
:102A4000D5FB0823032200214FF0904006F00EFB37
:102A50000823002202214FF0904006F0E5FABDE87D
:102A60000840082201214FF0904006F040BB08B515
:102A700040F2115006F0BAFB0423032200214FF06C
:102A8000904006F0F3FA0423002202214FF0904018
:102A900006F0CAFABDE80840042201214FF0904038
:102AA00006F025BB08B500221C20114606F050FB9D
:102AB000BDE8084040F2117006F098BB10B540F236
:102AC000115006F093FB1023032200214FF0904099
:102AD00006F0CCFABDE810401023002201214FF08F
:102AE000904006F0A1BA10214FF0904006F0F7BADE
:102AF000037810B55940044C044B5A5C4378615C30
:102B000042704B40037010BD90AD000890AC0008BF
:102B100073B5124C2246552102F8011B1049086872
:102B20008988C4F8010091800122227262720D4AE4
:102B300000251288E571ADF80420264614F8011B23
:102B400001A80135FFF7D4FF0A2DF7D19DF8043015
:102B5000B3729DF80530F37202B070BD0011002011
:102B60004818002064A0000837B50C4B0C4C1D78A9
:102B70000C4B65701B88ADF804305F2101A82170F3
:102B8000FFF7B6FF2946FFF7B3FF9DF80430A370A7
:102B90009DF80530E37003B030BD00BF4A0100204E
:102BA0001011002064A0000837B50C4B0C4C1D78A8
:102BB0000C4B65701B88ADF80430332101A82170DF
:102BC000FFF796FF2946FFF793FF9DF80430A370A7
:102BD0009DF80530E37003B030BD00BF4A0100200E
:102BE0000C11002064A00008F8B56549654806F09E
:102BF00033FF064640B1634840F2017106F00FFF13
:102C00005F49604806F03EFF5F495E4806F024FFDA
:102C1000074640B15B4840F2027106F000FF5A4996
:102C2000584806F02FFF5949564806F015FF05464B
:102C300040B1544840F2037106F0F1FE5349514847
:102C400006F020FF52494F4806F006FF044640B107
:102C50004C484FF4E06106F0E2FE4D49494806F069
:102C600011FF4C49474806F0F7FED0B1454840F205
:102C7000037106F0D4FE4749424806F003FF72B6DE
:102C8000454A00231360454A1360454A4FF480715A
:102C90001180444A138062B6434A1370434A13704A
:102CA00005E03E4335432C43E4B2002CE7D14049D4
:102CB000344806F0D1FE10B3394A1388DBB13749E6
:102CC00030480C68013B1380631C5A42D2B2DBB21D
:102CD00058BF53420B6006F09EFE364B23F814009B
:102CE000324B01221A70344B1A68344B1A602D4A49
:102CF0001388013313802E49224806F0C3FE304961
:102D0000204806F0A9FEC0B12E4D2F4B2C881B8801
:102D1000A34226D94FF49672B4FBF2F302FB13439D
:102D20009BB22A4A174832F81310013406F06FFE9E
:102D30002C802349134806F0A5FE2549114806F0CA
:102D40008BFEE0B10F48062106F07BFE10214FF00C
:102D5000904006F0C4F9BDE8F8401D49094806F066
:102D600091BE0848072106F06CFE0648062106F0D1
:102D70005EFE0E4A00231370164A1370D9E7F8BDA1
:102D8000000201070044004000020207000203079E
:102D90000800000705000307401600204416002025
:102DA0004E0100203C1600201612002025120020A3
:102DB00005000507481600205018002020120020AA
:102DC00007000707E2130020E0130020E4130020AF
:102DD000060006072412002010B5174C204606F006
:102DE00097FD2046042106F00AFE2046082106F041
:102DF000FEFD2046052106F01AFE20464FF4007124
:102E000006F015FE2046082106F011FE20460B496B
:102E100006F09AFD2046002106F0CCFD2046002158
:102E200006F0D4FD2046002106F0B8FD2046BDE89E
:102E3000104006F0D7BD00BF0044004040420F00E4
:102E40002DE9F04F974B1A888BB0002A31D072B61B
:102E50001A88013A1A8062B6934801684B1C5A429C
:102E6000D2B2DBB258BF53420360904A904B33F862
:102E700011401378002B58D1FF2C14D8AA2CE1B2A2
:102E80001AD1012111708B4A032010708A4A8B4895
:102E900013708B4A13708B4B1970FF2303704370B0
:102EA0002146FFF725FE72B6874A13880133138047
:102EB00062B60BB0BDE8F08FCC290FD102201070A4
:102EC0007C4A13707C4A7D4813707D4A13707D4B99
:102ED00001221A70FF2303704370E2E7AF2901D18A
:102EE0000320ECE7A02901D10420E8E7552905D10A
:102EF000052010706F4A0B201070E3E7332904D1CE
:102F0000052010706B4A0320F6E75F2906D10523E0
:102F10001370684B03221A700023D3E75029C2D1E3
:102F200006231370634B0222F5E7013B052BBAD849
:102F3000DFE813F0B60B0E0C4A0B0600340C3D0C08
:102F40005C4D2978B9B9614BFF2C1E7809D95B48D3
:102F5000FFF7CEFD16B15B4B00221A7001232B70D8
:102F6000A1E7E4B255482146FFF7C2FDA642F5D0DD
:102F7000FF2CF3D0EFE70139082994D801A353F8C7
:102F800021F000BFA92F0008C12F0008A72E0008BC
:102F9000A72E0008A72E0008A72E0008EB2F000878
:102FA0004546000821300008B4F5807F484B43486F
:102FB00028BF0024E1B21970FFF79AFD0223CEE783
:102FC000FF2C3F4B08D900213C481970FFF790FDBA
:102FD000384B08221A7066E7E1B238481970FFF7DB
:102FE00087FD002CF4D00723B9E733480378B4F504
:102FF000807F28BF0024FF22B3FBF2F21A44013382
:10300000DDB2E1B202F0FF02324C05702B48A15450
:10301000FFF76EFD2A4B1B78AB427FF444AFD7E736
:103020002D4B284A00271F701278244B5B78002A0A
:1030300034D0B4F5807F28BF3C46A3422ED1204B2C
:10304000234A1C78254B1278B3F900300592FCB165
:1030500093421DD01F4B93F80080B8F1F40F4DD16F
:103060001F4B1F721F7583F8207083F82C701D4B47
:103070001F701D4B1F601D4B01221A701C4B5A7391
:1030800001370A2F03F11003F9D11A4B00221A60FD
:10309000194B01221A70114B059A1A80034B00221A
:1030A00098E700BF3C1600204016002016120020B2
:1030B000481600201512002014120020450100209F
:1030C00013120020440100204E0100204A0100207C
:1030D000FE100020141100202512002048010020BD
:1030E000C4100020640300205C030020650300205E
:1030F0007C0000206003002019120020B8F1480F66
:1031000011D8B8F13F0FC3D9A8F14108B8F1070FA2
:1031100072D8DFE818F02D00B80095023E03E404F1
:103120006F0558062F07B8F1F50F01F0CF80B8F101
:10313000FB0F01F03D82B8F1F20FA9D10B2CA7D102
:103140008549864A9FED867A002311F8010F07EE24
:10315000900AF8EE677A013367EE877A0A2BC2EDA0
:10316000027A02F11002F0D17E4B00221A708FE732
:10317000022C8DD15B78013BDBB2092B88D87A4ACF
:103180007A4CDFF8FCE10C2101FB0322282000FB34
:1031900003F7002100264FF07E551160556016722E
:1031A0004FF0200CE21904F807C0DFF8D8C1C2F8CC
:1031B00020E011615561C2F818C0D16182F8256024
:1031C000012210FB03231A19E6544FF0FF10FF23CE
:1031D000A2F80130C2F80300D371654A1320D31955
:1031E000D05540F2011219615D61C3F818C0D96170
:1031F0001A6283F825604BE7022C7FF449AF5B78B5
:10320000013BDBB2092B3FF643AF574A574EDFF87D
:1032100074E10C2101FB0322282000FB03F50021AF
:103220004FF07E5400271160546017724FF0200C4D
:10323000721906F805C0DFF848C1C2F820C04FF087
:10324000010C10FB03C311615461C2F818E0D16195
:1032500082F825709A19F7544FF0FF10FF23A2F857
:103260000130C2F80300D371414A0320531950556D
:1032700040F2011219615C61C3F818E0D9611A6269
:1032800083F825C004E7083CE4B20C2C3FF600AFFD
:103290005A780192511EC9B209293FF6F9AE01EBE5
:1032A0008107DA7831480292FF001A7993F8069084
:1032B00093F8078093F802A003927E1C5A79049237
:1032C00035180023835107442A4E6B60AB603846A3
:1032D000A342B8BFF55C03F10103A8BF00250C2B86
:1032E00000F8015FF4D1DDED027A9FED237A1F48EB
:1032F000049AF8EE677AF7EE006A77EEA67A282449
:1033000087EE276A4C430319161E055D00F804A0DA
:1033100018BF0126012483F8214083F82060DDEDE9
:10332000037A83ED066AB8EE677ADFED147A37EE3A
:10333000677A27EE067A83ED077AB9F1000F23D179
:1033400083F82290B8F1000F00F0368183F82390C3
:1033500040F2011432E100BF141100207C00002073
:103360008180803B5001002004000020580E002086
:10337000C80C00201C1100200AD7233E0000004387
:10338000010101000AD7233DB8F1000618BF01264C
:10339000AA4583F825605C8483F8244040F00F81BF
:1033A0009B4B93F800B0BBF1FF0F3FF471AE99490E
:1033B0000B88002B3FF46CAE974C984E013B0B8072
:1033C00023680793591C484200F01F0001F01F01B9
:1033D00058BF4142924B216092491D880988ADF83F
:1033E00024104FF4967409A85021FFF781FBB5FB18
:1033F000F4F104FB115189B24FF0500C06F801C0F2
:103400005946FFF775FB691C89B2B1FBF4FC04FB5C
:103410001C1189B206F801B0DFF820B29BF8001049
:103420000691FFF765FB05F1020C1FFA8CFCBCFB53
:10343000F4FE04FB1ECC06991FFA8CFC06F80C1057
:1034400001318BF800101421FFF752FBE91C89B2FF
:10345000B1FBF4FC04FB1C1189B24FF0140C06F80C
:1034600001C04221FFF744FB291D89B2B1FBF4FCE6
:1034700004FB1C1189B24FF0420C06F801C00199FF
:10348000FFF736FB691D89B2B1FBF4FC04FB1C118C
:1034900089B2019B73545146FFF72AFBA91D89B2DB
:1034A000B1FBF4FC04FB1C1189B206F801A00299DF
:1034B000FFF71EFBEA1D92B2B2FBF4F104FB1122EE
:1034C00092B2029B0399B354FFF712FB05F1080275
:1034D00092B2B2FBF4F104FB112292B2039B049965
:1034E000B354FFF705FB05F1090292B2B2FBF4F108
:1034F00004FB112292B2049BB3544946FFF7F8FA39
:1035000005F10A0292B2B2FBF4F104FB112292B26D
:10351000414606F80290FFF7EBFA05F10B0292B272
:10352000B2FBF4F104FB112292B205F10C0906F88A
:103530000280079B05F118081FFA89F91FFA88F81D
:1035400017F801AF0193514609A8FFF7D1FAB9FB6B
:10355000F4F204FB129209F1010992B21FFA89F9FF
:10356000C84506F802A0019BEAD1B8FBF4F204FBBF
:1035700012881FFA88F89DF8242006F8082005F123
:10358000190292B2B2FBF4F104FB112292B29DF83F
:103590002510B154224905F11A020A80224A22F864
:1035A0001350224A1A21D154214A1021D154214AC0
:1035B0001388013313806BE583F823809C841E4BB2
:1035C00003EB011300241B7907EE903AF8EE677ABB
:1035D000282377EEE67A67EE877AF5EEC07AF1EE89
:1035E00010FA07DD03FB010377EEA67A1C61C3ED39
:1035F000057AD5E651BF03FB010003FB0103C3EDD0
:10360000047AC3ED056A5CBF0461C0ED056AC7E6D4
:103610004A0100204C0100205C13002028120020E9
:103620002612002064A00008A013002080130020B0
:1036300060130020541300207C000020FF100020A5
:10364000022C7FF425AD93F8019009F1FF33DBB232
:10365000092B3FF61DAD924A282101FB03230022CE
:1036600083F821208F4B93F800A0BAF1FF0F3FF4AD
:103670000FAD8D4A1388002B3FF40AAD8B49DFF85C
:1036800058B2D1F80080BBF80060894F013B13802D
:1036900008F101035A4202F01F0203F01F0358BF52
:1036A00053420B60834B4FF4967509A81B88ADF805
:1036B00024305021FFF71CFAB6FBF5F305FB13632A
:1036C0009BB250225146FA54FFF712FA731C9BB278
:1036D000B3FBF5F205FB12339BB207F803A0DFF84A
:1036E000FCA19AF800100191FFF702FAB31C9BB2FB
:1036F000B3FBF5F205FB123301999BB2F95401318A
:103700008AF800102146FFF7F3F9F31C9BB2B3FBD4
:10371000F5F205FB12339BB24321FC54FFF7E8F9A5
:10372000331D9BB2B3FBF5F205FB12339BB2432270
:10373000FA544946FFF7DCF9731D9BB2B3FBF5F26F
:1037400005FB12339BB207F80390B31D9BB2B3FB8A
:10375000F5F205FB12339BB29DF82420FA54F31DB9
:103760009BB2B3FBF5F205FB12339BB29DF825200B
:10377000FA5406F10803ABF800304F4B23F81860F9
:103780004E4B082203F808204D4B102203F8082066
:103790000DE7083CE4B20C2C3FF67AAC5A78019263
:1037A000511EC9B209293FF673AC01EB8107DA78E3
:1037B00044480292FF001A7993F8069093F8078024
:1037C00093F802A003927E1C5A79049235180023C4
:1037D000835107443C4E6B60AB6038469C42C8BF87
:1037E000F55C03F10103D8BF00250C2B00F8015F45
:1037F000F4D1DDED027A9FED357A3248049AF8EE85
:10380000677AF7EE006A77EEA67A282487EE276AB1
:103810004C430319161E055D00F804A018BF0126CD
:10382000012483F8214083F82060DDED037A83EDE5
:10383000066AB8EE677ADFED267A37EE677A27EE0A
:10384000067A83ED077AB9F1000F49D183F8229007
:10385000B8F1000F1ED183F823809C841D4B03EB2D
:10386000011300241B7907EE903AF8EE677A2823BB
:1038700077EEE67A67EE877AF5EEC07AF1EE10FA27
:1038800040F31F8103FB010377EEA67A1C61C3EDB1
:10389000057A30E083F8239040F20114DDE700BFA1
:1038A000580E00204A0100204C0100205C1300202B
:1038B0002812002064A00008A0130020801300201C
:1038C00060130020C80C00201C1100200AD7233EE2
:1038D000000000437C00002026120020FF10002082
:1038E000B8F1000618BF0126AA4583F825605C845C
:1038F00083F82440B2D1B64B93F800B0BBF1FF0F70
:103900003FF4C6ABB3490B88002B3FF4C1ABB24CBC
:10391000B24E013B0B8023680793591C484200F0CC
:103920001F0001F01F0158BF4142AD4B2160AD495E
:103930001D880988ADF824104FF4967409A8502109
:10394000FFF7D6F8B5FBF4F104FB115189B24FF043
:10395000500C06F801C05946FFF7CAF8691C89B235
:10396000B1FBF4FC04FB1C1189B206F801B0DFF8CE
:103970007CB29BF800100691FFF7BAF805F1020C33
:103980001FFA8CFCBCFBF4FE04FB1ECC06991FFA4C
:103990008CFC06F80C1001318BF800101421FFF795
:1039A000A7F8E91C89B2B1FBF4FC04FB1C1189B235
:1039B0004FF0140C06F801C04421FFF799F8291DB7
:1039C00089B2B1FBF4FC04FB1C1189B24FF0440C2A
:1039D00006F801C00199FFF78BF8691D89B2B1FBA8
:1039E000F4FC04FB1C1189B2019B73545146FFF790
:1039F0007FF8A91D89B2B1FBF4FC04FB1C1189B24C
:103A000006F801A00299FFF773F8EA1D92B2B2FB23
:103A1000F4F104FB112292B2029B0399B354FFF715
:103A200067F805F1080292B2B2FBF4F104FB11222F
:103A300092B2039B0499B354FFF75AF805F10902B7
:103A400092B2B2FBF4F104FB112292B2049BB35484
:103A50004946FFF74DF805F10A0292B2B2FBF4F1C4
:103A600004FB112292B2414606F80290FFF740F89B
:103A700005F10B0292B2B2FBF4F104FB112292B2F7
:103A800005F10C0906F80280079B05F118081FFADA
:103A900089F91FFA88F817F801AF0193514609A870
:103AA000FFF726F8B9FBF4F204FB129209F10109C1
:103AB00092B21FFA89F9C84506F802A0019BEAD123
:103AC00053E551BF03FB010003FB0103C3ED047A7F
:103AD000C3ED056A5CBF0461C0ED056A0BE7022C0B
:103AE0007FF4D6AA93F8019009F1FF33DBB2092BDA
:103AF0003FF6CEAA3C4A282101FB0323002283F88B
:103B00002120334B93F800A0BAF1FF0F3FF4C0AA75
:103B1000304A1388002B3FF4BBAA2F49DFF8C0B00E
:103B2000D1F80080BBF800602C4F013B138008F1F6
:103B300001035A4202F01F0203F01F0358BF534211
:103B40000B60284B4FF4967509A81B88ADF82430FC
:103B50005021FEF7CDFFB6FBF5F305FB13639BB2D7
:103B600050225146FA54FEF7C3FF731C9BB2B3FBBD
:103B7000F5F205FB12339BB207F803A0DFF86CA047
:103B80009AF800100191FEF7B3FFB31C9BB2B3FB90
:103B9000F5F205FB123301999BB2F95401318AF811
:103BA00000102146FEF7A4FFF31C9BB2B3FBF5F215
:103BB00005FB12339BB24521FC54FEF799FF331DE0
:103BC0009BB2B3FBF5F205FB12339BB24522AFE586
:103BD0004A0100204C0100205C1300202812002024
:103BE0002612002064A00008C80C0020FF1000204E
:103BF0008180803B052C7FF44BAA93F801A00AF149
:103C0000FF32D2B2092A3FF643AA93F802901FED81
:103C1000087AD97893F80480C94B019107EE909AFD
:103C2000F8EE677A0C2167EE877A01FB0233C3ED69
:103C3000007ADDED017AF8EE677AB8F1000267EEFE
:103C4000877A18BF0122C3ED017A1A72BD4B93F82F
:103C500000B0BBF1FF0F3FF41BAABB4A1388002B37
:103C60003FF416AAB948BA4F013B13800368039387
:103C70005A1C514201F01F0102F01F0258BF4A4274
:103C80000260B449B44A09881688ADF824104FF48C
:103C9000967509A85021FEF72BFFB6FBF5F105FB41
:103CA000116189B24FF0500C07F801C05946FEF778
:103CB0001FFF711C89B2B1FBF5FC05FB1C1189B219
:103CC00007F801B0DFF8A8B29BF800100291FEF7E8
:103CD0000FFF06F1020C1FFA8CFCBCFBF5FE05FB86
:103CE0001ECC02991FFA8CFC07F80C1001318BF8DE
:103CF00000102146FEF7FCFEF11C89B2B1FBF5FC79
:103D000005FB1C1189B27C544621FEF7F1FE311DE2
:103D100089B2B1FBF5F405FB141189B246247C5439
:103D20005146FEF7E5FE711D89B2B1FBF5F405FBC6
:103D3000141189B207F801A04946FEF7D9FEB11D5A
:103D400089B2B1FBF5F405FB141189B207F80190B3
:103D50000199FEF7CDFEF11D89B2B1FBF5F405FB2B
:103D6000141189B2019B7B544146FEF7C1FE06F156
:103D7000080189B2B1FBF5F005FB101189B2764A52
:103D800007F8018006F1090189B2B1FBF5F005FBE6
:103D9000101189B29DF82400785406F10A0189B205
:103DA000B1FBF5F005FB101189B29DF825007854A0
:103DB00006F10B011180039B684A0B2122F8136066
:103DC000674AFFF7F0BB032C7FF462A993F80190D8
:103DD00009F1FF32D2B2092A3FF65AA993F80280BC
:103DE0009FED607A604B07EE908AF8EE677A03EBFE
:103DF000021367EE877AC3ED027A524B93F800A064
:103E0000BAF1FF0F3FF444A94F4A1388002B3FF447
:103E10003FA94E494E4FD1F800B0013B13800BF142
:103E200001035A4202F01F0203F01F0358BF53421E
:103E30000B60494B474A1E881288ADF824204FF486
:103E4000967509A85021FEF753FEB6FBF5F205FB67
:103E5000126292B25021B9545146FEF749FE721CCB
:103E600092B2B2FBF5F105FB112292B207F802A063
:103E7000DFF8FCA09AF800100191FEF739FEB21CA1
:103E800092B2B2FBF5FC05FB1C22019992B2B95427
:103E900001318AF800102146FEF72AFEF21C92B288
:103EA000B2FBF5F105FB112292B24721BC54FEF79B
:103EB0001FFE321D92B2B2FBF5F105FB112292B248
:103EC0004721B9544946FEF713FE721D92B2B2FB68
:103ED000F5F105FB112292B2414607F80290FEF778
:103EE00007FEB21D92B2B2FBF5F105FB112292B2B0
:103EF000194B07F80280F21D92B2B2FBF5F105FBF7
:103F0000112292B29DF82410B95406F1080292B21F
:103F1000B2FBF5F105FB112292B29DF82510B954C0
:103F200006F109021A800D4B23F81B600C4B092285
:103F300003F80B200D4B102203F80B20FFF737BBC3
:103F4000040000204A0100204C0100205C130020E6
:103F50002812002064A0000826120020A0130020D0
:103F6000801300208180803B7C00002060130020B3
:103F7000FF100020032C7FF68BA858780138C0B2C0
:103F800009283FF685A8997893F803908B1E012B9A
:103F900040F2D3800B1F5A425A419200BE4B03EBB2
:103FA00000154FEA001C6A70002203F80C10154639
:103FB00011469B461E798842A8BF2A4601313544E6
:103FC0000A29EDB203F11003F4D10BEB0C031B79BA
:103FD0009945C0F0B480994500F2EB806421B2FBB2
:103FE000F1F301FB13234A44D2B2013AE34492FBBA
:103FF000F1F601FB1622A949A74EDFF8CCC28BF8D7
:104000000490DDB201EB45010027042306EB001606
:104010004FF0FF0EAA42778001F1020180F20A817F
:104020009F4B01221A709F4B1D78FF2D3FF430A843
:104030009D4A1388002B3FF42BA89C499C4FD1F834
:104040000080013B138008F101035A4202F01F0275
:1040500003F01F0358BF53420B60964B1E88964BCC
:104060004FF4967B1B88ADF8243009A85021FEF749
:104070003FFDB6FBFBF20BFB126292B25021B9542A
:104080002946FEF735FD721C92B2B2FBFBF10BFB29
:10409000112292B2BD54894D95F800A05146FEF709
:1040A00027FDB21C92B2B2FBFBF10BFB112292B2C4
:1040B000214607F802A00AF1010A85F800A0FEF7E0
:1040C00017FDF21C92B2B2FBFBF10BFB112292B274
:1040D0004FF0000ABC54FF22B4FBF2F2144404F087
:1040E000FF04631E01930AF10405019B56FA85F54E
:1040F000ADB25345B5FBFBF10BFB1155ADB280F2F0
:10410000B5809DF824207A55621D56FA82F292B24B
:10411000B2FBFBF10BFB112292B29DF82530BB5490
:104120000634644A56FA84F31380654B23F818600A
:10413000644B03F80840FFF727BB03222EE709EB87
:1041400002016426C9B2B1FBF6F706FB1711A3EB17
:104150000907FFB2039709F16307FF1AFFB2B7FB24
:10416000F6F806FB1877DFF834815FFA81FE08EB7A
:104170004E015FFA87FA01910199F24501F10201BE
:104180000191FFF628AF039F7744B7FBF6F106FBDA
:104190001171029108EB4101019F497807F8011C58
:1041A000029918F8117001990EF1010E01F8027CC4
:1041B000E2E7C5F16405A9EB0301EDB2C9B2A9427A
:1041C00005D91D445FFA85F94B45BFF407AF03F1EC
:1041D0006301A9EB030EA1EB090113446425C9B2E5
:1041E000DBB2B1FBF5F6DFF8B480B3FBF5F705FB06
:1041F000161105FB1733CEB2DBB25FFA8EFE0193C8
:1042000008EB4601019BB342A1F102013FF7E6AE84
:10421000CF7806EB0E0A3B46BAFBF5F705FB17A76E
:1042200008EB470A013E8AF8013091F802A008F82D
:1042300017A0E7E71CF80300003818BF012001F8B9
:10424000010C581C90FBFEF8C8EB0828A0EB0800F6
:1042500002331CF8000001F8020C384487B293FBCB
:10426000FEF0C0EB00201B1A0135D3E6BAF1030FB4
:1042700008D1494609A8FEF73BFC494679550AF1A1
:10428000010A30E7104B09A813F80A100291FEF753
:104290002FFC0299F2E700BF7C000020E80F00200D
:1042A000660300204A0100204C0100205C1300201E
:1042B000281200202612002064A00008FF10002011
:1042C000A01300208013002014110020CD4B93F880
:1042D00000A0BAF1FF0F3EF4DBAECB4A1388002BEF
:1042E0003EF4D6AEC949DFF850B3D1F80090BBF820
:1042F0000050C74E013B138009F101035A4202F0FE
:104300001F0203F01F0358BF53420B60C14B4FF411
:10431000967409A81B88ADF824305021FEF7E8FBFD
:10432000B5FBF4F304FB13539BB250225146F254F5
:10433000FEF7DEFB6B1C9BB2B3FBF4F204FB123303
:104340009BB206F803A0DFF8F4A29AF800100191DE
:10435000FEF7CEFBAB1C9BB2B3FBF4F204FB1233B3
:1043600001999BB2F15401318AF800101321FEF734
:10437000BFFBEB1C9BB2B3FBF4F204FB12339BB20A
:1043800013224146F254FEF7B3FB2B1D9BB2B3FB45
:10439000F4F204FB12339BB2394606F80380FEF7B1
:1043A000A7FB6B1D9BB2B3FBF4F204FB12339BB271
:1043B0003946F754FEF79CFBAB1D9BB2B3FBF4F2FE
:1043C00004FB12339BB22D21F754FEF791FBEB1D3A
:1043D0009BB2B3FBF4F204FB12339BB22D220521F6
:1043E000F254FEF785FB05F108039BB2B3FBF4F230
:1043F00004FB12339BB205220221F254FEF778FB34
:1044000005F109039BB2B3FBF4F204FB12339BB238
:1044100002220C21F254FEF76BFB05F10A039BB25A
:10442000B3FBF4F204FB12339BB20C226721F2546B
:10443000FEF75EFB05F10B039BB2B3FBF4F204FB4A
:1044400012339BB267226421F254FEF751FB05F14F
:104450000C039BB2B3FBF4F204FB12339BB2642255
:104460003321F254FEF744FB05F10D039BB2B3FB7D
:10447000F4F204FB12339BB233273221F754FEF7D8
:1044800037FB05F10E039BB2B3FBF4F204FB1233CE
:104490009BB232226621F254FEF72AFB05F10F038C
:1044A0009BB2B3FBF4F204FB12339BB26622394693
:1044B000F254FEF71DFB05F110039BB2B3FBF4F2BF
:1044C00004FB12339BB23946F754FEF711FB05F19A
:1044D00011039BB2B3FBF4F204FB12339BB2302105
:1044E000F754FEF705FB05F112039BB2B3FBF4F2A0
:1044F00004FB12339BB230226B21F254FEF7F8FA20
:1045000005F113039BB2B3FBF4F204FB12339BB22D
:104510006B223821F254FEF7EBFA05F114039BB23B
:10452000B3FBF4F204FB12339BB238227521F25430
:10453000FEF7DEFA05F115039BB2B3FBF4F204FBC0
:1045400012339BB275223621F254FEF7D1FA05F1EF
:1045500016039BB2B3FBF4F204FB12339BB2362278
:10456000F25405F117039BB2B3FBF4F204FB1233D0
:104570009BB29DF82420F25405F118039BB2B3FBC3
:10458000F4F204FB12339BB29DF82520F25405F19E
:104590001903ABF80030204B23F819501F4B192298
:1045A00003F809201E4B102203F80920FEF7FFBF75
:1045B000BFF34F8F1B491C4BCA6802F4E0621343E0
:1045C000CB60BFF34F8FFEE7184B1978002937D126
:1045D0000C4BFF2C1D7805D91548FEF789FA65B9F3
:1045E000FEF7F6BCE4B212482146FEF781FAA54276
:1045F0003EF4EEACFF2C3EF4EBAC0E4B00221A70F6
:10460000FEF7E6BC4A0100204C0100205C130020AC
:104610002812002064A00008A013002080130020AE
:104620006013002000ED00E00400FA0515120020E0
:10463000450100204401002026120020FF10002028
:1046400008290ED1644BB4F5807F1B7828BF002465
:104650009C421EBF614B00221A70614B0922FEF77B
:10466000B9BC09297EF41FAC5E4B5C4900221A706C
:104670000978594B5B7800293EF410ADB4F5807F82
:1046800028BF14469C427EF409AD574B1978002987
:104690003EF404AD5549012008701A70FEF7FEBCC7
:1046A0004F4E3378032B23D1514F4B483D78062290
:1046B000B5FBF2F302FB1353DBB24E4AB4F5807F35
:1046C000D35C28BF0024E1B28B4218BF434B05F1F5
:1046D000010518BF0022EDB218BF1A70FEF708FAE4
:1046E000062D3D707EF4DFAB00233370FEF7DBBB9D
:1046F0005BB9B4F5807F404B374828BF0024E1B256
:104700001970FEF7F5F90823EFE7082B9AD0092B6B
:104710007EF4C9AB334B314A00251D7012782E4B05
:104720005B78002A3EF4BAACB4F5807F28BF2C46F3
:104730009C427EF4B3AC304B1A78304B1A70FEF7C3
:1047400013FAFEF731FA2E4B01221D702D4BA4E710
:10475000234B197800293FF43BAF082907D11E4BA2
:10476000B4F5807F1B7828BF0024A34271E7092994
:104770007EF499AB1B4B00221A70184A164B127824
:104780005B78002A3EF48AACB4F5807F28BF002411
:104790009C427EF483AC194BFF227EE7104A1378CB
:1047A000012B7EF67BAC013B1370FEF77CBB0C4902
:1047B0000B78012B03D9013B0B70FEF774BBFF2C68
:1047C00098BF02344FF0050394BFE4B20224137083
:1047D0000C70FEF768BB00BF4501002044010020BB
:1047E0001512002025120020171200201812002098
:1047F0001412002048180020FE1000204A0100205A
:104800001912002050010020714B2DE9F74F1B7841
:10481000704F3C78002B40F0AD80002C40F0AA8017
:104820006D4B6E4D1B786E4EFF2B00F0B9806D4BBB
:104830001A78E2B110214FF090401C7004F04DFC4A
:10484000694A6A4B11781980517859809178D278E9
:104850009980DA80664B674804221A80664B0721EC
:104860001C8005F0E4F833682B6001233B70D6F818
:1048700000A02B68AAEB0303012B58D95F490B88D2
:10488000002B54D05E4ADFF898B114681BF80490EE
:10489000B9F1000F7FD05B4830F8140001905A48FE
:1048A00090F80080B8F1000F14D04FF0000C013BDD
:1048B00001340B8080F800C0BCEB040303F01F033D
:1048C00004F01F0458BF5C421460504A138801333F
:1048D00013802CE04E4B4FF090401B5D0093102155
:1048E00004F0FBFB424BDFF804C1A3F80080009BFF
:1048F000DFF830E15A1E4FF4967043469A423CDA94
:10490000B8F1000F02D03A4B009A1A803A4B39485E
:10491000002207211A8009F1FF3905F088F83D4A85
:104920000BF8049001231370C5F800A03B703368A6
:104930002A689B1AB3F57A7F1CD910214FF090405A
:1049400004F0CBFB344A294B1178198051785980F7
:104950009178D278DA809980254B04221A80264BF0
:104960002448002207211A8005F061F833682B6083
:1049700001233B7003B0BDE8F08F01995918B1FBDA
:10498000F0F800FB18114FF001081EF801102CF888
:1049900013100133B2E7013B01340B8063428DE712
:1049A00033682A689B1AB3F57A7FE3D910214FF058
:1049B000904004F092FB194A0C49234612F8010B6F
:1049C00021F8130001330C2BF8D1094A1380C6E7F4
:1049D00025120020241200204A0100201C12002071
:1049E000501800201912002010110020E41300209C
:1049F000E013002000440040E21300205413002084
:104A000058130020A0130020181200204C01002091
:104A100080130020171200200C110020001100202C
:104A200060130020281200200D4B0E4A19681368ED
:104A3000CB1A012B10B511D972B60B4800230360B5
:104A40000A4803600A484FF48074048009480380D0
:104A500062B60948116003700848037010BD00BFBA
:104A6000501800202012002040160020441600207C
:104A70004E0100203C1600201612002025120020B6
:104A80004B4B1B782DE9F347002B00F08E80494BF0
:104A900093F80090B9F1FF0F00F08780464A138821
:104AA000002B00F082804549DFF830810F68B8F8AC
:104AB0000050434E013B13807B1C5A4202F01F0200
:104AC00003F01F0358BF53420B603E4B4FF49674E4
:104AD00001A81B88ADF804305021FEF709F8B5FB9A
:104AE000F4F304FB13539BB250224946F254FDF7F2
:104AF000FFFF6B1C9BB2B3FBF4F204FB12339BB2BF
:104B000006F80390DFF8D89099F800A05146FDF719
:104B1000EFFFAB1C9BB2B3FBF4F204FB12339BB26E
:104B2000012106F803A00AF1010A89F800A0FDF7A7
:104B3000DFFFEB1C9BB2B3FBF4F204FB12339BB21E
:104B40000122F254204B93F800904946FDF7D0FF24
:104B50002B1D9BB2B3FBF4F204FB12339BB206F89D
:104B600003906B1D9BB2B3FBF4F204FB12339BB2B8
:104B70009DF80420F254AB1D9BB2B3FBF4F204FB8E
:104B800012339BB29DF80520F254EB1DA8F80030BB
:104B90000E4B23F817500E4B0722DA550D4B1022FF
:104BA000DA550D4A13880133138002B0BDE8F0874F
:104BB000500100204A0100204C0100205C1300201D
:104BC0002812002064A000084B010020A013002040
:104BD00080130020601300205413002026120020B0
:104BE000FF10002008B540F2096004F0FFFA02202F
:104BF00004F01CFB002003F0F9FF0121084604F03B
:104C000003F84FF46021012004F0B0F801210846B8
:104C100004F084F803F0C4FFBDE8084003F0CEBF01
:104C200010B540F2115004F0E1FA80230322002174
:104C30004FF0904004F01AFABDE8104080230022A3
:104C400003214FF0904004F0EFB9000007B50020B9
:104C50000522072104F002F8012004F0A1F8022047
:104C600004F0BCF80028FAD0022004F0C1F804F0E7
:104C7000ADF807EE900A9FED537A534BDFED536A80
:104C800093ED005AF8EE677A67EE877A37EEC57AC9
:104C9000B0EEC77AB4EEE67AF1EE10FA09D5DFEDA0
:104CA0004C6A67EEA67ADFED4B6AE5EE267AC3ED35
:104CB000007ADFED497A494A494B92ED006AD3ED1B
:104CC000005AB4EEE77AF1EE10FAF7EE006A5DDD15
:104CD000DFED444ADFED447AE6EE247AF0EE474A0F
:104CE0009FED424AC2ED007ADFED417AE5EE847A2B
:104CF000F4EEC77AF1EE10FA09DDDFED357A27EE32
:104D0000277ADFED347AA5EEA77A83ED007A9FED5E
:104D1000397ADFED397A394A76EEC56AE5EE877A77
:104D20001178B4EEE46AF1EE10FAF4EEC56AB8BF99
:104D3000B0EE646AF1EE10FAB8BFF0EE456A36EEF6
:104D4000676A76EEE76A86EE267AF1EEC77A77EE44
:104D5000877AB0EE007AF4EEC77AF1EE10FA2ED828
:104D60009FED277A67EE877AF5EEC07AF1EE10FABA
:104D700025DBFCEEE77ACDED017A9DF804308B421D
:104D800038BF0B46137003B05DF804FBDFED1D7AEE
:104D9000B4EEE57AF1EE10FACBBF67EE277A65EE56
:104DA000A77A76EEE74A76EEE74ACCBF67EE277A37
:104DB00065EEA77AE4EE867ADFED134A90E70023EA
:104DC000DDE700BF01088039400100209A99993E33
:104DD00017B7D13872F97F3FCDCCCC3DF810002009
:104DE0003C01002052B87E3F6F12033A9A99593F16
:104DF00090C2753CAE47613FA69B443CFD1000202D
:104E00000000FF42CDCC4C3D000000002DE9F04FEA
:104E10006C4BDFF8E48193F800A06B4BD8F800608E
:104E20001978514585B013D283F800A0674B93F8E9
:104E300000B0BBF1FF0F40F0BE80721C052392FB57
:104E4000F3F303EB8303D21AC8F80020C6B109E0DC
:104E50005EB10136052396FBF3F303EB8303F61AE9
:104E6000C8F8006005B0BDE8F08F83F800A0574B8C
:104E700093F800B0BBF1FF0F06D10123C8F8003052
:104E8000504A00231370EDE7514909880029F4D0F6
:104E9000504C4F48D4F800904F4B504F1D8801396B
:104EA000018009F10101484200F01F0001F01F01DB
:104EB00058BF414221604A490988ADF80C104FF4AF
:104EC000967403A85021FDF713FEB5FBF4F104FB23
:104ED000115189B24FF0500C07F801C05946FDF747
:104EE00007FE691C89B2B1FBF4FC04FB1C113D4BAD
:104EF00089B207F801B019780191FDF7F9FD05F1C4
:104F0000020C1FFA8CFCBCFBF4FE04FB1ECC1FFA47
:104F10008CFC0199334B07F80C10013119700221F8
:104F2000FDF7E6FDEB1C9BB2B3FBF4F104FB113380
:104F30009BB20221F954B221FDF7DAFD2B1D9BB281
:104F4000B3FBF4F104FB11339BB2B221F954514687
:104F5000FDF7CEFD6B1D9BB2B3FBF4F104FB1133E7
:104F60009BB207F803A0AB1D9BB2B3FBF4F204FBAA
:104F700012339BB29DF80C20FA54EB1D9BB2B3FB8D
:104F8000F4F204FB12339BB29DF80D20FA54124A3E
:104F900005F108031380144B23F81950134B082212
:104FA00003F80920124B102203F80920114A138834
:104FB0000133138041E70649098800293FF43DAFDA
:104FC00066E700BFFD100020FC1000204A01002011
:104FD0004C0100205C130020261200202812002023
:104FE00064A00008FF100020A01300208013002000
:104FF0006013002054130020F410002010B540F27C
:10500000115004F0F3F84FF48053032200214FF0C5
:10501000904004F02BF8BDE810404FF4805301227B
:1050200000214FF0904003F0FFBF10B540F2115047
:1050300004F0DCF84FF40063032200214FF09040AD
:1050400004F014F8BDE810404FF400630122002181
:105050004FF0904003F0E8BF10B540F2115004F05B
:10506000C5F84FF48063032200214FF0904003F015
:10507000FDFFBDE810404FF48063012200214FF096
:10508000904003F0D1BF10B540F2115004F0AEF8DB
:105090004FF40073032200214FF0904003F0E6FF2D
:1050A000BDE810404FF40073012200214FF0904002
:1050B00003F0BABFF8B5274C274D27782E684FF478
:1050C00080514FF0904004F00CF8B0FA80F04009A5
:1050D00087421CBF002320704FF400614FF09040C6
:1050E00018BF2372277B18BF66602E6803F0F9FF94
:1050F000B0FA80F0400987421CBF002320734FF4B0
:1051000080614FF090401CBF23752661277E2E687A
:1051100003F0E7FFB0FA80F0400987421CBF00238C
:1051200020764FF400714FF090401CBFE66184F888
:1051300020302D6894F8246003F0D3FFB0FA80F09B
:10514000400986421FBF002384F82400A56284F82A
:105150002C30F8BDC4100020501800202DE9F04F6D
:10516000604BDFF8B0A11B7887B003F0030B01930D
:105170000C2303FB0BF30AEB0301097A002940F02F
:10518000A980594F1AF80330BB70584B1E78012183
:105190003970FF2E5944797000F0968054490B887D
:1051A000002B00F09180534CDFF86C81013B0B80A9
:1051B00023680293591C484200F01F0001F01F01B0
:1051C00058BF41424C4B21604C491D880988ADF8BD
:1051D00014104FF4967405A85021FDF789FCB5FB17
:1051E000F4F104FB115189B24FF0500C08F801C0E2
:1051F0003146FDF77DFC691C89B2B1FBF4FC04FB70
:105200001C1189B208F801603D4E96F8009049469D
:10521000FDF76EFCA91C89B2B1FBF4FC04FB1C1168
:1052200089B208F8019009F10109032186F800907C
:10523000FDF75EFCE91C89B2B1FBF4F004FB101130
:1052400089B20320B946EE1D2F1D08F80100029B0C
:10525000BFB2B6B219F8011B039305A80291FDF77E
:1052600047FCB7FBF4F004FB1070013780B2BFB20B
:10527000029908F80010BE42039BEBD1B6FBF4F193
:1052800004FB1166B6B29DF8141008F8061005F17B
:10529000080189B2B1FBF4F004FB101189B29DF84A
:1052A0001500154A08F8010005F10901118015499A
:1052B00021F8135014490920C85414491020C85427
:1052C00013490B8801330B800C2303FB0BAA01232A
:1052D0008AF80830019B034A0133137007B0BDE818
:1052E000F08F00BFBE100020BF1000204A01002038
:1052F0004C0100205C1300202612002064A000084E
:10530000FF100020A0130020801300206013002055
:1053100054130020C4100020281200201FB50C4C8C
:1053200040F2116003F062FF204604F091F8002380
:10533000642269462046CDE9003302928DF80C3094
:1053400004F0DAF8204604F067F904B010BD00BF9D
:105350000044014010B50D4C40F2125003F046FFDE
:1053600020464FF480730322002103F07FFE204685
:10537000002202214FF4807303F056FE20464FF4C2
:105380008072BDE81040022103F0B1BE0004004865
:1053900030B54FF4A06085B003F028FF1B4B1C4ACA
:1053A0001A601C4B1C4C0FCB6D4685E80F002A463B
:1053B0002046002104F044F900221146204604F062
:1053C00073FA20466022002104F048FA08222046A1
:1053D000002104F077FA2046012104F028F94FF467
:1053E0008071204604F01FF9204604F015F90122CF
:1053F00011460A2003F0ACFE022003F003FD022157
:10540000084603F061FD05B030BD00BF1C0100205F
:105410003444014068A00008004401404E4B4F4A0C
:105420002DE9F341D3F8006C1288D3F8048CD3F83B
:10543000087CADF80420FF2E94BF31460021C9B28C
:1054400001A8FDF755FB464C464D2168B1F5807F1C
:1054500028BF002101A8C9B2FDF74AFB6168B1F578
:10546000807F28BF0021C9B2FDF742FBA168B1F5DA
:10547000807F28BF0021C9B20C34FDF739FBAC4254
:10548000E3D1394D2168B1F5807F28BF0021C9B231
:1054900001A8FDF72DFB6168B1F5807F28BF0021D1
:1054A000C9B20834FDF724FBAC42EBD19DF80430BF
:1054B000434542D19DF80530BB423ED1012E3CD13F
:1054C0002A4B274A2A481E461168B1F5807F28BF1B
:1054D0000021197051680139FE2902F108028CBFC0
:1054E000002101218242597003F10203ECD12149CC
:1054F000002064271368B3F5807F28BF00230B705A
:105500005368B3F5807F28BF00234B709368B3F5D1
:10551000807F28BF0023DBB20B71B3FBF7F407FBDE
:105520001433DBB20024013BA4469C454C8007DDCC
:105530000C32AA4201F11001DCD102B0BDE8F081C9
:1055400016F810E001307444A4B2B0FBF7FE0CF181
:10555000010C07FB1E00E8E700F0000864A000084B
:105560000CFC000884FC0008A4FF0008E80F0020E1
:105570002CFF00087C0000202DE9F04F2DED108B52
:1055800095B0AA4B0593AA4B0893AA4B009303F13D
:10559000010AA94CDFEDA9DA0023029309939B4687
:1055A000059B5B780B93059B5B8809EE103A059B86
:1055B000D3ED029A089B93ED00BAD3ED01BA1B7AA2
:1055C0000E93009B93F820300F9394F820301093A3
:1055D000059B1B796422B3FBF2F102FB1133DBB2B2
:1055E000013B944A119300230AEE103A0693039369
:1055F000282303FB0B2307931AEE102A119B9A42D0
:105600003BDD059B069A1B7B934205D0059A01233F
:1056100053731346069A1A73009B93F82130002B9C
:1056200001F00C82009A009BD2ED047AD2ED066A5A
:1056300093F8223092ED057A77EEA67AF5EEC07AED
:10564000F1EE10FAC1F2EE81002B01F0DF81B4EE31
:10565000E77A0123F1EE10FA82F8233001F2DB81C0
:10566000009A002313614FF07E535361012382F8A7
:10567000233082F8243001F0E1B9714B099A13F814
:1056800012200192099ADDED017A03EB4203039A9D
:105690005B781293019BB8EE67DA13440D932BEEFF
:1056A0000DCA01236BEE8DCA0A93F7EE008A0A9B9E
:1056B00003F1FF39019B99450FDB099A64230132FD
:1056C000B2FBF3F103FB112309931AEE103A0133F5
:1056D0000AEE103A0D9B03938EE7129B1BB1019BC0
:1056E0000A9AA3EB020907EE909AF5EEC09AF1EE42
:1056F00010FAF8EEE7AA60DDB4EEEACAF1EE10FAAD
:1057000059D8F4EEEACAF1EE10FACCBF0123002317
:105710000E9A934251D0109A267894F82130002A9C
:1057200061D19FED48EA102E28BFB0EE68EA002B49
:1057300000F0298194F8233094ED048A2BB1B0EE67
:10574000480A04F045FC38EE408AB5EEC08AF1EE16
:1057500010FA67D4B4EEE88AF1EE10FA00F3138180
:10576000252E00F26881DFE816F0130225032803D6
:10577000A403DA036601660166016601660166013B
:1057800066016601660166016601660156062C0423
:105790009F04ED046601660166016601660166010B
:1057A000660166016601660166013E0560058205C7
:1057B000DB0500062E060023AAE70B9B4FF41662BA
:1057C000581E0023834200F3F080029D1E494FF0D3
:1057D00000064E5529460131B1FBF2F602FB1611C7
:1057E00002910133EEE79FED17EA102E28BFB0EECD
:1057F00068EA002B00F0C78094ED077A94ED048AE4
:1058000094F82330F8EECA7AA7EEC78A2BB1B0EE2F
:10581000480A04F0DDFB38EE408AB5EEC08AF1EEAE
:1058200010FA13D538EECEEAADE000BF7C000020C0
:1058300004000020580E0020C80C002000007F4308
:10584000E80F00200000000067030020B4EEE88AA3
:10585000F1EE10FA00F39780252E00F2EC80DFE8DD
:1058600016F09701A9022600B700ED00EA00EA0051
:10587000EA00EA00EA00EA00EA00EA00EA00EA00D8
:10588000EA00EA00DA053701A901F301EA00EA00BB
:10589000EA00EA00EA00EA00EA00EA00EA00EA00B8
:1058A000EA00C204E40406053D025F0286026023AA
:1058B00099FBF3F203FB129294F82430002B00F0D2
:1058C0008480002AC94B4FF00C0172DB92FBF1F08F
:1058D000282101FB0B31014400234B700C23B2FB48
:1058E000F3F2C24B282101FB0B33134409F00701EB
:1058F0005E78D9F1000303F0070358BF594200292D
:10590000B8BF083146FA01F3DF0700F14181DFF843
:10591000F082DFF8F0C2B64F9CF8003098F8000033
:1059200004933B788CF8003080EA0010C0B283EA20
:105930005303434083EA4003DBB207EE903A94ED11
:10594000067ADFEDAC6ADFF8C0E23B70F8EE677A0A
:1059500037EE087A67EEA67A9EF8005088F8005075
:10596000F4EEC77A049D8EF80050F1EE10FA62D57D
:105970009E4B282000FB0B33134401228A40324304
:105980005A709FED9DEA0B9BB8EECA8A013B1393B8
:1059900000260823B0460493B1EE488A049BA3F185
:1059A0000807139B9F4240F33A850A9B01330A93F1
:1059B0007DE602F16000B0FBF1F1282000FB0B3323
:1059C0000B4400215970603288E7002A86DAFAE732
:1059D00094F82530DFED8F7AC3B138EEC88A28EE0F
:1059E0000D8AB4EEE78AF1EE10FA0DD8DFED8A7A6F
:1059F000B4EEE78AF1EE10FA06DBFDEEC87A17EE98
:105A0000903A4B4517DCC3E00023FAE72DEE088AF5
:105A1000B4EEE78AF1EE10FA0AD8DFED7F7AB4EE41
:105A2000E78AF1EE10FAA4BFFDEEC87A17EE903ABD
:105A30004B4580F2AD80B7EE00EAA4E7019B9FEDF5
:105A4000737A013303F4FF7307EE903A94F825302C
:105A5000F8EE677A03B338EEC88A28EE278AB4EEE8
:105A6000C78AF1EE10FA15D8DFED697AB4EEE78A4D
:105A7000F1EE10FA0EDBF6EE007A28EE278AFDEE44
:105A8000C87A17EE903A4B45D5DC019AD31A4B45AC
:105A9000D1DD7DE00023F6E768EE277AF4EEC77AE1
:105AA000F1EE10FA0ED89FED5A7AF4EEC77AF1EEC5
:105AB00010FAA1BFB6EE007A67EE877AFDEEE77ABC
:105AC00017EE903A4B4563DA019AD31A013B98E7F7
:105AD000602399FBF3F203FB129294F82430002B1D
:105AE00065D0002A414B4FF00C0154DB92FBF1F0E2
:105AF000282101FB0B31014400234B700C23B2FB26
:105B0000F3F23A4B282101FB0B33134409F0070150
:105B10005E78D9F1000303F0070358BF594200290A
:105B2000B8BF083146FA01F3DD0784D4DFF8D0802E
:105B3000DFF8D0C02E4F9CF8003098F80000049396
:105B40003B788CF8003080EA0010C0B283EA53033F
:105B5000434083EA4003DBB207EE903A94ED067AC5
:105B6000DFED246ADFF8A0E03B70F8EE677A37EEED
:105B7000087A67EEA67A9EF8005088F80050F4EE96
:105B8000C77A049D8EF80050F1EE10FA3FF5F0AEA2
:105B90009FED1AEAF7E602F16000B0FBF1F1282070
:105BA00000FB0B330B44002159706032A6E7002A3A
:105BB000A4DAFAE794F82530DFED167A73B338EEFD
:105BC000C88A28EE0D8AB4EEE78AF1EE10FA0BD8F7
:105BD000DFED117AB4EEE78AF1EE10FA04DBFDEEA8
:105BE000C87A17EE903A52E7002350E7C80C00201D
:105BF000000000208180803B00007F430000000007
:105C00005803002056030020570300200000804F57
:105C1000000080CF0000004F000000CF2DEE088A6A
:105C2000B4EEE78AF1EE10FA0AD85FED057AB4EE29
:105C3000E78AF1EE10FAA4BFFDEEC87A17EE903AAB
:105C40004B45BFF6F8AEA3E7019B1FED107A013379
:105C500003F4FF7307EE903A94F82530F8EE677A74
:105C6000FBB138EEC88A28EE278AB4EEC78AF1EE77
:105C700010FA14D85FED1A7AB4EEE78AF1EE10FA52
:105C80000DDBF6EE007A28EE278AFDEEC87A17EED5
:105C9000903A4B453FF77CAF019AD31AB1E6002307
:105CA000F7E768EE277AF4EEC77AF1EE10FA0ED82D
:105CB0001FED297AF4EEC77AF1EE10FAA1BFB6EE25
:105CC000007A67EE877AFDEEE77A17EE903A4B4559
:105CD000BFF6B1AE019AD31A013BD8E6E37807EEDE
:105CE000903A94F825300BB138EEC88A2DEE088A28
:105CF0001FED387AB4EEC78AF1EE10FA0ED81FED18
:105D00003A7AB4EEC78AF1EE10FA07DBBDEEC87A34
:105D100017EE103A4B4540F0F482A6E20023F9E773
:105D2000E37807EE903A94F825300BB138EEC88A44
:105D30002DEE088A1FED4B7AB4EEC78AF1EE10FA09
:105D400036D81FED4D7AB4EEC78AF1EE10FA2FDB8C
:105D5000B6EE007A28EE078ABDEEC87A17EE103A42
:105D60004B4500F08282019AD31A013BD2E7E378D7
:105D700007EE903A94F8253053B1B6EE007AB4EEBF
:105D8000C78AF1EE10FAD4BF38EE078A38EE478A98
:105D90002DEE088A1FED617AB4EEC78AF1EE10FA93
:105DA00006D81FED637AB4EEC78AF1EE10FAD3DAA3
:105DB0000023D5E738EEC8EAE5E5039B03EB0902CB
:105DC000602392FBF3F103FB112194F82430002BA4
:105DD0006CD00029C54B4FF00C005BDB91FBF0F65B
:105DE000282000FB0B303044002343700C23B1FB10
:105DF000F3F1BE4B282000FB0B330B445E7853427B
:105E000003F0070302F0070258BF5A42002AB8BF46
:105E1000083246FA02F3D8073FF5BAAEDFF8DC8263
:105E2000DFF8DCC2B24F9CF8003098F80000049311
:105E30003B788CF8003080EA0010C0B283EA53034C
:105E4000434083EA4003DBB207EE103AD4ED067A12
:105E5000DFEDA86ADFF8ACE23B70B8EE477A77EE88
:105E6000887A27EE267A9EF8005088F80050B4EE23
:105E7000E77A049D8EF80050F1EE10FA7FF5DBAD65
:105E80009A4B282000FB0B330B44012191403143F6
:105E9000597076E501F16006B6FBF0F0282606FBA6
:105EA0000B3303440020587060319FE700299DDACE
:105EB000FAE7039BDFED906A03EB090294F82530C3
:105EC000B8EE497ABBB178EEC87A67EE877AF4EE1D
:105ED000E67AF1EE10FA0CD89FED8B7AF4EEC77AE1
:105EE000F1EE10FA05DBFDEEE77A17EE903A9342F9
:105EF00088E50023FBE768EE077AF4EEE67AF1EE38
:105F000010FA0AD89FED807AF4EEC77AF1EE10FA13
:105F1000A4BFFDEEE77A17EE903A934289E519EEB9
:105F2000103A013323F001039BB200EE103A039BB9
:105F30009FED767A03EB090294F82530B8EE400A1B
:105F40000BB378EEC87A67EE807AF4EEC77AF1EE9A
:105F500010FA16D89FED6E7AF4EEC77AF1EE10FAC9
:105F60000FDBB6EE007A67EE877AFDEEE77A17EE82
:105F7000903A93423FF75FAD19EE101ACB1A934255
:105F800086E50023F5E728EE000AB4EEC70AF1EE35
:105F900010FA0ED8DFED5E7AB4EEE70AF1EE10FAF1
:105FA000A1BFF6EE007A20EE270AFDEEC07A17EECA
:105FB000903A9342BFF6ECAD19EE101ACB1A013BA2
:105FC00095E7039B03EB0902602392FBF3F103FBCC
:105FD000112194F82430002B63D00029434B4FF05B
:105FE0000C0052DB91FBF0F6282000FB0B30304414
:105FF000002343700C23B1FBF3F13C4B282000FB42
:106000000B330B445E78534203F0070302F00702A0
:1060100058BF5A42002AB8BF083246FA02F3DB07DB
:106020003FF509ADDFF8D480DFF8D4C0304F9CF8DD
:10603000003098F8000004933B788CF8003080EA38
:106040000010C0B283EA5303434083EA4003DBB24B
:1060500007EE103AD4ED067ADFED266ADFF8A4E009
:106060003B70B8EE477A77EE887A27EE267A9EF86C
:10607000005088F80050B4EEE77A049D8EF8005086
:10608000F1EE10FA7FF584ADFAE601F16006B6FB99
:10609000F0F0282606FB0B330344002058706031D3
:1060A000A8E70029A6DAFAE7039BDFED136A03EB02
:1060B000090294F82530B8EE497A7BB378EEC87AB5
:1060C00067EE877AF4EEE67AF1EE10FA0BD89FEDE0
:1060D0000E7AF4EEC77AF1EE10FA04DBFDEEE77A01
:1060E00017EE903A4BE7002349E700BFC80C0020A9
:1060F000000000208180803B0000004F58030020FA
:106100005603002057030020000000CF0000804FFE
:10611000000080CF0000004B000000CB68EE077A43
:10612000F4EEE67AF1EE10FA0AD81FED097AF4EEF1
:10613000C77AF1EE10FAA4BFFDEEE77A17EE903AB7
:1061400093427EE519EE103A013323F001039BB22E
:1061500000EE103A039B1FED137A03EB090294F84B
:106160002530B8EE400A03B378EEC87A67EE807A3D
:10617000F4EEC77AF1EE10FA15D81FED1B7AF4EEA3
:10618000C77AF1EE10FA0EDBB6EE007A67EE877A88
:10619000FDEEE77A17EE903A93423FF7F9AC19EE2D
:1061A000101ACB1AA3E60023F6E728EE000AB4EE95
:1061B000C70AF1EE10FA0ED85FED2B7AB4EEE70ABB
:1061C000F1EE10FAA1BFF6EE007A20EE270AFDEEFE
:1061D000C07A17EE903A9342BFF62DAC19EE101A22
:1061E000CB1A013BCBE65FED357AB4EEE78AF1EEF0
:1061F00010FA18D85FED387AB4EEE78AF1EE10FAAB
:1062000011DBF0EE487AFEEECC7A17EE903A5A4265
:10621000D2B2DBB258BF5342B04A02EB830292EDD6
:1062200000EAFFF7B0BB0023F6E7AD4FE378AD49D6
:106230003A78AD48AD4E90F800E094F804C096F876
:10624000008087F8008007EE903A0B78037082EAAE
:106250000212D2B283EA5303534083EA4203DBB211
:106260009C4586F800E00B704BD9A3784AE0E378B0
:10627000DFED9F6A07EE903AB4EEE68A2379F1EEFD
:1062800010FA07EE103A49D8DFED9A6AB4EEE68AC2
:10629000F1EE10FA42DBF0EE486AFEEECC6A16EE42
:1062A000903A5A42D2B2DBB258BF53428B4A8C4F1B
:1062B0008C498D488D4E90F800C096F800E086F825
:1062C00000C002EB830292ED006A3A780B7803700B
:1062D00082EA0212D2B283EA5303534083EA4203B2
:1062E000DBB206EE903AB8EE477AF8EE666A27EE31
:1062F000067A87F800E0F4EEC76AF1EE10FA0B7048
:10630000B3D4637807EE103AF8EE677AB8EE477ABE
:1063100077EEA87A87EE27EAFFF735BB0023C5E7BB
:10632000E37807EE903A94F825300BB138EEC88A3E
:10633000B8EE490A9FED737A039B20EE080A03EB3F
:106340000902B4EEC70AF1EE10FA0CD89FED6E7A8E
:10635000B4EEC70AF1EE10FA05DBBDEEC07A17EE17
:10636000103A9A42D7E40023FBE7E37807EE903A2D
:1063700094F825300BB138EEC88AB8EE490A9FED83
:106380005E7A039B20EE080A03EB0902B4EEC70A0B
:10639000F1EE10FA3DD89FED597AB4EEC70AF1EE4E
:1063A00010FA36DBB6EE007A20EE070ABDEEC07AB0
:1063B00017EE103A93423FF458AF19EE101ACB1A69
:1063C000013B9342A7E4E37807EE903A94F8253036
:1063D00053B1B6EE007AB4EEC78AF1EE10FAD4BF2C
:1063E00038EE078A38EE478AB8EE490A9FED457ABB
:1063F000039B20EE080A03EB0902B4EEC70AF1EE94
:1064000010FA06D89FED407AB4EEC70AF1EE10FA02
:10641000CCDA0023CEE7B0EE48EAFFF7B4BA029A2E
:10642000374B9B5C0F9A0FEE103A009B93F821308C
:10643000002A00F02781002B4DD0009A009BD2ED5E
:10644000077A92ED040A93F82330A8EE270AF0EEBB
:1064500040EA1BB103F0BCFD7EEEC0EAF5EEC0EAF7
:10646000F1EE10FA37D4F4EEE8EAF1EE10FA32DC8D
:10647000009B1B78112B49D028D8002B00F090816D
:10648000102B28D10C23B6FBF3F203FB1262711C14
:106490001AF8022007EE102AB1FBF3F203FB1212E6
:1064A000B11C1AF8022007EE902AB1FBF3F203FBAD
:1064B0001212009B1AF8021093F825300BB178EEF7
:1064C000EEEAB8EE477AAEEEAD7A48E0202B00F067
:1064D0000B82212B6ED0F8EE4F7A9CE190A0000841
:1064E000580300200000002056030020570300201E
:1064F0000000004B000000CB0000804F000080CF68
:10650000670300200000004F000000CF0C23B6FB03
:10651000F3F203FB1262711C1AF8022007EE102A34
:10652000B1FBF3F203FB1212B11C1AF8022007EEC2
:10653000902AB1FBF3F203FB1212009B1AF802102F
:1065400093F825300BB178EEEEEAC8EE8D6AB0EE26
:106550006E0AAAEEA60AB8EE477AA0EE2D7A5FED93
:10656000176AB4EEE67AF1EE10FA00F2AD815FED53
:106570001A6AB4EEE67AF1EE10FAC0F2A581BDEE29
:10658000C77A17EE103A5A42D2B2DBB258BF534222
:1065900007EE101ACD4AF8EE677AB8EE477A02EBAA
:1065A000830237EE677AD2ED006AE7EE267A69EE6B
:1065B000A77A30E1C64ADFF828E3DFF828C310786D
:1065C0009EF80010C34F0C919CF800103B7813709C
:1065D00080EA0010C0B281EA5102424082EA4002E1
:1065E000D2B207EE902A00989FEDBB6A0C9D3D70D9
:1065F000B8EE677AD0ED067A8EF80010F3EE096AED
:1066000027EE067A67EEA67A8CF80020B4EEE77AD9
:10661000F1EE10FA00F2F0810C27B8FBF7F007FB5F
:10662000108083EA03131AF800508EF8002008F156
:106630000100DBB207EE905AB0FBF7F583EA4303A3
:1066400007FB150053401AF80050A24FA0483970BC
:1066500083EA5203DBB206EE905A07EE103AF8EEE8
:10666000677AF8EE666AB8EE477A76EEE76A27EE62
:10667000067A0C9D0570E6EE877A8CF8003067EE9E
:10668000A97A94E7002B3FF426AF009BD3ED04EAF0
:1066900093F823302BB1B0EE6E0A03F099FC7EEE36
:1066A000C0EAF5EEC0EAF1EE10FA3FF514AFF4EEF1
:1066B000E8EAF1EE10FA3FF70EAF009B1B78112BC2
:1066C00000F0D2807FF6D9AE202B00F00D81212B77
:1066D0007FF401AF7E4ADFF808E2DFF808C21078E5
:1066E0009EF800107B4F0C919CF800103B781370C3
:1066F00080EA0010C0B281EA5102424082EA4002C0
:10670000D2B207EE902A00989FED736A0C9D3D70FF
:10671000B8EE677AD0ED067A8EF80010F3EE096ACB
:1067200027EE067A67EEA67A8CF80020B4EEE77AB8
:10673000F1EE10FA00F260810C27B8FBF7F007FBCE
:10674000108083EA03131AF800508EF8002008F135
:106750000100DBB207EE905AB0FBF7F583EA430382
:1067600007FB150053401AF800505A4F584839702B
:1067700083EA5203DBB206EE905A07EE103AF8EEC7
:10678000677AB8EE477AF8EE666A27EE067A76EE12
:10679000E76A0C9D0570E7EE267A8CF800306EE70C
:1067A0000C21B7FBF1F201FB127207990A44B8EE13
:1067B0004F7A527807EE902AF8EE677A67EEA97A58
:1067C000F4EEED7AF1EE10FA0AD8F5EEC07AF1EEB9
:1067D00010FAA2BFFCEEE76ACDED0C6A9DF83030EE
:1067E0001FEE102A934200F00A81009B93F822309A
:1067F0008BB9009B38EEEE0AD3ED066AF4EEC06A60
:10680000F1EE10FA07D877EEC77A67EEA67AC7EEF0
:10681000806A76EE877A6EEE277AF4EEED7AF1EE04
:1068200010FA00F3EF80F5EEC07AF1EE10FA40F3C3
:10683000EB80FCEEE77ACDED067A9DF81830012268
:1068400006920299254A53544A1C4FF41663B2FB30
:10685000F3F103FB11230293049B0133049308F12A
:1068600002080336FFF79AB80C23B6FBF3F203FBDA
:106870001262711C1AF8022007EE102AB1FBF3F223
:1068800003FB1212B11C1AF8022007EE902AB1FB8A
:10689000F3F203FB1212009B1AF8021093F8253052
:1068A0000BB178EEEEEA039B4B4406EE103AF8EE9D
:1068B000495AB8EEC66AB8EE477AC6EE256A76EE51
:1068C000AE6AA6EEAD7A4AE6002361E690A0000823
:1068D00058030020570300208180803B670300207D
:1068E0005603002000000020009B93F82430002B6A
:1068F00058D00C23B8FBF3F203FB128208F101011C
:106900001AF80220DFF84CC288489FED896A90F897
:1069100000E0884F07EE102AB1FBF3F203FB1212DE
:1069200085491AF802309CF800203D788CF8005018
:1069300006EE903A0B78037082EA0212D2B283EA32
:106940005303534083EA4203DBB207EE903AB8EEBA
:10695000477AF8EE666AF8EE677A76EEC76A67EE0F
:10696000867A87F800E0A6EEA77A0B7027EE297AE0
:10697000B4EEED7AF1EE10FA3CD8B5EEC07AF1EE55
:1069800010FA37DBFCEEC77ACDED0C7A9DF830209B
:106990000498049B0C21B3FBF1F301FB130307994B
:1069A0000B445A700499049B0C22B3FBF2F302FBD4
:1069B0001313079A13441FEE102A5B789A42F8EEDD
:1069C0004F7A3FF428AF009A38EEEE0AD2ED066A0D
:1069D00007EE103AF4EEC06AF1EE10FAB8EE477A1C
:1069E0000DD837EE677A27EE267AC7EE006A77EE83
:1069F000A67A10E70022CBE7F8EE4F7AD7E5F0EE63
:106A0000477A08E7FF231AE700231AE7B4EEE77A8C
:106A1000F1EE10FA0ED9009B009AC3ED047A002320
:106A2000FEF727BEB4EEE77AF1EE10FAF3D8002BAA
:106A30007EF416AE009A002382F8213094F82130BB
:106A4000ABB3D4ED047AD4ED066A94F8223094ED19
:106A5000057A77EEA67AF5EEC07AF1EE10FA1CDB35
:106A600043B9B4EEE77AF1EE10FA1DD9C4ED047A19
:106A700000230FE0B4EEE77A0123F1EE10FA84F878
:106A80002330F3D8002323614FF07E536361012349
:106A900084F8233084F8243009E0B4EEE77AF1EE8C
:106AA00010FAE3D8002BEDD1002384F82130059BA8
:106AB00010330593089B0C330893009B0BF1010BDB
:106AC0002833BBF10A0F009304F128040AF1280AC5
:106AD0007EF466AD029B194CB3F5166FC3F51662D2
:106AE00004EB0300C8BF00220021FBF74BFF144B4F
:106AF0002178144C01221A80134A144B02EBC10076
:106B000052F831201A60426811485A600021E3604F
:106B100002F087FD2146022002F092F9022015B012
:106B2000BDEC108BBDE8F04F02F076B956030020A3
:106B30008180803B57030020000000206703002075
:106B4000B01000201C01002090A40008B21000200A
:106B500000440140580300202DE9F04F2DED108B2B
:106B600097B0AE4B0693AE4B0A93AE4B019303F135
:106B7000010AAD4C9FEDADEA0023079304930B93FC
:106B80009B46069B5B780D93069B5B8809EE103A4B
:106B9000069BD3ED029A0A9BD3ED00BA93ED01CA8E
:106BA0001B7A1093019B93F82030119394F82030B6
:106BB0001293069B1B796422B3FBF2F102FB1133A3
:106BC000DBB2013B139300230AEE103A08930393C0
:106BD000944B282202FB0B3309931AEE102A139BC5
:106BE0009A423BDD069B089A1B7B934205D0069A8E
:106BF000012353731346089A1A73019B93F82130AB
:106C0000002B01F0FF81019A019BD2ED047AD2EDB5
:106C1000066A93F8223092ED057A77EEA67AF5EEC1
:106C2000C07AF1EE10FAC1F2E181002B01F0D281BD
:106C3000B4EEE77A0123F1EE10FA82F8233001F284
:106C4000CE81019A002313614FF07E5353610123DB
:106C500082F8233082F8243001F0D4B9744B0B9AB7
:106C60009FED74BA13F8122002920B9ADDED027AAE
:106C700003EB4203F8EE67DA5B781493DDE9023246
:106C800013440F936BEEADCA01232CEE2DDA0C9357
:106C9000F7EE008A0C9B03F1FF39029B99450FDB4D
:106CA0000B9A64230132B2FBF3F103FB11230B9324
:106CB0001AEE103A01330AEE103A0F9B03938CE759
:106CC000149B1BB1029B0C9AA3EB020907EE909A4E
:106CD000F5EEC09AF1EE10FAF8EEE7AA60DDF4EEF8
:106CE000EACAF1EE10FA59D8B4EEEADAF1EE10FA87
:106CF000CCBF01230023109A934251D0129A2678D8
:106D000094F82130002A66D1102E2CBFF0EE68EAEC
:106D1000F0EE4BEA002B00F02E8194F8233094ED36
:106D2000048A2BB1B0EE480A03F052F938EE408ADB
:106D3000B5EEC08AF1EE10FA6CD4B4EEE88AF1EE4A
:106D400010FA00F31881252E00F26D81DFE816F0AD
:106D500018022A032D03A903DF036B016B016B01EA
:106D60006B016B016B016B016B016B016B016B01C3
:106D70006B015E063104A404F2046B016B016B012C
:106D80006B016B016B016B016B016B016B016B01A3
:106D9000430565058705E005050633060023AAE7D8
:106DA0000D9B581E00231E464FF41662834200F3CB
:106DB000F480214F0499795C0029079918BF0121BB
:106DC000079104997E540131B1FBF2F702FB1711D0
:106DD00004910133EAE7102E2CBFF0EE68EAF0EEE2
:106DE0004BEA002B00F0C78094ED077A94ED048AFB
:106DF00094F82330F8EECA7AA7EEC78A2BB1B0EE2A
:106E0000480A03F0E5F838EE408AB5EEC08AF1EEA4
:106E100010FA13D578EEEEEAADE000BF7C0000205A
:106E200004000020580E0020C80C002000007F4302
:106E3000E80F00200000000067030020B4EEE88A9D
:106E4000F1EE10FA00F39780252E00F2EC80DFE8D7
:106E500016F09701A9022600B700ED00EA00EA004B
:106E6000EA00EA00EA00EA00EA00EA00EA00EA00D2
:106E7000EA00EA00DD053701A901F301EA00EA00B2
:106E8000EA00EA00EA00EA00EA00EA00EA00EA00B2
:106E9000EA00C204E40406053D025F0286026023A4
:106EA00099FBF3F203FB129294F82430002B00F0CC
:106EB0008480002AC94B4FF00C0172DB92FBF1F089
:106EC000282101FB0B31014400234B700C23B2FB42
:106ED000F3F2C24B282101FB0B33134409F00701E5
:106EE0005E78D9F1000303F0070358BF5942002927
:106EF000B8BF083146FA01F3DF0700F14181DFF83E
:106F0000F082DFF8F0C2B64F9CF8003098F800002D
:106F100005933B788CF8003080EA0010C0B283EA19
:106F20005303434083EA4003DBB207EE903A94ED0B
:106F3000067ADFEDAC6ADFF8C0E23B70F8EE677A04
:106F400037EE087A67EEA67A9EF8005088F800506F
:106F5000F4EEC77A059D8EF80050F1EE10FA62D576
:106F60009E4B282000FB0B33134401228A403243FE
:106F70005A70DFED9DEA0D9BB8EECA8A013B15936E
:106F800000260823B0460593B1EE488A059BA3F17D
:106F90000807159B9F4240F33D850C9B01330C93E2
:106FA00078E602F16000B0FBF1F1282000FB0B3322
:106FB0000B4400215970603288E7002A86DAFAE72C
:106FC00094F82530DFED8F7AC3B138EEC88A28EE09
:106FD0002D8AB4EEE78AF1EE10FA0DD8DFED8A7A49
:106FE000B4EEE78AF1EE10FA06DBFDEEC87A17EE92
:106FF000903A4B4517DCC3E00023FAE72DEE888A70
:10700000B4EEE78AF1EE10FA0AD8DFED7F7AB4EE3B
:10701000E78AF1EE10FAA4BFFDEEC87A17EE903AB7
:107020004B4580F2AD80F7EE00EAA4E7029B9FEDAE
:10703000737A013303F4FF7307EE903A94F8253026
:10704000F8EE677A03B338EEC88A28EE278AB4EEE2
:10705000C78AF1EE10FA15D8DFED697AB4EEE78A47
:10706000F1EE10FA0EDBF6EE007A28EE278AFDEE3E
:10707000C87A17EE903A4B45D5DC029AD31A4B45A5
:10708000D1DD7DE00023F6E768EE277AF4EEC77ADB
:10709000F1EE10FA0ED89FED5A7AF4EEC77AF1EEBF
:1070A00010FAA1BFB6EE007A67EE877AFDEEE77AB6
:1070B00017EE903A4B4563DA029AD31A013B98E7F0
:1070C000602399FBF3F203FB129294F82430002B17
:1070D00065D0002A414B4FF00C0154DB92FBF1F0DC
:1070E000282101FB0B31014400234B700C23B2FB20
:1070F000F3F23A4B282101FB0B33134409F007014B
:107100005E78D9F1000303F0070358BF5942002904
:10711000B8BF083146FA01F3DD0784D4DFF8D08028
:10712000DFF8D0C02E4F9CF8003098F8000005938F
:107130003B788CF8003080EA0010C0B283EA530339
:10714000434083EA4003DBB207EE903A94ED067ABF
:10715000DFED246ADFF8A0E03B70F8EE677A37EEE7
:10716000087A67EEA67A9EF8005088F80050F4EE90
:10717000C77A059D8EF80050F1EE10FA3FF5F0AE9B
:10718000DFED1AEAF7E602F16000B0FBF1F128202A
:1071900000FB0B330B44002159706032A6E7002A34
:1071A000A4DAFAE794F82530DFED167A73B338EEF7
:1071B000C88A28EE2D8AB4EEE78AF1EE10FA0BD8D1
:1071C000DFED117AB4EEE78AF1EE10FA04DBFDEEA2
:1071D000C87A17EE903A52E7002350E7C80C002017
:1071E000000000208180803B00007F430000000001
:1071F0005803002056030020570300200000804F52
:10720000000080CF0000004F000000CF2DEE888AE4
:10721000B4EEE78AF1EE10FA0AD85FED057AB4EE23
:10722000E78AF1EE10FAA4BFFDEEC87A17EE903AA5
:107230004B45BFF6F8AEA3E7029B1FED107A013372
:1072400003F4FF7307EE903A94F82530F8EE677A6E
:10725000FBB138EEC88A28EE278AB4EEC78AF1EE71
:1072600010FA14D85FED1A7AB4EEE78AF1EE10FA4C
:107270000DDBF6EE007A28EE278AFDEEC87A17EECF
:10728000903A4B453FF77CAF029AD31AB1E6002300
:10729000F7E768EE277AF4EEC77AF1EE10FA0ED827
:1072A0001FED297AF4EEC77AF1EE10FAA1BFB6EE1F
:1072B000007A67EE877AFDEEE77A17EE903A4B4553
:1072C000BFF6B1AE029AD31A013BD8E6E37807EED7
:1072D000903A94F825300BB138EEC88A2DEE888AA2
:1072E0001FED387AB4EEC78AF1EE10FA0ED81FED12
:1072F0003A7AB4EEC78AF1EE10FA07DBBDEEC87A2F
:1073000017EE103A4B4540F0F482A6E20023F9E76D
:10731000E37807EE903A94F825300BB138EEC88A3E
:107320002DEE888A1FED4B7AB4EEC78AF1EE10FA83
:1073300036D81FED4D7AB4EEC78AF1EE10FA2FDB86
:10734000B6EE007A28EE078ABDEEC87A17EE103A3C
:107350004B4500F08282029AD31A013BD2E7E378D0
:1073600007EE903A94F8253053B1B6EE007AB4EEB9
:10737000C78AF1EE10FAD4BF38EE078A38EE478A92
:107380002DEE888A1FED617AB4EEC78AF1EE10FA0D
:1073900006D81FED637AB4EEC78AF1EE10FAD3DA9D
:1073A0000023D5E778EEC8EAE5E5039B03EB090285
:1073B000602392FBF3F103FB112194F82430002B9E
:1073C0006CD00029C54B4FF00C005BDB91FBF0F655
:1073D000282000FB0B303044002343700C23B1FB0A
:1073E000F3F1BE4B282000FB0B330B445E78534275
:1073F00003F0070302F0070258BF5A42002AB8BF41
:10740000083246FA02F3D8073FF5BAAEDFF8DC825D
:10741000DFF8DCC2B24F9CF8003098F8000005930A
:107420003B788CF8003080EA0010C0B283EA530346
:10743000434083EA4003DBB207EE903A94ED067ACC
:10744000DFEDA86ADFF8ACE23B70F8EE677A37EE62
:10745000087A67EEA67A9EF8005088F80050F4EE9D
:10746000C77A059D8EF80050F1EE10FA7FF5DBAD7E
:107470009A4B282000FB0B330B44012191403143F0
:10748000597076E501F16006B6FBF0F0282606FBA0
:107490000B3303440020587060319FE700299DDAC8
:1074A000FAE7039BDFED906A03EB090294F82530BD
:1074B000B8EE497ABBB178EEC87A67EE877AF4EE17
:1074C000E67AF1EE10FA0CD89FED8B7AF4EEC77ADB
:1074D000F1EE10FA05DBFDEEE77A17EE903A9342F3
:1074E00088E50023FBE768EE077AF4EEE67AF1EE32
:1074F00010FA0AD89FED807AF4EEC77AF1EE10FA0E
:10750000A4BFFDEEE77A17EE903A934289E519EEB3
:10751000103A013323F001039BB200EE103A039BB3
:107520009FED767A03EB090294F82530B8EE400A15
:107530000BB378EEC87A67EE807AF4EEC77AF1EE94
:1075400010FA16D89FED6E7AF4EEC77AF1EE10FAC3
:107550000FDBB6EE007A67EE877AFDEEE77A17EE7C
:10756000903A93423FF75FAD19EE101ACB1A93424F
:1075700086E50023F5E728EE000AB4EEC70AF1EE2F
:1075800010FA0ED8DFED5E7AB4EEE70AF1EE10FAEB
:10759000A1BFF6EE007A20EE270AFDEEC07A17EEC4
:1075A000903A9342BFF6ECAD19EE101ACB1A013B9C
:1075B00095E7039B03EB0902602392FBF3F103FBC6
:1075C000112194F82430002B63D00029434B4FF055
:1075D0000C0052DB91FBF0F6282000FB0B3030440E
:1075E000002343700C23B1FBF3F13C4B282000FB3C
:1075F0000B330B445E78534203F0070302F007029B
:1076000058BF5A42002AB8BF083246FA02F3DB07D5
:107610003FF509ADDFF8D480DFF8D4C0304F9CF8D7
:10762000003098F8000005933B788CF8003080EA31
:107630000010C0B283EA5303434083EA4003DBB245
:1076400007EE903A94ED067ADFED266ADFF8A4E0C3
:107650003B70F8EE677A37EE087A67EEA67A9EF806
:10766000005088F80050F4EEC77A059D8EF800505F
:10767000F1EE10FA7FF584ADFAE601F16006B6FB93
:10768000F0F0282606FB0B330344002058706031CD
:10769000A8E70029A6DAFAE7039BDFED136A03EBFC
:1076A000090294F82530B8EE497A7BB378EEC87AAF
:1076B00067EE877AF4EEE67AF1EE10FA0BD89FEDDA
:1076C0000E7AF4EEC77AF1EE10FA04DBFDEEE77AFB
:1076D00017EE903A4BE7002349E700BFC80C0020A3
:1076E000000000208180803B0000004F58030020F4
:1076F0005603002057030020000000CF0000804FF9
:10770000000080CF0000004B000000CB68EE077A3D
:10771000F4EEE67AF1EE10FA0AD81FED097AF4EEEB
:10772000C77AF1EE10FAA4BFFDEEE77A17EE903AB1
:1077300093427EE519EE103A013323F001039BB228
:1077400000EE103A039B1FED137A03EB090294F845
:107750002530B8EE400A03B378EEC87A67EE807A37
:10776000F4EEC77AF1EE10FA15D81FED1B7AF4EE9D
:10777000C77AF1EE10FA0EDBB6EE007A67EE877A82
:10778000FDEEE77A17EE903A93423FF7F9AC19EE27
:10779000101ACB1AA3E60023F6E728EE000AB4EE8F
:1077A000C70AF1EE10FA0ED85FED2B7AB4EEE70AB5
:1077B000F1EE10FAA1BFF6EE007A20EE270AFDEEF8
:1077C000C07A17EE903A9342BFF62DAC19EE101A1C
:1077D000CB1A013BCBE65FED357AB4EEE78AF1EEEA
:1077E00010FA18D85FED387AB4EEE78AF1EE10FAA5
:1077F00011DBF0EE487AFEEECC7A17EE903A5A4260
:10780000D2B2DBB258BF53429E4A02EB8302D2EDA2
:1078100000EAFFF7B0BB0023F6E79B4FE3789B49F4
:107820003A789B489B4E90F800E094F804C096F894
:10783000008087F8008007EE903A0B78037082EAA8
:107840000212D2B283EA5303534083EA4203DBB20B
:107850009C4586F800E00B704BD9A3784AE0E378AA
:10786000DFED8D6A07EE903AB4EEE68A2379F1EE09
:1078700010FA07EE103A49D8DFED886AB4EEE68ACE
:10788000F1EE10FA42DBF0EE486AFEEECC6A16EE3C
:10789000903A5A42D2B2DBB258BF5342794A7A4F39
:1078A0007A497B487B4E90F800C096F800E086F855
:1078B00000C002EB830292ED006A3A780B78037005
:1078C00082EA0212D2B283EA5303534083EA4203AC
:1078D000DBB206EE903AB8EE477AF8EE666A27EE2B
:1078E000067A87F800E0F4EEC76AF1EE10FA0B7042
:1078F000B3D4637807EE103AF8EE677AB8EE477AB9
:1079000077EEA87AC7EE27EAFFF735BB0023C5E775
:10791000E37807EE903A94F825300BB138EEC88A38
:10792000B8EE497ADFED5E6A039B27EE087A03EB37
:107930000902B4EEE67AF1EE10FA0CD8DFED596ADE
:10794000B4EEE67AF1EE10FA05DBBDEEC77A17EE7B
:10795000103A9A42D7E40023FBE7E37807EE903A27
:1079600094F825300BB138EEC88AB8EE490A9FED7D
:107970004E7A039B20EE080A03EB0902B4EEC70A15
:10798000F1EE10FA40D89FED497AB4EEC70AF1EE55
:1079900010FA39DBB6EE007A20EE070ABDEEC07AA7
:1079A00017EE103A93423FF458AF19EE101ACB1A63
:1079B000013B9342A7E4E37807EE903A94F8253030
:1079C00053B1B6EE007AB4EEC78AF1EE10FAD4BF26
:1079D00038EE078A38EE478AB8EE497ADFED306A2A
:1079E000039B27EE087A03EB0902B4EEE67AF1EE88
:1079F00010FA09D8DFED2B6AB4EEE67AF1EE10FA50
:107A000002DBBDEEC77ACBE70023CBE7F0EE48EA16
:107A1000FFF7B1BA049A264B9B5C119A0FEE103A0D
:107A2000019B93F82130002A00F08E8133B3019A34
:107A3000019BD2ED077A92ED040A93F82330A8EE69
:107A4000270AF0EE40FA1BB102F0C2FA7FEEC0FA4C
:107A5000F5EEC0FAF1EE10FA10D4F4EEE8FAF1EE19
:107A600010FA0BDC019B1B78112B00F0908021D8C1
:107A7000002B00F0E181102B00F04A82F8EE4F7AE3
:107A800015E200BF90A0000858030020000000206D
:107A900056030020570300200000004B000000CBDD
:107AA0000000004F000000CF0000804F000080CF9A
:107AB00067030020202B00F0BE80212BDED1D64AA8
:107AC000DFF86CE3DFF86CC310789EF80010D34F3A
:107AD0000E919CF800103B78137080EA0010C0B241
:107AE00081EA5102424082EA4002D2B207EE902A75
:107AF00001989FEDCB6A0E9D3D70B8EE677AD0ED90
:107B0000067A8EF80010F3EE096A27EE067A67EE21
:107B1000A67A8CF80020B4EEE77AF1EE10FA00F2C3
:107B20004F820C27B8FBF7F007FB108083EA0313A2
:107B30001AF80050DBB208F1010007EE905AB0FBD2
:107B4000F7F583EA430307FB150053401AF800508A
:107B5000B24FB148397083EA5203DBB206EE905A55
:107B600007EE103AF8EE677AF8EE666AB8EE477AF2
:107B700076EEE76A27EE067A0E9D0570E6EE877AC6
:107B80008EF800208CF8003067EEA97A50E00C23C4
:107B9000B6FBF3F203FB1262711C1AF8022007EE27
:107BA000102AB1FBF3F203FB1212B11C1AF80220E7
:107BB00007EE902AB1FBF3F203FB1212019B1AF8B5
:107BC000021093F825300BB178EEEFFAC8EEAD6AEB
:107BD000B0EE6F0AAAEEA60AB8EE477AA0EE0E7AC9
:107BE000DFED906AB4EEE67AF1EE10FA00F2E4818D
:107BF000DFED8D6AB4EEE67AF1EE10FAC0F2DC81C8
:107C0000BDEEC77A17EE103A5A42D2B2DBB258BF75
:107C1000534207EE101A854AF8EE677AB8EE477AB3
:107C200002EB830237EE677AD2ED006AE7EE267A3E
:107C300069EEA77A3BE1019B93F82430002B5AD0E0
:107C40000C23B8FBF3F203FB128208F101011AF8CE
:107C50000220DFF8C4C176489FED716A90F800E019
:107C60006E4F07EE902AB1FBF3F203FB121271493B
:107C70001AF802309CF800203D788CF8005006EE8F
:107C8000903A0B78037082EA0212D2B283EA53036D
:107C9000534083EA4203DBB207EE103AF8EE677A0C
:107CA000B8EE477AF8EE666A27EE067A76EEE76A6D
:107CB00087F800E0E7EE267A0B7067EEA97AF4EE1B
:107CC000CE7AF1EE10FA00F27981F5EEC07AF1EE9B
:107CD00010FAC0F27381FCEEE77ACDED0E7A9DF8D2
:107CE00038200598059B0C21B3FBF1F301FB13032E
:107CF00009990B445A700599059B0C22B3FBF2F3CA
:107D000002FB1313099A13441FEE102A5B789A4260
:107D1000F8EE4F7A00F0CB80019A38EEEF0AD2ED00
:107D2000066A07EE103AF4EEC06AF1EE10FAB8EE09
:107D3000477A00F2488137EE677A27EE267AC7EE57
:107D4000006A77EEA67AB2E0002B3FF497AE019B73
:107D5000D3ED04FA93F823302BB1B0EE6F0A02F0A2
:107D600037F97FEEC0FAF5EEC0FAF1EE10FA3FF502
:107D700085AEF4EEE8FAF1EE10FA3FF77FAE019B24
:107D80001B78112B00F0E8807FF672AE202B7FF479
:107D900094AE019B93F82430002BACD00C23B8FB9D
:107DA000F3F203FB128208F101011AF80220DFF856
:107DB00068C01F489FED1A6A90F800E0174F07EE61
:107DC000902AB1FBF3F203FB12121A491AF802309F
:107DD0009CF800203D788CF8005006EE903A0B7825
:107DE000037082EA0212D2B283EA5303534083EA59
:107DF0004203DBB207EE103AF8EE677AF8EE666AF5
:107E0000B8EE477A76EEE76A27EE067A87F800E062
:107E1000E6EE877A0B7050E75803002057030020E6
:107E20008180803B0000004F000000CF90A0000840
:107E300056030020000000200C21B7FBF1F201FBEB
:107E4000127209990A44B8EE4F7A527807EE902AD6
:107E5000F8EE677A67EEA97AF4EECE7AF1EE10FAD0
:107E60000AD8F5EEC07AF1EE10FAA2BFFCEEE76A8E
:107E7000CDED0E6A9DF838301FEE102A934200F0C7
:107E8000A280019B93F822308BB9019B38EEEF0A58
:107E9000D3ED066AF4EEC06AF1EE10FA07D877EE79
:107EA000C77A67EEA67AC7EE806A76EE877A6EEEBC
:107EB000A77AF4EECE7AF1EE10FA00F38780F5EEB1
:107EC000C07AF1EE10FA40F38380FCEEE77ACDED54
:107ED000087A9DF82030012208920499894A535467
:107EE000079A1FEE101A8B4218BF0122049B0792BB
:107EF0005A1C4FF41663B2FBF3F103FB11230493F6
:107F0000059B0133059308F102080336FFF73EB8DD
:107F10000C23B6FBF3F203FB1262711C1AF8022069
:107F200007EE102AB1FBF3F203FB1212B11C1AF890
:107F3000022007EE902AB1FBF3F203FB1212019B21
:107F40001AF8021093F825300BB178EEEFFAB8EE7C
:107F5000477AAFEE8E7A43E60C23B6FBF3F203FBCF
:107F60001262711C1AF8022007EE102AB1FBF3F21C
:107F700003FB1212B11C1AF8022007EE902AB1FB83
:107F8000F3F203FB1212019B1AF8021093F825304A
:107F90000BB178EEEFFA039B4B4406EE103AF8EE85
:107FA000495AB8EEC66AB8EE477AC6EE256A76EE4A
:107FB000AF6AA6EE8E7A13E600232AE6002290E648
:107FC000F8EE4F7A34E6F0EE477A70E7FF2382E767
:107FD000002382E7B4EEE77AF1EE10FA0ED9019BA6
:107FE000019AC3ED047A0023FEF734BEB4EEE77ABB
:107FF000F1EE10FAF3D8002B7EF423AE019A0023A1
:1080000082F8213094F82130ABB3D4ED047AD4ED6A
:10801000066A94F8223094ED057A77EEA67AF5EEAA
:10802000C07AF1EE10FA1CDB43B9B4EEE77AF1EE58
:1080300010FA1DD9C4ED047A00230FE0B4EEE77AFC
:108040000123F1EE10FA84F82330F3D800232361E2
:108050004FF07E536361012384F8233084F8243089
:1080600009E0B4EEE77AF1EE10FAE3D8002BEDD197
:10807000002384F82130069B103306930A9B0C33AF
:108080000A93019B0BF1010B2833BBF10A0F0193FB
:1080900004F128040AF1280A7EF473AD049B194CFC
:1080A000B3F5166FC3F5166204EB0300C8BF0022D8
:1080B0000021FAF767FC079BF3B1134B2178134CAF
:1080C00001221A80124A134B02EBC10052F83120F0
:1080D0001A60426810485A600021E36001F0A1FA7A
:1080E0002146022000F0ACFE022017B0BDEC108B40
:1080F000BDE8F04F00F090BE17B0BDEC108BBDE8AE
:10810000F08F00BF67030020B01000201C0100208A
:1081100090A40008B2100020004401402DE9F7436C
:10812000A84F3B78002B00F0388172B600F00CFFAE
:10813000202000F01FFF102000F01CFF042000F0A2
:1081400019FFA14800F03AFF202000F013FF102093
:1081500000F010FF042000F00DFF00F003FF62B6F6
:1081600072B600F0F1FE202000F004FF102000F0B5
:1081700001FF042000F0FEFE0121934800F03AFFC9
:10818000202000F0F7FE102000F0F4FE042000F0A4
:10819000F1FE00F0E7FE62B68C4B8D4D1B88ADF80A
:1081A0000430012101A8FAF7A3FC8A4CDFF83892C9
:1081B0002E7801A83146FAF79BFC72B600F0C4FE97
:1081C000202000F0D7FE102000F0D4FE042000F0A4
:1081D000D1FE3146204600F00DFF202000F0CAFEFF
:1081E000102000F0C7FE042000F0C4FE00F0BAFE2C
:1081F00062B66E7804F10408002E00F0D1800121EF
:1082000001A8FAF775FC72B600F09EFE202000F07F
:10821000B1FE102000F0AEFE042000F0ABFE012104
:10822000404600F0E7FE202000F0A4FE102000F001
:10823000A1FE042000F09EFE00F094FE62B6083419
:108240004C4505F10205B3D1634D2E7801A83146A6
:10825000FAF74EFC72B600F077FE202000F08AFE9E
:10826000102000F087FE042000F084FE31462046F6
:1082700000F0C0FE202000F07DFE102000F07AFE0D
:10828000042000F077FE00F06DFE62B66E7801A863
:108290003146FAF72DFC72B600F056FE202000F0B1
:1082A00069FE102000F066FE042000F063FE3146F7
:1082B000201D00F09FFE202000F05CFE102000F04A
:1082C00059FE042000F056FE00F04CFE62B62E79F6
:1082D00001A83146FAF70CFC72B600F035FE2020FA
:1082E00000F048FE102000F045FE042000F042FEA1
:1082F000314604F1080000F07DFE202000F03AFE37
:10830000102000F037FE042000F034FE00F02AFEBA
:1083100062B6324B0C349C4205F1100595D19DF8A4
:10832000044072B600F010FE202000F023FE102062
:1083300000F020FE042000F01DFE2146284800F039
:1083400059FE202000F016FE102000F013FE04203D
:1083500000F010FE00F006FE62B69DF8054072B611
:1083600000F0F2FD202000F005FE102000F002FEDB
:10837000042000F0FFFD21461A4800F03BFE2020BB
:1083800000F0F8FD102000F0F5FD042000F0F2FDF3
:1083900000F0E8FD62B600233B7003B0BDE8F08357
:1083A000314601A8FAF7A4FB72B600F0CDFD2020FB
:1083B00000F0E0FD102000F0DDFD042000F0DAFD0B
:1083C00031462DE76603002000FC000864A0000889
:1083D000E80F00200CFC00087C000020A4FF00082F
:1083E00004FC000808FC00082CFF00082DE9F04FF1
:1083F0006B4B6C4F1D6885B007EB05122B0100938A
:10840000537B002B00F0BC80674B93F80090B9F1D0
:10841000FF0F00F0B18065490B88002B00F0AC80A5
:108420006348DFF8A8B1D0F80080BBF800400192A3
:10843000013B0B8008F10103594201F01F0103F0D9
:108440001F0358BF4B4203605A4B5B4E1B88ADF86D
:108450000C304FF4967A03A85021FAF749FBB4FB8D
:10846000FAF10AFB114189B24FF0500C06F801C035
:108470004946FAF73DFB611C89B2B1FBFAFC0AFBE5
:108480001C1189B206F80190DFF8449199F80010A8
:108490000091FAF72DFB04F1020C1FFA8CFCBCFBD7
:1084A000FAFE0AFB1ECC00991FFA8CFC06F80C1091
:1084B000013189F800100221FAF71AFBE11C89B298
:1084C000019AB1FBFAFC0AFB1C1189B204F1040900
:1084D0001FFA89F94FF0020C137B06F801C0B9FBB3
:1084E000FAF10AFB11991FFA89F9002B53D04121A7
:1084F000FAF7FEFA412306F8093005F10109B9F54A
:10850000807F28BF4FF000095FFA89F9494603A828
:10851000FAF7EEFA631D4FF496729BB2B3FBF2F1D9
:1085200002FB11339BB206F80390A31D9BB2B3FB71
:10853000F2F102FB11339BB29DF80C10F154E31DD4
:108540009BB2B3FBF2F102FB11339BB29DF80D20FD
:10855000F25404F10803ABF80030184B23F818402C
:10856000174B082203F80820164B102203F80820A6
:10857000154A1388013313802B011F4400237B739A
:108580000A23013595FBF3F203FB1255044B1D60E2
:1085900005B0BDE8F08F4021FAF7AAFA4023AAE718
:1085A000600300207C0000204A0100204C010020D4
:1085B0005C13002064A0000828120020A0130020F3
:1085C0008013002060130020541300202612002086
:1085D000FF1000202DE9F04F924B1A7887B0002A47
:1085E00000F0E480904A1278092A00F217818F4B3C
:1085F00093F800A002F10108BAF1FF0F5FFA88F8C2
:1086000000F0D1808A480188002900F0CC8001392F
:108610000180DFF848B28748874DD0F800901301F9
:108620000BEB02124FF496761779019309F10102D0
:10863000514201F01F0102F01F0258BF4A4202607E
:108640007E4A14887E4A05A81288ADF8142050216D
:10865000FAF74EFAB4FBF6F206FB124292B2502140
:10866000A9545146FAF744FA621C92B2B2FBF6F1F1
:1086700006FB112292B205F802A0DFF8E4A19AF8F5
:1086800000100091FAF734FAA21C92B2B2FBF6FC89
:1086900006FB1C22009992B2A95401318AF80010FD
:1086A00007F1020A4FEA4A0A5FFA8AFA5146FAF7D4
:1086B0001FFAE21C92B2B2FBF6F106FB112292B253
:1086C000482105F802A0FAF713FA221D92B2B2FB74
:1086D000F6F106FB112292B24821A9544146FAF75D
:1086E00007FA019B621D92B21BF803A0B2FBF6F1E0
:1086F00006FB112292B2514605F80280FAF7F8F90A
:10870000A31D9BB2B3FBF6F206FB12339BB23946B4
:1087100005F803A0FAF7ECF9E31D9BB2B3FBF6F200
:1087200006FB12339BB24FF0000AEF546423B7FBF1
:10873000F3F203FB1277FBB20093013B029304F1C7
:1087400008031FFA83FB029B4FF496715345BBFB52
:10875000F1F701FB17B7BFB22BDA009A9DF814307E
:10876000EB5504325200D2B2531C54FA83F39BB23D
:10877000B3FBF1F001FB10339BB29DF81510E954E7
:10878000931CDBB22D4A191911802E4A22F8194088
:108790002D4A02F809302D4B102203F809202C4AEB
:1087A000138801331380204B83F8008007B0BDE8A5
:1087B000F08F284B1E68284B13F81620019203EB0C
:1087C0004602517821B3012105A8FAF791F9012158
:1087D000E95505A80199FAF78BF90BF101024FF45D
:1087E000967192B2B2FBF1F001FB102292B2019BA2
:1087F000AB540136174B642296FBF2F102FB116673
:108800001E600BF102030AF1010A1FFA83FB9AE7CB
:1088100005A80391FAF76CF90399D9E700221A70B9
:10882000C4E700BF65030020640300204A01002064
:108830004C0100205C13002028120020261200208A
:1088400064A00008A0130020801300206013002003
:10885000541300205C030020E80F00207C0000205F
:10886000FF1000202DE9F74FDFF898915B4D0023B2
:10887000F42289F8002089F801301A4619460C24A0
:10888000012604FB01F0285C20B106FA01F31A432B
:10889000D2B2034601310429F3D10BB189F801208A
:1088A0004F4B93F800A0BAF1FF0F00F093804D4AB0
:1088B0001388002B00F08E804B49DFF84C810F6845
:1088C000B8F80050494E013B13807B1C5A4202F01D
:1088D0001F0203F01F0358BF53420B60444B4FF479
:1088E000967401A81B88ADF804305021FAF700F9FE
:1088F000B5FBF4F304FB13539BB250225146F254E0
:10890000FAF7F6F86B1C9BB2B3FBF4F204FB1233DC
:108910009BB206F803A0DFF8F4A09AF800B059461D
:10892000FAF7E6F8AB1C9BB2B3FBF4F204FB12338C
:108930009BB2022106F803B00BF1010B8AF800B0DC
:10894000FAF7D6F8EB1C9BB2B3FBF4F204FB12333C
:108950009BB20222F421F254FAF7CAF82B1D9BB203
:1089600099F80190B3FBF4F204FB12339BB2F422AA
:108970004946F254FAF7BCF86B1D9BB2B3FBF4F214
:1089800004FB12339BB206F80390AB1D9BB2B3FB02
:10899000F4F204FB12339BB29DF80420F254EB1D59
:1089A0009BB2B3FBF4F204FB12339BB29DF805209B
:1089B000F25405F10803A8F800300E4B23F81750C5
:1089C0000D4B0822DA550D4B1022DA550C4A13884C
:1089D0000133138003B0BDE8F08F00BFC410002046
:1089E0004A0100204C0100205C13002028120020C6
:1089F00064A00008A0130020801300206013002052
:108A0000541300205403002026120020FF100020E1
:108A1000022170B5084600F061FA10B3114D012132
:108A2000022000F08FFA2C88B4F5166F19D20E4A86
:108A30000E4B115D0E4A0F4E02EBC10052F8312071
:108A40001A6042680C485A600021F36000F0E9FDAA
:108A50003146022000F0F4F90134022000F0DCF984
:108A60002C8070BDB010002067030020B2100020E1
:108A700090A400081C0100200044014008B5F9F74B
:108A800089FFF9F7A1FFF9F7CDFFF9F7D5FFF9F75E
:108A9000EEFFFAF707F8FAF711F8FAF724F8FAF701
:108AA00037F8FAF761F8FAF77FF8FAF795F9FCF773
:108AB00099F8FCF7B5F8FCF7A1FAFCF7B6FAFCF761
:108AC000CBFAFCF7E0FAFCF729FCFCF743FCFCF7D7
:108AD0005FFCFCF7A3FCBDE80840FCF74DBD0000BF
:108AE0002DE9F74F0025AB46AA46A946A8462F46D2
:108AF0002E462B460095264A1468009AA21AB2F513
:108B0000FA6F04D30193FBF7BBFF019B00949C42D7
:108B100001D0FCF79BF8A31BC72B02D9FCF776F911
:108B20002646E31B092B02D9FCF7C4FA2746A4EB1F
:108B30000803272B02D9FEF70FF8A046A4EB090380
:108B4000632B02D9FFF7EAFAA146A4EB0A034A2BEA
:108B500003D9FFF74BFCA4F1230AA4EB0B034B2B27
:108B600003D9FFF737FDA4F1240B631B41F28732D1
:108B7000934202D9FFF776FE2546FAF761F9FBF733
:108B800043FEFBF751FFFCF7E9FA2346B3E700BFCA
:108B90005018002008B5FFF771FFFFF7A1FF000094
:108BA000054BD3F80824D2075EBFD3F8082442F05F
:108BB0000102C3F808247047002001400A4BD3F893
:108BC000082442F00802C3F80824D3F80824110747
:108BD000FBD4D3F8082442F00402C3F80824D3F8E5
:108BE00008245207FBD4704700200140054BD3F8FE
:108BF000082420B142F40062C3F80824704722F42C
:108C00000062F9E700200140012802D0022811D0BB
:108C10007047114BD3F82C2422F47002C3F82C2493
:108C20000139D3F82C24090501F470011143C3F86C
:108C30002C147047084BD3F8382422F44012C3F8A0
:108C400038240139D3F83824090501F440111143BF
:108C5000C3F83814704700BF00200140052870B5E4
:108C60001ED82D4D00EB8000D5F834341F248440ED
:108C700023EA040301FA00F01843C5F83404092973
:108C800036D8254C01EB4101D4F810340720884038
:108C900023EA000302FA01F11943C4F8101470BD6D
:108CA0000B2811D81C4D05236FF01D0613FB006324
:108CB000D5F830441F20984024EA000001FA03F35D
:108CC0000343C5F83034DAE70F28D8D8124D05230E
:108CD0006FF03B0613FB0063D5F82C441F2098402F
:108CE00024EA000001FA03F30343C5F82C34C6E775
:108CF0001229D4D8084C03236FF01D0513FB015330
:108D0000D4F80C040721994020EA01019A400A4353
:108D1000C4F80C24C3E700BF0020014000F00103A9
:108D200000F0020081B133B10F4AD2F8083443F4A5
:108D30008013C2F8083430B10B4AD2F8083443F437
:108D40000043C2F80834704733B1074AD2F80834F8
:108D500023F48013C2F808340028F4D0024AD2F871
:108D6000083423F40043ECE700200140012802D03E
:108D700002280DD07047094BD3F8082422F4602252
:108D8000C3F80824D3F808240A43C3F8082470471A
:108D9000024BD3F8082422F4E042F1E7002001401E
:108DA000C20741BF084AD2F8083443F48003C2F82E
:108DB0000834830741BF044AD2F8083443F400134F
:108DC000C2F80834704700BF00200140024BD3F8BE
:108DD0004C0480B2704700BF00200140034BD3F821
:108DE0000034034214BF01200020704700200140DE
:108DF000034AD2F8003423EA0003C2F80034704773
:108E0000002001401423034A5843835823F02003D1
:108E100083507047080002401423034A5843835884
:108E200043F0010383507047080002401423034AB3
:108E30005843835823F001038350704708000240D1
:108E400038B50446FFF7F2FF142303FB04F0184B78
:108E50000A68C2500433CA68C250083B0A8BC25029
:108E6000043B0D694A68C4582A43CD6924F47C54F4
:108E70002A432243C2500A7A012AC2580CBF42F048
:108E8000400222F04002C2500A7D012AC2580CBFA3
:108E900042F0800222F08002C2504A7D22B9C258BC
:108EA00022F01002C25038BDC25842F01002F9E759
:108EB00010000240034B80005A6881401143596002
:108EC000704700BF000002401423034A58438358F0
:108ED0000B438350704700BF08000240042913D0A1
:108EE00008291DD0022927D1144B82001B6891400C
:108EF00019401423124A4343985800F00200D9B194
:108F0000003818BF012070470C4B82001B6891404D
:108F1000194014230A4A4343985800F00400EEE72E
:108F2000064B82001B689140194014235843044BA0
:108F3000C05800F00800E2E700207047000002403F
:108F400008000240FFF7B6BF044B1A69120641BF82
:108F5000034A5A6002F188325A607047002002408A
:108F600023016745024A136943F080031361704788
:108F700000200240014BD860704700BF0020024033
:108F8000074BDA68D10707D4DA68D20606D4D86866
:108F9000C0F38000400070470120704703207047F5
:108FA0000020024010B50446FFF7EAFF012804F153
:108FB000FF3402D1002CF7D1042010BD38B505468E
:108FC0004FF47020FFF7EEFF88B9094C236943F096
:108FD000020323616561236943F0400323614FF479
:108FE0007020FFF7DFFF236923F00203236138BD00
:108FF0000020024070B505464FF470200E46FFF782
:10900000D1FF68B9074C236943F0010323614FF492
:1090100070202E60FFF7C6FF236923F00103236150
:1090200070BD00BF002002402DE9F0430568C46810
:1090300000264FF0010E4FF003080EFA06F71F420C
:109040000DD0770008FA07FC01FA07F925EA0C05AC
:1090500024EA0C0402FA07F749EA05053C43013605
:10906000102EEAD10560C460BDE8F0830129416893
:10907000F0B50CBF194399434FF6FF744160A2420B
:10908000816815D1C46B002201274FF0030C07FA49
:1090900002F61E421CBF55000CFA05F502F1010252
:1090A0001CBF29433443102AF1D18160C463F0BD51
:1090B000002401274FF0030C07FA04F51D4207D0E6
:1090C00065000CFA05F621EA060102FA05F52943C6
:1090D0000134102CF0D18160E9E781617047816231
:1090E000704703690B4214BF012000207047F0B5A0
:1090F000066A456A00234FF0010C4FF00F0E0CFA80
:1091000003F4144207D09C000EFA04F726EA07067F
:1091100001FA04F426430133082BF0D100234FF069
:10912000010C4FF00F0E03F108040CFA04F4144282
:1091300007D09C000EFA04F725EA070501FA04F4AB
:1091400025430133082BEED106624562F0BD0000D5
:1091500010B51D4CE36803F4E063B3F5A06F08D0CD
:1091600020D8B3F5407F26D0B3F5806F26D0174BBB
:10917000E36002231C46C4F10404A140C3F10404CB
:109180000F23E3401340124A0B431B011118DBB2BB
:1091900081F800334109012300F01F00834042F8A9
:1091A000213010BDB3F5C06F0BD0B3F5E06FDED149
:1091B00004230024DFE700230424DCE70123032445
:1091C000D9E703230124D6E700ED00E00005FA0506
:1091D00000E100E021F06041034B21F07F010143F9
:1091E0009960BFF34F8F704700ED00E0830903F1F2
:1091F000804303F5043300F01F0019680122824008
:109200000A431A607047830903F1804303F504336E
:1092100000F01F001A680121814022EA01021A6051
:109220007047FFF7E3BFFFF7EEBF0000214B5A681E
:1092300022F440425A60196B1F4A0A401A630928F7
:109240000ED8DFE800F0050E12181F23272B2F334E
:109250001A6B22F480321A631A6B22F480721A633A
:1092600070471A6B42F48032F5E75A685A601A6BFD
:1092700042F48072F3E75A685A601A6B42F0004277
:109280001A63F4E75A6842F48042EFE75A6842F4FE
:109290008042F1E75A6842F40042E7E75A6842F434
:1092A0000042E9E75A6842F44042DFE75A6842F474
:1092B0004042E1E700100240FFFEFE7FF0B55D4B4B
:1092C00089B0054604AC03F110061F4618685968BA
:1092D000224603C20833B3421446F7D17168386995
:1092E0006B4603C303C354494B68C3F38103022B8A
:1092F00044D14A684868CB6A0601C2F383424FEA08
:10930000D37334D4002B30D102324B68C86ADC03EB
:1093100032D5CB6A400003F00F0354BF474848489A
:109320000133B0FBF3F35A434B68C3F30313203309
:109330006B4413F8104C4B68C3F3022320336B4487
:1093400022FA04F413F8206C4B68C3F3C2232033D1
:109350006B4413F8183C24FA03F0062D10D8DFE80C
:1093600005F06412141017464F002132CDE70BB9F7
:109370001132CAE73132C8E7324BD4E72F4AD3E77C
:10938000002009B0F0BD2046FBE724FA06F0F8E71C
:109390000B6BDA0507D40B6B2B4813F4803F2B4B78
:1093A00008BF1846EDE74A680B6BC2F38132022A08
:1093B0004FEAD3730FD0032A14D0012A06D00BB979
:1093C0004008DEE70320B4FBF0F0DAE70BB98008D1
:1093D000D7E70520F7E71BB90623B0FBF3F0D0E78A
:1093E0000720F0E70BB9C008CBE70920EBE70B6BD0
:1093F00013F0400F48F2120018BF4FF40040C0E7CE
:109400000B6B9B07BDD00B6B03F00303012B0CD040
:109410000B6B03F00303022B09D00B6B074803F01F
:109420000303032B18BF0020ABE71046A9E74FF456
:109430000040A6E778A000080010024000127A0061
:10944000006CDC0200093D00003FAB01809FD500AD
:1094500008B5274B98421ED00BD8A3F594339842F9
:109460002AD003F5E05398422DD0B0F1804F1CD0A4
:1094700008BD204B98422DD003F58063984230D030
:10948000A3F500639842F3D14FF44470FFF7C9FE8F
:109490004FF4447005E040F20B30FFF7C2FE40F29B
:1094A0000B30BDE80840FFF7BEBE4FF48060FFF709
:1094B000B8FE4FF48060F4E740F20140FFF7B1FEE0
:1094C00040F20140EDE74FF48160FFF7AAFE4FF450
:1094D0008160E6E740F21130FFF7A3FE40F2113061
:1094E000DFE740F21230FFF79CFE40F21230D8E77F
:1094F000002C0140004401400B8810B58362424BB0
:1095000098421BD020F48063B3F1804F16D08B6853
:10951000C3623E4B98423CD003F5903398424FD003
:109520003B4A904255D002F5806290425ED0A3F54E
:10953000A053984228D10B7B036325E0036823F0F6
:109540007003036002684B881343036002688B88D2
:10955000134303608B68C3622B4B984222D0B0F157
:10956000804F16D0A3F594339842D2D14FF0804368
:10957000D3F8002422F44072C3F80024D3F8004446
:10958000CA882243C3F80024436943F001034361BE
:1095900010BD036823F4407303600268CB88134353
:1095A0000360F1E71B4BD3F8002C22F44072C3F8A0
:1095B000002CD3F8004CCA882243C3F8002CBAE729
:1095C000036823F4407303600268CB88134303608D
:1095D000B1E7D3F8002422F44072C3F80024D3F892
:1095E0000044CA882243C3F80024A4E7D3F8002823
:1095F00022F44072C3F80028D3F80048CA882243F6
:10960000C3F8002897E700BF002C0140002000406D
:109610000044014000200140036843F0010303605F
:10962000704741627047C3681943C1607047436C1B
:1096300001290CBF43F4004323F400434364704703
:10964000032900F20381DFE811F0040047009A00CB
:10965000DF00036A23F001030362836923F003033D
:109660008361036A11680B430362036A23F00203F8
:109670000362016AD3880B430362754B98420AD098
:1096800020F4806103F5A053994204D003F50063F0
:10969000984240F0DB80036A23F004030362016A0E
:1096A00093880B430362036A23F008030362016A91
:1096B00013890B430362436823F48073436041685A
:1096C00053890B434360436823F40073436041684C
:1096D00093890B4343607047036A23F010030362CE
:1096E000836923F440738361036A116843EA0113B9
:1096F0000362036AD18823F020030362036A43EA0A
:1097000001130362524B98422DD1036A918823F0D2
:1097100040030362036A43EA01130362036A118987
:1097200023F080030362036A43EA01130362494B97
:109730005089D3F8041C928921F48061C3F8041C79
:10974000D3F8041C41EA8001C3F8041CD3F8041CBC
:1097500021F40061C3F8041CD3F8041C41EA82021E
:10976000C3F8042C70473C4B98426FD14368528930
:1097700023F480634360436843EA8203AAE7036AF1
:1097800023F480730362C36923F00303C361036A94
:10979000116843EA01230362036AD18823F400734A
:1097A0000362036A43EA01230362294B98424DD1C5
:1097B000036A918823F480630362036A43EA012306
:1097C0000362036A118923F400630362036A43EAB4
:1097D000012303621F4B5089D3F8041C928921F4A2
:1097E0008051C3F8041CD3F8041C41EA0011C3F8EB
:1097F000041CD3F8041C21F40051C3F8041CD3F852
:10980000041C41EA0212ABE7036A23F480530362AB
:10981000C36923F44073C361036A116843EA0133E7
:109820000362036AD18823F400530362036A43EAA4
:1098300001330362064B984208D15968528921F4DA
:1098400080415960596841EA82125A60704700BFEE
:10985000002C0140002001400040014003291AD89B
:10986000DFE801F0020A121A836923F070038361B2
:109870008369134383617047836923F4E043836101
:10988000836943EA0223F5E7C36923F07003C361E8
:10989000C3691343C3617047C36923F4E043C361E1
:1098A000C36943EA0223F5E703290AD8DFE801F098
:1098B000020406084263704782637047C2637047C0
:1098C0000264704703291AD8DFE801F0020A121A6D
:1098D000836923F0080383618369134383617047BD
:1098E000836923F400638361836943EA0223F5E714
:1098F000C36923F00803C361C3691343C36170479D
:10990000C36923F40063C361C36943EA0223F5E733
:1099100008B50C4B98420DD003F57443984210D112
:1099200040F20E30FFF77DFC40F20E30BDE80840FB
:10993000FFF779BC40F21140FFF773FC40F2114091
:10994000F4E708BD0044004038B5134B9842044684
:109950000D4618D003F57443984216D10620FFF740
:10996000ADFC226812044FEA550310D503EB400307
:10997000B3FBF5F1C1F3420321F00F010904090C17
:109980000B43E36038BD0220E9E70020E9E7034428
:10999000B3FBF5F39BB2F4E700440040036823F007
:1099A00001030360036823F4C063036003680B438F
:1099B00003607047036823F001030360036823F426
:1099C0008053036003680B4303607047036823F010
:1099D00001030360436823F44053436043680B432F
:1099E00043607047036843F00103036070470368F6
:1099F00023F00803036003680B43036070470368A8
:109A000023F00403036003680B4303607047C1F352
:109A1000080181627047406AC0F308007047026A1B
:109A200001F01F0101238B401343036270478A0931
:109A300010B501F01F01145801238B40234313502C
:109A400010BD10B58C090122235801F01F018A4076
:109A500023EA0203235010BDC1F3891310B51C582B
:109A60008B0D1A58C1F30440012303FA00F0104093
:109A700006D001F01F018B40234214BF01200020BB
:109A800010BD0000084B994206D1D0F8D03023F425
:109A90000043C0F8D0307047026AC1F3044101238B
:109AA0008B4013430362704709340F34DFF830D022
:109AB000002103E00B4B5B58435004310A480B4B29
:109AC00042189A42F6D30A4A02E0002342F8043BC5
:109AD000084B9A42F9D300F011F8FFF75BF8704792
:109AE00054030020A0AE0008000000205401002014
:109AF0005403002054180020FEE700007E4BDA6972
:109B000002F00602062A82B047D0DA69900444D5F2
:109B10007A4A7B4959605A6099609A601A6942F0A2
:109B200020021A611A6942F040021A61DA68D1070C
:109B3000FCD41A6922F020021A611A6942F010025C
:109B40001A61DA6912F0060F6E4A40F0C780A52349
:109B50001380694B6B4AD969090A01F0DF01518012
:109B6000D969C1F307419180D969090ED180196A79
:109B7000C9B21181196AC1F307215181DA68D2078C
:109B8000FCD41A6922F010021A611A6922F40072D8
:109B90001A611A6942F080021A615B4AD2F8883071
:109BA00043F47003C2F88830584B1A6842F001023F
:109BB0001A601A689007FCD55A6842F080025A6011
:109BC00000220192019A4F2A40F290805A6842F096
:109BD00090025A6000220192019A4F2A40F2898035
:109BE0005A6822F003025A601A6822F0867222F440
:109BF00080321A605968464A0A405A605A6822F010
:109C0000084222F474125A60DA6A22F0404222F0CA
:109C10000F02DA621A6B22F4817222F001021A63D7
:109C20001A6B22F480321A631A6B22F000421A6314
:109C30005A6B22F001025A63D3F8C02022F480321A
:109C4000C3F8C02000229A60C3F8CC201A6842F4FE
:109C500080321A604FF400621968890301D4013A16
:109C6000FAD11A68900333D55A685A605A6842F498
:109C700000525A605A6842F480625A605A6822F070
:109C8000036222F470225A60DA6A22F0404222F023
:109C90000F02DA625A6842F0016242F480325A607E
:109CA000DA6A42F00102DA62DA6ADA621A6842F0CB
:109CB00080721A601A689101FCD55A6822F003027A
:109CC0005A605A6842F002025A605A681207FCD57C
:109CD00000214FF0006002B0FFF77CBADB6903F0AF
:109CE0000603022B7FF435AFBB2331E7019A013223
:109CF00067E7019A01326EE700200240AB89EFCDA1
:109D00002301674500F8FF1F00ED00E0001002404E
:109D10000C00FF082DE9F047089D0C46002B4ED1A2
:109D200094468C458646B2FA82F262D94AB1C2F1B3
:109D30002003914020FA03F30CFA02FC194300FAC5
:109D400002FE4FEA1C471FFA8CF6B1FBF7F44FEA0C
:109D50001E4307FB141143EA014304FB06F1994239
:109D60000AD91CEB030304F1FF3080F01381994200
:109D700040F21081023C6344591A1FFA8EF3B1FB82
:109D8000F7F007FB101143EA014300FB06F69E4281
:109D90000AD91CEB030300F1FF3180F0FD809E42E5
:109DA00040F2FA80634402389B1B40EA04400021E1
:109DB0001DB1D3400022C5E90032BDE8F0878B42D7
:109DC00005D90DB1C5E9000100210846F5E7B3FA50
:109DD00083F1002946D1A34202D39042C0F0F18022
:109DE000861A64EB03030120002DE6D0C5E9006369
:109DF000E3E7002A40F09180A1EB0C044FEA1C48F5
:109E00001FFA8CF70121B4FBF8F64FEA1E4308FB5A
:109E1000164443EA044307FB06F0984208D91CEBBA
:109E2000030306F1FF3402D2984200F2CE802646A8
:109E30001C1A1FFA8EF3B4FBF8F008FB104443EA37
:109E4000044300FB07F79F4208D91CEB030300F112
:109E5000FF3402D29F4200F2B1802046DB1B40EA71
:109E60000640A5E7C1F120068B4022FA06F71F4302
:109E700020FA06FC04FA01F343EA0C03F44000FA6A
:109E800001F8380C4FEA1349B4FBF0FE1FFA87FCC7
:109E900000FB1E4449EA04440EFB0CF9A14502FAFA
:109EA00001F20AD93C190EF1FF3A80F08580A145F4
:109EB00040F28280AEF1020E3C44A4EB09041FFA8A
:109EC00083F9B4FBF0F300FB134449EA044403FBB9
:109ED0000CFCA44507D93C1903F1FF3068D2A44516
:109EE00066D9023B3C4443EA0E40A0FB0293A4EB3C
:109EF0000C049C42CE469C4652D34FD055B1B8EB91
:109F00000E0364EB0C0404FA06F6CB40CC401E436F
:109F1000C5E900640021BDE8F087C2F1200320FA02
:109F200003F10CFA02FC24FA03F394400C434FEAC9
:109F30001C4800FA02FE1FFA8CF7B3FBF8F008FB8E
:109F40001031230C43EA014300FB07F1994208D981
:109F50001CEB030300F1FF362CD299422AD90238B8
:109F600063445B1AA4B2B3FBF8F108FB113344EA73
:109F7000034401FB07F3A34208D91CEB040401F1DD
:109F8000FF3613D2A34211D902396444E41A41EADC
:109F9000004138E70446EFE6084605E7C845ADD27C
:109FA000B9EB020E63EB070C0138A7E73146EDE78A
:109FB000034698E73046D4E7D6467EE76344023846
:109FC0004CE70646234608460EE7023E63442FE769
:109FD00010EE102AC2F3C7537F3B162B22F000412C
:109FE00029DC002B104618DB1A4919410A4221D0FE
:109FF000DFED197A70EE277AF5EEC07AF1EE10FAFD
:10A0000018DD002A04DA4FF4000242FA03F3184480
:10A0100020EA010300EE103A7047DFED0F7A70EE90
:10A02000277AF5EEC07AF1EE10FA03DD002A08DB9C
:10A030009FED0A0A7047B1F1FF4FFBD330EE000AE3
:10A040007047DFED077A0029BFEE000A08BFB0EEC7
:10A05000670A7047FFFF7F00CAF2497100000000E5
:10A0600000000080FFFF0000010000000000000071
:10A0700000000001000000000000000000000000DF
:10A08000010203040607080900000000010203049E
:10A090000000000000E81D3900E21D3A0093B13ACB
:10A0A00080C91D3B006E763B0055B13B0036F13B4D
:10A0B00040681D3C600C473C0081753C905F943CBF
:10A0C000505FB03C90BBCE3C806FEF3C103B093DF5
:10A0D00010E51B3DD0B22F3D40A1443D38AD5A3D67
:10A0E00048D3713DEC07853D98AF913DB4DE9E3D70
:10A0F0003C93AC3D0CCBBA3DF883C93DB8BBD83DD1
:10A10000F46FE83D409EF83D0EA2043E7C2F0D3ECC
:10A110001AF6153E8CF41E3E6E29283E5693313EAB
:10A12000CE303B3E5E00453E80004F3EAC2F593E58
:10A130004E8C633ECA146E3E88C7783E6DD1813E18
:10A140008C52873E46E68C3EC08B923E1C42983E27
:10A1500076089E3EECDDA33E96C1A93E8FB2AF3E8F
:10A16000E8AFB53EB6B8BB3E0ECCC13EFBE8C73E3D
:10A17000910ECE3ED83BD43EDF6FDA3EB2A9E03E30
:10A1800059E8E63EE12AED3E4D70F33EACB7F93EAC
:10A190000000003F2B24033FDA47063F906A093F47
:10A1A000D48B0C3F27AB0F3F11C8123F15E2153F70
:10A1B000B8F8183F830B1C3FFA191F3FA623223F14
:10A1C0000D28253FB926283F361F2B3F0A112E3F69
:10A1D000C6FB303FF3DE333F20BA363FDE8C393FDB
:10A1E000BB563C3F4A173F3F1ECE413FCE7A443FCD
:10A1F000EE1C473F15B4493FE03F4C3FEABF4E3F9E
:10A20000CC33513F2B9B533FA6F5553FDE42583F81
:10A210007A825A3F22B45C3F7ED75E3F38EC603F83
:10A2200002F2623F8AE8643F82CF663F9EA6683FA3
:10A23000996D6A3F2A246C3F0DCA6D3F035F6F3FE3
:10A24000CCE2703F2C55723FECB5733FD404753FA0
:10A25000B041763F4F6C773F8484783F248A793FC2
:10A26000067D7A3F045D7B3FFC297C3FCFE37C3F4A
:10A27000608A7D3F941D7E3F569D7E3F92097F3FC1
:10A2800036627F3F37A77F3F88D87F3F22F67F3FE8
:10A290000000803F22F67F3F88D87F3F36A77F3F70
:10A2A00036627F3F92097F3F569D7E3F941D7E3FE1
:10A2B0005F8A7D3FCEE37C3FFC297C3F045D7B3F92
:10A2C000057D7A3F248A793F8484783F4E6C773FBE
:10A2D000AF41763FD304753FECB5733F2C55723FC9
:10A2E000CCE2703F025F6F3F0CCA6D3F2A246C3F87
:10A2F000986D6A3F9EA6683F81CF663F89E8643FBC
:10A3000001F2623F37EC603F7CD75E3F20B45C3F98
:10A3100078825A3FDE42583FA4F5553F2C9B533F6D
:10A32000CD33513FE8BF4E3FDF3F4C3F14B4493F70
:10A33000EB1C473FCB7A443F1FCE413F4A173F3F7C
:10A34000BA563C3FDC8C393F1FBA363FF0DE333F14
:10A35000C3FB303F0B112E3F351F2B3FB926283F43
:10A360000B28253FA323223FF7191F3F800B1C3FDB
:10A37000B9F8183F14E2153F10C8123F26AB0F3F43
:10A38000D28B0C3F8E6A093FD747063F2B24033FF1
:10A390000000003FA9B7F93E4A70F33EDC2AED3ECB
:10A3A00054E8E63EACA9E03EE06FDA3ED73BD43E4F
:10A3B0008E0ECE3EF8E8C73E09CCC13EB2B8BB3ED9
:10A3C000E2AFB53E8EB2AF3E96C1A93EEADDA33EF6
:10A3D00072089E3E1742983EBB8B923E40E68C3EF2
:10A3E0008C52873E6CD1813E84C7783EC6146E3E47
:10A3F000468C633EA22F593E82004F3E5E00453E92
:10A40000CC303B3E5293313E6829283E84F41E3EB8
:10A4100012F6153E7E2F0D3E0EA2043E3C9EF83DE8
:10A42000EC6FE83DB0BBD83DEC83C93D00CBBA3DF5
:10A430003C93AC3DB4DE9E3D94AF913DE407853D39
:10A4400038D3713D28AD5A3D30A1443DD0B22F3DA7
:10A4500008E51B3D103B093D706FEF3C70BBCE3CE7
:10A46000405FB03C705F943C0081753C600C473CA1
:10A4700020681D3C0036F13BC054B13B006E763B7A
:10A4800000C91D3B0093B13A00E21D3A00E81D39B6
:10A490001919191919191919191919191919194BFA
:10A4A0001919191919194B191919191919194B4B86
:10A4B00019191919194B191919191919194B194B76
:10A4C00019191919194B4B1919191919194B4B4B02
:10A4D000191919194B191919191919194B19194B56
:10A4E000191919194B194B19191919194B194B4BE2
:10A4F000191919194B4B1919191919194B4B194BD2
:10A50000191919194B4B4B19191919194B4B4B4B5D
:10A510001919194B191919191919194B1919194B15
:10A520001919194B19194B191919194B19194B4BA1
:10A530001919194B194B19191919194B194B194B91
:10A540001919194B194B4B191919194B194B4B4B1D
:10A550001919194B4B1919191919194B4B19194B71
:10A560001919194B4B194B191919194B4B194B4BFD
:10A570001919194B4B4B19191919194B4B4B194BED
:10A580001919194B4B4B4B191919194B4B4B4B4B79
:10A5900019194B191919191919194B191919194B95
:10A5A00019194B1919194B1919194B1919194B4B21
:10A5B00019194B19194B191919194B19194B194B11
:10A5C00019194B19194B4B1919194B19194B4B4B9D
:10A5D00019194B194B19191919194B194B19194BF1
:10A5E00019194B194B194B1919194B194B194B4B7D
:10A5F00019194B194B4B191919194B194B4B194B6D
:10A6000019194B194B4B4B1919194B194B4B4B4BF8
:10A6100019194B4B1919191919194B4B1919194BB0
:10A6200019194B4B19194B1919194B4B19194B4B3C
:10A6300019194B4B194B191919194B4B194B194B2C
:10A6400019194B4B194B4B1919194B4B194B4B4BB8
:10A6500019194B4B4B19191919194B4B4B19194B0C
:10A6600019194B4B4B194B1919194B4B4B194B4B98
:10A6700019194B4B4B4B191919194B4B4B4B194B88
:10A6800019194B4B4B4B4B1919194B4B4B4B4B4B14
:10A69000194B191919191919194B19191919194B94
:10A6A000194B191919194B19194B191919194B4B20
:10A6B000194B1919194B1919194B1919194B194B10
:10A6C000194B1919194B4B19194B1919194B4B4B9C
:10A6D000194B19194B191919194B19194B19194BF0
:10A6E000194B19194B194B19194B19194B194B4B7C
:10A6F000194B19194B4B1919194B19194B4B194B6C
:10A70000194B19194B4B4B19194B19194B4B4B4BF7
:10A71000194B194B19191919194B194B1919194BAF
:10A72000194B194B19194B19194B194B19194B4B3B
:10A73000194B194B194B1919194B194B194B194B2B
:10A74000194B194B194B4B19194B194B194B4B4BB7
:10A75000194B194B4B191919194B194B4B19194B0B
:10A76000194B194B4B194B19194B194B4B194B4B97
:10A77000194B194B4B4B1919194B194B4B4B194B87
:10A78000194B194B4B4B4B19194B194B4B4B4B4B13
:10A79000194B4B1919191919194B4B191919194B2F
:10A7A000194B4B1919194B19194B4B1919194B4BBB
:10A7B000194B4B19194B1919194B4B19194B194BAB
:10A7C000194B4B19194B4B19194B4B19194B4B4B37
:10A7D000194B4B194B191919194B4B194B19194B8B
:10A7E000194B4B194B194B19194B4B194B194B4B17
:10A7F000194B4B194B4B1919194B4B194B4B194B07
:10A80000194B4B194B4B4B19194B4B194B4B4B4B92
:10A81000194B4B4B19191919194B4B4B1919194B4A
:10A82000194B4B4B19194B19194B4B4B19194B4BD6
:10A83000194B4B4B194B1919194B4B4B194B194BC6
:10A84000194B4B4B194B4B19194B4B4B194B4B4B52
:10A85000194B4B4B4B191919194B4B4B4B19194BA6
:10A86000194B4B4B4B194B19194B4B4B4B194B4B32
:10A87000194B4B4B4B4B1919194B4B4B4B4B194B22
:10A88000194B4B4B4B4B4B19194B4B4B4B4B4B4BAE
:10A890004B191919191919194B1919191919194B92
:10A8A0004B19191919194B194B19191919194B4B1E
:10A8B0004B191919194B19194B191919194B194B0E
:10A8C0004B191919194B4B194B191919194B4B4B9A
:10A8D0004B1919194B1919194B1919194B19194BEE
:10A8E0004B1919194B194B194B1919194B194B4B7A
:10A8F0004B1919194B4B19194B1919194B4B194B6A
:10A900004B1919194B4B4B194B1919194B4B4B4BF5
:10A910004B19194B191919194B19194B1919194BAD
:10A920004B19194B19194B194B19194B19194B4B39
:10A930004B19194B194B19194B19194B194B194B29
:10A940004B19194B194B4B194B19194B194B4B4BB5
:10A950004B19194B4B1919194B19194B4B19194B09
:10A960004B19194B4B194B194B19194B4B194B4B95
:10A970004B19194B4B4B19194B19194B4B4B194B85
:10A980004B19194B4B4B4B194B19194B4B4B4B4B11
:10A990004B194B19191919194B194B191919194B2D
:10A9A0004B194B1919194B194B194B1919194B4BB9
:10A9B0004B194B19194B19194B194B19194B194BA9
:10A9C0004B194B19194B4B194B194B19194B4B4B35
:10A9D0004B194B194B1919194B194B194B19194B89
:10A9E0004B194B194B194B194B194B194B194B4B15
:10A9F0004B194B194B4B19194B194B194B4B194B05
:10AA00004B194B194B4B4B194B194B194B4B4B4B90
:10AA10004B194B4B191919194B194B4B1919194B48
:10AA20004B194B4B19194B194B194B4B19194B4BD4
:10AA30004B194B4B194B19194B194B4B194B194BC4
:10AA40004B194B4B194B4B194B194B4B194B4B4B50
:10AA50004B194B4B4B1919194B194B4B4B19194BA4
:10AA60004B194B4B4B194B194B194B4B4B194B4B30
:10AA70004B194B4B4B4B19194B194B4B4B4B194B20
:10AA80004B194B4B4B4B4B194B194B4B4B4B4B4BAC
:10AA90004B4B1919191919194B4B19191919194B2C
:10AAA0004B4B191919194B194B4B191919194B4BB8
:10AAB0004B4B1919194B19194B4B1919194B194BA8
:10AAC0004B4B1919194B4B194B4B1919194B4B4B34
:10AAD0004B4B19194B1919194B4B19194B19194B88
:10AAE0004B4B19194B194B194B4B19194B194B4B14
:10AAF0004B4B19194B4B19194B4B19194B4B194B04
:10AB00004B4B19194B4B4B194B4B19194B4B4B4B8F
:10AB10004B4B194B191919194B4B194B1919194B47
:10AB20004B4B194B19194B194B4B194B19194B4BD3
:10AB30004B4B194B194B19194B4B194B194B194BC3
:10AB40004B4B194B194B4B194B4B194B194B4B4B4F
:10AB50004B4B194B4B1919194B4B194B4B19194BA3
:10AB60004B4B194B4B194B194B4B194B4B194B4B2F
:10AB70004B4B194B4B4B19194B4B194B4B4B194B1F
:10AB80004B4B194B4B4B4B194B4B194B4B4B4B4BAB
:10AB90004B4B4B19191919194B4B4B191919194BC7
:10ABA0004B4B4B1919194B194B4B4B1919194B4B53
:10ABB0004B4B4B19194B19194B4B4B19194B194B43
:10ABC0004B4B4B19194B4B194B4B4B19194B4B4BCF
:10ABD0004B4B4B194B1919194B4B4B194B19194B23
:10ABE0004B4B4B194B194B194B4B4B194B194B4BAF
:10ABF0004B4B4B194B4B19194B4B4B194B4B194B9F
:10AC00004B4B4B194B4B4B194B4B4B194B4B4B4B2A
:10AC10004B4B4B4B191919194B4B4B4B1919194BE2
:10AC20004B4B4B4B19194B194B4B4B4B19194B4B6E
:10AC30004B4B4B4B194B19194B4B4B4B194B194B5E
:10AC40004B4B4B4B194B4B194B4B4B4B194B4B4BEA
:10AC50004B4B4B4B4B1919194B4B4B4B4B19194B3E
:10AC60004B4B4B4B4B194B194B4B4B4B4B194B4BCA
:10AC70004B4B4B4B4B4B19194B4B4B4B4B4B194BBA
:10AC80004B4B4B4B4B4B4B194B4B4B4B4B4B4B4B46
:10AC900000C0C101C30302C2C60607C705C5C4047C
:10ACA000CC0C0DCD0FCFCE0E0ACACB0BC90908C8EC
:10ACB000D81819D91BDBDA1A1EDEDF1FDD1D1CDCDC
:10ACC00014D4D515D71716D6D21213D311D1D0104C
:10ACD000F03031F133F3F23236F6F737F53534F43C
:10ACE0003CFCFD3DFF3F3EFEFA3A3BFB39F9F838AC
:10ACF00028E8E929EB2B2AEAEE2E2FEF2DEDEC2C9C
:10AD0000E42425E527E7E62622E2E323E12120E00B
:10AD1000A06061A163A3A26266A6A767A56564A4FB
:10AD20006CACAD6DAF6F6EAEAA6A6BAB69A9A8686B
:10AD300078B8B979BB7B7ABABE7E7FBF7DBDBC7C5B
:10AD4000B47475B577B7B67672B2B373B17170B0CB
:10AD500050909151935352929656579755959454BB
:10AD60009C5C5D9D5F9F9E5E5A9A9B5B995958982B
:10AD7000884849894B8B8A4A4E8E8F4F8D4D4C8C1B
:10AD8000448485458747468682424383418180408B
:10AD900000C1814001C0804101C0804100C18140AB
:10ADA00001C0804100C1814000C1814001C080419B
:10ADB00001C0804100C1814000C1814001C080418B
:10ADC00000C1814001C0804101C0804100C181407B
:10ADD00001C0804100C1814000C1814001C080416B
:10ADE00000C1814001C0804101C0804100C181405B
:10ADF00000C1814001C0804101C0804100C181404B
:10AE000001C0804100C1814000C1814001C080413A
:10AE100001C0804100C1814000C1814001C080412A
:10AE200000C1814001C0804101C0804100C181401A
:10AE300000C1814001C0804101C0804100C181400A
:10AE400001C0804100C1814000C1814001C08041FA
:10AE500000C1814001C0804101C0804100C18140EA
:10AE600001C0804100C1814000C1814001C08041DA
:10AE700001C0804100C1814000C1814001C08041CA
:10AE800000C1814001C0804101C0804100C18140BA
:04AE9000F8B500BF52
:04AE9400F8B500BF4E
:08AE98007CEEFF7F01000000C9
:10AEA00001000000000000000000803F00000000E2
:10AEB000000000000000803F0000000000000000D3
:10AEC0000000803F00000000000000000000803F04
:10AED00000000000000000000000803F00000000B3
:10AEE000000000000000803F0000000000000000A3
:10AEF0000000803F00000000000000000000803FD4
:10AF000000000000000000000000803F0000000082
:10AF1000000000000000803F000000000000000072
:10AF2000000000000000003F0001000000000000E1
:10AF3000000000000000003F0001000000000000D1
:10AF4000000000000000003F0001000000000000C1
:10AF5000000000000000003F0001000000000000B1
:10AF6000000000000000003F0001000000000000A1
:10AF7000000000000000003F000100000000000091
:10AF8000000000000000003F000100000000000081
:10AF9000000000000000003F000100000000000071
:10AFA000000000000000003F000100000000000061
:10AFB000000000000000003F000100000000000051
:10AFC0000001000000000000000000000000000080
:10AFD000010100000C00000000000000CDCC4C3D41
:10AFE0000000003F01FFFF00FFFFFFF22000000113
:04AFF000010000005C
:0400000508009AADA8
:00000001FF
