:020000040800F2
:1000000010020020911F0008DD1F0008DD1F0008FE
:10001000DD1F0008DD1F0008DD1F000800000000D4
:10002000000000000000000000000000DD1F0008CC
:10003000DD1F000800000000DD1F0008CD010008E2
:1000400000000000DD1F0008DD1F0008DD1F0008A4
:10005000DD1F0008DD1F0008DD1F0008DD1F000890
:10006000DD1F0008DD1F0008DD1F0008DD1F000880
:10007000DD1F0008DD1F0008DD1F0008DD1F000870
:10008000DD1F0008DD1F000800000000DD1F000864
:10009000DD1F0008DD1F0008DD1F0008DD1F000850
:1000A000DD1F0008DD1F0008DD1F0008F103000848
:1000B000DD1F000800000000DD1F00080000000038
:1000C000DD1F000800000000DD1F0008DD1F000824
:1000D000DD1F00080000000000000000000000001C
:1000E0000000000000000000DD1F0008000000000C
:1000F0000000000000000000000000000000000000
:10010000DD1F00080000000000000000DD1F0008E7
:1001100000000000000000000000000000000000DF
:1001200000000000000000000000000000000000CF
:1001300000000000000000000000000000000000BF
:10014000000000000000000000000000DD1F0008AB
:1001500053B94AB9002908BF00281CBF4FF0FF312E
:100160004FF0FF3000F00CB8ADF1080C6DE904CE93
:1001700002F042F8DDF804E0DDE9022304B0704744
:10018000704700BF074B591E1A5C095C41EA022107
:100190009A1E033B125C185C42EA012240EA0220EC
:1001A000704700BF2F0200204FF0E023054A5A613C
:1001B000054AF02182F8231000229A6107221A6171
:1001C000704700BF1E48010000ED00E0024A1368BE
:1001D00001331360704700BF68090020F8B5144B65
:1001E0006FF03A02D3F8E017D3F8AC07D3F8B06752
:1001F000D3F8B4774FF6FF73FFF7AAFF38461446DB
:100200001D466FF03A024FF6FF733146FFF7A0FF2D
:10021000084862406B400021013100F8012B06299B
:100220004FEA122242EA03624FEA1323F4D1F8BDE7
:1002300000F0FF1F6009002010B50C4C40F2125076
:1002400001F0EEFC204640230322002101F02EFCA9
:10025000204600220221402301F006FC20464022D5
:10026000BDE81040002101F05CBC00BF0004004864
:1002700010B50C4C40F2125001F0D2FC2046802305
:100280000322002101F012FC2046002202218023DB
:1002900001F0EAFB20468022BDE81040002101F079
:1002A00040BC00BF0004004808B500221B201146D6
:1002B00001F068FCBDE8084040F20E6001F0B0BCFF
:1002C00010B5094C40F2125001F0AAFC204604235C
:1002D0000322002101F0EAFB20460423BDE8104080
:1002E0000022012101F0C0BB0004004801480421A4
:1002F00001F015BC00040048037810B55940044CC7
:10030000044B5A5C4378615C42704B40037010BDF3
:10031000CE250008CE24000873B5124C2246552184
:1003200002F8011B104908688988C4F8010091800F
:100330000122227262720D4A00251288E571ADF821
:100340000420264614F8011B01A80135FFF7D4FF4D
:100350000A2DF7D19DF80430B3729DF80530F37281
:1003600002B070BD1802002060090020B42400080B
:1003700037B50C4B0C4C1D780C4B65701B88ADF8D9
:1003800004305F2101A82170FFF7B6FF2946FFF76F
:10039000B3FF9DF80430A3709DF80530E37003B0FF
:1003A00030BD00BF0600002028020020B424000851
:1003B00037B50C4B0C4C1D780C4B65701B88ADF899
:1003C0000430332101A82170FFF796FF2946FFF77B
:1003D00093FF9DF80430A3709DF80530E37003B0DF
:1003E00030BD00BF0600002024020020B424000815
:1003F000F8B56549654801F0A1FD064640B163487E
:1004000040F2017101F07DFD5F49604801F0ACFDF3
:100410005F495E4801F092FD074640B15B4840F2FB
:10042000027101F06EFD5A49584801F09DFD59498D
:10043000564801F083FD054640B1544840F203712F
:1004400001F05FFD5349514801F08EFD52494F487C
:1004500001F074FD044640B14C484FF4E06101F0F6
:1004600050FD4D49494801F07FFD4C49474801F096
:1004700065FDD0B1454840F2037101F042FD4749A6
:10048000424801F071FD72B6454A00231360454AA7
:100490001360454A4FF480711180444A138062B65C
:1004A000434A1370434A137005E03E4335432C43DF
:1004B000E4B2002CE7D14049344801F03FFD10B3CD
:1004C000394A1388DBB1374930480C68013B138047
:1004D000631C5A42D2B2DBB258BF53420B6001F0E8
:1004E0000CFD364B23F81400324B01221A70344BAA
:1004F0001A68344B1A602D4A1388013313802E4931
:10050000224801F031FD3049204801F017FDC0B10B
:100510002E4D2F4B2C881B88A34225D94FF4967261
:10052000B4FBF2F302FB13439BB22A4A174832F89A
:100530001310013401F0DDFC2C802349134801F035
:1005400013FD2549114801F0F9FCD8B10F480621E7
:1005500001F0E9FC2148042101F0E1FABDE8F8408E
:100560001D490A4801F000BD0848072101F0DBFCE5
:100570000648062101F0CDFC0E4A00231370184AEC
:100580001370DAE7F8BD00BF000201070038014030
:100590000002020700020307080000070500030726
:1005A000580700205C0700200A00002054070020A4
:1005B0002E0300203D0300200500050760070020F2
:1005C000680900203803002007000707FA0400200C
:1005D000F8040020FC040020060006070004004880
:1005E0003C03002010B5174C204601F003FC2046C8
:1005F000042101F076FC2046082101F06AFC204627
:10060000052101F086FC20464FF4007101F081FCC9
:100610002046082101F07DFC20460B4901F006FC34
:100620002046002101F038FC2046002101F040FC6A
:100630002046002101F024FC2046BDE8104001F0D6
:1006400043BC00BF0038014040420F002DE9F04F8D
:10065000764B1A8885B0002A31D072B61A88013AD2
:100660001A8062B67248734F01684B1C5A42D2B26C
:10067000DBB258BF534203606F4B33F811403B78F5
:10068000002B58D1FF2C14D8AA2CE1B21AD16B49F7
:10069000032008706A496B480B706B490B706B4BF9
:1006A00001221A70FF233A70037043702146FFF74E
:1006B00023FE72B6664A13880133138062B605B012
:1006C000BDE8F08FCC290FD102223A705B4A13703B
:1006D0005B4A5C4813705C4A13705C4B01221A70D1
:1006E000FF2303704370E2E7AF2901D10322ECE757
:1006F000A02901D10422E8E7552905D105223A7045
:100700004E4A0B201070E3E7332904D105223A70DA
:1007100003204A4AF6E75F2906D105233B70474B81
:1007200003221A700023D3E75029C2D106233B705D
:100730000222424BF5E7013B052BBAD8DFE813F064
:100740003805C705F3040600E505EE053B4D29789D
:10075000B9B9404BFF2C1E7809D93A48FFF7CCFDB8
:1007600016B13A4B00221A7001232B70A1E7E4B2B4
:1007700034482146FFF7C0FDA642F5D0FF2CF3D048
:10078000EFE70139082994D801A353F821F000BFFD
:10079000B5070008CD070008B3060008B306000837
:1007A000B3060008B3060008F70700081F12000888
:1007B00061080008B4F5807F274B224828BF002439
:1007C000E1B21970FFF798FD0223CEE7FF2C1E4B14
:1007D00008D900211B481970FFF78EFD174B08221E
:1007E0001A7066E7E1B217481970FFF785FD002C13
:1007F000F4D00723B9E712480378B4F5807F28BF07
:100800000024FF22B3FBF2F21A440133DDB2E1B25D
:1008100002F0FF02114C05700A48A154FFF76CFD6D
:10082000094B1B78AB427FF444AFD7E75407002055
:10083000580700202E030020600700202D03002011
:100840002C030020010000202B03002000000020CA
:100850000A00002006000020160200202C020020C2
:10086000D14BD24A4FF0000883F800801278D04B69
:100870005B78002A00F0C381B4F5807F28BF44462E
:100880009C4240F0BC81CB4BCB49CC4A1B780978C9
:10089000B2F900200091002B00F0AB818A4200F0F9
:1008A000A881C74C94F80090B9F1F50F40F0AA81E7
:1008B000C44B93F800B0BBF1FF0F00F09A81C24A1D
:1008C0001388002B00F09581C049C14ED1F800A0DB
:1008D000013B13800AF10103B8EB030202F01F028F
:1008E00003F01F0358BF53420B60BA4BBA4A1D882E
:1008F0001288ADF80C204FF4967403A85021FFF72E
:10090000FBFCB5FBF4F204FB125292B25021B1543D
:100910005946FFF7F1FC6A1C92B2B2FBF4F104FBFA
:10092000112292B206F802B0DFF8C0B29BF80010B4
:100930000191FFF7E1FCAA1C92B2B2FBF4FC04FBAC
:100940001C22019992B2B15401318BF8001013218D
:10095000FFF7D2FCEA1C92B2B2FBF4F104FB1122C5
:1009600092B21321B1544946FFF7C6FC2A1D92B238
:10097000B2FBF4F104FB112292B2012106F80290BD
:10098000FFF7BAFC6A1D92B2B2FBF4F104FB11222C
:1009900092B24FF00109414606F80290FFF7ACFC15
:1009A000AA1D92B2B2FBF4F104FB112292B2B5215E
:1009B00006F80280FFF7A0FCEA1D92B2B2FBF4F148
:1009C00004FB112292B2B521B1540621FFF794FC29
:1009D00005F1080292B2B2FBF4F104FB112292B2CB
:1009E0000621B1544946FFF787FC05F1090292B28E
:1009F000B2FBF4F104FB112292B2414606F80290D8
:100A0000FFF77AFC05F10A0292B2B2FBF4F104FBA3
:100A1000112292B2672106F80280FFF76DFC05F102
:100A20000B0292B2B2FBF4F104FB112292B26721E5
:100A3000B1546421FFF760FC05F10C0292B2B2FBE5
:100A4000F4F104FB112292B26421B1543321FFF777
:100A500053FC05F10D0292B2B2FBF4F104FB11223A
:100A600092B24FF03308322106F80280FFF744FCBF
:100A700005F10E0292B2B2FBF4F104FB112292B224
:100A80003221B1546621FFF737FC05F10F0292B213
:100A9000B2FBF4F104FB112292B26621B15441463B
:100AA000FFF72AFC05F1100292B2B2FBF4F104FB4D
:100AB000112292B2414606F80280FFF71DFC05F1B3
:100AC000110292B2B2FBF4F104FB112292B2302176
:100AD00006F80280FFF710FC05F1120292B2B2FB99
:100AE000F4F104FB112292B23021B1546B21FFF7D3
:100AF00003FC05F1130292B2B2FBF4F104FB1122E4
:100B000092B26B21B1543821FFF7F6FB05F11402C4
:100B100092B2B2FBF4F104FB112292B23821B1542B
:100B20007521FFF7E9FB05F1150292B2B2FBF4F172
:100B300004FB112292B27521B1543621FFF7DCFB80
:100B400005F1160292B2B2FBF4F104FB112292B24B
:100B50003621B15405F1170292B2B2FBF4F104FB55
:100B6000112292B29DF80C10B15405F1180292B204
:100B7000B2FBF4F104FB112292B2164B9DF80D105A
:100B8000B15405F119021A80144B23F81A50144B72
:100B9000192203F80A20134B102203F80A20124AE4
:100BA00013884B4424E000BF3D03002000000020D8
:100BB000010000202B03002016020020040000206A
:100BC0002C020020060000200800002074040020F1
:100BD000400300203E030020B4240008B804002095
:100BE00098040020780400206C04002017020020E4
:100BF0001380B94B01221A70B84B009A1A80002357
:100C00003B7056E5B9F1FB0FF3D1012B0BD1BFF3CC
:100C10004F8FB349B34BCA6802F4E0621343CB6011
:100C2000BFF34F8FFEE7072BE3D9B4F8011000297B
:100C300040F01181182BDCD1AB4BE2791970B4F87C
:100C40000510A37AB1F5354FD3D1062AD1D1012BA6
:100C5000CFD194F80CB094F80DA094F80E9094F8BD
:100C60000F8094F810E094F811C0A67CE57C207DFC
:100C7000617DA27DE37DBBF1670FBAD1BAF1640F4C
:100C8000B7D1B9F1330FB4D1B8F1320FB1D1BEF150
:100C9000660FAED1BCF1330FABD1332EA9D1302DBD
:100CA000A7D16B28A5D13829A3D1752AA1D1362B7C
:100CB0009FD172B600F068FE202000F07BFE10206D
:100CC00000F078FE042000F075FE884800F096FEE3
:100CD000202000F06FFE102000F06CFE042000F0D9
:100CE00069FE00F05FFE62B6B4F80330804A5BBA7A
:100CF0001380804B4FF00209A3F800907E4B93F8CD
:100D000000A0BAF1FF0F00F0A2807C4A1388002BEC
:100D100000F09D807A49DFF804B2D1F80080BBF87A
:100D20000050784E013B138008F101035A4202F053
:100D30001F0203F01F0358BF53420B60724B4FF466
:100D4000967403A81B88ADF80C305021FFF7D4FA35
:100D5000B5FBF4F304FB13539BB250225146F254FB
:100D6000FFF7CAFA6B1C9BB2B3FBF4F204FB12331D
:100D70009BB206F803A0DFF8A8A19AF80010019131
:100D8000FFF7BAFA05EB09039BB2B3FBF4F204FBDD
:100D9000123301999BB2F15401318AF800100321FA
:100DA000FFF7AAFAEB1C9BB2B3FBF4F204FB12337D
:100DB0009BB20322FB21F254FFF79EFA2B1D9BB23C
:100DC000B3FBF4F204FB12339BB2FB220021F2547A
:100DD000FFF792FA6B1D9BB2B3FBF4F204FB1233E4
:100DE0009BB200224946F254FFF786FAAB1D9BB234
:100DF000B3FBF4F204FB12339BB206F80390EB1D35
:100E00009BB2B3FBF4F204FB12339BB29DF80C20AF
:100E1000F25405F108039BB2B3FBF4F204FB123366
:100E20009BB29DF80D20F25405F10903ABF8003098
:100E3000364B23F81850364B092203F80820354B5F
:100E4000102203F80820344A138801331380264BFC
:100E500001221A70CDE6274E4DBA3288ADB2AA42B1
:100E60007FF4C7AED4F803801F48DC1F0022C4F310
:100E70008504B1F5807F027098FA88F804F1FF3498
:100E800050D1154624E04FEA850909F10700FFF724
:100E900079F9064672B600F077FD202000F08AFD51
:100EA000102000F087FD042000F084FD314609EB9E
:100EB000080000F0BFFD202000F07CFD102000F0B5
:100EC00079FD042000F076FD00F06CFD62B601357E
:100ED000A542D8DD8DE600BF3103002004000020CC
:100EE00000ED00E00400FA051002002000280008D0
:100EF000140200201202002006000020080000203A
:100F00007404002040030020B4240008B80400202A
:100F100098040020780400206C0400203E03002088
:100F200017020020C8F30903D3B972B600F02CFDF4
:100F3000202000F03FFD102000F03CFD042000F0D8
:100F400039FD404600F05AFD202000F033FD10200E
:100F500000F030FD042000F02DFD00F023FD62B60E
:100F60004FF00009A14540F3B780B44B1B88AB425A
:100F7000B34B93F800A01ABF0135ADB20125BAF109
:100F8000FF0F35803FF463AFAE4A1388002B3FF468
:100F90005EAFAD49DFF8E8B2D1F80090BBF8006071
:100FA000DFF8E082013B138009F101035A4202F0AD
:100FB0001F0203F01F0358BF53420B60A34B4FF4B3
:100FC000967403A81B88ADF80C305021FFF794F9F4
:100FD000B6FBF4F304FB13639BB25022514608F8AE
:100FE0000320FFF789F9731C9BB2B3FBF4F204FBF7
:100FF00012339BB208F803A0DFF88CA29AF8001015
:101000000191FFF779F9B31C9BB2B3FBF4F204FB37
:10101000123301999BB208F8031001318AF80010CD
:101020000321FFF769F9F31C9BB2B3FBF4F204FB55
:1010300012339BB20322FB2108F80320FFF75CF96F
:10104000331D9BB2B3FBF4F204FB12339BB24FEAA5
:10105000152AFB22514608F80320FFF74DF9731DAE
:101060009BB2B3FBF4F204FB12339BB2EDB2294600
:1010700008F803A0FFF740F9B31D9BB2B3FBF4F2ED
:1010800004FB12339BB208F80350F31D9BB2B3FB71
:10109000F4F204FB12339BB29DF80C2008F80320F5
:1010A00006F108039BB2B3FBF4F204FB12339BB2CC
:1010B0009DF80D2008F8032006F10903ABF8003075
:1010C000634B23F81960634B092203F80920624B34
:1010D000102203F80920B6E64FEA890B0BF107004E
:1010E000FFF750F8824672B600F04EFC202000F068
:1010F00061FC102000F05EFC042000F05BFC514617
:101100000BEB080000F096FC202000F053FC1020B0
:1011100000F050FC042000F04DFC00F043FC62B6EF
:1011200009F101091EE74D4B1978C9B9444BFF2C51
:101130001D7805D94A48FFF7DFF865B9FFF74EBBC0
:10114000E4B247482146FFF7D7F8A5423FF446AB43
:10115000FF2C3FF443AB434B00221A70FFF73EBB1A
:10116000082907D13E4BB4F5807F1B7828BF0024A7
:10117000A3425BE009297FF49CAA3B4B394900223A
:101180001A700978364B5B7800293FF438ADB4F516
:10119000807F28BF14469C427FF431AD334B1978D1
:1011A00000293FF42CAD3249012008701A7026E561
:1011B0002A4E3378032B23D12E4F29483D7806221F
:1011C000B5FBF2F302FB1353DBB22B4AB4F5807F7D
:1011D000D35C28BF0024E1B28B4218BF214B05F13C
:1011E000010518BF0022EDB218BF1A70FFF784F88E
:1011F000062D3D707FF45DAA00233370FFF759BAC6
:101200005BB9B4F5807F1D4B154828BF0024E1B2BF
:101210001970FFF771F80823EFE7082B36D1104B50
:10122000B4F5807F1B7828BF00249C421EBF0D4B65
:1012300000221A70094B0922FFF7D2BA14020020CB
:10124000060000200800002074040020B4240008D8
:10125000B804002098040020780400202D0300200A
:1012600001000020000000203D0300202F0300208B
:10127000300300202C03002060090020160200200B
:101280003E0300204003002017020020092B7FF4BA
:1012900010AA2A4B2A4A00251D701278294B5B7828
:1012A000002A3FF4ACACB4F5807F28BF2C469C42AA
:1012B0007FF4A5AC244B1A78244B1A70FFF758F82A
:1012C000FFF776F8224B01221D70224B6EE7224B6E
:1012D000197800293FF42AAF0829A0D009297FF402
:1012E000E8A9164B00221A70154A164B12785B7843
:1012F000002A3FF484ACB4F5807F28BF00249C42D0
:101300007FF47DAC114BFF2250E7134A1378012B79
:101310007FF675AC013B1370FFF7CBB90E4A13781B
:10132000012BF7D8FF2C98BF02344FF0050394BF70
:10133000E4B202243B701470FFF7BBB93D030020F8
:1013400000000020010000201602002006000020FE
:10135000310300200C0000202D0300206F4B2DE9ED
:10136000F74F1B786E4F3C78002B40F0AA80002C82
:1013700040F0A7806B4B6C4D1B786C4EFF2B00F040
:10138000B6806B4B1A78DAB16A481C70042100F001
:10139000C4FB694A694B117819805178598091785A
:1013A000D2789980DA80664B664804221A80664BB0
:1013B00007211C8000F0ADFD33682B6001233B70DA
:1013C000D6F800A02B68AAEB0303012B57D95F497D
:1013D0000B88002B53D05E4ADFF894B114681BF8D9
:1013E0000490B9F1000F7DD05A4830F814000190F4
:1013F000594890F80080B8F1000F14D04FF0000C5D
:10140000013B01340B8080F800C0BCEB040303F007
:101410001F0304F01F0458BF5C4214604F4A138836
:10142000013313802BE04E4B42481B5D0093042197
:1014300000F073FB424BDFF804C1A3F80080009B6F
:10144000DFF830E15A1E4FF4967043469A423BDA79
:10145000B8F1000F02D03A4B009A1A803A4B394843
:10146000002207211A8009F1FF3900F052FD3D4AA0
:101470000BF8049001231370C5F800A03B7033688B
:101480002A689B1AB3F57A7F1BD90421294800F0FA
:1014900044FB354A294B117819805178598091784D
:1014A000D278DA809980264B04221A80264B254870
:1014B000002207211A8000F02CFD33682B600123E5
:1014C0003B7003B0BDE8F08F01995918B1FBF0F8FB
:1014D00000FB18114FF001081EF801102CF8131032
:1014E0000133B3E7013B01340B8063428FE733687C
:1014F0002A689B1AB3F57A7FE3D904210D4800F0DE
:101500000CFB1A4A0D49234612F8010B21F813006F
:1015100001330C2BF8D10A4A1380C7E73D030020A2
:101520003C0300200600002034030020680900204E
:10153000310300200004004828020020FC040020A1
:10154000F804002000380140FA0400206C04002058
:1015500070040020B80400203003002008000020A0
:10156000980400202F0300202402002018020020ED
:1015700078040020400300200D4B0E4A19681368C0
:10158000CB1A012B10B511D972B60B48002303609A
:101590000A4803600A484FF48074048009480380B5
:1015A00062B60948116003700848037010BD00BF9F
:1015B0006809002038030020580700205C0700203D
:1015C0000A000020540700202E0300203D030020C5
:1015D0004B4B1B782DE9F347002B00F08E80494BD5
:1015E00093F80090B9F1FF0F00F08780464A138806
:1015F000002B00F082804549DFF830810F68B8F891
:101600000050434E013B13807B1C5A4202F01F02E4
:1016100003F01F0358BF53420B603E4B4FF49674C8
:1016200001A81B88ADF804305021FEF765FEB5FB1C
:10163000F4F304FB13539BB250224946F254FEF7D5
:101640005BFE6B1C9BB2B3FBF4F204FB12339BB248
:1016500006F80390DFF8D89099F800A05146FEF7FD
:101660004BFEAB1C9BB2B3FBF4F204FB12339BB2F8
:10167000012106F803A00AF1010A89F800A0FEF78B
:101680003BFEEB1C9BB2B3FBF4F204FB12339BB2A8
:101690000122F254204B93F800904946FEF72CFEAD
:1016A0002B1D9BB2B3FBF4F204FB12339BB206F882
:1016B00003906B1D9BB2B3FBF4F204FB12339BB29D
:1016C0009DF80420F254AB1D9BB2B3FBF4F204FB73
:1016D00012339BB29DF80520F254EB1DA8F80030A0
:1016E0000E4B23F817500E4B0722DA550D4B1022E4
:1016F000DA550D4A13880133138002B0BDE8F08734
:101700000C000020060000200800002074040020C7
:1017100040030020B424000807000020B804002083
:1017200098040020780400206C0400203E03002070
:1017300017020020064BD3F80028013207D072B6FA
:10174000D3F8002882F30888D3F804381847704784
:10175000002000085A4B1B782DE9F74F002B00F0B2
:10176000AC80584B93F800A0BAF1FF0F00F0A580B1
:10177000554A1388002B00F0A0805449DFF86C8193
:10178000B1F800905249B8F800500F68514E013B33
:1017900013807B1C5A4202F01F0203F01F0358BF44
:1017A00053420B604C4B4FF4967401A81B88ADF864
:1017B00004305021FEF7A0FDB5FBF4F304FB1353F6
:1017C0009BB250225146F254FEF796FD6B1C9BB221
:1017D000B3FBF4F204FB12339BB206F803A0DFF86C
:1017E00010A19AF800B05946FEF786FDAB1C9BB2DB
:1017F000B3FBF4F204FB12339BB2032106F803B0EF
:101800000BF1010B8AF800B0FEF776FDEB1C9BB2E2
:10181000B3FBF4F204FB12339BB20322FB21F2541C
:10182000FEF76AFD2B1D9BB2B3FBF4F204FB1233EF
:101830009BB24FEA192AFB225146F254FEF75CFD97
:101840006B1D9BB2B3FBF4F204FB12339BB25FFA45
:1018500089F9494606F803A0FEF74EFDAB1D9BB281
:10186000B3FBF4F204FB12339BB206F80390EB1DBA
:101870009BB2B3FBF4F204FB12339BB29DF804203D
:10188000F25405F108039BB2B3FBF4F204FB1233EC
:101890009BB29DF80520F25405F10903A8F8003029
:1018A0000E4B23F817500E4B0922DA550D4B102220
:1018B000DA550D4A13880133138003B0BDE8F08F69
:1018C0001002002006000020080000201202002064
:1018D0007404002040030020B4240008B804002051
:1018E00098040020780400206C0400203E030020AF
:1018F0001702002008B5FEF757FCFEF76FFCFEF755
:101900009BFCFEF7B5FCFEF7CFFCFEF7D9FCFEF71B
:10191000EDFCFEF701FDFEF72BFDFEF749FDBDE8EE
:101920000840FEF75FBE00002DE9F0470025DFF814
:1019300048802F462E4644F61F6940F6B73AD8F83D
:101940000040A31BB3F5FA6F02D3FFF741FE264612
:10195000E31B4B4502D9FFF7EDFE2746631B5345BA
:1019600002D9FFF7F7FE2546FEF770FEFFF7F6FCFB
:10197000FFF702FEE3E700BF6809002008B5FFF7A4
:10198000B9FFFFF7D1FF0000044B1A69120641BFEF
:10199000034A5A6002F188325A60704700200240C0
:1019A00023016745024A136943F0800313617047BE
:1019B00000200240014BD860704700BF0020024069
:1019C000074BDA68D10707D4DA68D20606D4D8689C
:1019D000C0F380004000704701207047032070472B
:1019E0000020024010B50446FFF7EAFF012804F189
:1019F000FF3402D1002CF7D1042010BD38B50546C4
:101A00004FF47020FFF7EEFF88B9094C236943F0CB
:101A1000020323616561236943F0400323614FF4AE
:101A20007020FFF7DFFF236923F00203236138BD35
:101A30000020024070B505464FF470200E46FFF7B7
:101A4000D1FF68B9074C236943F0010323614FF4C8
:101A500070202E60FFF7C6FF236923F00103236186
:101A600070BD00BF002002402DE9F0430568C46846
:101A700000264FF0010E4FF003080EFA06F71F4242
:101A80000DD0770008FA07FC01FA07F925EA0C05E2
:101A900024EA0C0402FA07F749EA05053C4301363B
:101AA000102EEAD10560C460BDE8F08301294168C9
:101AB000F0B50CBF194399434FF6FF744160A24241
:101AC000816815D1C46B002201274FF0030C07FA7F
:101AD00002F61E421CBF55000CFA05F502F1010288
:101AE0001CBF29433443102AF1D18160C463F0BD87
:101AF000002401274FF0030C07FA04F51D4207D01C
:101B000065000CFA05F621EA060102FA05F52943FB
:101B10000134102CF0D18160E9E781617047816266
:101B20007047F0B5066A456A00234FF0010C4FF08C
:101B30000F0E0CFA03F4144207D09C000EFA04F7BF
:101B400026EA070601FA04F426430133082BF0D1F4
:101B500000234FF0010C4FF00F0E03F108040CFAB4
:101B600004F4144207D09C000EFA04F725EA070596
:101B700001FA04F425430133082BEED106624562D5
:101B8000F0BD000010B51D4CE36803F4E063B3F54D
:101B9000A06F08D020D8B3F5407F26D0B3F5806F72
:101BA00026D0174BE36002231C46C4F10404A14075
:101BB000C3F104040F23E3401340124A0B431B01FB
:101BC0001118DBB281F800334109012300F01F0036
:101BD000834042F8213010BDB3F5C06F0BD0B3F590
:101BE000E06FDED104230024DFE700230424DCE7D8
:101BF00001230324D9E703230124D6E700ED00E005
:101C00000005FA0500E100E021F06041034B21F0FE
:101C10007F0101439960BFF34F8F704700ED00E0F3
:101C2000830903F1804303F5043300F01F001968B2
:101C3000012282400A431A607047830903F18043FE
:101C400003F5043300F01F001A680121814022EAE5
:101C500001021A607047FFF7E3BFFFF7EEBF000015
:101C6000F0B55D4B89B0054604AC03F110061F4684
:101C700018685968224603C20833B3421446F7D1A4
:101C8000716838696B4603C303C354494B68C3F397
:101C90008103022B44D14A684868CB6A0601C2F32B
:101CA00083424FEAD37334D4002B30D102324B68D5
:101CB000C86ADC0332D5CB6A400003F00F0354BF7F
:101CC000474848480133B0FBF3F35A434B68C3F32A
:101CD000031320336B4413F8104C4B68C3F30223F7
:101CE00020336B4422FA04F413F8206C4B68C3F3DE
:101CF000C22320336B4413F8183C24FA03F0062D5A
:101D000010D8DFE805F06412141017464F00213296
:101D1000CDE70BB91132CAE73132C8E7324BD4E70D
:101D20002F4AD3E7002009B0F0BD2046FBE724FA94
:101D300006F0F8E70B6BDA0507D40B6B2B4813F4AE
:101D4000803F2B4B08BF1846EDE74A680B6BC2F388
:101D50008132022A4FEAD3730FD0032A14D0012A0A
:101D600006D00BB94008DEE70320B4FBF0F0DAE759
:101D70000BB98008D7E70520F7E71BB90623B0FBAE
:101D8000F3F0D0E70720F0E70BB9C008CBE7092054
:101D9000EBE70B6B13F0400F48F2120018BF4FF443
:101DA0000040C0E70B6B9B07BDD00B6B03F0030338
:101DB000012B0CD00B6B03F00303022B09D00B6B30
:101DC000074803F00303032B18BF0020ABE71046BE
:101DD000A9E74FF40040A6E7B6240008001002402F
:101DE00000127A00006CDC0200093D00003FAB01EC
:101DF000809FD50008B50C4B98420DD003F5744375
:101E0000984210D140F20E30FFF725FF40F20E301D
:101E1000BDE80840FFF721BF40F21140FFF71BFF6C
:101E200040F21140F4E708BD0044004038B5134BC0
:101E3000984204460D4618D003F57443984216D1D3
:101E40000620FFF70DFF226812044FEA550310D554
:101E500003EB4003B3FBF5F1C1F3420321F00F01A3
:101E60000904090C0B43E36038BD0220E9E70020B8
:101E7000E9E70344B3FBF5F39BB2F4E70044004009
:101E8000036823F001030360036823F4C063036065
:101E900003680B4303607047036823F0010303608A
:101EA000036823F48053036003680B4303607047A7
:101EB000036823F001030360436823F44053436045
:101EC00043680B4343607047036843F001030360BA
:101ED0007047036823F00803036003680B43036043
:101EE0007047036823F00403036003680B43036037
:101EF0007047C1F3080181627047406AC0F308006F
:101F00007047026A01F01F0101238B4013430362F3
:101F100070478A0910B501F01F01145801238B4046
:101F20002343135010BD10B58C090122235801F032
:101F30001F018A4023EA0203235010BDC1F3891315
:101F400010B51C588B0D1A58C1F30440012303FA35
:101F500000F0104006D001F01F018B40234214BF57
:101F60000120002010BD0000084B994206D1D0F896
:101F7000D03023F40043C0F8D0307047026AC1F378
:101F8000044101238B4013430362704709340F342B
:101F9000DFF830D0002103E00B4B5B584350043195
:101FA0000A480B4B42189A42F6D30A4A02E0002331
:101FB00042F8043B084B9A42F9D300F011F8FFF7BE
:101FC000DDFC704710020020E02600080000002021
:101FD00010000020100200206C090020FEE7000025
:101FE0007E4BDA6902F00602062A82B047D0DA692F
:101FF000900444D57A4A7B4959605A6099609A6046
:102000001A6942F020021A611A6942F040021A610C
:10201000DA68D107FCD41A6922F020021A611A6921
:1020200042F010021A61DA6912F0060F6E4A40F0AF
:10203000C780A5231380694B6B4AD969090A01F04F
:10204000DF015180D969C1F307419180D969090E37
:10205000D180196AC9B21181196AC1F3072151816E
:10206000DA68D207FCD41A6922F010021A611A69E0
:1020700022F400721A611A6942F080021A615B4A06
:10208000D2F8883043F47003C2F88830584B1A688D
:1020900042F001021A601A689007FCD55A6842F0B3
:1020A00080025A6000220192019A4F2A40F29080E9
:1020B0005A6842F090025A6000220192019A4F2A17
:1020C00040F289805A6822F003025A601A6822F0AE
:1020D000867222F480321A605968464A0A405A6071
:1020E0005A6822F0084222F474125A60DA6A22F026
:1020F000404222F00F02DA621A6B22F4817222F05F
:1021000001021A631A6B22F480321A631A6B22F0EE
:1021100000421A635A6B22F001025A63D3F8C020BE
:1021200022F48032C3F8C02000229A60C3F8CC2089
:102130001A6842F480321A604FF400621968890309
:1021400001D4013AFAD11A68900333D55A685A601B
:102150005A6842F400525A605A6842F480625A60E7
:102160005A6822F0036222F470225A60DA6A22F07E
:10217000404222F00F02DA625A6842F0016242F4F1
:1021800080325A60DA6A42F00102DA62DA6ADA62AE
:102190001A6842F080721A601A689101FCD55A6878
:1021A00022F003025A605A6842F002025A605A68EA
:1021B0001207FCD500214FF0006002B0FFF724BDEC
:1021C000DB6903F00603022B7FF435AFBB2331E755
:1021D000019A013267E7019A01326EE7002002405E
:1021E000AB89EFCD2301674500F8FF1F00ED00E04C
:1021F000001002400C00FF082DE9F047089D0C4636
:10220000002B4ED194468C458646B2FA82F262D9B2
:102210004AB1C2F12003914020FA03F30CFA02FC08
:10222000194300FA02FE4FEA1C471FFA8CF6B1FB75
:10223000F7F44FEA1E4307FB141143EA014304FB82
:1022400006F199420AD91CEB030304F1FF3080F038
:102250001381994240F21081023C6344591A1FFADB
:102260008EF3B1FBF7F007FB101143EA014300FBCB
:1022700006F69E420AD91CEB030300F1FF3180F001
:10228000FD809E4240F2FA80634402389B1B40EA84
:10229000044000211DB1D3400022C5E90032BDE851
:1022A000F0878B4205D90DB1C5E900010021084630
:1022B000F5E7B3FA83F1002946D1A34202D3904255
:1022C000C0F0F180861A64EB03030120002DE6D0F4
:1022D000C5E90063E3E7002A40F09180A1EB0C041C
:1022E0004FEA1C481FFA8CF70121B4FBF8F64FEABD
:1022F0001E4308FB164443EA044307FB06F09842DA
:1023000008D91CEB030306F1FF3402D2984200F215
:10231000CE8026461C1A1FFA8EF3B4FBF8F008FB99
:10232000104443EA044300FB07F79F4208D91CEB23
:10233000030300F1FF3402D29F4200F2B180204635
:10234000DB1B40EA0640A5E7C1F120068B4022FADC
:1023500006F71F4320FA06FC04FA01F343EA0C03D4
:10236000F44000FA01F8380C4FEA1349B4FBF0FED0
:102370001FFA87FC00FB1E4449EA04440EFB0CF9DB
:10238000A14502FA01F20AD93C190EF1FF3A80F098
:102390008580A14540F28280AEF1020E3C44A4EB60
:1023A00009041FFA83F9B4FBF0F300FB134449EA74
:1023B000044403FB0CFCA44507D93C1903F1FF308E
:1023C00068D2A44566D9023B3C4443EA0E40A0FBD8
:1023D0000293A4EB0C049C42CE469C4652D34FD0B1
:1023E00055B1B8EB0E0364EB0C0404FA06F6CB40CF
:1023F000CC401E43C5E900640021BDE8F087C2F16E
:10240000200320FA03F10CFA02FC24FA03F39440AF
:102410000C434FEA1C4800FA02FE1FFA8CF7B3FB8C
:10242000F8F008FB1031230C43EA014300FB07F1ED
:10243000994208D91CEB030300F1FF362CD29942D4
:102440002AD9023863445B1AA4B2B3FBF8F108FB43
:10245000113344EA034401FB07F3A34208D91CEB00
:10246000040401F1FF3613D2A34211D902396444A6
:10247000E41A41EA004138E70446EFE6084605E77A
:10248000C845ADD2B9EB020E63EB070C0138A7E7E4
:102490003146EDE7034698E73046D4E7D6467EE777
:1024A000634402384CE70646234608460EE7023EE0
:1024B00063442FE7FFFF000000000000000001025E
:1024C000030406070809000000000102030400C01D
:1024D000C101C30302C2C60607C705C5C404CC0CAC
:1024E0000DCD0FCFCE0E0ACACB0BC90908C8D8181C
:1024F00019D91BDBDA1A1EDEDF1FDD1D1CDC14D42C
:10250000D515D71716D6D21213D311D1D010F0305B
:1025100031F133F3F23236F6F737F53534F43CFC6B
:10252000FD3DFF3F3EFEFA3A3BFB39F9F83828E81B
:10253000E929EB2B2AEAEE2E2FEF2DEDEC2CE424EB
:1025400025E527E7E62622E2E323E12120E0A0605B
:1025500061A163A3A26266A6A767A56564A46CAC2B
:10256000AD6DAF6F6EAEAA6A6BAB69A9A86878B89B
:10257000B979BB7B7ABABE7E7FBF7DBDBC7CB474AB
:1025800075B577B7B67672B2B373B17170B050905B
:1025900091519353529296565797559594549C5CEB
:1025A0005D9D5F9F9E5E5A9A9B5B9959589888489B
:1025B00049894B8B8A4A4E8E8F4F8D4D4C8C44846B
:1025C000854587474686824243834181804000C1DA
:1025D000814001C0804101C0804100C1814001C0F3
:1025E000804100C1814000C1814001C0804101C0E3
:1025F000804100C1814000C1814001C0804100C1D3
:10260000814001C0804101C0804100C1814001C0C2
:10261000804100C1814000C1814001C0804100C1B2
:10262000814001C0804101C0804100C1814000C1A2
:10263000814001C0804101C0804100C1814001C092
:10264000804100C1814000C1814001C0804101C082
:10265000804100C1814000C1814001C0804100C172
:10266000814001C0804101C0804100C1814000C162
:10267000814001C0804101C0804100C1814001C052
:10268000804100C1814000C1814001C0804100C142
:10269000814001C0804101C0804100C1814001C032
:1026A000804100C1814000C1814001C0804101C022
:1026B000804100C1814000C1814001C0804100C112
:1026C000814001C0804101C0804100C181400000C3
:0426D000F8B500BF9A
:0426D400F8B500BF96
:0826D80020FBFF7F0100000060
:1026E00001FFFF00FFFFFFF22000000101000000DA
:0400000508001F913F
:020000040800F2
:1028000060030020419600088D9600088D96000810
:102810008D9600088D9600088D9600080000000037
:102820000000000000000000000000008D9600087D
:102830008D960008000000008D960008CD29000844
:10284000000000008D9600088D9600088D96000807
:102850008D9600088D9600088D9600088D960008CC
:102860008D9600088D960008818800088D960008D6
:102870008D9600088D9600088D9600088D960008AC
:102880008D9600088D960008000000008D960008C7
:102890008D9600088D9600088D9600088D9600088C
:1028A0008D9600088D9600088D960008052C00086E
:1028B0008D960008000000008D96000800000000C2
:1028C0008D960008000000008D9600088D96000887
:1028D0008D960008000000000000000000000000CD
:1028E00000000000000000008D96000800000000BD
:1028F00000000000000000000000000000000000D8
:102900008D96000800000000000000008D96000871
:1029100000000000000000000000000000000000B7
:1029200000000000000000000000000000000000A7
:102930000000000000000000000000000000000097
:102940000000000000000000000000008D9600085C
:1029500053B94AB9002908BF00281CBF4FF0FF3106
:102960004FF0FF3000F00CB8ADF1080C6DE904CE6B
:1029700006F09AFFDDF804E0DDE9022304B07047B9
:10298000704700BF074B591E1A5C095C41EA0221DF
:102990009A1E033B125C185C42EA012240EA0220C4
:1029A000704700BFD50500204FF0E023054A5A616B
:1029B000054AF02182F8231000229A6107221A6149
:1029C000704700BF1E48010000ED00E0024A136896
:1029D00001331360704700BF0C0D0020F8B5144B95
:1029E0006FF03A02D3F8E017D3F8AC07D3F8B0672A
:1029F000D3F8B4774FF6FF73FFF7AAFF38461446B3
:102A00001D466FF03A024FF6FF733146FFF7A0FF05
:102A1000084862406B400021013100F8012B062973
:102A20004FEA122242EA03624FEA1323F4D1F8BDBF
:102A300000F0FF1F040D002008B503494FF00060AF
:102A400006F0DAF962B608BD0028000810B50C4C93
:102A500040F2125006F0DCF9204640230322002108
:102A600006F010F9204600220221402306F0E8F883
:102A700020464022BDE81040002106F04AB900BFC0
:102A80000004004810B50C4C40F2125006F0C0F99A
:102A9000204680230322002106F0F4F8204600227D
:102AA0000221802306F0CCF820468022BDE81040A9
:102AB000002106F02EB900BF0004004808B500222E
:102AC0001B20114606F056F9BDE8084040F20E60A2
:102AD00006F09EB910B5094C40F2125006F098F974
:102AE000204604230322002106F0CCF820460423CC
:102AF000BDE810400022012106F0A2B80004004801
:102B00000148042106F0F7B800040048037810B526
:102B10005940044C044B5A5C4378615C42704B4012
:102B2000037010BDB0A70008B0A6000873B5124C22
:102B30002246552102F8011B104908688988C4F80B
:102B4000010091800122227262720D4A00251288D2
:102B5000E571ADF80420264614F8011B01A80135E3
:102B6000FFF7D4FF0A2DF7D19DF80430B3729DF81A
:102B70000530F37202B070BDBE050020040D0020C8
:102B8000649B000837B50C4B0C4C1D780C4B6570E2
:102B90001B88ADF804305F2101A82170FFF7B6FF54
:102BA0002946FFF7B3FF9DF80430A3709DF8053068
:102BB000E37003B030BD00BF56010020CE050020F9
:102BC000649B000837B50C4B0C4C1D780C4B6570A2
:102BD0001B88ADF80430332101A82170FFF796FF60
:102BE0002946FFF793FF9DF80430A3709DF8053048
:102BF000E37003B030BD00BF56010020CA050020BD
:102C0000649B0008F8B56549654806F0EFFC064688
:102C100040B1634840F2017106F0CBFC5F49604867
:102C200006F0FAFC5F495E4806F0E0FC074640B15A
:102C30005B4840F2027106F0BCFC5A49584806F065
:102C4000EBFC5949564806F0D1FC054640B15448C2
:102C500040F2037106F0ADFC5349514806F0DCFC2C
:102C600052494F4806F0C2FC044640B14C484FF46C
:102C7000E06106F09EFC4D49494806F0CDFC4C4908
:102C8000474806F0B3FCD0B1454840F2037106F066
:102C900090FC4749424806F0BFFC72B6454A002303
:102CA0001360454A1360454A4FF480711180444ACD
:102CB000138062B6434A1370434A137005E03E43E3
:102CC00035432C43E4B2002CE7D14049344806F0A8
:102CD0008DFC10B3394A1388DBB1374930480C6892
:102CE000013B1380631C5A42D2B2DBB258BF53423D
:102CF0000B6006F05AFC364B23F81400324B0122CD
:102D00001A70344B1A68344B1A602D4A13880133F9
:102D100013802E49224806F07FFC3049204806F0F7
:102D200065FCC0B12E4D2F4B2C881B88A34225D9A2
:102D30004FF49672B4FBF2F302FB13439BB22A4AA0
:102D4000174832F81310013406F02BFC2C8023496D
:102D5000134806F061FC2549114806F047FCD8B13C
:102D60000F48062106F037FC2148042105F0C3FF77
:102D7000BDE8F8401D490A4806F04EBC0848072146
:102D800006F029FC0648062106F01BFC0E4A00232B
:102D90001370184A1370DAE7F8BD00BF000201078C
:102DA0000038014000020207000203070800000784
:102DB00005000307FC0A0020000B00205A01002038
:102DC000F80A0020D4060020E106002005000507CF
:102DD000040B00200C0D0020DC0600200700070774
:102DE0009E0800209C080020A0080020060006077E
:102DF00000040048E006002010B5174C204606F0FD
:102E000051FB2046042106F0C4FB2046082106F0B1
:102E1000B8FB2046052106F0D4FB20464FF4007194
:102E200006F0CFFB2046082106F0CBFB20460B49DD
:102E300006F054FB2046002106F086FB20460021C8
:102E400006F08EFB2046002106F072FB2046BDE80E
:102E5000104006F091BB00BF0038014040420F0017
:102E60002DE9F04F9A4B1A8885B0002A31D072B6FE
:102E70001A88013A1A8062B69648974F01684B1C2F
:102E80005A42D2B2DBB258BF53420360934B33F87D
:102E900011403B78002B58D1FF2C14D8AA2CE1B25A
:102EA0001AD18F49032008708E498F480B708F49C3
:102EB0000B708F4B01221A70FF233A70037043701E
:102EC0002146FFF723FE72B68A4A13880133138026
:102ED00062B605B0BDE8F08FCC290FD102223A705E
:102EE0007F4A13707F4A80481370804A1370804B6A
:102EF00001221A70FF2303704370E2E7AF2901D16A
:102F00000322ECE7A02901D10422E8E7552905D1E5
:102F100005223A70724A0B201070E3E7332904D17E
:102F200005223A7003206E4AF6E75F2906D1052391
:102F30003B706B4B03221A700023D3E75029C2D198
:102F400006233B700222664BF5E7013B052BBAD8FE
:102F5000DFE813F00E076307A5060600890792074E
:102F60005F4D2978B9B9644BFF2C1E7809D95E48AA
:102F7000FFF7CCFD16B15E4B00221A7001232B70B7
:102F8000A1E7E4B258482146FFF7C0FDA642F5D0BC
:102F9000FF2CF3D0EFE70139082994D801A353F8A7
:102FA00021F000BFC92F0008E12F0008C72E00083C
:102FB000C72E0008C72E0008C72E00080B300008D7
:102FC000153D000841300008B4F5807F4B4B464862
:102FD00028BF0024E1B21970FFF798FD0223CEE765
:102FE000FF2C424B08D900213F481970FFF78EFD96
:102FF0003B4B08221A7066E7E1B23B481970FFF7B5
:1030000085FD002CF4D00723B9E736480378B4F5E2
:10301000807F28BF0024FF22B3FBF2F21A44013361
:10302000DDB2E1B202F0FF02354C05702E48A1542A
:10303000FFF76CFD2D4B1B78AB427FF444AFD7E715
:10304000304B2B4A00261E701278274B5B780AB350
:10305000B4F5807F28BF34469C421BD1234B2749BF
:103060001A78294B91F80080B3F9003062B14345DA
:103070000AD0DFF8A090224D99F80030297883F02B
:10308000010051B9002847D1204B01221A701E4B74
:10309000A3F8008000233B7015E7022940F08281ED
:1030A0000028F1D0062AEFD96B78013BDBB2052B63
:1030B000EAD80C225343AA781549003A18BF0122D6
:1030C0000320CC18CA54FFF75DFC26726060DBE772
:1030D000F80A0020FC0A0020D4060020040B00207F
:1030E000D3060020D206002051010020D106002086
:1030F000500100205A01002056010020BC0500208C
:10310000D2050020E106002054010020D70600204F
:103110006C0500205C010020022AB5D96E78013EC2
:10312000F4B2052CB0D8AB789BB99B4A182303FBAB
:1031300006F15018515C807D0028A5D10029A3D04C
:103140007343D118D054954B1B680B61C1E9020041
:103150009AE7012B40F0E6808F4D1823734305EB6F
:103160000309062A99F816B0D9F80C4015F803A0FF
:103170006DD90320FFF706FCBBF1000F55D1BAF162
:10318000000F52D1002C50D1844B99F814C01A680A
:1031900029462B46A64214D093F814E0E64510D1F8
:1031A00093F816E0BEF1000F0BD193F80090D3F81E
:1031B0000CA0B9F1000F3DD0C3E902EE83F800E0A6
:1031C0001A610134062C03F11803E3D10CF1FF332B
:1031D000DBB2B3FBF4FE04FB1E33714C4FF00C0E5C
:1031E000DBB20EFB03434FF000095C68A6468B7D03
:1031F0004BB90B783BB90B7D634504D10B69D31AEE
:103200009E4528BF9E4609F10109B9F1060F01F15B
:103210001801ECD174454FF0180311D87343E91825
:103220000024C1E903420122EA54182303FB065398
:10323000986029E7BAF1000FC3D0C3E90299C0E74B
:1032400003FB0653A4EB0E04C3E90342EDE7BBF115
:10325000000F54D1BAF1000F51D1002C4FD14F4B78
:1032600099F814001A6829462B46A64214D093F800
:1032700014C0844510D193F816C0BCF1000F0BD1D7
:1032800093F800E0D3F80C90BEF1000F3DD0C3E9F5
:1032900002CC83F800C01A610134062C03F1180334
:1032A000E3D1431EDBB2B3FBF4FC04FB1C333C4C08
:1032B0004FF00C0CDBB20CFB03434FF0000E5C68CC
:1032C000A4468B7D4BB90B783BB90B7D834204D16F
:1032D0000B69D31A9C4528BF9C460EF1010EBEF126
:1032E000060F01F11801ECD164454FF0180312D814
:1032F0007343E9180020C1E903020122EA541823AC
:1033000003FB06556B68AB60BEE6B9F1000FC3D096
:10331000C3E902EEC0E703FB0653A4EB0C04C3E9C8
:103320000342ECE7022B0DD1062A7FF6ADAE032057
:10333000FFF728FB184B182202FB043358600022C9
:103340005A75A1E6032B7FF49FAE144BEE78D3F8A9
:1033500000C0114B00211A468C420DD0187DB0429E
:103360000AD1987D40B91D78D3F80CE075B1C3E956
:1033700002001870C3F810C00131062903F11803C8
:10338000EAD1182303FB04231E75D8E7BEF1000F12
:10339000F2D0C3E90255EFE7C00000200C0D002079
:1033A0006C050020032940F0FE8000283FF46CAE3D
:1033B0000E2A6C787FF468AE631EDBB20B2B3FF6EF
:1033C00063AEA84903EB430301EB43014FEA430C0F
:1033D0000E46002002234FF0FF0EEA5C06F8012B98
:1033E00001300133062893FBFEF2C2EB0222A3EB6D
:1033F0000203F2D19C4A6244944600264FF0FF0E2D
:10340000E85C0CF8010B01360133062E93FBFEF04D
:10341000C0EB0020A3EB0003F2D1944D03232B70EB
:103420006C70022300200E2411F8016BEE54013061
:103430000133062893FBF4F604FB1633F4D1002184
:103440000E2612F8010BE85401310133062993FBD3
:10345000F6F006FB1033F4D1854B93F800B0BBF1C6
:10346000FF0F00F09C80834A1388002B00F09780A8
:103470008148DFF83C92D0F800A0013B13800AF1AC
:103480000102514201F01F017C4B02F01F0258BFA4
:103490004A4202607A4A1D881288ADF80C204FF427
:1034A000967403A85021FFF731FBB5FBF4F204FB3F
:1034B000125292B2502109F802105946FFF726FB2A
:1034C0006A1C92B2B2FBF4F104FB112292B209F829
:1034D00002B0DFF8E0B19BF800100091FFF716FB97
:1034E000AA1C92B2B2FBF4FC04FB1C22009992B21B
:1034F00009F8021001318BF800100E21FFF706FBCE
:10350000EA1C92B2B2FBF4F104FB112292B205F173
:10351000040B09F8026005F11206544A1FFA8BFBEE
:10352000B6B212F8011B03A8CDE90012FFF7EEFABC
:10353000BBFBF4F004FB10B00BF1010B80B21FFADF
:103540008BFB009909F800105E45019AE9D1B6FBA2
:10355000F4F204FB1266B6B29DF80C2009F80620BE
:1035600005F1130292B2B2FBF4F104FB112292B204
:103570009DF80D10414B09F8021005F114021A8054
:10358000404A22F81A50404A142102F80A103F4AD1
:10359000102102F80A103E4A1388013313803D4B74
:1035A00001221A7070E504291FD100283FF46CAD88
:1035B000022A7FF469AD384B69781970374B0022C5
:1035C00011299A7583F82E2083F8462083F85E200F
:1035D00083F8762083F88E204FF0010228D19A7567
:1035E00083F8762083F88E2027E0F2390D293FF604
:1035F0004BAD01A050F821F0B93600088930000821
:1036000071370008A13900088930000889300008A6
:103610008930000889300008C1370008873C00085D
:103620008930000889300008893000082B390008EB
:10363000202910D19A7583F82E20194A002313707F
:1036400053709370D370174AFF211170164A13708C
:10365000164A1370A3E72129EFD19A7583F82E201B
:10366000BEE700BF2D00002075000020BF04002031
:10367000560100205801002018080020E206002012
:10368000649B00085C0800203C0800201C08002007
:103690001008002065030020BD040020C0000020A9
:1036A000B90400202C000020B8040020B70400203A
:1036B000E4060020BD050020422A7FF6E5ACA24EBC
:1036C0004FF0000A01244FF0FF0B2B5D003B18BFA9
:1036D00001233370601C90FBFBF3C3EB0323C01A80
:1036E000FFF750F90AF1010A0534BAF1060F94FB0D
:1036F000FBF3C3EB03237060A4EB030406F10C0699
:10370000E3D1924B924E1B68009306F1900A4FF062
:10371000FF0BA31C93FBFBF1C1EB01215B1AB17DF5
:1037200051B9295D0193003918BF01211846317044
:10373000FFF728F9019BB060611C91FBFBF0C0EB27
:103740000020091A1846695C3175FFF71BF9009BC8
:103750003361706018360634564594FBFBF3C3EBB7
:103760000323A4EB0304D4D1002389F800308BE4B5
:1037700000227848114601320C2A017200F10C0037
:10378000F9D1754A1170754A1170002B7FF47CAC29
:103790006F4A537582F82D3082F8453082F85D30DB
:1037A00082F8753082F88D30674A1372137582F88B
:1037B000203082F82C3082F8383082F8443063E4CC
:1037C000012A3FF461AC6A786549664BB2F1000AA0
:1037D00018BF4FF0010A81F800A0634983F801A0E7
:1037E00091F800B0BBF1FF0F3FF44EAC5F48018889
:1037F00000293FF449AC5E4C5E4BD4F800901D8824
:103800005D4E0139018009F10101484200F01F00BD
:1038100001F01F0158BF4142216058490988ADF8A5
:103820000C104FF4967403A85021FFF76FF9B5FB05
:10383000F4F104FB115189B24FF0500C06F801C0AD
:103840005946FFF763F9691C89B2B1FBF4FC04FB2C
:103850001C1189B206F801B0DFF840B19BF80010E6
:103860000091FFF753F905F1020C1FFA8CFCBCFB29
:10387000F4FE04FB1ECC00991FFA8CFC06F80C1019
:1038800001318BF800100221FFF740F9E91C354B9C
:1038900089B2B1FBF4FC04FB1C1193F800B089B2AF
:1038A0004FF0020C06F801C05946FFF72FF92B1D07
:1038B0009BB2B3FBF4F104FB11339BB2514606F803
:1038C00003B0FFF723F96B1D9BB2B3FBF4F104FBCC
:1038D00011339BB206F803A0AB1D9BB2B3FBF4F20D
:1038E00004FB12339BB29DF80C20F254EB1D9BB2EB
:1038F000B3FBF4F204FB12339BB29DF80D20F2549B
:103900001C4A05F1080313801D4B23F819501D4B69
:10391000082203F809201C4B102203F809201B4A37
:10392000138801331380FFF7AFBB194A00231370CC
:1039300053709370D370174AFF211170164A137099
:10394000064A1370FFF7A0BB6C0500200C0D002089
:10395000C0000020D4040020BE040020B7040020D2
:1039600058040020000000205601002058010020CB
:1039700018080020E2060020E4060020649B0008EE
:103980005C0800203C0800201C08002010080020D3
:10399000B90400202C000020B8040020BD05002040
:1039A000CD4B93F800B0BBF1FF0F3FF46DABCB4AAA
:1039B0001388002B3FF468ABC949DFF84CA3D1F85A
:1039C0000090BAF80050C74E013B138009F1010383
:1039D0005A4202F01F0203F01F0358BF53420B600C
:1039E000C14B4FF4967403A81B88ADF80C305021DE
:1039F000FFF78CF8B5FBF4F304FB13539BB2502292
:103A00005946F254FFF782F86B1C9BB2B3FBF4F2F9
:103A100004FB12339BB206F803B0DFF8F0B29BF858
:103A200000100091FFF772F8AB1C9BB2B3FBF4F2ED
:103A300004FB123300999BB2F15401318BF8001052
:103A40001321FFF763F8EB1C9BB2B3FBF4F204FB0A
:103A500012339BB21322F521F254FFF757F82B1DB6
:103A60009BB2B3FBF4F204FB12339BB2F5220021AC
:103A7000F254FFF74BF86B1D9BB2B3FBF4F204FB5F
:103A800012334FF0000B9BB2594606F803B0FFF714
:103A90003DF8AB1D9BB2B3FBF4F204FB12339BB2B7
:103AA000B52106F803B0FFF731F8EB1D9BB2B3FB6D
:103AB000F4F204FB12339BB2B5220621F254FFF755
:103AC00025F805F108039BB2B3FBF4F204FB1233B3
:103AD0009BB206220321F254FFF718F805F10903FF
:103AE0009BB2B3FBF4F204FB12339BB203220E2110
:103AF000F254FFF70BF805F10A039BB2B3FBF4F2A3
:103B000004FB12339BB20E226721F254FEF7FEFF34
:103B100005F10B039BB2B3FBF4F204FB12339BB22F
:103B200067226421F254FEF7F1FF05F10C039BB20A
:103B3000B3FBF4F204FB12339BB264223321F25440
:103B4000FEF7E4FF05F10D039BB2B3FBF4F204FBB7
:103B500012339BB24FF0330B322106F803B0FEF75D
:103B6000D5FF05F10E039BB2B3FBF4F204FB123355
:103B70009BB232226621F254FEF7C8FF05F10F0313
:103B80009BB2B3FBF4F204FB12339BB2662259469C
:103B9000F254FEF7BBFF05F110039BB2B3FBF4F246
:103BA00004FB12339BB2594606F803B0FEF7AEFF92
:103BB00005F111039BB2B3FBF4F204FB12339BB289
:103BC000302106F803B0FEF7A1FF05F112039BB206
:103BD000B3FBF4F204FB12339BB230226B21F2549C
:103BE000FEF794FF05F113039BB2B3FBF4F204FB61
:103BF00012339BB26B223821F254FEF787FF05F196
:103C000014039BB2B3FBF4F204FB12339BB23822D1
:103C10007521F254FEF77AFF05F115039BB2B3FB51
:103C2000F4F204FB12339BB275223621F254FEF7F4
:103C30006DFF05F116039BB2B3FBF4F204FB1233E4
:103C40009BB23622F25405F117039BB2B3FBF4F298
:103C500004FB12339BB29DF80C20F25405F11803BB
:103C60009BB2B3FBF4F204FB12339BB29DF80D2020
:103C7000F25405F11903AAF800301C4B192223F85D
:103C800019501B4B45E6BFF34F8F1A491A4BCA68B0
:103C900002F4E0621343CB60BFF34F8FFEE7174B94
:103CA0001978A9BB0C4BFF2C1D7805D91448FEF7D9
:103CB0002DFF65B9FFF79CB9E4B211482146FEF724
:103CC00025FFA5423FF494A9FF2C3FF491A90D4B89
:103CD00000221A70FFF78CB956010020580100200D
:103CE00018080020E4060020649B00085C080020FF
:103CF0003C08002000ED00E00400FA05D306002097
:103D00005101002050010020E2060020BD050020E6
:103D100008290ED1604BB4F5807F1B7828BF0024A2
:103D20009C421EBF5D4B00221A705D4B0922FFF7BB
:103D300061B909297FF4C7A85A4B584900221A7063
:103D40000978554B5B7800293FF4A4A9B4F5807F2E
:103D500028BF14469C427FF49DA9534B1978002933
:103D60003FF498A95149012008701A70FFF792B9E1
:103D70004B4D2B78032B1FD14D4E4E4B3778464879
:103D80000621B7FBF1F201FB1272D2B2B4F5807FCB
:103D90009B5C28BF0024E1B28B421EBF3F4B002238
:103DA0001A70FEF7B3FE7B1CDBB2062B33707FF478
:103DB0008AA80023FFF7E3B863B9B4F5807F3E4BD0
:103DC000354828BF0024E1B21970FEF79FFE082392
:103DD000FFF7D5B8082B9DD0092B7FF474A8314B81
:103DE0002E4A00251D7012782B4B5B78002A3FF479
:103DF00051A9B4F5807F28BF2C469C427FF44AA984
:103E00002D4B1A782D4B1A70FEF7BCFEFEF7DAFE2A
:103E10002B4B01221D702B4BA7E7214B1978002952
:103E20003FF440AF082907D11B4BB4F5807F1B78C6
:103E300028BF0024A34274E709297FF444A8194B42
:103E400000221A70154A144B12785B78002A3FF44E
:103E500021A9B4F5807F28BF00249C427FF41AA9D1
:103E6000164BFF2281E70E4A1378012B7FF612A929
:103E7000013B1370FFF727B8094A1378012BF7D8D5
:103E8000FF2C98BF02344FF0050394BFE4B2022424
:103E90003B701470FFF717B851010020500100204B
:103EA000D3060020E1060020D5060020D60600201B
:103EB000D2060020040D0020BC0500205601002081
:103EC000D70600205C0100206F4B2DE9F74F1B78CF
:103ED0006E4F3C78002B40F0AA80002C40F0A78069
:103EE0006B4B6C4D1B786C4EFF2B00F0B6806B4B10
:103EF0001A78DAB16A481C70042104F0FAFE694AA3
:103F0000694B11781980517859809178D2789980CD
:103F1000DA80664B664804221A80664B07211C80B3
:103F200005F04FFB33682B6001233B70D6F800A0EF
:103F30002B68AAEB0303012B57D95F490B88002B91
:103F400053D05E4ADFF894B114681BF80490B9F1BD
:103F5000000F7DD05A4830F814000190594890F86D
:103F60000080B8F1000F14D04FF0000C013B013479
:103F70000B8080F800C0BCEB040303F01F0304F0C7
:103F80001F0458BF5C4214604F4A138801331380EA
:103F90002BE04E4B42481B5D0093042104F0A9FE28
:103FA000424BDFF804C1A3F80080009BDFF830E14A
:103FB0005A1E4FF4967043469A423BDAB8F1000F0E
:103FC00002D03A4B009A1A803A4B39480022072116
:103FD0001A8009F1FF3905F0F4FA3D4A0BF8049014
:103FE00001231370C5F800A03B7033682A689B1A40
:103FF000B3F57A7F1BD90421294804F07AFE354AAB
:10400000294B11781980517859809178D278DA80CB
:104010009980264B04221A80264B2548002207212E
:104020001A8005F0CEFA33682B6001233B7003B091
:10403000BDE8F08F01995918B1FBF0F800FB181199
:104040004FF001081EF801102CF813100133B3E7EC
:10405000013B01340B8063428FE733682A689B1A67
:10406000B3F57A7FE3D904210D4804F042FE1A4AE1
:104070000D49234612F8010B21F8130001330C2BD4
:10408000F8D10A4A1380C7E7E1060020E0060020C5
:1040900056010020D80600200C0D0020D706002075
:1040A00000040048CE050020A00800209C08002045
:1040B000003801409E08002010080020140800204D
:1040C0005C080020D6060020580100203C08002093
:1040D000D5060020CA050020BE0500201C080020CF
:1040E000E40600200D4B0E4A19681368CB1A012B09
:1040F00010B511D972B60B48002303600A4803605B
:104100000A484FF4807404800948038062B6094865
:10411000116003700848037010BD00BF0C0D002033
:10412000DC060020FC0A0020000B00205A010020C1
:10413000F80A0020D4060020E10600204B4B1B7833
:104140002DE9F347002B00F08E80494B93F8009047
:10415000B9F1FF0F00F08780464A1388002B00F06A
:1041600082804549DFF830810F68B8F80050434E2F
:10417000013B13807B1C5A4202F01F0203F01F0315
:1041800058BF53420B603E4B4FF4967401A81B88F6
:10419000ADF804305021FEF7B9FCB5FBF4F304FB95
:1041A00013539BB250224946F254FEF7AFFC6B1CEE
:1041B0009BB2B3FBF4F204FB12339BB206F80390FC
:1041C000DFF8D89099F800A05146FEF79FFCAB1C91
:1041D0009BB2B3FBF4F204FB12339BB2012106F84D
:1041E00003A00AF1010A89F800A0FEF78FFCEB1C7E
:1041F0009BB2B3FBF4F204FB12339BB20122F254E4
:10420000204B93F800904946FEF780FC2B1D9BB293
:10421000B3FBF4F204FB12339BB206F803906B1D60
:104220009BB2B3FBF4F204FB12339BB29DF8042063
:10423000F254AB1D9BB2B3FBF4F204FB12339BB2FE
:104240009DF80520F254EB1DA8F800300E4B23F822
:1042500017500E4B0722DA550D4B1022DA550D4A36
:1042600013880133138002B0BDE8F0875C010020A1
:10427000560100205801002018080020E406002004
:10428000649B0008570100205C0800203C080020C7
:104290001C08002010080020E2060020BD050020B8
:1042A00010B540F2115004F0B3FD012303220021A8
:1042B0004FF0904004F0E6FC0123BDE810400022DE
:1042C00019464FF0904004F0BBBC10B540F21150BD
:1042D00004F09EFD0223032200214FF0904004F0E1
:1042E000D1FCBDE810400223002201214FF0904094
:1042F00004F0A6BC10B540F2115004F089FD04236F
:10430000032200214FF0904004F0BCFCBDE81040B7
:104310000423002201214FF0904004F091BC10B51D
:1043200040F2115004F074FD0823032200214FF0E5
:10433000904004F0A7FCBDE81040082300220121B2
:104340004FF0904004F07CBC10B540F2115004F0E6
:104350005FFD4023032200214FF0904004F092FCC7
:10436000BDE810404023002201214FF0904004F0AE
:1043700067BC10B540F2115004F04AFD80230322BF
:1043800000214FF0904004F07DFCBDE810408023F8
:10439000002201214FF0904004F052BCF8B5714B5F
:1043A0001968714B00201C461E781A69D3E9025720
:1043B000002E40F0C98037B18A1ABA4203D90122CF
:1043C0001A70DE6019610130062803F11803EBD181
:1043D00025785DB901214FF0904004F094FC28B19C
:1043E00001214FF09040657504F085FC257E65B98C
:1043F00002214FF0904004F086FC30B102214FF0D2
:10440000904084F82D5004F076FC94F8305065B953
:1044100004214FF0904004F076FC30B104214FF0BD
:10442000904084F8455004F066FC94F8485065B913
:1044300008214FF0904004F066FC30B108214FF0A5
:10444000904084F85D5004F056FC94F8605065B9D3
:1044500040214FF0904004F056FC30B140214FF025
:10446000904084F8755004F046FC94F8785065B993
:1044700080214FF0904004F046FC30B180214FF095
:10448000904084F88D5004F036FC23785BB1012114
:104490004FF0904004F037FC28B9607501214FF0CF
:1044A000904004F026FC237E63B102214FF090403F
:1044B00004F029FC30B984F82D0002214FF090401F
:1044C00004F017FC94F8303063B104214FF09040B1
:1044D00004F019FC30B984F8450004214FF09040F5
:1044E00004F007FC94F8483063B108214FF0904085
:1044F00004F009FC30B984F85D0008214FF09040C9
:1045000004F0F7FB94F8603063B140214FF0904025
:1045100004F0F9FB30B984F8750040214FF0904069
:1045200004F0E7FB94F87830D3B180214FF090404D
:1045300004F0E9FBA0B984F88D008021BDE8F840C3
:104540004FF0904004F0D5BB002D3FF43CAF8A1AE9
:10455000AA427FF638AF0022C3E902221A7031E77F
:10456000F8BD00BF0C0D0020C00000202DE9F04F69
:10457000C94B1B7887B0002B40F0B981C74BDFF8DF
:104580004CB31B780193019A0623B2FBF3F603FBAD
:104590001626F6B2182272430BEB0201487D002862
:1045A00040F0BA80BE4D1BF80220AA700A7DEA7066
:1045B0004A682A71110A6971110C120EEA71B94A1E
:1045C000287092F80080A971701CB8F1FF0F687014
:1045D00000F09D80B4490A88002A00F09880B34C0E
:1045E000B34BDFF8ECA21F88013A0A8022680292DE
:1045F000511C484200F01F0001F01F0158BF41420A
:104600002160AC490988ADF814104FF4967405A8E0
:104610005021FEF77BFAB7FBF4F104FB117189B26C
:104620004FF0500C0AF801C04146FEF76FFA791CB2
:1046300089B2B1FBF4FC04FB1C1189B20AF80180B9
:10464000DFF8908298F800904946FEF75FFAB91CAF
:1046500089B2B1FBF4FC04FB1C1189B20AF8019089
:1046600009F10109082188F80090FEF74FFAF91CBA
:1046700089B2B1FBF4F004FB101189B2082007F1F4
:10468000040907F10C080AF80100029A1FFA89F9D7
:104690001FFA88F815F8011B039205A80291FEF78E
:1046A00035FAB9FBF4F004FB109009F1010980B26E
:1046B0001FFA89F902990AF80010C845039AE9D14E
:1046C000B8FBF4F104FB11881FFA88F89DF8141068
:1046D0000AF8081007F10D0189B2B1FBF4F004FBF0
:1046E000101189B29DF81500714B0AF8010007F10D
:1046F0000E011980704921F8127070490E208854FB
:104700006F49102088546F490A8801320A801822A4
:1047100002FB06B301225A75DFF8BCB10C227243CA
:104720000BEB0201087A002840F0DD80664D1BF893
:104730000220AA704A68EA70110A2971110C120E3F
:10474000AA71584A697192F8008002202870B8F165
:10475000FF0F06F10100687000F0C08052490A881E
:10476000002A00F0BB80514C514BDFF864A11F8838
:10477000013A0A8022680292511C484200F01F0050
:1047800001F01F0158BF414221604A490988ADF834
:1047900014104FF4967405A85021FEF7B7F9B7FB33
:1047A000F4F104FB117189B24FF0500C0AF801C00A
:1047B0004146FEF7ABF9791C89B2B1FBF4FC04FB6E
:1047C0001C1189B20AF80180DFF8088198F800907E
:1047D0004946FEF79BF9B91C89B2B1FBF4FC04FB16
:1047E0001C1189B20AF8019009F10109072188F822
:1047F0000090FEF78BF9F91C89B2B1FBF4F004FBD1
:10480000101189B2072007F1040907F10B080AF813
:104810000100029A1FFA89F91FFA88F815F8011B9E
:10482000039205A80291FEF771F9B9FBF4F004FBBD
:10483000109009F1010980B21FFA89F902990AF86A
:104840000010C845039AE9D1B8FBF4F104FB1188C4
:104850001FFA88F89DF814100AF8081007F10C01E7
:1048600089B2B1FBF4F004FB101189B29DF8150078
:104870000F4B0AF8010007F10D0119800E4921F8CC
:1048800012700E490D2088540D49102088540D498E
:104890000A8801320A8021E05C01002064050020C2
:1048A000B4050020560100205801002018080020FF
:1048B000E2060020649B00085C0800203C08002001
:1048C0001C0800201008002065050020C000002002
:1048D000E4060020BD0500206C0500200C2202FB30
:1048E00006B301221A72019B024A0133137007B00A
:1048F000BDE8F08F6405002010B540F2115004F0BF
:1049000087FA1023032200214FF0904004F0BAF9F7
:10491000BDE810401023012200214FF0904004F028
:104920008FB910B540F2115004F072FA4FF4004301
:10493000032200214FF0904004F0A4F9BDE810409C
:104940004FF40043012200214FF0904004F078B969
:1049500010B5094C40F2125004F05AFA20460823D0
:104960000322002104F08EF920460823BDE8104000
:104970000122002104F064B90004004810B5094C7C
:1049800040F2125004F044FA204610230322002182
:1049900004F078F920461023BDE8104001220021E0
:1049A00004F04EB90004004810B5094C40F2125012
:1049B00004F02EFA204620230322002104F062F99D
:1049C00020462023BDE810400122002104F038B920
:1049D0000004004810B540F2115004F019FA4FF4E9
:1049E0008053032200214FF0904004F04BF9BDE8C2
:1049F00010404FF48053012200214FF0904004F00A
:104A00001FB910B540F2115004F002FA4FF40073D0
:104A1000032200214FF0904004F034F9BDE810402B
:104A20004FF40073012200214FF0904004F008B9C8
:104A300010B540F2115004F0EBF94FF480630322FB
:104A400000214FF0904004F01DF9BDE810404FF4F4
:104A50008063012200214FF0904004F0F1B810B5BE
:104A600040F2115004F0D4F94FF480730322002176
:104A70004FF0904004F006F9BDE810404FF4807309
:104A8000012200214FF0904004F0DAB810B5094C33
:104A900040F2125004F0BCF9204601230322002109
:104AA00004F0F0F8012320461A46BDE8104000212A
:104AB00004F0C6B80004004810B5094C40F212508A
:104AC00004F0A6F9204602230322002104F0DAF8BC
:104AD00020460223BDE810400122002104F0B0B8B6
:104AE0000004004810B540F2115004F091F94FF461
:104AF0000063032200214FF0904004F0C3F8BDE8AA
:104B000010404FF40063012200214FF0904004F068
:104B100097B80000F8B57D4C7D4D27782E681021A0
:104B20004FF0904004F0E9F8B0FA80F04009874275
:104B30001CBF002320704FF400414FF0904018BF7D
:104B40002372277B18BF66602E6804F0D6F8B0FA8F
:104B500080F0400987421CBF002320734FF00801FA
:104B60006C4818BF2375277E18BF26612E6804F095
:104B7000C4F8B0FA80F0400987421CBF00232076B9
:104B80004FF01001634818BF84F8203094F8247067
:104B900018BFE6612E6804F0B0F8B0FA80F0400962
:104BA00087421CBF002384F824004FF0200159489D
:104BB00018BF84F82C3094F8307018BFA6622E68A5
:104BC00004F09BF8B0FA80F0400987421CBF002334
:104BD00084F830004FF480514FF0904018BF84F8B3
:104BE000383094F83C7018BF66632E6804F085F87E
:104BF000B0FA80F0400987421CBF002384F83C00D3
:104C00004FF400714FF0904018BF84F8443094F88E
:104C1000487018BF26642E6804F06FF8B0FA80F070
:104C2000400987421CBF002384F848004FF480618C
:104C30004FF0904018BF84F8503094F8547018BF6B
:104C4000E6642E6804F059F8B0FA80F04009874213
:104C50001CBF002384F854004FF480714FF0904043
:104C600018BF84F85C3094F8607018BFA6652E6891
:104C700004F043F8B0FA80F0400987421CBF0023DB
:104C800084F860004FF00101224818BF84F86830B2
:104C900094F86C7018BF66662E6804F02EF8B0FAAF
:104CA00080F0400987421CBF002384F86C004FF05D
:104CB000020118481CBF84F87430266794F8787095
:104CC0002E6804F01AF8B0FA80F0400987421CBF41
:104CD000002384F878004FF400614FF090401CBF2F
:104CE000E66784F880302D6894F8846004F005F855
:104CF000B0FA80F0400986421FBF002384F8840088
:104D0000C4F8885084F88C30F8BD00BFD40400206B
:104D10000C0D0020000400482DE9F04F614B93F882
:104D200000B0614B0C22BBFBF2F802FB18B85FFA33
:104D300088F802FB08F2991885B0097A002940F03A
:104D4000A8805A4F9A5CBA70594A16780121397076
:104D5000FF2E4144797000F0978056490A88002A56
:104D600000F09280544C554BDFF86C911D88013A4D
:104D70000A8022680092511C484200F01F0001F096
:104D80001F0158BF414221604D490988ADF80C1000
:104D90004FF4967403A85021FDF7B8FEB5FBF4F16B
:104DA00004FB115189B24FF0500C09F801C0314693
:104DB000FDF7ACFE691C89B2B1FBF4FC04FB1C11CD
:104DC00089B209F801603F4E96F800A05146FDF700
:104DD0009DFEA91C89B2B1FBF4FC04FB1C1189B235
:104DE00009F801A00AF1010A032186F800A0FDF7E5
:104DF0008DFEE91C89B2B1FBF4F004FB101189B2FD
:104E00000320BA46EE1D2F1D09F80100009ABFB21B
:104E1000B6B21AF8011B019203A80091FDF776FEC5
:104E2000B7FBF4F004FB1070013780B2BFB20099F9
:104E300009F80010BE42019A1B4BEAD1B6FBF4F10F
:104E400004FB1166B6B29DF80C1009F8061005F1C6
:104E5000080189B2B1FBF4F004FB101189B29DF88E
:104E60000D0009F80100154805F1090101801649F6
:104E700021F81250154909208854154910208854EA
:104E800014490A8801320A800C2202FB08330122ED
:104E90001A72044B0BF1010B83F800B005B0BDE8AA
:104EA000F08F00BFCD040020D4040020CE040020E9
:104EB000560100205801002018080020E2060020BA
:104EC000649B0008BD0500205C0800203C08002011
:104ED0001C08002010080020E40600201FB50C4C20
:104EE00040F2116003F094FF204604F07BF80023A9
:104EF000642269462046CDE9003302928DF80C30D9
:104F000004F0C4F8204604F051F904B010BD00BF0D
:104F10000044014010B50D4C40F2125003F078FFF0
:104F200020464FF480730322002103F0ABFE20469D
:104F3000002202214FF4807303F082FE20464FF4DA
:104F40008072BDE81040022103F0E3BE0004004877
:104F500030B54FF4A06085B003F05AFF1B4B1C4ADC
:104F60001A601C4B1C4C0FCB6D4685E80F002A467F
:104F70002046002104F02EF900221146204604F0BC
:104F80005DFA20466022002104F032FA0822204611
:104F9000002104F061FA2046012104F012F94FF4D7
:104FA0008071204604F009F9204604F0FFF8012240
:104FB00011460A2003F0DEFE022003F02FFD02213D
:104FC000084603F08DFD05B030BD00BF0C00002089
:104FD00034440140689B000800440140AE4B9FED03
:104FE000AF3ADFEDAF2A9FEDAF2ADFEDAF1A2DE923
:104FF000F74F1968AD4BAE4A1B78019307EE901A34
:10500000F8EEE74ADFEDAB7AAB4B64EEA74A00253A
:10501000B7EE004ADFEDA97A1E7800950C461046DF
:105020006FF00203F0EE445A4FF03C0E4FF00608CA
:10503000C82594FBF5F705FB1747A14D05EB87073E
:10504000D7ED006A019DB0EE627AA6EE837A27EE74
:10505000027A45B1009F27EE247A642908BF2F46C3
:10506000B0EE644A0097112E40F0A280A3F10A0727
:10507000032F22D8934F97F80CC0934F7F7867B1D6
:10508000924FDFED937A3F684FF4FA79B7FBF9F767
:1050900017F0010F08BFB0EE677ABCF1000F00F007
:1050A000EF80DFF834C28B4F9CF800C03F78BCF132
:1050B000000F00F0EB80012F35E0032B00F2E380BE
:1050C000804F97F878A0804F97F80090BF7859EA02
:1050D0000707814F0AD1BAF1000F19D197F87870FC
:1050E000DFED7B7A002FDFED7D6A20E0DFF8DCC1A9
:1050F000DFED776ADCF800C04FF4FA7BBCFBFBFC09
:105100001CF0010F08BFB0EE667ABAF1000F12D0A2
:10511000DFF8C0C197F860709CF800C0002F00F065
:10512000B580BCF1020FDFED6E7ADFED6E6A18BF5D
:10513000F0EE667A0BE097F87870002F40F0A980C7
:10514000DFED667AB9F1000F08BFF0EE667AFCEE8B
:10515000E76A35EEC46A16EE905AAFB2B7FBFEF9B5
:105160000EFB1977BFB226EE076A06EE907AB9FBFE
:10517000F8FCB8EE665A77EE466A08FB1C9C66EEB1
:10518000856A1FFA8CFC66EEA16A76EE263ABCF1BF
:10519000000F00F001810CF1FF3777EE666A032FF4
:1051A00000F2F680DFE817F0A400A000E200EB00B8
:1051B000202E27D1A3F10A07032F7FF65BAF032B25
:1051C00061D8404F97F824C03F4FBF7867B13F4F39
:1051D000DFED3F7A3F684FF4FA79B7FBF9F717F044
:1051E000010F08BFB0EE677ABCF1000F48D0DFF8BE
:1051F000E8C0384F9CF818C03F78BCF1000F45D08C
:10520000022F90E7212EA2D1A3F10C07032F7FF6E6
:1052100031AF5F1F032FD4D99F1C032F33D8294FE1
:1052200097F878A0284F97F80090FF7859EA070779
:10523000294F0DD1BAF1000F3FF450AFDFF894C001
:1052400097F860709CF800C007B3BCF1030F6AE7E1
:10525000DFF878C0DFED1E7ADCF800C04FF4FA7B8F
:10526000BCFBFBFC1CF0010F08BFB0EE677ABAF183
:10527000000FE3D197F878705FB9B9F1000F32E70A
:10528000DFED137A63E79FED127A60E7DFED157AC1
:105290005DE7DFED127A5AE75C040020CDCC4C3F8D
:1052A000CDCC4C3E9A99993E8988883C02000020DA
:1052B000680300200AD7233CBD04002000001643E9
:1052C000909B0008D4040020B90400200C0D00209D
:1052D000000000002C000020C000002000007043EF
:1052E0000000F04200007042F0EE466AB0EE636AE1
:1052F0000133112BC0ED006A80ED017A80ED026A66
:1053000004F10A0400F10C007FF492AE009B13B18B
:105310006D4B002018706D4B1B78002B5FD06C4ECE
:10532000DFED6C7A34681425C4F1090365EE277A41
:1053300093FBF5F0B6EE007A05FB103304F10A009A
:1053400077EE876A90FBF5F705FB1705BCF1000FB8
:1053500000F0A7800CF1FF3C75EEE77ABCF1030F7B
:1053600000F29880DFE80CF0A01B8A91F0EE463A3C
:10537000B0EE476AB0EE667AF0EE636AB8E7F0EE38
:10538000636AF0EE463AB0EE476AB0EE637AAFE792
:10539000F0EE463AB0EE666AF0EE476AF5E7B0EE38
:1053A000667AF6EE007AF7EE006A4B480C2707FBA8
:1053B0000303C3ED007AC3ED016A83ED027A07FBB4
:1053C0000503C3ED007AC3ED016A83ED027A434B16
:1053D000002C6ED1012018601B6823443360404BC1
:1053E00000296BD1012018601B689FED3E7A0B44A9
:1053F0003D490B603D4B00201C46D2ED017A67EE23
:10540000877A0130FCEEE77A142817EE901AD2ED75
:10541000007A197067EE877A02F10C02FCEEE77AE7
:1054200003F1030317EE901A52ED017A03F8021C00
:1054300067EE877AFCEEE77A17EE901A03F8011C04
:10544000DBD12B4B21782B4C01221A802A4A2B4B83
:1054500002EBC10052F831201A60426828485A60B5
:105460000021E36003F0A7FE2146022003F0F4FAD6
:10547000022003B0BDE8F04F03F0DABAF0EE676A3D
:10548000F6EE007AB7EE007A8FE7F0EE667AF6EE87
:10549000006AF7E7B0EE677AF6EE006AF7EE007A98
:1054A00083E7F7EE007A80E7F7EE006AB6EE007A5F
:1054B0007BE7092C90D14FF0FF308CE7C82993D1BE
:1054C0004FF0FF308FE700BF02000020580400209B
:1054D000600400208988083C680300200800002040
:1054E0000400002000007F435C04002064040020CE
:1054F000A00400200C000020B09E0008A2040020A0
:10550000004401402DE9F341494D4A4BD5F8004C88
:105510001B88ADF80430FF2C94BF21460021C9B28E
:1055200001A8FDF7F3FAD5F8045C434EDFF82081BB
:10553000B5F5807F28BF0025EFB23946FDF7E6FAC2
:1055400056F8041BB1F5807F28BF0021C9B201A81D
:10555000FDF7DCFA4645F3D1354A9DF80510D2F83F
:105560004C3EB3F5807F28BF0023994257D1D2F833
:10557000483E9DF80420B3F5807F28BF00239A425F
:105580004DD1012C4BD12D4B1F702D4B0022112DD5
:105590009A7583F82E2083F8462083F85E2083F8DE
:1055A000762083F88E2005D19C7583F8764083F8A9
:1055B0008E4004E0202D35D19C7583F82E40214883
:1055C000214C042303F1006202F53C4205461E19FA
:1055D00052F8041BB1F5807F28BF0021B24205F8C4
:1055E000011BF5D11833B3F5927F00F10600E9D124
:1055F000164803F1006202F53C4205461E1952F8B6
:10560000041BB1F5807F28BF0021964205F8011BDD
:10561000F5D11833B3F5117F00F10600E9D102B0DE
:10562000BDE8F081212DCAD19C7583F82E40BCE7DE
:1056300000B00008649B000808BC0008BD040020FE
:10564000C00000202D00002018BC000875000020BC
:1056500048BE00082DE9F74FC44DDFF824B32E787B
:10566000DBF80040C14F10214FF0904003F045FBA4
:10567000B0FA80F0400986421CBF002328704FF426
:1056800000414FF0904018BF2B722E7B18BF6C600A
:10569000DBF8004003F031FBB0FA80F040098642AD
:1056A0001CBF002328734FF00801B14818BF2B75A9
:1056B0002E7E18BF2C61DBF8004003F01EFBB0FA11
:1056C00080F0400986421CBF002328764FF010016D
:1056D000A74818BF85F8203095F8246018BFEC6102
:1056E000DBF8004003F009FBB0FA80F04009864285
:1056F0001CBF002385F824004FF020019C4818BFF0
:1057000085F82C3095F8306018BFAC62DBF80040AB
:1057100003F0F3FAB0FA80F0400986421CBF002380
:1057200085F830004FF480514FF0904018BF85F855
:10573000383095F83C6018BF6C63DBF8004003F02C
:10574000DCFAB0FA80F0400986421CBF002385F8DD
:105750003C004FF400714FF0904018BF85F8443082
:1057600095F8486018BF2C64DBF8004003F0C5FAD8
:10577000B0FA80F0400986421CBF002385F848003B
:105780004FF480614FF0904018BF85F8503095F885
:10579000546018BFEC64DBF8004003F0AEFAB0FAD6
:1057A00080F0400986421CBF002385F854004FF466
:1057B00080714FF0904018BF85F85C3095F86060BC
:1057C00018BFAC65DBF8004003F097FAB0FA80F040
:1057D000400986421CBF002385F860004FF001019C
:1057E000634818BF85F8683095F86C6018BF6C6620
:1057F000DBF8004003F081FAB0FA80F040098642FD
:105800001CBF002385F86C004FF00201584818BFF8
:1058100085F8743095F8786018BF2C67DBF8004085
:1058200003F06BFAB0FA80F0400986421CBF0023F7
:1058300085F878004FF400614FF0904018BF85F86C
:10584000803095F8846018BFEC67DBF8004003F007
:1058500054FAB0FA80F0400986421EBF0023C5F812
:10586000884085F88C30434CDBF8003018BF85F851
:105870008400422697F88410002900F051813E4AA6
:10588000B21801923B4A4FF0000C019810F8011B2E
:10589000019061B9917D002940F086801078002840
:1058A00000F08280C2E90211117013617CE00129CD
:1058B0006ED1917D002956D11178002953D1D0683D
:1058C000002850D192F814802146604514D091F8F8
:1058D00014E0C64510D191F816E0BEF1000F0BD1CF
:1058E00091F80090D1F80CA0B9F1000F4AD0C1E9AD
:1058F00002EE81F800E00B610130062801F1180189
:10590000E3D108F1FF31C9B2B1FBF0FE00FB1E117B
:105910001A484FF00C0EC9B20EFB01004FF0000AFE
:10592000D0F804E02046F146817D49B9017839B9C3
:10593000017D414504D10169591A894528BF89462D
:105940000AF1010ABAF1060F00F11800ECD1CE45B8
:105950008BBFAEEB09010021C2E90313C2E90313B7
:105960009CBF01211170002191601DE0D404002032
:1059700000040048C0000020750000206C050020D5
:105980000C0D0020BAF1000FB6D0C1E90299B3E7BF
:10599000022909D197F88C1031B91078917D00282F
:1059A00060D000293FF47EAF0CF1010CBCF1060F72
:1059B00002F118027FF469AF063EB21DA7F10C0791
:1059C0007FF458AF9D4A9E4C11781129D4E90227E3
:1059D00040F03E849B48417819BB3A4321D1296964
:1059E000EE69591A9E1BB14228BF314626699E1B9B
:1059F000B14228BF3146B1F57A7F12D9297B94F89C
:105A000000C02E7E81F00101BCF1000F40F08281C8
:105A10003EB18D4A002900F08A810121417082F84F
:105A200000C090F801C08178C2784CEA01061643A4
:105A30004CEA020C40F08381844E297B32780029A5
:105A400040F08F81217801B12361012A02BFFF223A
:105A500032707D4A4FF00001C4E90211217008BF85
:105A600011708DE1002953D1D068002850D192F8EF
:105A700014802146604514D091F814E0C64510D139
:105A800091F816E0BEF1000F0BD191F80090D1F81B
:105A90000CA0B9F1000F3DD0C1E902EE81F800E0A1
:105AA0000B610130062801F11801E3D108F1FF3143
:105AB000C9B2B1FBF0FE00FB1E1165484FF00C0EA1
:105AC000C9B20EFB01004FF0000AD0F804E02046F6
:105AD000F146817D49B9017839B9017D414504D14B
:105AE0000169591A894528BF89460AF1010ABAF1A4
:105AF000060F00F11800ECD1CE458BBFAEEB0901CB
:105B00000021C2E90313C2E903139CBF01211170F4
:105B1000516829E7BAF1000FC3D0C1E90299C0E783
:105B20004C4AB2180192464A8C46019810F8011B63
:105B3000019051B9917D002976D11078002873D059
:105B4000C2E90211117013616EE0012962D1917DE9
:105B5000002956D11178002953D1D068002850D19E
:105B600092F814802146604514D091F814E0C6459F
:105B700010D191F816E0BEF1000F0BD191F8009012
:105B8000D1F80CA0B9F1000F3ED0C1E902EE81F8C6
:105B900000E00B610130062801F11801E3D108F1A2
:105BA000FF31C9B2B1FBF0FE00FB1E1128484FF0D7
:105BB0000C0EC9B20EFB01004FF0000AD0F804E051
:105BC0002046F146817D49B9017839B9017D4145C9
:105BD00004D10169591A894528BF89460AF1010A89
:105BE000BAF1060F00F11800ECD1CE458BBFAEEB39
:105BF00009010021C2E90313C2E903139CBF01217B
:105C00001170002191600FE0BAF1000FC2D0C1E91C
:105C10000299BFE7022907D197F88C1021B91078B3
:105C2000917DC8B100298BD00CF1010CBCF1060F9D
:105C300002F118027FF479AFBEE600BFBD04002078
:105C4000C0000020B9040020B70400202C00002070
:105C50006C0500202D000020002953D1D0680028B9
:105C600050D192F814802146604514D091F814E088
:105C7000C64510D191F816E0BEF1000F0BD191F896
:105C80000090D1F80CA0B9F1000F3DD0C1E902EEAF
:105C900081F800E00B610130062801F11801E3D121
:105CA00008F1FF31C9B2B1FBF0FE00FB1E118F48B5
:105CB0004FF00C0EC9B20EFB01004FF0000AD0F8F5
:105CC00004E02046F146817D49B9017839B9017D6A
:105CD000414504D10169591A894528BF89460AF10D
:105CE000010ABAF1060F00F11800ECD1CE458BBFC6
:105CF000AEEB09010021C2E90313C2E903139CBF03
:105D00000121117051687DE7BAF1000FC3D0C1E9DC
:105D10000299C0E71EB9764A69B9062608E000294B
:105D20003FF47FAE0321417071490A7079E6052680
:105D30004670117075E602214170167071E6227886
:105D4000002A5BD10022C4E902222270E26ED4F85C
:105D5000708094F860600192002940F0BE80019A42
:105D60001FE0012A11D9227822B944F62062E260AC
:105D700007B92361012131705D490022A2600A70D8
:105D8000D4E91B2894F860600BE0002AF8D1217850
:105D900094F8606071B3C4E9022223612270D4E9EF
:105DA0001B28A76E57EA0201019140F09580EA6F27
:105DB000D5F888109A1A591A8A4228BF0A46A3EBC6
:105DC00008018A4228BF0A46B2F57A7F40F28580F0
:105DD00095F8781095F884E081F001014EBBBEF192
:105DE000000F0DD18178D4F8882051EA0C0110D130
:105DF000314630E0C4E902112170D0E72361A1E708
:105E00003B4A00295AD00121817001991170D4F8C0
:105E100088200021C4E91A1184F860109A1A47F208
:105E200030518A427CD994F87820002A00F0CC8145
:105E3000EBE1BEF1000F05D12D4A002940D1062625
:105E4000867040E0002943D18178D4F8882051EA57
:105E50000C013BD17146DFF89CA0DFF89C909AF8CA
:105E6000007095F8786094F878E099F800C0022FF7
:105E700044D840F09381BEF1000F00F05D8100290D
:105E800000F03E81C4F88830BCF1000F06D0A3EBCF
:105E900008084EF66021884500F22C81002E40F063
:105EA00043819A1A47F230518A4200F240812367B7
:105EB0000023C4E91A3384F8603031E00521A3E7F8
:105EC0000221817001991170D4F888202367A0E71E
:105ED00003228270064AF5E701928178D4F888207F
:105EE0005CEA010184D0002EF0D192E76C0500201D
:105EF000B70400202C000020B804002001B1236763
:105F00000022C4E91A2284F86020BEF1000F01D1FA
:105F1000C4F8883002238AF80030B14B00221A708E
:105F20002B78B04A63B9117851B103704370837014
:105F3000C370AD49FF200870AC490B70A8490B70C5
:105F40001370DBF80010AA4B00201E781A69D3E901
:105F50000257002E40F0FC8437B18A1ABA4203D9A6
:105F600001221A70DE6019610130062803F118035E
:105F7000EBD125785DB901214FF0904002F0C3FECE
:105F800028B101214FF09040657502F0B4FE257EE6
:105F900065B902214FF0904002F0B5FE30B1022108
:105FA0004FF0904084F82D5002F0A5FE94F8305048
:105FB00065B904214FF0904002F0A5FE30B10421F4
:105FC0004FF0904084F8455002F095FE94F8485008
:105FD00065B908214FF0904002F095FE30B10821DC
:105FE0004FF0904084F85D5002F085FE94F86050C8
:105FF00065B940214FF0904002F085FE30B140215C
:106000004FF0904084F8755002F075FE94F8785087
:1060100065B980214FF0904002F075FE30B18021CB
:106020004FF0904084F88D5002F065FE23785BB10C
:1060300001214FF0904002F066FE28B96075012101
:106040004FF0904002F055FE237E63B102214FF0E5
:10605000904002F058FE30B984F82D0002214FF034
:10606000904002F046FE94F8303063B104214FF0C6
:10607000904002F048FE30B984F8450004214FF00A
:10608000904002F036FE94F8483063B108214FF09A
:10609000904002F038FE30B984F85D0008214FF0DE
:1060A000904002F026FE94F8603063B140214FF03A
:1060B000904002F028FE30B984F8750040214FF07E
:1060C000904002F016FE94F87830002B00F04D84DA
:1060D00080214FF0904002F016FE002840F04584E9
:1060E00084F88D0080214FF0904003B0BDE8F04F60
:1060F00002F0FFBD3A4F002189F800103970CDE65B
:1061000066B99A1A47F23056B2427FF6D1AEC4E968
:106110002011C4F8883084F87810C9E641F288323A
:10612000E266019A02B923670023A366F8E6C4E990
:10613000206684F87860BAE601B123670021C4E9DB
:106140001A1184F86010017800297FF4E9AE9A1AD8
:1061500042F21076B2427FF6E3AE214E0122BCF14C
:10616000000F0AD1C4E920CCC4F8883084F8782024
:1061700089F8002086F800C0D2E6BCF1020F9FBF6C
:106180000CF1010CC4E92011C4F8883084F878209F
:1061900094BF89F800C002703170C1E606789A1A7F
:1061A000002E45D1BCF1000F42D0BEF1000F21D12D
:1061B0004EF66026B24230D9094A89F800E082F8EA
:1061C00000E039B9C4E91A110023C4E9203384F886
:1061D0007830A5E6C4E91AEE236784F860E0F3E7B7
:1061E000B7040020B60400202C000020B8040020D2
:1061F000C000002061B1C4E91A66236784F86060BA
:1062000047F230518A427FF68BAEC4F88830DBE724
:10621000C4E91A1184F86010F2E751B947F230531B
:106220009A42C4E91A1184F860107FF679AECBE780
:1062300001B123670021C4E91A1184F8601047F204
:1062400030518A427FF66CAEBEF1000FDDD1BBE764
:10625000202940F00781994894F800C0417800292E
:1062600077D152EA070E74D12969EA692669591A69
:106270009A1A914228BF11469E1BB14228BF31464F
:10628000B1F57A7F65D92A7B95F818808678C17830
:1062900082F00102BCF1000F3CD1B8F1000F14D123
:1062A00051EA060E624616D1854E297B32780029C6
:1062B0005BD1BCF1000F00D023610021012AC4E9A9
:1062C0000211217064D1FF225CE07E4FA2B3012253
:1062D000427087F800C00027C4E902772770676A18
:1062E000002E62D086781143314340F0B380744A67
:1062F00095F824601178002E40F09A80267E06B131
:10630000A36200230229C4E9083323767FF408AE90
:10631000FF2199E0B8F1000F08D1DFF8A8C16AB9F0
:1063200006278CF8002047703A4603E05AB951EA34
:10633000060EB9D02361CEE70522C9E702224270DA
:106340008CF80080F6E75F4F0322427087F800E088
:10635000F0E742788678C17842EA060E51EA0E0EDE
:10636000A2D0BCF1000FE5D1B5E7012A0FD9BCF1ED
:10637000000F04D144F62062E26007B923610021D6
:10638000A160012232704F4A676A117002E01AB1AF
:10639000676A00210A4608E0BCF1000F00D02361C3
:1063A000C4E90222676A22701146266A57EA060C7F
:1063B00098D1AE6A6F6B9E1BDF1BBE4228BF3E4664
:1063C000A76ADF1BBE4228BF3E46B6F57A7F11D9C9
:1063D00095F8246094F818E095F8307086F001067E
:1063E000BEF1000F08D12FB1364FB6B1012686702D
:1063F00087F800E0002775E73FB9DFF8C8C096B915
:10640000062787708CF80060F4E7002EF2D0032690
:1064100086702C4E86F800C0ECE74FF0050C80F833
:1064200002C03E70E6E7022686708CF80070E1E755
:1064300002290DD9217E21B944F62061616207B994
:10644000A36200232362022111701E4A137067E5C4
:106450003FF466AD227E02B1A3620023C4E9083393
:1064600023765DE521297FF46CAD1449487860BB43
:106470003A432AD12A69E8699A1A181A824228BF2F
:1064800002462069181A824228BF0246B2F57A7F76
:106490001BD92A7B2678287E82F0010246B9A0B15A
:1064A0000848002A31D001224A70002202700CE014
:1064B00050B904485ABB0622F6E700BFB9040020D1
:1064C0002C000020B70400201ABB91F801C08E7880
:1064D000C8784CEA0602024321D1DFF8CCE22E7BD9
:1064E0009EF80020002E62D1267806B12361012A91
:1064F00002BFFF228EF80020AA4A4FF00006C4E92E
:106500000266267008BF167061E00522CCE7022201
:10651000CAE703224A70A34A00201070D5E7227808
:10652000002A63D10022C4E902222270626A2EBBD3
:10653000276A174322D1AA6A6E6B9A1A9E1BB2422F
:1065400028BF3246A66A9E1BB24228BF3246B2F529
:106550007A7F12D995F8242094F818E095F83060E5
:1065600082F00102BEF1000F42D136B18D4E002AF9
:106570004CD001228A7086F800E000228E784CEA26
:10658000000737434CEA060C48D1874895F824E0C9
:106590000678BEF1000F53D1227E02B1A362002221
:1065A000022EC4E9082222765BD1FF2654E0012A9C
:1065B0000FD9227822B944F62062E26007B923613C
:1065C00001268EF80060774E0022A2603270626A67
:1065D000AEE7002AFBD1267826B1C4E90222236166
:1065E0002270F4E7C4E902662670F0E7236199E7B8
:1065F0002EB96C4F72B906268E703A70BDE7002A2C
:10660000BBD003228A70674A1770B6E705278F70E0
:106610003270B2E702228A703E70AEE7227E002A14
:106620005BD10022C4E908222276E26ED4F87080A1
:1066300094F860600192002840F0BF80019A1FE04A
:10664000022E0DD9267E26B944F62066666202B96E
:10665000A36200222262022606705248027000E005
:1066600004D1D4E91B2894F8606009E0227E94F8F4
:10667000606072B3C4E90877A3622776D4E91B2867
:10668000A76E57EA0200019040F09680EA6FD5F8B5
:1066900088009A1A181A824228BF0246A3EB080003
:1066A000824228BF0246B2F57A7F40F2868095F892
:1066B000780095F884E080F001004EBBBEF1000F39
:1066C0000DD1C878D4F888205CEA000010D130469B
:1066D00030E0C4E908222276D0E7A362A1E7314A7C
:1066E000002855D00120C87001981070D4F8882077
:1066F0000020C4E91A0084F860009A1A47F230506A
:10670000824275D994F87820002A00F0E780FCE0F6
:10671000BEF1000F05D1234A00283BD10626CE70DA
:106720003BE0002844D1C878D4F8882050EA0C0017
:1067300036D17046DFF870A0DFF870909AF80070DC
:1067400095F8786094F878E099F800C0032F3DD868
:1067500040F0AE80BEF1000F7AD000285DD0C4F8C2
:106760008830BCF1000F05D0A3EB08084EF660207E
:1067700080454CD8002E63D19A1A47F2305082429D
:1067800061D823670023C4E91A3384F860302FE00E
:106790000520A8E70220C87001981070D4F888205E
:1067A0002367A5E7B70400202C000020B8040020D0
:1067B0000322CA706E4AEFE70192C878D4F88820A5
:1067C00050EA0C0083D0002EEAD191E700B1236794
:1067D0000022C4E91A2284F86020BEF1000F01D122
:1067E000C4F8883003238AF80030614B00221A7005
:1067F0002B78604A002B7FF4A3AB107800283FF47D
:106800009FAB0B704B708B70CB70FFF792BB584FE8
:10681000002089F800003870ACE75EB99A1A47F298
:106820003056B242AED9C4E92000C4F8883084F8AA
:106830007800A7E741F28832E266019A02B923673D
:106840000023A366D4E7C4E9206684F8786098E75B
:1068500000B123670020C4E91A0084F860000878BA
:106860000028C5D19A1A42F21076B242C0D9404EE1
:106870000122BCF1000F0AD1C4E920CCC4F8883051
:1068800084F8782089F8002086F800C0B0E7BCF1D1
:10689000020F9FBF0CF1010CC4E92000C4F888303E
:1068A00084F8782094BF89F800C00A7030709FE7A0
:1068B0000E789A1A002E3BD1BCF1000F38D0BEF1F1
:1068C000000F17D14EF66026B24226D9284A89F821
:1068D00000E082F800E038B9C4E91A000023C4E9F6
:1068E000203384F8783083E7C4E91AEE236784F80C
:1068F00060E0F3E760B1C4E91A66236784F860607A
:1069000047F2305082427FF673AFC4F88830E5E733
:10691000C4E91A0084F86000F2E750B947F2305336
:106920009A42C4E91A0084F860007FF661AFD5E7A7
:1069300000B123670020C4E91A0084F8600047F220
:10694000305082427FF654AFBEF1000FDDD1C5E773
:10695000002D3FF409AB8A1AAA427FF605AB00224C
:10696000C3E902221A70FFF7FEBA03B0BDE8F08F48
:10697000B7040020B60400202DE9F04FC64B93F871
:1069800000B0C64B0C22BBFBF2F802FB18B85FFA52
:1069900088F802FB08F2991887B0097A002940F0BC
:1069A000A880BF4F9A5CBA70BE4A16780121397030
:1069B000FF2E4144797000F09780BB490A88002A75
:1069C00000F09280B94CBA4BDFF80C931D88013A65
:1069D0000A8022680192511C484200F01F0001F019
:1069E0001F0158BF41422160B2490988ADF8141017
:1069F0004FF4967405A85021FCF788F8B5FBF4F124
:106A000004FB115189B24FF0500C09F801C0314616
:106A1000FCF77CF8691C89B2B1FBF4FC04FB1C1187
:106A200089B209F80160A44E96F800A05146FCF71F
:106A30006DF8A91C89B2B1FBF4FC04FB1C1189B2EE
:106A400009F801A00AF1010A032186F800A0FCF769
:106A50005DF8E91C89B2B1FBF4F004FB101189B2B6
:106A60000320BA46EE1D2F1D09F80100019ABFB29E
:106A7000B6B21AF8011B029205A80191FCF746F87C
:106A8000B7FBF4F004FB1070013780B2BFB201997C
:106A900009F80010BE42029A804BEAD1B6FBF4F12D
:106AA00004FB1166B6B29DF8141009F8061005F142
:106AB000080189B2B1FBF4F004FB101189B29DF812
:106AC000150009F801007A4805F1090101807B49A8
:106AD00021F812507A49092088547A4910208854A4
:106AE00079490A8801320A800C2202FB083301220C
:106AF0001A72694B0BF1010B83F800B0734B1B78D2
:106B0000002B40F0BC81724BDFF8D0B11B780193B1
:106B1000019A0623B2FBF3F603FB1626F6B21822FF
:106B200072430BEB0201487D002840F0E080694D84
:106B30001BF80220AA700A7DEA704A682A71110ABD
:106B40006971110C120EEA71564A287092F8008091
:106B5000A971701CB8F1FF0F687000F0C380524932
:106B60000A88002A00F0BE80504C514BDFF868A123
:106B70001F88013A0A8022680292511C484200F0A4
:106B80001F0001F01F0158BF414221604949098897
:106B9000ADF814104FF4967405A85021FBF7B6FF1A
:106BA000B7FBF4F104FB117189B24FF0500C0AF8F5
:106BB00001C04146FBF7AAFF791C89B2B1FBF4FC86
:106BC00004FB1C1189B20AF80180DFF8EC8098F808
:106BD00000904946FBF79AFFB91C89B2B1FBF4FC5F
:106BE00004FB1C1189B20AF8019009F1010908217E
:106BF00088F80090FBF78AFFF91C89B2B1FBF4F02A
:106C000004FB101189B2082007F1040907F10C08F0
:106C10000AF80100029A1FFA89F91FFA88F815F894
:106C2000011B039205A80291FBF770FFB9FBF4F07A
:106C300004FB109009F1010980B21FFA89F9029949
:106C40000AF80010C845039AE9D1B8FBF4F104FB37
:106C500011881FFA88F89DF814100AF8081007F137
:106C60000D0189B2B1FBF4F004FB101189B29DF85B
:106C700015000F4B0AF8010007F10E0119800F49AA
:106C800021F812700E490E2088540E4910208854A5
:106C90000D490A8824E000BFCD040020D404002060
:106CA000CE040020560100205801002018080020C2
:106CB000E2060020649B0008BD0500205C0800205F
:106CC0003C0800201C080020100800205C01002067
:106CD00064050020B4050020E4060020C000002068
:106CE00001320A80182202FB06B301225A75DFF82E
:106CF00074B30C2272430BEB0201087A002840F0B7
:106D0000BA80C84D1BF80220AA704A68EA70110ABE
:106D10002971110C120EAA71C34A697192F8008090
:106D200002202870B8F1FF0F06F10100687000F032
:106D30009D80BE490A88002A00F09880BC4CBD4B5B
:106D4000DFF824A31F88013A0A8022680292511CAE
:106D5000484200F01F0001F01F0158BF414221606E
:106D6000B5490988ADF814104FF4967405A8502160
:106D7000FBF7CCFEB7FBF4F104FB117189B24FF0C5
:106D8000500C0AF801C04146FBF7C0FE791C89B2DD
:106D9000B1FBF4FC04FB1C1189B20AF80180DFF896
:106DA000CC8298F800904946FBF7B0FEB91C89B236
:106DB000B1FBF4FC04FB1C1189B20AF8019009F143
:106DC0000109072188F80090FBF7A0FEF91C89B2A1
:106DD000B1FBF4F004FB101189B2072007F104099C
:106DE00007F10B080AF80100029A1FFA89F91FFA45
:106DF00088F815F8011B039205A80291FBF786FE9F
:106E0000B9FBF4F004FB109009F1010980B21FFAFC
:106E100089F902990AF80010C845039AE9D1B8FB2C
:106E2000F4F104FB11881FFA88F89DF814100AF891
:106E3000081007F10C0189B2B1FBF4F004FB10114A
:106E400089B29DF815007B4B0AF8010007F10D018E
:106E500019807A4921F8127079490D2088547949AE
:106E60001020885478490A8801320A800C2202FBDB
:106E700006B301221A72019B744A01331370744BDA
:106E80001A78002A41F0CB81724D734803232B708E
:106E900001236B700E21022310F8014BEC540132D8
:106EA0000133062A93FBF1F401FB1433F4D16B494F
:106EB00000224FF00E0811F8010BE85401320133A3
:106EC000062A93FBF8F008FB1033F4D1564B1C78DC
:106ED000FF2C00F09E80554A1388002B00F099800B
:106EE0005348DFF884A1D0F800B0DFF88091013B6F
:106EF00013800BF10102514201F01F014D4B02F0D2
:106F00001F0258BF4A4202604B4A1F881288ADF8E0
:106F100014204FF4967605A85021FBF7F7FDB7FB38
:106F2000F6F206FB127292B250210AF802102146C4
:106F3000FBF7ECFD7A1C92B2B2FBF6F106FB1122D4
:106F400092B299F800100AF802400191FBF7DEFDB9
:106F5000BA1C92B2B2FBF6FC06FB1C22019992B25B
:106F60000AF80210013189F800100E21FBF7CEFD5E
:106F7000FA1C92B2B2FBF6F106FB112292B207F1B3
:106F800004090AF8028007F11208324A1FFA89F947
:106F90001FFA88F812F8011B05A8CDE90112FBF7CA
:106FA000B5FDB9FBF6F006FB109009F1010980B2BE
:106FB0001FFA89F901990AF80010C845029AE9D127
:106FC000B8FBF6F206FB12881FFA88F89DF8142029
:106FD0000AF8082007F1130292B2B2FBF6F106FBA1
:106FE000112292B29DF81510124B0AF8021007F107
:106FF00014021A80114A22F81B70114A142102F857
:107000000B10104A102102F80B100F4A138801339D
:10701000138003232B70124802236B7000220E2171
:1070200026E000BF65050020560100205801002021
:1070300018080020E2060020649B00085C0800207D
:107040003C0800201C0800201008002064050020D7
:10705000BE040020BF0400202D0000207500002089
:10706000320000206C050020E4060020BD05002051
:1070700010F8016FEE5401320133062A93FBF1F64A
:1070800001FB1633F4D1CD4900224FF00E0811F860
:10709000010FE85401320133062A93FBF8F008FB94
:1070A0001033F4D1FF2C00F09E80C54A1388002BCA
:1070B00000F09980C348DFF83CA3D0F800B0DFF8B7
:1070C0003893013B13800BF10102514201F01F0183
:1070D000BD4B02F01F0258BF4A420260BB4A1F88E4
:1070E0001288ADF814204FF4967605A85021FBF7CE
:1070F0000DFDB7FBF6F206FB127292B250210AF8B0
:1071000002102146FBF702FD7A1C92B2B2FBF6F1A7
:1071100006FB112292B299F800100AF80240019180
:10712000FBF7F4FCBA1C92B2B2FBF6FC06FB1C2285
:10713000019992B20AF80210013189F800100E216B
:10714000FBF7E4FCFA1C92B2B2FBF6F106FB11224B
:1071500092B207F104090AF8028007F112089C4A6A
:107160001FFA89F91FFA88F812F8011B05A8CDE962
:107170000112FBF7CBFCB9FBF6F006FB109009F10E
:10718000010980B21FFA89F901990AF80010C8456F
:10719000029AE9D1B8FBF6F206FB12881FFA88F8CA
:1071A0009DF814200AF8082007F1130292B2B2FBEE
:1071B000F6F106FB112292B29DF81510824B0AF8E7
:1071C000021007F114021A80824A22F81B70824AC8
:1071D000142102F80B10814A102102F80B10804A8A
:1071E00013880133138003237E482B706B700022B9
:1071F00002230E2110F8016FEE5401320133062AEA
:1072000093FBF1F601FB1633F4D1774900224FF0DE
:107210000E0811F8010FE85401320133062A93FBDE
:10722000F8F008FB1033F4D1FF2C00F09E80644A84
:107230001388002B00F099806248DFF8B8A1D0F8DD
:1072400000B0DFF8B491013B13800BF10102514211
:1072500001F01F015C4B02F01F0258BF4A4202605E
:107260005A4A1F881288ADF814204FF4967605A864
:107270005021FBF74BFCB7FBF6F206FB127292B201
:1072800050210AF802102146FBF740FC7A1C92B20A
:10729000B2FBF6F106FB112292B299F800100AF83F
:1072A00002400191FBF732FCBA1C92B2B2FBF6FC31
:1072B00006FB1C22019992B20AF80210013189F8EA
:1072C00000100E21FBF722FCFA1C92B2B2FBF6F181
:1072D00006FB112292B207F104090AF8028007F1B5
:1072E00012083B4A1FFA89F91FFA88F812F8011BA5
:1072F00005A8CDE90112FBF709FCB9FBF6F006FB86
:10730000109009F1010980B21FFA89F901990AF870
:107310000010C845029AE9D1B8FBF6F206FB1288C4
:107320001FFA88F89DF814200AF8082007F11302C4
:1073300092B2B2FBF6F106FB112292B29DF8151043
:10734000214B0AF8021007F114021A80214A22F890
:107350001B70214A142102F80B10204A102102F858
:107360000B101F4A13880133138003232B701F480F
:1073700004236B70002202230E2110F8016FEE54DB
:1073800001320133062A93FBF1F601FB1633F4D1E7
:10739000174900224FF00E0811F8010FE85401328E
:1073A0000133062A93FBF8F008FB1033F4D1FF2CCD
:1073B00000F0C080024A138820E000BF7A0000205D
:1073C0005801002018080020E2060020649B0008F5
:1073D000BF0400205C0800203C0800201C0800209E
:1073E0001008002038000020800000203E0000200F
:1073F00086000020E4060020BD050020002B00F0E0
:107400009980CD48DFF864A3D0F800B0DFF860932E
:10741000013B13800BF10102514201F01F01C74BE8
:1074200002F01F0258BF4A420260C54A1F881288F4
:10743000ADF814204FF4967605A85021FBF766FBB3
:10744000B7FBF6F206FB127292B250210AF8021054
:107450002146FBF75BFB7A1C92B2B2FBF6F106FB0E
:10746000112292B299F800100AF802400191FBF73C
:107470004DFBBA1C92B2B2FBF6FC06FB1C22019932
:1074800092B20AF80210013189F800100E21FBF7C0
:107490003DFBFA1C92B2B2FBF6F106FB112292B24E
:1074A00007F104090AF8028007F11208A54A1FFA39
:1074B00089F91FFA88F812F8011B05A8CDE9011215
:1074C000FBF724FBB9FBF6F006FB109009F101096C
:1074D00080B21FFA89F901990AF80010C845029A8A
:1074E000E9D1B8FBF6F206FB12881FFA88F89DF87E
:1074F00014200AF8082007F1130292B2B2FBF6F149
:1075000006FB112292B29DF815108C4B0AF802105E
:1075100007F114021A808C4A22F81B708B4A14213E
:1075200002F80B108A4A102102F80B10894A1388BE
:107530000133138003232B70874805236B700022CF
:1075400002230E2110F8016FEE5401320133062A96
:1075500093FBF1F601FB1633F4D1804900224FF082
:107560000E0811F8010FE85401320133062A93FB8B
:10757000F8F008FB1033F4D1FF2C00F09E80784A1D
:107580001388002B00F099806B48DFF8E0A1D0F859
:1075900000B0DFF8DC91013B13800BF10102514296
:1075A00001F01F01654B02F01F0258BF4A42026002
:1075B000634A1F881288ADF814204FF4967605A808
:1075C0005021FBF7A3FAB7FBF6F206FB127292B258
:1075D00050210AF802102146FBF798FA7A1C92B261
:1075E000B2FBF6F106FB112292B299F800100AF8EC
:1075F00002400191FBF78AFABA1C92B2B2FBF6FC88
:1076000006FB1C22019992B20AF80210013189F896
:1076100000100E21FBF77AFAFA1C92B2B2FBF6F1D7
:1076200006FB112292B207F104090AF8028007F161
:107630001208444A1FFA89F91FFA88F812F8011B48
:1076400005A8CDE90112FBF761FAB9FBF6F006FBDC
:10765000109009F1010980B21FFA89F901990AF81D
:107660000010C845029AE9D1B8FBF6F206FB128871
:107670001FFA88F89DF814200AF8082007F1130271
:1076800092B2B2FBF6F106FB112292B29DF81510F0
:107690002A4B0AF8021007F114021A802A4A22F82B
:1076A0001B702A4A142102F80B10294A102102F8F3
:1076B0000B10284A13880133138003232B702948A9
:1076C00006236B70002202230E2110F8016FEE5486
:1076D00001320133062A93FBF1F601FB1633F4D194
:1076E000214900224FF00E0911F8010FE854013230
:1076F0000133062A93FBF9F009FB1033F4D1FF2C78
:10770000104E00F0C280164A1388002B00F0BD8096
:107710000948DFF858B0DFF858A0013B1380036830
:1077200002935A1C514201F01F01044B02F01F0248
:1077300058BF4A421EE000BF18080020E2060020A1
:10774000649B0008BF0400205C0800203C08002067
:107750001C08002010080020440000208C0000209D
:10776000580100204A00002092000020E40600207A
:10777000BD0500200260D04AB3F800801288ADF841
:1077800014204FF4967705A85021FBF7BFF9B8FBFA
:10779000F7F207FB128292B250210BF80210214639
:1077A000FBF7B4F908F1010292B2B2FBF7F107FB63
:1077B000112292B29AF800100BF802400191FBF7E7
:1077C000A5F908F1020292B2B2FBF7FC07FB1C22FA
:1077D000019992B20BF8021001318AF800100E21C3
:1077E000FBF794F908F1030292B2B2FBF7F107FB41
:1077F000112292B208F1040A0BF80290029B08F1E0
:10780000120932461FFA8AFA1FFA89F912F8011B87
:10781000039305A8CDE90112FBF778F9BAFBF7F05D
:1078200007FB10A00AF1010A80B21FFA8AFA019937
:107830000BF80010D145DDE90223E7D1B9FBF7F2DF
:1078400007FB12991FFA89F99DF814200BF80920FB
:1078500008F1130292B2B2FBF7F107FB112292B2C8
:107860009DF815100BF80210944908F114020A80D3
:10787000934A22F81380934A1421D154924A10213A
:10788000D154924A13880133138003232B709048FC
:1078900007236B70002202230E2110F8015FF554BC
:1078A00001320133062A93FBF1F501FB1533F4D1C4
:1078B000884900224FF00E0811F8010FF0540132F0
:1078C0000133062A93FBF8F008FB1033F4D1FF2CA8
:1078D00000F09E80804A1388002B00F099807F483A
:1078E000DFF808A2D0F800B0DFF80492013B138063
:1078F0000BF10102514201F01F01704B02F01F0217
:1079000058BF4A4202606C4A1F881288ADF81420A2
:107910004FF4967505A85021FBF7F8F8B7FBF5F280
:1079200005FB127292B250210AF802102146FBF7B1
:10793000EDF87A1C92B2B2FBF5F105FB112292B27E
:1079400099F800100AF802400191FBF7DFF8BA1C21
:1079500092B2B2FBF5FC05FB1C22019992B20AF827
:107960000210013189F800100E21FBF7CFF8FA1C44
:1079700092B2B2FBF5F105FB112292B207F10409B4
:107980000AF8028007F11208554A1FFA89F91FFA0E
:1079900088F812F8011B05A8CDE90112FBF7B6F82B
:1079A000B9FBF5F005FB109009F1010980B21FFA4F
:1079B00089F901990AF80010C845029AE9D1B8FB83
:1079C000F5F205FB12881FFA88F89DF814200AF8D2
:1079D000082007F1130292B2B2FBF5F105FB112268
:1079E00092B29DF81510354B0AF8021007F11402F7
:1079F0001A80334A22F81B70324A142102F80B1005
:107A0000314A102102F80B10304A138801331380D9
:107A100003233370334808237370002202230E219E
:107A200010F8015FF55401320133062A93FBF1F59A
:107A300001FB1533F4D12C4900224FF00E0811F848
:107A4000010FF05401320133062A93FBF8F008FBD2
:107A50001033F4D1FF2C00F0BE801F4A1388002B96
:107A600000F0B9801D48DFF884A0D0F800B0DFF83E
:107A70008090013B13800BF10102514201F01F0184
:107A80000E4B02F01F0258BF4A4202600A4A1F888A
:107A90001288ADF814204FF4967505A85021FBF715
:107AA00035F8B7FBF5F205FB127292B250210AF8D5
:107AB000021021461EE000BF649B0008E206002081
:107AC0005C0800203C0800201C0800201008002052
:107AD00050000020980000205801002018080020C5
:107AE000BF040020560000209E000020E406002075
:107AF000BD050020FBF70AF87A1C92B2B2FBF5F143
:107B000005FB112292B299F800100AF80240019187
:107B1000FAF7FCFFBA1C92B2B2FBF5FC05FB1C2283
:107B2000019992B20AF80210013189F800100E2171
:107B3000FAF7ECFFFA1C92B2B2FBF5F105FB112249
:107B400092B207F104090AF8028007F11208C64A46
:107B50001FFA89F91FFA88F812F8011B05A8CDE968
:107B60000112FAF7D3FFB9FBF5F005FB109009F10C
:107B7000010980B21FFA89F901990AF80010C84575
:107B8000029AE9D1B8FBF5F205FB12881FFA88F8D2
:107B90009DF814200AF8082007F1130292B2B2FBF4
:107BA000F5F105FB112292B29DF81510AF4B0AF8C2
:107BB000021007F114021A80AD4A22F81B70AD4A78
:107BC000142102F80B10AC4A102102F80B10AB4A3A
:107BD00013880133138003233370A948092373707A
:107BE000002202230E2110F8015FF5540132013307
:107BF000062A93FBF1F501FB1533F4D1A1490022CC
:107C00004FF00E0811F8010FF05401320133062A2B
:107C100093FBF8F008FB1033F4D1FF2C00F09E80AA
:107C2000994A1388002B00F099809848DFF86CA2DD
:107C3000D0F800B0DFF86892013B13800BF101022D
:107C4000514201F01F01894B02F01F0258BF4A4206
:107C500002608F4A1F881288ADF814204FF4967581
:107C600005A85021FAF752FFB7FBF5F205FB127297
:107C700092B250210AF802102146FAF747FF7A1C07
:107C800092B2B2FBF5F105FB112292B299F8001005
:107C90000AF802400191FAF739FFBA1C92B2B2FB1E
:107CA000F5FC05FB1C22019992B20AF80210013181
:107CB00089F800100E21FAF729FFFA1C92B2B2FBE4
:107CC000F5F105FB112292B207F104090AF80280CE
:107CD00007F11208644A1FFA89F91FFA88F812F8A6
:107CE000011B05A8CDE90112FAF710FFB9FBF5F069
:107CF00005FB109009F1010980B21FFA89F9019979
:107D00000AF80010C845029AE9D1B8FBF5F205FB64
:107D100012881FFA88F89DF814200AF8082007F145
:107D2000130292B2B2FBF5F105FB112292B29DF85B
:107D300015104E4B0AF8021007F114021A804C4A33
:107D400022F81B704B4A142102F80B104A4A1021EA
:107D500002F80B10494A1388013313800323337050
:107D60004C480A237370002202230E2110F8015F91
:107D7000F55401320133062A93FBF1F501FB15336B
:107D8000F4D1454900224FF00E0811F8010FF054CC
:107D900001320133062A93FBF8F008FB1033F4D1CB
:107DA000FF2C00F0BE80384A1388002B00F0B98009
:107DB0003648DFF8E8A0D0F800B0DFF8E490013BE7
:107DC00013800BF10102514201F01F01274B02F019
:107DD0001F0258BF4A4202602D4A1F881288ADF820
:107DE00014204FF4967505A85021FAF78FFEB7FBC3
:107DF000F5F205FB127292B250210AF802102146E8
:107E0000FAF784FE7A1C92B2B2FBF5F105FB11225F
:107E100092B299F800100AF802400191FAF776FE42
:107E2000BA1C92B2B2FBF5FC05FB1C22019992B27E
:107E30000AF80210013189F800100E21FAF766FEE7
:107E4000FA1C92B2B2FBF5F105FB112292B207F1D6
:107E500004090AF8028007F11208034A1FFA89F997
:107E60001FFA88F81EE000BFBF040020E2060020D1
:107E70005C0800203C0800201C080020100800209E
:107E80005C000020A40000205801002018080020F9
:107E9000649B000862000020AA000020E406002085
:107EA000BD05002012F8011B05A8CDE90112FAF763
:107EB0002DFEB9FBF5F005FB109009F1010980B228
:107EC0001FFA89F901990AF80010C845029AE9D108
:107ED000B8FBF5F205FB12881FFA88F89DF814200C
:107EE0000AF8082007F1130292B2B2FBF5F105FB84
:107EF000112292B29DF81510CD4B0AF8021007F12D
:107F000014021A80CB4A22F81B70CB4A142102F8C3
:107F10000B10CA4A102102F80B10C94A138801330A
:107F2000138003233370C7480B237370002202238E
:107F30000E2110F8015FF55401320133062A93FB3C
:107F4000F1F501FB1533F4D1BF4900224FF00E08C3
:107F500011F8010FF05401320133062A93FBF8F0B7
:107F600008FB1033F4D1FF2C00F09E80B74A138831
:107F7000002B00F09980B648DFF8E8A2D0F800B0F6
:107F8000DFF8E492013B13800BF10102514201F052
:107F90001F01A74B02F01F0258BF4A420260AD4AC0
:107FA0001F881288ADF814204FF4967505A850214B
:107FB000FAF7ACFDB7FBF5F205FB127292B2502155
:107FC0000AF802102146FAF7A1FD7A1C92B2B2FB20
:107FD000F5F105FB112292B299F800100AF802405F
:107FE0000191FAF793FDBA1C92B2B2FBF5FC05FBC6
:107FF0001C22019992B20AF80210013189F800108E
:108000000E21FAF783FDFA1C92B2B2FBF5F105FBE3
:10801000112292B207F104090AF8028007F112084E
:108020008D4A1FFA89F91FFA88F812F8011B05A872
:10803000CDE90112FAF76AFDB9FBF5F005FB1090E6
:1080400009F1010980B21FFA89F901990AF80010B3
:10805000C845029AE9D1B8FBF5F205FB12881FFA70
:1080600088F89DF814200AF8082007F1130292B24C
:10807000B2FBF5F105FB112292B29DF815106C4B85
:108080000AF8021007F114021A806A4A22F81B70DB
:10809000694A142102F80B10684A102102F80B10EB
:1080A000674A138801331380032333706B480C2312
:1080B0007370002202230E2110F8015FF554013283
:1080C0000133062A93FBF1F501FB1533F4D1644922
:1080D00000224FF00E0911F8010FF0540132013364
:1080E000062A93FBF9F009FB1033F4D1FF2C00F0C2
:1080F0009680564A1388002B00F091805449DFF88F
:108100003081D1F800A0B8F80060564F013B1380D1
:108110000AF101035A4202F01F0203F01F0358BF85
:1081200053420B604B4B4FF4967505A81B88ADF876
:1081300014305021FAF7EAFCB6FBF5F305FB1363A4
:108140009BB250222146FA54FAF7E0FC731C9BB212
:10815000B3FBF5F205FB12339BB2FC54424C94F88E
:1081600000B05946FAF7D2FCB31C9BB2B3FBF5F250
:1081700005FB12339BB20E2107F803B00BF1010B84
:1081800084F800B0FAF7C2FCF31C9BB2B3FBF5F223
:1081900005FB12339BB206F1120407F80390DFF8D7
:1081A000B8B006F104091FFA89F9A4B21BF8011B43
:1081B000019105A8FAF7AAFCB9FBF5F305FB1393A7
:1081C00009F101099BB21FFA89F90199F9544C454B
:1081D000ECD1B4FBF5F305FB1344A4B29DF81430C5
:1081E0003B5506F113039BB2B3FBF5F205FB1233CB
:1081F0009BB29DF81520FA5406F11403A8F800303C
:108200000C4B23F81A600C4B142203F80A200B4B7A
:10821000102203F80A200A4A138801331380134AF4
:10822000DFF84C800123137098F8003022E000BF83
:10823000E20600205C0800203C0800201C0800200A
:108240001008002068000020B00000205801002025
:1082500018080020649B0008BF0400206E00002066
:10826000B6000020E4060020BD050020BE0400206A
:10827000B7040020002B40F0B5805C4D04232B7028
:108280005B4B1B786B705B4B1B78AB705A4B1B784E
:10829000EB705A4B1A782A715A786A719A78DB789F
:1082A000EB71574BAA711F78FF2F00F09880554A49
:1082B0001388002B00F093805349DFF86891D1F8C0
:1082C00000B0B9F80060DFF860A1013B13800BF14A
:1082D00001035A4202F01F0203F01F0358BF53422A
:1082E0000B604A4B4FF4967405A81B88ADF8143008
:1082F0005021FAF70BFCB6FBF4F304FB13639BB2BB
:10830000502239460AF80320FAF700FC731C9BB28E
:10831000B3FBF4F204FB12339BB20AF803703C4F38
:1083200039780191FAF7F2FBB31C9BB2B3FBF4F27C
:1083300004FB123301999BB20AF803100131397022
:108340000821FAF7E3FBF31C9BB2B3FBF4F204FB46
:1083500012339BB208220AF8032006F10C072A46C2
:10836000351DADB2BFB212F8011B05A8CDE901124F
:10837000FAF7CCFBB5FBF4F304FB135301359BB2C6
:10838000ADB201990AF80310AF42029AEBD1B7FBE4
:10839000F4F304FB1377BFB29DF814300AF80730EA
:1083A00006F10D039BB2B3FBF4F204FB12339BB254
:1083B0009DF815200AF8032006F10E03A9F80030F5
:1083C000144B23F81B60144B0E2203F80B20134BA5
:1083D000102203F80B20124A138801331380012363
:1083E00088F8003007B0BDE8F08F00BFAE04002071
:1083F000BD0400202C000020B8040020B904002097
:10840000560100205801002018080020649B000835
:10841000BD0500205C0800203C0800201C0800204E
:1084200010080020E2060020E40600208D4A8E4B52
:108430002DE9F347117819B16421197000211170E9
:108440001C78002C00F00A81621E012C1A7040F08A
:10845000058172B600F084FB202000F097FB10200D
:1084600000F094FB042000F091FB804800F0B2FB88
:10847000202000F08BFB102000F088FB042000F08F
:1084800085FB00F07BFB62B672B600F069FB202032
:1084900000F07CFB102000F079FB042000F076FB5C
:1084A0002146724800F0B2FB202000F06FFB102044
:1084B00000F06CFB042000F069FB00F05FFB62B68B
:1084C0006B4B21461B88ADF8043001A8FAF71EFB60
:1084D000684B1C782146FAF719FB72B600F040FB96
:1084E000202000F053FB102000F050FB042000F08F
:1084F0004DFB2146604800F089FB202000F046FB40
:10850000102000F043FB042000F040FB00F036FB9D
:1085100062B65A4EDFF87481082404F1006505F54F
:108520003C45374604EB080A17F8019B01A8494669
:10853000FAF7ECFA72B600F013FB202000F026FBED
:10854000102000F023FB042000F020FB49462846C1
:1085500000F05CFB202000F019FB102000F016FB5F
:10856000042000F013FB00F009FB62B6043555450A
:10857000DAD11834B4F5947F06F10606CDD1404E19
:1085800004F1006505F53C45374617F8019B01A845
:108590004946FAF7BBFA72B600F0E2FA202000F082
:1085A000F5FA102000F0F2FA042000F0EFFA494644
:1085B000284600F02BFB202000F0E8FA102000F005
:1085C000E5FA042000F0E2FA00F0D8FA62B60435C9
:1085D00004EB08039D42D8D11834B4F5127F06F19C
:1085E0000606CDD19DF8044072B600F0B9FA2020FD
:1085F00000F0CCFA102000F0C9FA042000F0C6FA0E
:108600002146204800F002FB202000F0BFFA102095
:1086100000F0BCFA042000F0B9FA00F0AFFA62B63C
:108620009DF8054072B600F09BFA202000F0AEFAEB
:10863000102000F0ABFA042000F0A8FA21461248FE
:1086400000F0E4FA202000F0A1FA102000F09EFAD9
:10865000042000F09BFA00F091FA62B602B0BDE887
:10866000F08700BF650300206403002000BC000801
:10867000649B0008BD04002004BC00082D000020FD
:108680007500002048BE00084CBE000818BC000859
:108690002DE9F04F6B4B1A7885B0002A40F0CE8060
:1086A000694B6A4E5A70F42119709A70DA7011464B
:1086B0000C25012705FB01F0305C50B1CC100134D2
:1086C00001F0070013F804C007FA00F040EA0C00BC
:1086D000185501310C29EDD1D9785D4E00201825AF
:1086E000012705FB00F4345D24B107FA00F21143C1
:1086F000C9B2224601300628F3D102B1D970554BD8
:108700001E78FF2E00F09A80534A1388002B00F049
:1087100095805249524FD1F800903D88DFF85C8136
:10872000DFF824B1013B138009F101035A4202F042
:108730001F0203F01F0358BF53420B60494B4FF415
:10874000967403A81B88ADF80C305021FAF7DEF9B7
:10875000B5FBF4F304FB13539BB25022314608F8E7
:108760000320FAF7D3F96B1C9BB2B3FBF4F204FBC2
:1087700012339BB208F803603B4E96F800A05146B6
:10878000FAF7C4F9AB1C9BB2B3FBF4F204FB12334F
:108790009BB2042108F803A00AF1010A86F800A0A0
:1087A000FAF7B4F9EB1C9BB2B3FBF4F204FB1233FF
:1087B0009BB2042205EB020A05F1080608F8032023
:1087C0001FFA8AFAB6B21BF8011B019103A8FAF747
:1087D0009DF9BAFBF4F304FB13A30AF1010A9BB25F
:1087E0001FFA8AFA019908F803105645EBD1B6FB37
:1087F000F4F304FB1366B6B29DF80C3008F80630AB
:1088000005F109039BB2B3FBF4F204FB12339BB2F4
:108810009DF80D2008F8032005F10A033B80134B57
:1088200023F81950124B0A2203F80920114B102289
:1088300003F80920104A13880133138005B0BDE8FE
:10884000F08F00BF5C01002060030020D4040020F2
:10885000C000002056010020580100201808002008
:10886000E2060020649B0008BD0500205C08002093
:108870003C0800201C08002010080020E40600200E
:10888000022170B5084600F035F908B3114D0121F9
:10889000022000F063F92C883B2C19D80E4A0F4BAC
:1088A000115D0F4A0F4E02EBC10052F831201A60E1
:1088B00042680D485A600021F36000F07CFC3146AC
:1088C000022000F0C9F80134022000F0B1F82C8039
:1088D00070BD00BFA004002064040020A20400209A
:1088E000B09E00080C0000200044014008B5FAF7D3
:1088F0005BF8FAF773F8FAF79FF8FAF7A7F8FAF7C0
:10890000C1F8FAF7DBF8FAF7E5F8FAF7F9F8FAF749
:108910000DF9FAF737F9FAF755F9FAF76DFAFBF7A7
:10892000BFFCFBF7D2FCFBF7E5FCFBF7F8FCFBF721
:108930000BFDFBF71EFDFBF7DFFFFBF7F2FFFCF77C
:1089400007F8FCF71BF8FCF72FF8FCF743F8FCF7E7
:1089500058F8FCF76DF8FCF782F8FCF797F8FCF78D
:10896000ABF8FCF7BFF8FCF7B9FAFCF7D3FAFCF761
:10897000EFFAFCF733FBBDE80840FCF7C3BD00008D
:108980002DE9F84F00252F462E46A946A84641F26C
:10899000873B1E4B1C68A4EB0803B3F5FA6F02D3A8
:1089A000FBF7CCFBA046A4EB0902092AA4EB060ABC
:1089B0001FD8BAF1270F02D9FCF710FB2646BC429C
:1089C00003D0FDF7D9FFFFF731FD631B5B4502D9EB
:1089D000FFF75EFE2546FAF743FA2746FBF774FADF
:1089E000FBF780FBFBF7DAFCFBF7C0FDFCF794F923
:1089F000CFE7FCF78FF8BAF1270F02D9FCF7EEFAB0
:108A00002646FCF727FEA146D9E700BF0C0D002043
:108A100008B5FFF76BFFFFF7B3FF00001423034A0D
:108A20005843835823F020038350704708000240C6
:108A30001423034A5843835843F00103835070477B
:108A4000080002401423034A5843835823F00103CB
:108A5000835070470800024038B50446FFF7F2FF24
:108A6000142303FB04F0184B0A68C2500433CA688D
:108A7000C250083B0A8BC250043B0D694A68C45877
:108A80002A43CD6924F47C542A432243C2500A7AF3
:108A9000012AC2580CBF42F0400222F04002C250EC
:108AA0000A7D012AC2580CBF42F0800222F08002E7
:108AB000C2504A7D22B9C25822F01002C25038BDBD
:108AC000C25842F01002F9E710000240034B800048
:108AD0005A68814011435960704700BF000002404E
:108AE0001423034A584383580B438350704700BFF5
:108AF00008000240042913D008291DD0022927D1DB
:108B0000144B82001B68914019401423124A4343BE
:108B1000985800F00200D9B1003818BF0120704702
:108B20000C4B82001B689140194014230A4A4343AE
:108B3000985800F00400EEE7064B82001B68914055
:108B4000194014235843044BC05800F00800E2E7D2
:108B5000002070470000024008000240FFF7B6BF47
:108B6000044B1A69120641BF034A5A6002F1883267
:108B70005A6070470020024023016745024A13698A
:108B800043F080031361704700200240014BD8601E
:108B9000704700BF00200240074BDA68D10707D4B6
:108BA000DA68D20606D4D868C0F380004000704767
:108BB00001207047032070470020024010B5044692
:108BC000FFF7EAFF012804F1FF3402D1002CF7D1AE
:108BD000042010BD38B505464FF47020FFF7EEFFB6
:108BE00088B9094C236943F0020323616561236955
:108BF00043F0400323614FF47020FFF7DFFF236948
:108C000023F00203236138BD0020024070B5054601
:108C10004FF470200E46FFF7D1FF68B9074C236967
:108C200043F0010323614FF470202E60FFF7C6FF6D
:108C3000236923F00103236170BD00BF00200240BF
:108C40002DE9F0430568C46800264FF0010E4FF08F
:108C500003080EFA06F71F420DD0770008FA07FC4A
:108C600001FA07F925EA0C0524EA0C0402FA07F7D1
:108C700049EA05053C430136102EEAD10560C4607F
:108C8000BDE8F08301294168F0B50CBF1943994351
:108C90004FF6FF744160A242816815D1C46B002277
:108CA00001274FF0030C07FA02F61E421CBF5500C5
:108CB0000CFA05F502F101021CBF29433443102AC6
:108CC000F1D18160C463F0BD002401274FF0030C93
:108CD00007FA04F51D4207D065000CFA05F621EAF3
:108CE000060102FA05F529430134102CF0D1816008
:108CF000E9E7816170478162704703690B4214BFE5
:108D000001200020704743690B4214BF012000205E
:108D10007047F0B5066A456A00234FF0010C4FF02A
:108D20000F0E0CFA03F4144207D09C000EFA04F75D
:108D300026EA070601FA04F426430133082BF0D192
:108D400000234FF0010C4FF00F0E03F108040CFA52
:108D500004F4144207D09C000EFA04F725EA070534
:108D600001FA04F425430133082BEED10662456273
:108D7000F0BD000010B51D4CE36803F4E063B3F5EB
:108D8000A06F08D020D8B3F5407F26D0B3F5806F10
:108D900026D0174BE36002231C46C4F10404A14013
:108DA000C3F104040F23E3401340124A0B431B0199
:108DB0001118DBB281F800334109012300F01F00D4
:108DC000834042F8213010BDB3F5C06F0BD0B3F52E
:108DD000E06FDED104230024DFE700230424DCE776
:108DE00001230324D9E703230124D6E700ED00E0A3
:108DF0000005FA0500E100E021F06041034B21F09D
:108E00007F0101439960BFF34F8F704700ED00E091
:108E1000830903F1804303F5043300F01F00196850
:108E2000012282400A431A607047830903F180439C
:108E300003F5043300F01F001A680121814022EA83
:108E400001021A607047FFF7E3BFFFF7EEBF0000B3
:108E5000F0B55D4B89B0054604AC03F110061F4622
:108E600018685968224603C20833B3421446F7D142
:108E7000716838696B4603C303C354494B68C3F335
:108E80008103022B44D14A684868CB6A0601C2F3C9
:108E900083424FEAD37334D4002B30D102324B6873
:108EA000C86ADC0332D5CB6A400003F00F0354BF1D
:108EB000474848480133B0FBF3F35A434B68C3F3C8
:108EC000031320336B4413F8104C4B68C3F3022395
:108ED00020336B4422FA04F413F8206C4B68C3F37C
:108EE000C22320336B4413F8183C24FA03F0062DF8
:108EF00010D8DFE805F06412141017464F00213235
:108F0000CDE70BB91132CAE73132C8E7324BD4E7AB
:108F10002F4AD3E7002009B0F0BD2046FBE724FA32
:108F200006F0F8E70B6BDA0507D40B6B2B4813F44C
:108F3000803F2B4B08BF1846EDE74A680B6BC2F326
:108F40008132022A4FEAD3730FD0032A14D0012AA8
:108F500006D00BB94008DEE70320B4FBF0F0DAE7F7
:108F60000BB98008D7E70520F7E71BB90623B0FB4C
:108F7000F3F0D0E70720F0E70BB9C008CBE70920F2
:108F8000EBE70B6B13F0400F48F2120018BF4FF4E1
:108F90000040C0E70B6B9B07BDD00B6B03F00303D6
:108FA000012B0CD00B6B03F00303022B09D00B6BCE
:108FB000074803F00303032B18BF0020ABE710465C
:108FC000A9E74FF40040A6E7789B00080010024094
:108FD00000127A00006CDC0200093D00003FAB018A
:108FE000809FD50008B5274B98421ED00BD8A3F51B
:108FF000943398422AD003F5E05398422DD0B0F133
:10900000804F1CD008BD204B98422DD003F58063C3
:10901000984230D0A3F500639842F3D14FF44470E6
:10902000FFF711FF4FF4447005E040F20B30FFF7FB
:109030000AFF40F20B30BDE80840FFF706BF4FF4CF
:109040008060FFF700FF4FF48060F4E740F20140DA
:10905000FFF7F9FE40F20140EDE74FF48160FFF7C2
:10906000F2FE4FF48160E6E740F21130FFF7EBFECD
:1090700040F21130DFE740F21230FFF7E4FE40F239
:109080001230D8E7002C0140004401400B8810B595
:109090008362424B98421BD020F48063B3F1804F2F
:1090A00016D08B68C3623E4B98423CD003F5903398
:1090B00098424FD03B4A904255D002F58062904290
:1090C0005ED0A3F5A053984228D10B7B036325E023
:1090D000036823F07003036002684B881343036046
:1090E00002688B88134303608B68C3622B4B9842E2
:1090F00022D0B0F1804F16D0A3F594339842D2D14C
:109100004FF08043D3F8002422F44072C3F80024C7
:10911000D3F80044CA882243C3F80024436943F0CB
:109120000103436110BD036823F4407303600268C8
:10913000CB8813430360F1E71B4BD3F8002C22F4D8
:109140004072C3F8002CD3F8004CCA882243C3F8FD
:10915000002CBAE7036823F4407303600268CB88ED
:1091600013430360B1E7D3F8002422F44072C3F83C
:109170000024D3F80044CA882243C3F80024A4E79B
:10918000D3F8002822F44072C3F80028D3F800482E
:10919000CA882243C3F8002897E700BF002C01408B
:1091A000002000400044014000200140036843F0DB
:1091B00001030360704741627047C3681943C1608F
:1091C0007047436C01290CBF43F4004323F4004370
:1091D00043647047032900F20381DFE811F00400C3
:1091E00047009A00DF00036A23F0010303628369EA
:1091F00023F003038361036A11680B430362036A6C
:1092000023F002030362016AD3880B430362754BA8
:1092100098420AD020F4806103F5A053994204D00B
:1092200003F50063984240F0DB80036A23F00403F7
:109230000362016A93880B430362036A23F0080305
:109240000362016A13890B430362436823F480734A
:109250004360416853890B434360436823F40073C0
:109260004360416893890B4343607047036A23F06E
:1092700010030362836923F440738361036A1168F6
:1092800043EA01130362036AD18823F020030362D7
:10929000036A43EA01130362524B98422DD1036AD9
:1092A000918823F040030362036A43EA01130362D7
:1092B000036A118923F080030362036A43EA0113FE
:1092C0000362494B5089D3F8041C928921F48061D0
:1092D000C3F8041CD3F8041C41EA8001C3F8041C41
:1092E000D3F8041C21F40061C3F8041CD3F8041C57
:1092F00041EA8202C3F8042C70473C4B98426FD17C
:109300004368528923F480634360436843EA8203DD
:10931000AAE7036A23F480730362C36923F003039B
:10932000C361036A116843EA01230362036AD188B7
:1093300023F400730362036A43EA01230362294BA7
:1093400098424DD1036A918823F480630362036AD3
:1093500043EA01230362036A118923F40063036271
:10936000036A43EA012303621F4B5089D3F8041CAC
:10937000928921F48051C3F8041CD3F8041C41EAFB
:109380000011C3F8041CD3F8041C21F40051C3F8E5
:10939000041CD3F8041C41EA0212ABE7036A23F46D
:1093A00080530362C36923F44073C361036A116885
:1093B00043EA01330362036AD18823F40053036252
:1093C000036A43EA01330362064B984208D15968A5
:1093D000528921F480415960596841EA82125A60E9
:1093E000704700BF002C01400020014000400140B8
:1093F00003291AD8DFE801F0020A121A836923F060
:10940000700383618369134383617047836923F425
:10941000E0438361836943EA0223F5E7C36923F0EC
:109420007003C361C3691343C3617047C36923F405
:10943000E043C361C36943EA0223F5E703290AD87D
:10944000DFE801F002040608426370478263704758
:10945000C26370470264704703291AD8DFE801F03D
:10946000020A121A836923F0080383618369134394
:1094700083617047836923F400638361836943EAEE
:109480000223F5E7C36923F00803C361C3691343EB
:10949000C3617047C36923F40063C361C36943EACE
:1094A0000223F5E708B50C4B98420DD003F5744341
:1094B000984210D140F20E30FFF7C5FC40F20E305A
:1094C000BDE80840FFF7C1BC40F21140FFF7BBFC0C
:1094D00040F21140F4E708BD0044004038B5134B9A
:1094E000984204460D4618D003F57443984216D1AD
:1094F0000620FFF7ADFC226812044FEA550310D591
:1095000003EB4003B3FBF5F1C1F3420321F00F017C
:109510000904090C0B43E36038BD0220E9E7002091
:10952000E9E70344B3FBF5F39BB2F4E700440040E2
:10953000036823F001030360036823F4C06303603E
:1095400003680B4303607047036823F00103036063
:10955000036823F48053036003680B430360704780
:10956000036823F001030360436823F4405343601E
:1095700043680B4343607047036843F00103036093
:109580007047036823F00803036003680B4303601C
:109590007047036823F00403036003680B43036010
:1095A0007047C1F3080181627047406AC0F3080048
:1095B0007047026A01F01F0101238B4013430362CD
:1095C00070478A0910B501F01F01145801238B4020
:1095D0002343135010BD10B58C090122235801F00C
:1095E0001F018A4023EA0203235010BDC1F38913EF
:1095F00010B51C588B0D1A58C1F30440012303FA0F
:1096000000F0104006D001F01F018B40234214BF30
:109610000120002010BD0000084B994206D1D0F86F
:10962000D03023F40043C0F8D0307047026AC1F351
:10963000044101238B4013430362704709340F3404
:10964000DFF830D0002103E00B4B5B58435004316E
:109650000A480B4B42189A42F6D30A4A02E000230A
:1096600042F8043B084B9A42F9D300F011F8FFF797
:10967000CFF9704760030020C0A800080000002058
:109680006001002060030020100D0020FEE70000B4
:109690007E4BDA6902F00602062A82B047D0DA6908
:1096A000900444D57A4A7B4959605A6099609A601F
:1096B0001A6942F020021A611A6942F040021A61E6
:1096C000DA68D107FCD41A6922F020021A611A69FB
:1096D00042F010021A61DA6912F0060F6E4A40F089
:1096E000C780A5231380694B6B4AD969090A01F029
:1096F000DF015180D969C1F307419180D969090E11
:10970000D180196AC9B21181196AC1F30721518147
:10971000DA68D207FCD41A6922F010021A611A69B9
:1097200022F400721A611A6942F080021A615B4ADF
:10973000D2F8883043F47003C2F88830584B1A6866
:1097400042F001021A601A689007FCD55A6842F08C
:1097500080025A6000220192019A4F2A40F29080C2
:109760005A6842F090025A6000220192019A4F2AF0
:1097700040F289805A6822F003025A601A6822F087
:10978000867222F480321A605968464A0A405A604A
:109790005A6822F0084222F474125A60DA6A22F0FF
:1097A000404222F00F02DA621A6B22F4817222F038
:1097B00001021A631A6B22F480321A631A6B22F0C8
:1097C00000421A635A6B22F001025A63D3F8C02098
:1097D00022F48032C3F8C02000229A60C3F8CC2063
:1097E0001A6842F480321A604FF4006219688903E3
:1097F00001D4013AFAD11A68900333D55A685A60F5
:109800005A6842F400525A605A6842F480625A60C0
:109810005A6822F0036222F470225A60DA6A22F057
:10982000404222F00F02DA625A6842F0016242F4CA
:1098300080325A60DA6A42F00102DA62DA6ADA6287
:109840001A6842F080721A601A689101FCD55A6851
:1098500022F003025A605A6842F002025A605A68C3
:109860001207FCD500214FF0006002B0FFF7C4BA28
:10987000DB6903F00603022B7FF435AFBB2331E72E
:10988000019A013267E7019A01326EE70020024037
:10989000AB89EFCD2301674500F8FF1F00ED00E025
:1098A000001002400C00FF082DE9F047089D0C460F
:1098B000002B4ED194468C458646B2FA82F262D98C
:1098C0004AB1C2F12003914020FA03F30CFA02FCE2
:1098D000194300FA02FE4FEA1C471FFA8CF6B1FB4F
:1098E000F7F44FEA1E4307FB141143EA014304FB5C
:1098F00006F199420AD91CEB030304F1FF3080F012
:109900001381994240F21081023C6344591A1FFAB4
:109910008EF3B1FBF7F007FB101143EA014300FBA4
:1099200006F69E420AD91CEB030300F1FF3180F0DA
:10993000FD809E4240F2FA80634402389B1B40EA5D
:10994000044000211DB1D3400022C5E90032BDE82A
:10995000F0878B4205D90DB1C5E900010021084609
:10996000F5E7B3FA83F1002946D1A34202D390422E
:10997000C0F0F180861A64EB03030120002DE6D0CD
:10998000C5E90063E3E7002A40F09180A1EB0C04F5
:109990004FEA1C481FFA8CF70121B4FBF8F64FEA96
:1099A0001E4308FB164443EA044307FB06F09842B3
:1099B00008D91CEB030306F1FF3402D2984200F2EF
:1099C000CE8026461C1A1FFA8EF3B4FBF8F008FB73
:1099D000104443EA044300FB07F79F4208D91CEBFD
:1099E000030300F1FF3402D29F4200F2B18020460F
:1099F000DB1B40EA0640A5E7C1F120068B4022FAB6
:109A000006F71F4320FA06FC04FA01F343EA0C03AD
:109A1000F44000FA01F8380C4FEA1349B4FBF0FEA9
:109A20001FFA87FC00FB1E4449EA04440EFB0CF9B4
:109A3000A14502FA01F20AD93C190EF1FF3A80F071
:109A40008580A14540F28280AEF1020E3C44A4EB39
:109A500009041FFA83F9B4FBF0F300FB134449EA4D
:109A6000044403FB0CFCA44507D93C1903F1FF3067
:109A700068D2A44566D9023B3C4443EA0E40A0FBB1
:109A80000293A4EB0C049C42CE469C4652D34FD08A
:109A900055B1B8EB0E0364EB0C0404FA06F6CB40A8
:109AA000CC401E43C5E900640021BDE8F087C2F147
:109AB000200320FA03F10CFA02FC24FA03F3944089
:109AC0000C434FEA1C4800FA02FE1FFA8CF7B3FB66
:109AD000F8F008FB1031230C43EA014300FB07F1C7
:109AE000994208D91CEB030300F1FF362CD29942AE
:109AF0002AD9023863445B1AA4B2B3FBF8F108FB1D
:109B0000113344EA034401FB07F3A34208D91CEBD9
:109B1000040401F1FF3613D2A34211D9023964447F
:109B2000E41A41EA004138E70446EFE6084605E753
:109B3000C845ADD2B9EB020E63EB070C0138A7E7BD
:109B40003146EDE7034698E73046D4E7D6467EE750
:109B5000634402384CE70646234608460EE7023EB9
:109B600063442FE7FFFF0000010000000000000039
:109B700000000001000000000000000000000000E4
:109B800001020304060708090000000001020304A3
:109B900000000000005881390052813A006D113BED
:109BA0004031813BC0B6C93B401A113C204A453C7C
:109BB000F0AE803C10A3A23CF078C83C0027F23CF9
:109BC00058D10F3D4070283D08EA423DF0375F3DD7
:109BD000E8527D3DA4998E3D80689F3DC811B13DFE
:109BE0000C91C33D9CE1D63D90FEEA3DE0E2FF3D95
:109BF0009EC40A3E1AF6153E0A83213E88682D3E11
:109C00008EA3393E0C31463ED00D533E9C36603E0D
:109C10001CA86D3EEC5E7B3ECAAB843E47C78B3EC4
:109C20002000933E84549A3E97C2A13E7848A93EB4
:109C300043E4B03E0A94B83EDC55C03EC427C83E5B
:109C4000C707D03EE9F3D73E29EADF3E84E8E73E86
:109C5000F6ECEF3E77F5F73E0000003F4505043F88
:109C60008509083FBE0B0C3FEB0A103F0C06143F62
:109C70001CFC173F1EEC1B3F12D51F3FFBB5233FBB
:109C8000DE8D273FC45B2B3FB41E2F3FBED5323F36
:109C9000F07F363F5C1C3A3F1BAA3D3F4528413FC1
:109CA000F995443F59F2473F8C3C4B3FBD734E3FC3
:109CB0001C97513FDEA5543F3E9F573F7A825A3F43
:109CC000D84E5D3FA403603F2EA0623FCC23653F8A
:109CD000DE8D673FC7DD693FF0126C3FCC2C6E3FD5
:109CE000D22A703F810C723F60D1733FFC78753F80
:109CF000EA02773FC86E783F38BC793FE8EA7A3F9E
:109D000088FA7B3FD8EA7C3F97BB7D3F926C7E3FD1
:109D10009EFD7E3F936E7F3F57BF7F3FD5EF7F3FD6
:109D20000000803FD4EF7F3F57BF7F3F936E7F3F60
:109D30009DFD7E3F926C7E3F96BB7D3FD7EA7C3F88
:109D400088FA7B3FE7EA7A3F38BC793FC86E783FB4
:109D5000EA02773FFC78753F5FD1733F810C723F19
:109D6000D02A703FCC2C6E3FF0126C3FC7DD693FAC
:109D7000DE8D673FCD23653F2EA0623FA403603F89
:109D8000D84E5D3F7A825A3F3D9F573FDEA5543FF4
:109D90001C97513FBC734E3F8C3C4B3F58F2473FA2
:109DA000F895443F4428413F1AAA3D3F5D1C3A3F85
:109DB000EE7F363FBDD5323FB31E2F3FC45B2B3FF6
:109DC000DD8D273FF9B5233F12D51F3F1EEC1B3F0A
:109DD0001AFC173F0906143FEB0A103FBD0B0C3F5E
:109DE0008309083F4405043FFFFFFF3E75F5F73E3A
:109DF000F0ECEF3E82E8E73E27EADF3EE7F3D73EAE
:109E0000C807D03EC127C83ED955C03E0A94B83EC7
:109E100044E4B03E7548A93E93C2A13E84549A3EA4
:109E20002000933E43C78B3ECAAB843EEA5E7B3E36
:109E30001AA86D3E9236603ECC0D533E0831463E28
:109E40008CA3393E8A682D3E0683213E16F6153EC8
:109E50009CC40A3EE4E2FF3D8CFEEA3D90E1D63D23
:109E60001891C33DC011B13D78689F3D9C998E3DCE
:109E7000F8527D3DE8375F3DF8E9423D4870283DA6
:109E800060D10F3DE026F23CE078C83C20A3A23C24
:109E9000F0AE803C004A453C601A113C00B7C93B1B
:109EA0004031813B806C113B0052813A005C81392A
:109EB0001919191919191919191919191919194BE0
:109EC0001919191919194B191919191919194B4B6C
:109ED00019191919194B191919191919194B194B5C
:109EE00019191919194B4B1919191919194B4B4BE8
:109EF000191919194B191919191919194B19194B3C
:109F0000191919194B194B19191919194B194B4BC7
:109F1000191919194B4B1919191919194B4B194BB7
:109F2000191919194B4B4B19191919194B4B4B4B43
:109F30001919194B191919191919194B1919194BFB
:109F40001919194B19194B191919194B19194B4B87
:109F50001919194B194B19191919194B194B194B77
:109F60001919194B194B4B191919194B194B4B4B03
:109F70001919194B4B1919191919194B4B19194B57
:109F80001919194B4B194B191919194B4B194B4BE3
:109F90001919194B4B4B19191919194B4B4B194BD3
:109FA0001919194B4B4B4B191919194B4B4B4B4B5F
:109FB00019194B191919191919194B191919194B7B
:109FC00019194B1919194B1919194B1919194B4B07
:109FD00019194B19194B191919194B19194B194BF7
:109FE00019194B19194B4B1919194B19194B4B4B83
:109FF00019194B194B19191919194B194B19194BD7
:10A0000019194B194B194B1919194B194B194B4B62
:10A0100019194B194B4B191919194B194B4B194B52
:10A0200019194B194B4B4B1919194B194B4B4B4BDE
:10A0300019194B4B1919191919194B4B1919194B96
:10A0400019194B4B19194B1919194B4B19194B4B22
:10A0500019194B4B194B191919194B4B194B194B12
:10A0600019194B4B194B4B1919194B4B194B4B4B9E
:10A0700019194B4B4B19191919194B4B4B19194BF2
:10A0800019194B4B4B194B1919194B4B4B194B4B7E
:10A0900019194B4B4B4B191919194B4B4B4B194B6E
:10A0A00019194B4B4B4B4B1919194B4B4B4B4B4BFA
:10A0B000194B191919191919194B19191919194B7A
:10A0C000194B191919194B19194B191919194B4B06
:10A0D000194B1919194B1919194B1919194B194BF6
:10A0E000194B1919194B4B19194B1919194B4B4B82
:10A0F000194B19194B191919194B19194B19194BD6
:10A10000194B19194B194B19194B19194B194B4B61
:10A11000194B19194B4B1919194B19194B4B194B51
:10A12000194B19194B4B4B19194B19194B4B4B4BDD
:10A13000194B194B19191919194B194B1919194B95
:10A14000194B194B19194B19194B194B19194B4B21
:10A15000194B194B194B1919194B194B194B194B11
:10A16000194B194B194B4B19194B194B194B4B4B9D
:10A17000194B194B4B191919194B194B4B19194BF1
:10A18000194B194B4B194B19194B194B4B194B4B7D
:10A19000194B194B4B4B1919194B194B4B4B194B6D
:10A1A000194B194B4B4B4B19194B194B4B4B4B4BF9
:10A1B000194B4B1919191919194B4B191919194B15
:10A1C000194B4B1919194B19194B4B1919194B4BA1
:10A1D000194B4B19194B1919194B4B19194B194B91
:10A1E000194B4B19194B4B19194B4B19194B4B4B1D
:10A1F000194B4B194B191919194B4B194B19194B71
:10A20000194B4B194B194B19194B4B194B194B4BFC
:10A21000194B4B194B4B1919194B4B194B4B194BEC
:10A22000194B4B194B4B4B19194B4B194B4B4B4B78
:10A23000194B4B4B19191919194B4B4B1919194B30
:10A24000194B4B4B19194B19194B4B4B19194B4BBC
:10A25000194B4B4B194B1919194B4B4B194B194BAC
:10A26000194B4B4B194B4B19194B4B4B194B4B4B38
:10A27000194B4B4B4B191919194B4B4B4B19194B8C
:10A28000194B4B4B4B194B19194B4B4B4B194B4B18
:10A29000194B4B4B4B4B1919194B4B4B4B4B194B08
:10A2A000194B4B4B4B4B4B19194B4B4B4B4B4B4B94
:10A2B0004B191919191919194B1919191919194B78
:10A2C0004B19191919194B194B19191919194B4B04
:10A2D0004B191919194B19194B191919194B194BF4
:10A2E0004B191919194B4B194B191919194B4B4B80
:10A2F0004B1919194B1919194B1919194B19194BD4
:10A300004B1919194B194B194B1919194B194B4B5F
:10A310004B1919194B4B19194B1919194B4B194B4F
:10A320004B1919194B4B4B194B1919194B4B4B4BDB
:10A330004B19194B191919194B19194B1919194B93
:10A340004B19194B19194B194B19194B19194B4B1F
:10A350004B19194B194B19194B19194B194B194B0F
:10A360004B19194B194B4B194B19194B194B4B4B9B
:10A370004B19194B4B1919194B19194B4B19194BEF
:10A380004B19194B4B194B194B19194B4B194B4B7B
:10A390004B19194B4B4B19194B19194B4B4B194B6B
:10A3A0004B19194B4B4B4B194B19194B4B4B4B4BF7
:10A3B0004B194B19191919194B194B191919194B13
:10A3C0004B194B1919194B194B194B1919194B4B9F
:10A3D0004B194B19194B19194B194B19194B194B8F
:10A3E0004B194B19194B4B194B194B19194B4B4B1B
:10A3F0004B194B194B1919194B194B194B19194B6F
:10A400004B194B194B194B194B194B194B194B4BFA
:10A410004B194B194B4B19194B194B194B4B194BEA
:10A420004B194B194B4B4B194B194B194B4B4B4B76
:10A430004B194B4B191919194B194B4B1919194B2E
:10A440004B194B4B19194B194B194B4B19194B4BBA
:10A450004B194B4B194B19194B194B4B194B194BAA
:10A460004B194B4B194B4B194B194B4B194B4B4B36
:10A470004B194B4B4B1919194B194B4B4B19194B8A
:10A480004B194B4B4B194B194B194B4B4B194B4B16
:10A490004B194B4B4B4B19194B194B4B4B4B194B06
:10A4A0004B194B4B4B4B4B194B194B4B4B4B4B4B92
:10A4B0004B4B1919191919194B4B19191919194B12
:10A4C0004B4B191919194B194B4B191919194B4B9E
:10A4D0004B4B1919194B19194B4B1919194B194B8E
:10A4E0004B4B1919194B4B194B4B1919194B4B4B1A
:10A4F0004B4B19194B1919194B4B19194B19194B6E
:10A500004B4B19194B194B194B4B19194B194B4BF9
:10A510004B4B19194B4B19194B4B19194B4B194BE9
:10A520004B4B19194B4B4B194B4B19194B4B4B4B75
:10A530004B4B194B191919194B4B194B1919194B2D
:10A540004B4B194B19194B194B4B194B19194B4BB9
:10A550004B4B194B194B19194B4B194B194B194BA9
:10A560004B4B194B194B4B194B4B194B194B4B4B35
:10A570004B4B194B4B1919194B4B194B4B19194B89
:10A580004B4B194B4B194B194B4B194B4B194B4B15
:10A590004B4B194B4B4B19194B4B194B4B4B194B05
:10A5A0004B4B194B4B4B4B194B4B194B4B4B4B4B91
:10A5B0004B4B4B19191919194B4B4B191919194BAD
:10A5C0004B4B4B1919194B194B4B4B1919194B4B39
:10A5D0004B4B4B19194B19194B4B4B19194B194B29
:10A5E0004B4B4B19194B4B194B4B4B19194B4B4BB5
:10A5F0004B4B4B194B1919194B4B4B194B19194B09
:10A600004B4B4B194B194B194B4B4B194B194B4B94
:10A610004B4B4B194B4B19194B4B4B194B4B194B84
:10A620004B4B4B194B4B4B194B4B4B194B4B4B4B10
:10A630004B4B4B4B191919194B4B4B4B1919194BC8
:10A640004B4B4B4B19194B194B4B4B4B19194B4B54
:10A650004B4B4B4B194B19194B4B4B4B194B194B44
:10A660004B4B4B4B194B4B194B4B4B4B194B4B4BD0
:10A670004B4B4B4B4B1919194B4B4B4B4B19194B24
:10A680004B4B4B4B4B194B194B4B4B4B4B194B4BB0
:10A690004B4B4B4B4B4B19194B4B4B4B4B4B194BA0
:10A6A0004B4B4B4B4B4B4B194B4B4B4B4B4B4B4B2C
:10A6B00000C0C101C30302C2C60607C705C5C40462
:10A6C000CC0C0DCD0FCFCE0E0ACACB0BC90908C8D2
:10A6D000D81819D91BDBDA1A1EDEDF1FDD1D1CDCC2
:10A6E00014D4D515D71716D6D21213D311D1D01032
:10A6F000F03031F133F3F23236F6F737F53534F422
:10A700003CFCFD3DFF3F3EFEFA3A3BFB39F9F83891
:10A7100028E8E929EB2B2AEAEE2E2FEF2DEDEC2C81
:10A72000E42425E527E7E62622E2E323E12120E0F1
:10A73000A06061A163A3A26266A6A767A56564A4E1
:10A740006CACAD6DAF6F6EAEAA6A6BAB69A9A86851
:10A7500078B8B979BB7B7ABABE7E7FBF7DBDBC7C41
:10A76000B47475B577B7B67672B2B373B17170B0B1
:10A7700050909151935352929656579755959454A1
:10A780009C5C5D9D5F9F9E5E5A9A9B5B9959589811
:10A79000884849894B8B8A4A4E8E8F4F8D4D4C8C01
:10A7A0004484854587474686824243834181804071
:10A7B00000C1814001C0804101C0804100C1814091
:10A7C00001C0804100C1814000C1814001C0804181
:10A7D00001C0804100C1814000C1814001C0804171
:10A7E00000C1814001C0804101C0804100C1814061
:10A7F00001C0804100C1814000C1814001C0804151
:10A8000000C1814001C0804101C0804100C1814040
:10A8100000C1814001C0804101C0804100C1814030
:10A8200001C0804100C1814000C1814001C0804120
:10A8300001C0804100C1814000C1814001C0804110
:10A8400000C1814001C0804101C0804100C1814000
:10A8500000C1814001C0804101C0804100C18140F0
:10A8600001C0804100C1814000C1814001C08041E0
:10A8700000C1814001C0804101C0804100C18140D0
:10A8800001C0804100C1814000C1814001C08041C0
:10A8900001C0804100C1814000C1814001C08041B0
:10A8A00000C1814001C0804101C0804100C18140A0
:04A8B000F8B500BF38
:04A8B400F8B500BF34
:08A8B800F0EFFF7F010000003A
:10A8C000FA0001000100000001000000000000008B
:10A8D0000001000000000000000000000000000077
:10A8E000010100000C00000000000000FFFFFFFF5E
:10A8F000FFFFFFFFFFFFFFFFFFFFFFFFFFFFFFFF68
:10A90000FFFFFFFFFFFFFFFFFFFFFFFFFFFFFFFF57
:10A91000FFFFFFFFFFFFFFFFFFFFFFFFFFFFFFFF47
:10A92000FFFFFFFFFFFFFFFFFFFFFFFFFFFFFFFF37
:10A93000FFFFFFFFFFFFFFFFFFFFFFFFFFFFFFFF27
:10A94000FFFFFFFFFFFFFFFFFFFFFFFFFFFFFFFF17
:10A95000FFFFFFFFFFFFFFFFFFFFFFFFFFFFFFFF07
:10A96000FFFFFFFFFFFFFFFFFFFFFFFFFFFFFFFFF7
:10A97000FFFFFFFFFFFFFFFFFFFFFFFFFF000000E4
:10A9800000000000000000000000000000000000C7
:10A9900000000000010000000000000000000000B6
:10A9A00000000000000000000000000002000000A5
:10A9B0000000000000000000000000000000000097
:10A9C0000000000003000000000000000000000084
:10A9D0000000000000000000000000000400000073
:10A9E0000000000000000000000000000000000067
:10A9F0000000000005000000000000000000000052
:10AA00000000000000000000000000000600000040
:10AA100001FFFF00FFFFFFF2200000010100000026
:040000050800964118
:00000001FF
