:020000040800F2
:1000000010020020911F0008DD1F0008DD1F0008FE
:10001000DD1F0008DD1F0008DD1F000800000000D4
:10002000000000000000000000000000DD1F0008CC
:10003000DD1F000800000000DD1F0008CD010008E2
:1000400000000000DD1F0008DD1F0008DD1F0008A4
:10005000DD1F0008DD1F0008DD1F0008DD1F000890
:10006000DD1F0008DD1F0008DD1F0008DD1F000880
:10007000DD1F0008DD1F0008DD1F0008DD1F000870
:10008000DD1F0008DD1F000800000000DD1F000864
:10009000DD1F0008DD1F0008DD1F0008DD1F000850
:1000A000DD1F0008DD1F0008DD1F0008F103000848
:1000B000DD1F000800000000DD1F00080000000038
:1000C000DD1F000800000000DD1F0008DD1F000824
:1000D000DD1F00080000000000000000000000001C
:1000E0000000000000000000DD1F0008000000000C
:1000F0000000000000000000000000000000000000
:10010000DD1F00080000000000000000DD1F0008E7
:1001100000000000000000000000000000000000DF
:1001200000000000000000000000000000000000CF
:1001300000000000000000000000000000000000BF
:10014000000000000000000000000000DD1F0008AB
:1001500053B94AB9002908BF00281CBF4FF0FF312E
:100160004FF0FF3000F00CB8ADF1080C6DE904CE93
:1001700002F042F8DDF804E0DDE9022304B0704744
:10018000704700BF074B591E1A5C095C41EA022107
:100190009A1E033B125C185C42EA012240EA0220EC
:1001A000704700BF2F0200204FF0E023054A5A613C
:1001B000054AF02182F8231000229A6107221A6171
:1001C000704700BF1E48010000ED00E0024A1368BE
:1001D00001331360704700BF68090020F8B5144B65
:1001E0006FF03A02D3F8E017D3F8AC07D3F8B06752
:1001F000D3F8B4774FF6FF73FFF7AAFF38461446DB
:100200001D466FF03A024FF6FF733146FFF7A0FF2D
:10021000084862406B400021013100F8012B06299B
:100220004FEA122242EA03624FEA1323F4D1F8BDE7
:1002300000F0FF1F6009002010B50C4C40F2125076
:1002400001F0EEFC204640230322002101F02EFCA9
:10025000204600220221402301F006FC20464022D5
:10026000BDE81040002101F05CBC00BF0004004864
:1002700010B50C4C40F2125001F0D2FC2046802305
:100280000322002101F012FC2046002202218023DB
:1002900001F0EAFB20468022BDE81040002101F079
:1002A00040BC00BF0004004808B500221B201146D6
:1002B00001F068FCBDE8084040F20E6001F0B0BCFF
:1002C00010B5094C40F2125001F0AAFC204604235C
:1002D0000322002101F0EAFB20460423BDE8104080
:1002E0000022012101F0C0BB0004004801480421A4
:1002F00001F015BC00040048037810B55940044CC7
:10030000044B5A5C4378615C42704B40037010BDF3
:10031000CE250008CE24000873B5124C2246552184
:1003200002F8011B104908688988C4F8010091800F
:100330000122227262720D4A00251288E571ADF821
:100340000420264614F8011B01A80135FFF7D4FF4D
:100350000A2DF7D19DF80430B3729DF80530F37281
:1003600002B070BD1802002060090020B42400080B
:1003700037B50C4B0C4C1D780C4B65701B88ADF8D9
:1003800004305F2101A82170FFF7B6FF2946FFF76F
:10039000B3FF9DF80430A3709DF80530E37003B0FF
:1003A00030BD00BF0600002028020020B424000851
:1003B00037B50C4B0C4C1D780C4B65701B88ADF899
:1003C0000430332101A82170FFF796FF2946FFF77B
:1003D00093FF9DF80430A3709DF80530E37003B0DF
:1003E00030BD00BF0600002024020020B424000815
:1003F000F8B56549654801F0A1FD064640B163487E
:1004000040F2017101F07DFD5F49604801F0ACFDF3
:100410005F495E4801F092FD074640B15B4840F2FB
:10042000027101F06EFD5A49584801F09DFD59498D
:10043000564801F083FD054640B1544840F203712F
:1004400001F05FFD5349514801F08EFD52494F487C
:1004500001F074FD044640B14C484FF4E06101F0F6
:1004600050FD4D49494801F07FFD4C49474801F096
:1004700065FDD0B1454840F2037101F042FD4749A6
:10048000424801F071FD72B6454A00231360454AA7
:100490001360454A4FF480711180444A138062B65C
:1004A000434A1370434A137005E03E4335432C43DF
:1004B000E4B2002CE7D14049344801F03FFD10B3CD
:1004C000394A1388DBB1374930480C68013B138047
:1004D000631C5A42D2B2DBB258BF53420B6001F0E8
:1004E0000CFD364B23F81400324B01221A70344BAA
:1004F0001A68344B1A602D4A1388013313802E4931
:10050000224801F031FD3049204801F017FDC0B10B
:100510002E4D2F4B2C881B88A34225D94FF4967261
:10052000B4FBF2F302FB13439BB22A4A174832F89A
:100530001310013401F0DDFC2C802349134801F035
:1005400013FD2549114801F0F9FCD8B10F480621E7
:1005500001F0E9FC2148042101F0E1FABDE8F8408E
:100560001D490A4801F000BD0848072101F0DBFCE5
:100570000648062101F0CDFC0E4A00231370184AEC
:100580001370DAE7F8BD00BF000201070038014030
:100590000002020700020307080000070500030726
:1005A000580700205C0700200A00002054070020A4
:1005B0002E0300203D0300200500050760070020F2
:1005C000680900203803002007000707FA0400200C
:1005D000F8040020FC040020060006070004004880
:1005E0003C03002010B5174C204601F003FC2046C8
:1005F000042101F076FC2046082101F06AFC204627
:10060000052101F086FC20464FF4007101F081FCC9
:100610002046082101F07DFC20460B4901F006FC34
:100620002046002101F038FC2046002101F040FC6A
:100630002046002101F024FC2046BDE8104001F0D6
:1006400043BC00BF0038014040420F002DE9F04F8D
:10065000764B1A8885B0002A31D072B61A88013AD2
:100660001A8062B67248734F01684B1C5A42D2B26C
:10067000DBB258BF534203606F4B33F811403B78F5
:10068000002B58D1FF2C14D8AA2CE1B21AD16B49F7
:10069000032008706A496B480B706B490B706B4BF9
:1006A00001221A70FF233A70037043702146FFF74E
:1006B00023FE72B6664A13880133138062B605B012
:1006C000BDE8F08FCC290FD102223A705B4A13703B
:1006D0005B4A5C4813705C4A13705C4B01221A70D1
:1006E000FF2303704370E2E7AF2901D10322ECE757
:1006F000A02901D10422E8E7552905D105223A7045
:100700004E4A0B201070E3E7332904D105223A70DA
:1007100003204A4AF6E75F2906D105233B70474B81
:1007200003221A700023D3E75029C2D106233B705D
:100730000222424BF5E7013B052BBAD8DFE813F064
:100740003805C705F3040600E505EE053B4D29789D
:10075000B9B9404BFF2C1E7809D93A48FFF7CCFDB8
:1007600016B13A4B00221A7001232B70A1E7E4B2B4
:1007700034482146FFF7C0FDA642F5D0FF2CF3D048
:10078000EFE70139082994D801A353F821F000BFFD
:10079000B5070008CD070008B3060008B306000837
:1007A000B3060008B3060008F70700081F12000888
:1007B00061080008B4F5807F274B224828BF002439
:1007C000E1B21970FFF798FD0223CEE7FF2C1E4B14
:1007D00008D900211B481970FFF78EFD174B08221E
:1007E0001A7066E7E1B217481970FFF785FD002C13
:1007F000F4D00723B9E712480378B4F5807F28BF07
:100800000024FF22B3FBF2F21A440133DDB2E1B25D
:1008100002F0FF02114C05700A48A154FFF76CFD6D
:10082000094B1B78AB427FF444AFD7E75407002055
:10083000580700202E030020600700202D03002011
:100840002C030020010000202B03002000000020CA
:100850000A00002006000020160200202C020020C2
:10086000D14BD24A4FF0000883F800801278D04B69
:100870005B78002A00F0C381B4F5807F28BF44462E
:100880009C4240F0BC81CB4BCB49CC4A1B780978C9
:10089000B2F900200091002B00F0AB818A4200F0F9
:1008A000A881C74C94F80090B9F1F50F40F0AA81E7
:1008B000C44B93F800B0BBF1FF0F00F09A81C24A1D
:1008C0001388002B00F09581C049C14ED1F800A0DB
:1008D000013B13800AF10103B8EB030202F01F028F
:1008E00003F01F0358BF53420B60BA4BBA4A1D882E
:1008F0001288ADF80C204FF4967403A85021FFF72E
:10090000FBFCB5FBF4F204FB125292B25021B1543D
:100910005946FFF7F1FC6A1C92B2B2FBF4F104FBFA
:10092000112292B206F802B0DFF8C0B29BF80010B4
:100930000191FFF7E1FCAA1C92B2B2FBF4FC04FBAC
:100940001C22019992B2B15401318BF8001013218D
:10095000FFF7D2FCEA1C92B2B2FBF4F104FB1122C5
:1009600092B21321B1544946FFF7C6FC2A1D92B238
:10097000B2FBF4F104FB112292B2012106F80290BD
:10098000FFF7BAFC6A1D92B2B2FBF4F104FB11222C
:1009900092B24FF00109414606F80290FFF7ACFC15
:1009A000AA1D92B2B2FBF4F104FB112292B24121D2
:1009B00006F80280FFF7A0FCEA1D92B2B2FBF4F148
:1009C00004FB112292B24121B1540621FFF794FC9D
:1009D00005F1080292B2B2FBF4F104FB112292B2CB
:1009E0000621B1544946FFF787FC05F1090292B28E
:1009F000B2FBF4F104FB112292B2414606F80290D8
:100A0000FFF77AFC05F10A0292B2B2FBF4F104FBA3
:100A1000112292B2672106F80280FFF76DFC05F102
:100A20000B0292B2B2FBF4F104FB112292B26721E5
:100A3000B1546421FFF760FC05F10C0292B2B2FBE5
:100A4000F4F104FB112292B26421B1543321FFF777
:100A500053FC05F10D0292B2B2FBF4F104FB11223A
:100A600092B24FF03308322106F80280FFF744FCBF
:100A700005F10E0292B2B2FBF4F104FB112292B224
:100A80003221B1546621FFF737FC05F10F0292B213
:100A9000B2FBF4F104FB112292B26621B15441463B
:100AA000FFF72AFC05F1100292B2B2FBF4F104FB4D
:100AB000112292B2414606F80280FFF71DFC05F1B3
:100AC000110292B2B2FBF4F104FB112292B2302176
:100AD00006F80280FFF710FC05F1120292B2B2FB99
:100AE000F4F104FB112292B23021B1546B21FFF7D3
:100AF00003FC05F1130292B2B2FBF4F104FB1122E4
:100B000092B26B21B1543821FFF7F6FB05F11402C4
:100B100092B2B2FBF4F104FB112292B23821B1542B
:100B20007521FFF7E9FB05F1150292B2B2FBF4F172
:100B300004FB112292B27521B1543621FFF7DCFB80
:100B400005F1160292B2B2FBF4F104FB112292B24B
:100B50003621B15405F1170292B2B2FBF4F104FB55
:100B6000112292B29DF80C10B15405F1180292B204
:100B7000B2FBF4F104FB112292B2164B9DF80D105A
:100B8000B15405F119021A80144B23F81A50144B72
:100B9000192203F80A20134B102203F80A20124AE4
:100BA00013884B4424E000BF3D03002000000020D8
:100BB000010000202B03002016020020040000206A
:100BC0002C020020060000200800002074040020F1
:100BD000400300203E030020B4240008B804002095
:100BE00098040020780400206C04002017020020E4
:100BF0001380B94B01221A70B84B009A1A80002357
:100C00003B7056E5B9F1FB0FF3D1012B0BD1BFF3CC
:100C10004F8FB349B34BCA6802F4E0621343CB6011
:100C2000BFF34F8FFEE7072BE3D9B4F8011000297B
:100C300040F01181182BDCD1AB4BE2791970B4F87C
:100C40000510A37AB1F5824FD3D1062AD1D1012B59
:100C5000CFD194F80CB094F80DA094F80E9094F8BD
:100C60000F8094F810E094F811C0A67CE57C207DFC
:100C7000617DA27DE37DBBF1670FBAD1BAF1640F4C
:100C8000B7D1B9F1330FB4D1B8F1320FB1D1BEF150
:100C9000660FAED1BCF1330FABD1332EA9D1302DBD
:100CA000A7D16B28A5D13829A3D1752AA1D1362B7C
:100CB0009FD172B600F068FE202000F07BFE10206D
:100CC00000F078FE042000F075FE884800F096FEE3
:100CD000202000F06FFE102000F06CFE042000F0D9
:100CE00069FE00F05FFE62B6B4F80330804A5BBA7A
:100CF0001380804B4FF00209A3F800907E4B93F8CD
:100D000000A0BAF1FF0F00F0A2807C4A1388002BEC
:100D100000F09D807A49DFF804B2D1F80080BBF87A
:100D20000050784E013B138008F101035A4202F053
:100D30001F0203F01F0358BF53420B60724B4FF466
:100D4000967403A81B88ADF80C305021FFF7D4FA35
:100D5000B5FBF4F304FB13539BB250225146F254FB
:100D6000FFF7CAFA6B1C9BB2B3FBF4F204FB12331D
:100D70009BB206F803A0DFF8A8A19AF80010019131
:100D8000FFF7BAFA05EB09039BB2B3FBF4F204FBDD
:100D9000123301999BB2F15401318AF800100321FA
:100DA000FFF7AAFAEB1C9BB2B3FBF4F204FB12337D
:100DB0009BB20322FB21F254FFF79EFA2B1D9BB23C
:100DC000B3FBF4F204FB12339BB2FB220021F2547A
:100DD000FFF792FA6B1D9BB2B3FBF4F204FB1233E4
:100DE0009BB200224946F254FFF786FAAB1D9BB234
:100DF000B3FBF4F204FB12339BB206F80390EB1D35
:100E00009BB2B3FBF4F204FB12339BB29DF80C20AF
:100E1000F25405F108039BB2B3FBF4F204FB123366
:100E20009BB29DF80D20F25405F10903ABF8003098
:100E3000364B23F81850364B092203F80820354B5F
:100E4000102203F80820344A138801331380264BFC
:100E500001221A70CDE6274E4DBA3288ADB2AA42B1
:100E60007FF4C7AED4F803801F48DC1F0022C4F310
:100E70008504B1F5807F027098FA88F804F1FF3498
:100E800050D1154624E04FEA850909F10700FFF724
:100E900079F9064672B600F077FD202000F08AFD51
:100EA000102000F087FD042000F084FD314609EB9E
:100EB000080000F0BFFD202000F07CFD102000F0B5
:100EC00079FD042000F076FD00F06CFD62B601357E
:100ED000A542D8DD8DE600BF3103002004000020CC
:100EE00000ED00E00400FA051002002000280008D0
:100EF000140200201202002006000020080000203A
:100F00007404002040030020B4240008B80400202A
:100F100098040020780400206C0400203E03002088
:100F200017020020C8F30903D3B972B600F02CFDF4
:100F3000202000F03FFD102000F03CFD042000F0D8
:100F400039FD404600F05AFD202000F033FD10200E
:100F500000F030FD042000F02DFD00F023FD62B60E
:100F60004FF00009A14540F3B780B44B1B88AB425A
:100F7000B34B93F800A01ABF0135ADB20125BAF109
:100F8000FF0F35803FF463AFAE4A1388002B3FF468
:100F90005EAFAD49DFF8E8B2D1F80090BBF8006071
:100FA000DFF8E082013B138009F101035A4202F0AD
:100FB0001F0203F01F0358BF53420B60A34B4FF4B3
:100FC000967403A81B88ADF80C305021FFF794F9F4
:100FD000B6FBF4F304FB13639BB25022514608F8AE
:100FE0000320FFF789F9731C9BB2B3FBF4F204FBF7
:100FF00012339BB208F803A0DFF88CA29AF8001015
:101000000191FFF779F9B31C9BB2B3FBF4F204FB37
:10101000123301999BB208F8031001318AF80010CD
:101020000321FFF769F9F31C9BB2B3FBF4F204FB55
:1010300012339BB20322FB2108F80320FFF75CF96F
:10104000331D9BB2B3FBF4F204FB12339BB24FEAA5
:10105000152AFB22514608F80320FFF74DF9731DAE
:101060009BB2B3FBF4F204FB12339BB2EDB2294600
:1010700008F803A0FFF740F9B31D9BB2B3FBF4F2ED
:1010800004FB12339BB208F80350F31D9BB2B3FB71
:10109000F4F204FB12339BB29DF80C2008F80320F5
:1010A00006F108039BB2B3FBF4F204FB12339BB2CC
:1010B0009DF80D2008F8032006F10903ABF8003075
:1010C000634B23F81960634B092203F80920624B34
:1010D000102203F80920B6E64FEA890B0BF107004E
:1010E000FFF750F8824672B600F04EFC202000F068
:1010F00061FC102000F05EFC042000F05BFC514617
:101100000BEB080000F096FC202000F053FC1020B0
:1011100000F050FC042000F04DFC00F043FC62B6EF
:1011200009F101091EE74D4B1978C9B9444BFF2C51
:101130001D7805D94A48FFF7DFF865B9FFF74EBBC0
:10114000E4B247482146FFF7D7F8A5423FF446AB43
:10115000FF2C3FF443AB434B00221A70FFF73EBB1A
:10116000082907D13E4BB4F5807F1B7828BF0024A7
:10117000A3425BE009297FF49CAA3B4B394900223A
:101180001A700978364B5B7800293FF438ADB4F516
:10119000807F28BF14469C427FF431AD334B1978D1
:1011A00000293FF42CAD3249012008701A7026E561
:1011B0002A4E3378032B23D12E4F29483D7806221F
:1011C000B5FBF2F302FB1353DBB22B4AB4F5807F7D
:1011D000D35C28BF0024E1B28B4218BF214B05F13C
:1011E000010518BF0022EDB218BF1A70FFF784F88E
:1011F000062D3D707FF45DAA00233370FFF759BAC6
:101200005BB9B4F5807F1D4B154828BF0024E1B2BF
:101210001970FFF771F80823EFE7082B36D1104B50
:10122000B4F5807F1B7828BF00249C421EBF0D4B65
:1012300000221A70094B0922FFF7D2BA14020020CB
:10124000060000200800002074040020B4240008D8
:10125000B804002098040020780400202D0300200A
:1012600001000020000000203D0300202F0300208B
:10127000300300202C03002060090020160200200B
:101280003E0300204003002017020020092B7FF4BA
:1012900010AA2A4B2A4A00251D701278294B5B7828
:1012A000002A3FF4ACACB4F5807F28BF2C469C42AA
:1012B0007FF4A5AC244B1A78244B1A70FFF758F82A
:1012C000FFF776F8224B01221D70224B6EE7224B6E
:1012D000197800293FF42AAF0829A0D009297FF402
:1012E000E8A9164B00221A70154A164B12785B7843
:1012F000002A3FF484ACB4F5807F28BF00249C42D0
:101300007FF47DAC114BFF2250E7134A1378012B79
:101310007FF675AC013B1370FFF7CBB90E4A13781B
:10132000012BF7D8FF2C98BF02344FF0050394BF70
:10133000E4B202243B701470FFF7BBB93D030020F8
:1013400000000020010000201602002006000020FE
:10135000310300200C0000202D0300206F4B2DE9ED
:10136000F74F1B786E4F3C78002B40F0AA80002C82
:1013700040F0A7806B4B6C4D1B786C4EFF2B00F040
:10138000B6806B4B1A78DAB16A481C70042100F001
:10139000C4FB694A694B117819805178598091785A
:1013A000D2789980DA80664B664804221A80664BB0
:1013B00007211C8000F0ADFD33682B6001233B70DA
:1013C000D6F800A02B68AAEB0303012B57D95F497D
:1013D0000B88002B53D05E4ADFF894B114681BF8D9
:1013E0000490B9F1000F7DD05A4830F814000190F4
:1013F000594890F80080B8F1000F14D04FF0000C5D
:10140000013B01340B8080F800C0BCEB040303F007
:101410001F0304F01F0458BF5C4214604F4A138836
:10142000013313802BE04E4B42481B5D0093042197
:1014300000F073FB424BDFF804C1A3F80080009B6F
:10144000DFF830E15A1E4FF4967043469A423BDA79
:10145000B8F1000F02D03A4B009A1A803A4B394843
:10146000002207211A8009F1FF3900F052FD3D4AA0
:101470000BF8049001231370C5F800A03B7033688B
:101480002A689B1AB3F57A7F1BD90421294800F0FA
:1014900044FB354A294B117819805178598091784D
:1014A000D278DA809980264B04221A80264B254870
:1014B000002207211A8000F02CFD33682B600123E5
:1014C0003B7003B0BDE8F08F01995918B1FBF0F8FB
:1014D00000FB18114FF001081EF801102CF8131032
:1014E0000133B3E7013B01340B8063428FE733687C
:1014F0002A689B1AB3F57A7FE3D904210D4800F0DE
:101500000CFB1A4A0D49234612F8010B21F813006F
:1015100001330C2BF8D10A4A1380C7E73D030020A2
:101520003C0300200600002034030020680900204E
:10153000310300200004004828020020FC040020A1
:10154000F804002000380140FA0400206C04002058
:1015500070040020B80400203003002008000020A0
:10156000980400202F0300202402002018020020ED
:1015700078040020400300200D4B0E4A19681368C0
:10158000CB1A012B10B511D972B60B48002303609A
:101590000A4803600A484FF48074048009480380B5
:1015A00062B60948116003700848037010BD00BF9F
:1015B0006809002038030020580700205C0700203D
:1015C0000A000020540700202E0300203D030020C5
:1015D0004B4B1B782DE9F347002B00F08E80494BD5
:1015E00093F80090B9F1FF0F00F08780464A138806
:1015F000002B00F082804549DFF830810F68B8F891
:101600000050434E013B13807B1C5A4202F01F02E4
:1016100003F01F0358BF53420B603E4B4FF49674C8
:1016200001A81B88ADF804305021FEF765FEB5FB1C
:10163000F4F304FB13539BB250224946F254FEF7D5
:101640005BFE6B1C9BB2B3FBF4F204FB12339BB248
:1016500006F80390DFF8D89099F800A05146FEF7FD
:101660004BFEAB1C9BB2B3FBF4F204FB12339BB2F8
:10167000012106F803A00AF1010A89F800A0FEF78B
:101680003BFEEB1C9BB2B3FBF4F204FB12339BB2A8
:101690000122F254204B93F800904946FEF72CFEAD
:1016A0002B1D9BB2B3FBF4F204FB12339BB206F882
:1016B00003906B1D9BB2B3FBF4F204FB12339BB29D
:1016C0009DF80420F254AB1D9BB2B3FBF4F204FB73
:1016D00012339BB29DF80520F254EB1DA8F80030A0
:1016E0000E4B23F817500E4B0722DA550D4B1022E4
:1016F000DA550D4A13880133138002B0BDE8F08734
:101700000C000020060000200800002074040020C7
:1017100040030020B424000807000020B804002083
:1017200098040020780400206C0400203E03002070
:1017300017020020064BD3F80028013207D072B6FA
:10174000D3F8002882F30888D3F804381847704784
:10175000002000085A4B1B782DE9F74F002B00F0B2
:10176000AC80584B93F800A0BAF1FF0F00F0A580B1
:10177000554A1388002B00F0A0805449DFF86C8193
:10178000B1F800905249B8F800500F68514E013B33
:1017900013807B1C5A4202F01F0203F01F0358BF44
:1017A00053420B604C4B4FF4967401A81B88ADF864
:1017B00004305021FEF7A0FDB5FBF4F304FB1353F6
:1017C0009BB250225146F254FEF796FD6B1C9BB221
:1017D000B3FBF4F204FB12339BB206F803A0DFF86C
:1017E00010A19AF800B05946FEF786FDAB1C9BB2DB
:1017F000B3FBF4F204FB12339BB2032106F803B0EF
:101800000BF1010B8AF800B0FEF776FDEB1C9BB2E2
:10181000B3FBF4F204FB12339BB20322FB21F2541C
:10182000FEF76AFD2B1D9BB2B3FBF4F204FB1233EF
:101830009BB24FEA192AFB225146F254FEF75CFD97
:101840006B1D9BB2B3FBF4F204FB12339BB25FFA45
:1018500089F9494606F803A0FEF74EFDAB1D9BB281
:10186000B3FBF4F204FB12339BB206F80390EB1DBA
:101870009BB2B3FBF4F204FB12339BB29DF804203D
:10188000F25405F108039BB2B3FBF4F204FB1233EC
:101890009BB29DF80520F25405F10903A8F8003029
:1018A0000E4B23F817500E4B0922DA550D4B102220
:1018B000DA550D4A13880133138003B0BDE8F08F69
:1018C0001002002006000020080000201202002064
:1018D0007404002040030020B4240008B804002051
:1018E00098040020780400206C0400203E030020AF
:1018F0001702002008B5FEF757FCFEF76FFCFEF755
:101900009BFCFEF7B5FCFEF7CFFCFEF7D9FCFEF71B
:10191000EDFCFEF701FDFEF72BFDFEF749FDBDE8EE
:101920000840FEF75FBE00002DE9F0470025DFF814
:1019300048802F462E4644F61F6940F6B73AD8F83D
:101940000040A31BB3F5FA6F02D3FFF741FE264612
:10195000E31B4B4502D9FFF7EDFE2746631B5345BA
:1019600002D9FFF7F7FE2546FEF770FEFFF7F6FCFB
:10197000FFF702FEE3E700BF6809002008B5FFF7A4
:10198000B9FFFFF7D1FF0000044B1A69120641BFEF
:10199000034A5A6002F188325A60704700200240C0
:1019A00023016745024A136943F0800313617047BE
:1019B00000200240014BD860704700BF0020024069
:1019C000074BDA68D10707D4DA68D20606D4D8689C
:1019D000C0F380004000704701207047032070472B
:1019E0000020024010B50446FFF7EAFF012804F189
:1019F000FF3402D1002CF7D1042010BD38B50546C4
:101A00004FF47020FFF7EEFF88B9094C236943F0CB
:101A1000020323616561236943F0400323614FF4AE
:101A20007020FFF7DFFF236923F00203236138BD35
:101A30000020024070B505464FF470200E46FFF7B7
:101A4000D1FF68B9074C236943F0010323614FF4C8
:101A500070202E60FFF7C6FF236923F00103236186
:101A600070BD00BF002002402DE9F0430568C46846
:101A700000264FF0010E4FF003080EFA06F71F4242
:101A80000DD0770008FA07FC01FA07F925EA0C05E2
:101A900024EA0C0402FA07F749EA05053C4301363B
:101AA000102EEAD10560C460BDE8F08301294168C9
:101AB000F0B50CBF194399434FF6FF744160A24241
:101AC000816815D1C46B002201274FF0030C07FA7F
:101AD00002F61E421CBF55000CFA05F502F1010288
:101AE0001CBF29433443102AF1D18160C463F0BD87
:101AF000002401274FF0030C07FA04F51D4207D01C
:101B000065000CFA05F621EA060102FA05F52943FB
:101B10000134102CF0D18160E9E781617047816266
:101B20007047F0B5066A456A00234FF0010C4FF08C
:101B30000F0E0CFA03F4144207D09C000EFA04F7BF
:101B400026EA070601FA04F426430133082BF0D1F4
:101B500000234FF0010C4FF00F0E03F108040CFAB4
:101B600004F4144207D09C000EFA04F725EA070596
:101B700001FA04F425430133082BEED106624562D5
:101B8000F0BD000010B51D4CE36803F4E063B3F54D
:101B9000A06F08D020D8B3F5407F26D0B3F5806F72
:101BA00026D0174BE36002231C46C4F10404A14075
:101BB000C3F104040F23E3401340124A0B431B01FB
:101BC0001118DBB281F800334109012300F01F0036
:101BD000834042F8213010BDB3F5C06F0BD0B3F590
:101BE000E06FDED104230024DFE700230424DCE7D8
:101BF00001230324D9E703230124D6E700ED00E005
:101C00000005FA0500E100E021F06041034B21F0FE
:101C10007F0101439960BFF34F8F704700ED00E0F3
:101C2000830903F1804303F5043300F01F001968B2
:101C3000012282400A431A607047830903F18043FE
:101C400003F5043300F01F001A680121814022EAE5
:101C500001021A607047FFF7E3BFFFF7EEBF000015
:101C6000F0B55D4B89B0054604AC03F110061F4684
:101C700018685968224603C20833B3421446F7D1A4
:101C8000716838696B4603C303C354494B68C3F397
:101C90008103022B44D14A684868CB6A0601C2F32B
:101CA00083424FEAD37334D4002B30D102324B68D5
:101CB000C86ADC0332D5CB6A400003F00F0354BF7F
:101CC000474848480133B0FBF3F35A434B68C3F32A
:101CD000031320336B4413F8104C4B68C3F30223F7
:101CE00020336B4422FA04F413F8206C4B68C3F3DE
:101CF000C22320336B4413F8183C24FA03F0062D5A
:101D000010D8DFE805F06412141017464F00213296
:101D1000CDE70BB91132CAE73132C8E7324BD4E70D
:101D20002F4AD3E7002009B0F0BD2046FBE724FA94
:101D300006F0F8E70B6BDA0507D40B6B2B4813F4AE
:101D4000803F2B4B08BF1846EDE74A680B6BC2F388
:101D50008132022A4FEAD3730FD0032A14D0012A0A
:101D600006D00BB94008DEE70320B4FBF0F0DAE759
:101D70000BB98008D7E70520F7E71BB90623B0FBAE
:101D8000F3F0D0E70720F0E70BB9C008CBE7092054
:101D9000EBE70B6B13F0400F48F2120018BF4FF443
:101DA0000040C0E70B6B9B07BDD00B6B03F0030338
:101DB000012B0CD00B6B03F00303022B09D00B6B30
:101DC000074803F00303032B18BF0020ABE71046BE
:101DD000A9E74FF40040A6E7B6240008001002402F
:101DE00000127A00006CDC0200093D00003FAB01EC
:101DF000809FD50008B50C4B98420DD003F5744375
:101E0000984210D140F20E30FFF725FF40F20E301D
:101E1000BDE80840FFF721BF40F21140FFF71BFF6C
:101E200040F21140F4E708BD0044004038B5134BC0
:101E3000984204460D4618D003F57443984216D1D3
:101E40000620FFF70DFF226812044FEA550310D554
:101E500003EB4003B3FBF5F1C1F3420321F00F01A3
:101E60000904090C0B43E36038BD0220E9E70020B8
:101E7000E9E70344B3FBF5F39BB2F4E70044004009
:101E8000036823F001030360036823F4C063036065
:101E900003680B4303607047036823F0010303608A
:101EA000036823F48053036003680B4303607047A7
:101EB000036823F001030360436823F44053436045
:101EC00043680B4343607047036843F001030360BA
:101ED0007047036823F00803036003680B43036043
:101EE0007047036823F00403036003680B43036037
:101EF0007047C1F3080181627047406AC0F308006F
:101F00007047026A01F01F0101238B4013430362F3
:101F100070478A0910B501F01F01145801238B4046
:101F20002343135010BD10B58C090122235801F032
:101F30001F018A4023EA0203235010BDC1F3891315
:101F400010B51C588B0D1A58C1F30440012303FA35
:101F500000F0104006D001F01F018B40234214BF57
:101F60000120002010BD0000084B994206D1D0F896
:101F7000D03023F40043C0F8D0307047026AC1F378
:101F8000044101238B4013430362704709340F342B
:101F9000DFF830D0002103E00B4B5B584350043195
:101FA0000A480B4B42189A42F6D30A4A02E0002331
:101FB00042F8043B084B9A42F9D300F011F8FFF7BE
:101FC000DDFC704710020020E02600080000002021
:101FD00010000020100200206C090020FEE7000025
:101FE0007E4BDA6902F00602062A82B047D0DA692F
:101FF000900444D57A4A7B4959605A6099609A6046
:102000001A6942F020021A611A6942F040021A610C
:10201000DA68D107FCD41A6922F020021A611A6921
:1020200042F010021A61DA6912F0060F6E4A40F0AF
:10203000C780A5231380694B6B4AD969090A01F04F
:10204000DF015180D969C1F307419180D969090E37
:10205000D180196AC9B21181196AC1F3072151816E
:10206000DA68D207FCD41A6922F010021A611A69E0
:1020700022F400721A611A6942F080021A615B4A06
:10208000D2F8883043F47003C2F88830584B1A688D
:1020900042F001021A601A689007FCD55A6842F0B3
:1020A00080025A6000220192019A4F2A40F29080E9
:1020B0005A6842F090025A6000220192019A4F2A17
:1020C00040F289805A6822F003025A601A6822F0AE
:1020D000867222F480321A605968464A0A405A6071
:1020E0005A6822F0084222F474125A60DA6A22F026
:1020F000404222F00F02DA621A6B22F4817222F05F
:1021000001021A631A6B22F480321A631A6B22F0EE
:1021100000421A635A6B22F001025A63D3F8C020BE
:1021200022F48032C3F8C02000229A60C3F8CC2089
:102130001A6842F480321A604FF400621968890309
:1021400001D4013AFAD11A68900333D55A685A601B
:102150005A6842F400525A605A6842F480625A60E7
:102160005A6822F0036222F470225A60DA6A22F07E
:10217000404222F00F02DA625A6842F0016242F4F1
:1021800080325A60DA6A42F00102DA62DA6ADA62AE
:102190001A6842F080721A601A689101FCD55A6878
:1021A00022F003025A605A6842F002025A605A68EA
:1021B0001207FCD500214FF0006002B0FFF724BDEC
:1021C000DB6903F00603022B7FF435AFBB2331E755
:1021D000019A013267E7019A01326EE7002002405E
:1021E000AB89EFCD2301674500F8FF1F00ED00E04C
:1021F000001002400C00FF082DE9F047089D0C4636
:10220000002B4ED194468C458646B2FA82F262D9B2
:102210004AB1C2F12003914020FA03F30CFA02FC08
:10222000194300FA02FE4FEA1C471FFA8CF6B1FB75
:10223000F7F44FEA1E4307FB141143EA014304FB82
:1022400006F199420AD91CEB030304F1FF3080F038
:102250001381994240F21081023C6344591A1FFADB
:102260008EF3B1FBF7F007FB101143EA014300FBCB
:1022700006F69E420AD91CEB030300F1FF3180F001
:10228000FD809E4240F2FA80634402389B1B40EA84
:10229000044000211DB1D3400022C5E90032BDE851
:1022A000F0878B4205D90DB1C5E900010021084630
:1022B000F5E7B3FA83F1002946D1A34202D3904255
:1022C000C0F0F180861A64EB03030120002DE6D0F4
:1022D000C5E90063E3E7002A40F09180A1EB0C041C
:1022E0004FEA1C481FFA8CF70121B4FBF8F64FEABD
:1022F0001E4308FB164443EA044307FB06F09842DA
:1023000008D91CEB030306F1FF3402D2984200F215
:10231000CE8026461C1A1FFA8EF3B4FBF8F008FB99
:10232000104443EA044300FB07F79F4208D91CEB23
:10233000030300F1FF3402D29F4200F2B180204635
:10234000DB1B40EA0640A5E7C1F120068B4022FADC
:1023500006F71F4320FA06FC04FA01F343EA0C03D4
:10236000F44000FA01F8380C4FEA1349B4FBF0FED0
:102370001FFA87FC00FB1E4449EA04440EFB0CF9DB
:10238000A14502FA01F20AD93C190EF1FF3A80F098
:102390008580A14540F28280AEF1020E3C44A4EB60
:1023A00009041FFA83F9B4FBF0F300FB134449EA74
:1023B000044403FB0CFCA44507D93C1903F1FF308E
:1023C00068D2A44566D9023B3C4443EA0E40A0FBD8
:1023D0000293A4EB0C049C42CE469C4652D34FD0B1
:1023E00055B1B8EB0E0364EB0C0404FA06F6CB40CF
:1023F000CC401E43C5E900640021BDE8F087C2F16E
:10240000200320FA03F10CFA02FC24FA03F39440AF
:102410000C434FEA1C4800FA02FE1FFA8CF7B3FB8C
:10242000F8F008FB1031230C43EA014300FB07F1ED
:10243000994208D91CEB030300F1FF362CD29942D4
:102440002AD9023863445B1AA4B2B3FBF8F108FB43
:10245000113344EA034401FB07F3A34208D91CEB00
:10246000040401F1FF3613D2A34211D902396444A6
:10247000E41A41EA004138E70446EFE6084605E77A
:10248000C845ADD2B9EB020E63EB070C0138A7E7E4
:102490003146EDE7034698E73046D4E7D6467EE777
:1024A000634402384CE70646234608460EE7023EE0
:1024B00063442FE7FFFF000000000000000001025E
:1024C000030406070809000000000102030400C01D
:1024D000C101C30302C2C60607C705C5C404CC0CAC
:1024E0000DCD0FCFCE0E0ACACB0BC90908C8D8181C
:1024F00019D91BDBDA1A1EDEDF1FDD1D1CDC14D42C
:10250000D515D71716D6D21213D311D1D010F0305B
:1025100031F133F3F23236F6F737F53534F43CFC6B
:10252000FD3DFF3F3EFEFA3A3BFB39F9F83828E81B
:10253000E929EB2B2AEAEE2E2FEF2DEDEC2CE424EB
:1025400025E527E7E62622E2E323E12120E0A0605B
:1025500061A163A3A26266A6A767A56564A46CAC2B
:10256000AD6DAF6F6EAEAA6A6BAB69A9A86878B89B
:10257000B979BB7B7ABABE7E7FBF7DBDBC7CB474AB
:1025800075B577B7B67672B2B373B17170B050905B
:1025900091519353529296565797559594549C5CEB
:1025A0005D9D5F9F9E5E5A9A9B5B9959589888489B
:1025B00049894B8B8A4A4E8E8F4F8D4D4C8C44846B
:1025C000854587474686824243834181804000C1DA
:1025D000814001C0804101C0804100C1814001C0F3
:1025E000804100C1814000C1814001C0804101C0E3
:1025F000804100C1814000C1814001C0804100C1D3
:10260000814001C0804101C0804100C1814001C0C2
:10261000804100C1814000C1814001C0804100C1B2
:10262000814001C0804101C0804100C1814000C1A2
:10263000814001C0804101C0804100C1814001C092
:10264000804100C1814000C1814001C0804101C082
:10265000804100C1814000C1814001C0804100C172
:10266000814001C0804101C0804100C1814000C162
:10267000814001C0804101C0804100C1814001C052
:10268000804100C1814000C1814001C0804100C142
:10269000814001C0804101C0804100C1814001C032
:1026A000804100C1814000C1814001C0804101C022
:1026B000804100C1814000C1814001C0804100C112
:1026C000814001C0804101C0804100C181400000C3
:0426D000F8B500BF9A
:0426D400F8B500BF96
:0826D80020FBFF7F0100000060
:1026E00001FFFF00FFFFFFF22000000101000000DA
:0400000508001F913F
:020000040800F2
:10280000400300204593000891930008919300082D
:102810009193000891930008919300080000000034
:10282000000000000000000000000000919300087C
:10283000919300080000000091930008CD29000842
:102840000000000091930008919300089193000804
:1028500091930008919300089193000891930008C8
:102860009193000891930008ED840008919300086B
:1028700091930008919300089193000891930008A8
:1028800091930008919300080000000091930008C4
:10289000855B0008919300089193000891930008CC
:1028A000919300089193000891930008052C00086B
:1028B00091930008000000009193000800000000C0
:1028C0009193000800000000919300089193000884
:1028D00091930008000000000000000000000000CC
:1028E00000000000000000009193000800000000BC
:1028F00000000000000000000000000000000000D8
:10290000919300080000000000000000919300086F
:1029100000000000000000000000000000000000B7
:1029200000000000000000000000000000000000A7
:102930000000000000000000000000000000000097
:10294000000000000000000000000000919300085B
:1029500053B94AB9002908BF00281CBF4FF0FF3106
:102960004FF0FF3000F00CB8ADF1080C6DE904CE6B
:1029700006F01CFEDDF804E0DDE9022304B0704738
:10298000704700BF074B591E1A5C095C41EA0221DF
:102990009A1E033B125C185C42EA012240EA0220C4
:1029A000704700BFB10600204FF0E023054A5A618E
:1029B000054AF02182F8231000229A6107221A6149
:1029C000704700BF1E48010000ED00E0024A136896
:1029D00001331360704700BFE80D0020F8B5144BB9
:1029E0006FF03A02D3F8E017D3F8AC07D3F8B0672A
:1029F000D3F8B4774FF6FF73FFF7AAFF38461446B3
:102A00001D466FF03A024FF6FF733146FFF7A0FF05
:102A1000084862406B400021013100F8012B062973
:102A20004FEA122242EA03624FEA1323F4D1F8BDBF
:102A300000F0FF1FE00D002008B503494FF00060D3
:102A400006F046F862B608BD0028000810B50C4C28
:102A500040F2125006F048F820464023032200219D
:102A600005F07CFF204600220221402305F054FFA0
:102A700020464022BDE81040002105F0B6BF00BF4F
:102A80000004004810B50C4C40F2125006F02CF82F
:102A9000204680230322002105F060FF204600220B
:102AA0000221802305F038FF20468022BDE8104037
:102AB000002105F09ABF00BF0004004808B50022BD
:102AC0001B20114605F0C2FFBDE8084040F20E6031
:102AD00006F00AB810B5094C40F2125006F004F89E
:102AE000204604230322002105F038FF204604235A
:102AF000BDE810400022012105F00EBF000400488F
:102B00000148042105F063BF00040048037810B5B4
:102B10005940044C044B5A5C4378615C42704B4012
:102B2000037010BD74A3000874A2000873B5124CA2
:102B30002246552102F8011B104908688988C4F80B
:102B4000010091800122227262720D4A00251288D2
:102B5000E571ADF80420264614F8011B01A80135E3
:102B6000FFF7D4FF0A2DF7D19DF80430B3729DF81A
:102B70000530F37202B070BD9A060020E00D00200F
:102B80006898000837B50C4B0C4C1D780C4B6570E1
:102B90001B88ADF804305F2101A82170FFF7B6FF54
:102BA0002946FFF7B3FF9DF80430A3709DF8053068
:102BB000E37003B030BD00BF32010020AA06002040
:102BC0006898000837B50C4B0C4C1D780C4B6570A1
:102BD0001B88ADF80430332101A82170FFF796FF60
:102BE0002946FFF793FF9DF80430A3709DF8053048
:102BF000E37003B030BD00BF32010020A606002004
:102C000068980008F8B56549654806F071FB064606
:102C100040B1634840F2017106F04DFB5F496048E6
:102C200006F07CFB5F495E4806F062FB074640B158
:102C30005B4840F2027106F03EFB5A49584806F0E4
:102C40006DFB5949564806F053FB054640B15448C0
:102C500040F2037106F02FFB5349514806F05EFB2A
:102C600052494F4806F044FB044640B14C484FF4EB
:102C7000E06106F020FB4D49494806F04FFB4C4906
:102C8000474806F035FBD0B1454840F2037106F0E5
:102C900012FB4749424806F041FB72B6454A002301
:102CA0001360454A1360454A4FF480711180444ACD
:102CB000138062B6434A1370434A137005E03E43E3
:102CC00035432C43E4B2002CE7D14049344806F0A8
:102CD0000FFB10B3394A1388DBB1374930480C6811
:102CE000013B1380631C5A42D2B2DBB258BF53423D
:102CF0000B6006F0DCFA364B23F81400324B01224D
:102D00001A70344B1A68344B1A602D4A13880133F9
:102D100013802E49224806F001FB3049204806F076
:102D2000E7FAC0B12E4D2F4B2C881B88A34225D922
:102D30004FF49672B4FBF2F302FB13439BB22A4AA0
:102D4000174832F81310013406F0ADFA2C802349ED
:102D5000134806F0E3FA2549114806F0C9FAD8B13C
:102D60000F48062106F0B9FA2148042105F02FFE8C
:102D7000BDE8F8401D490A4806F0D0BA08480721C6
:102D800006F0ABFA0648062106F09DFA0E4A00232B
:102D90001370184A1370DAE7F8BD00BF000201078C
:102DA0000038014000020207000203070800000784
:102DB00005000307D80B0020DC0B002036010020A3
:102DC000D40B0020B0070020BD0700200500050738
:102DD000E00B0020E80D0020B807002007000707DF
:102DE0007A090020780900207C09002006000607E7
:102DF00000040048BC07002010B5174C204606F020
:102E0000D3F92046042106F046FA2046082106F0B0
:102E10003AFA2046052106F056FA20464FF4007192
:102E200006F051FA2046082106F04DFA20460B49DB
:102E300006F0D6F92046002106F008FA20460021C7
:102E400006F010FA2046002106F0F4F92046BDE80D
:102E5000104006F013BA00BF0038014040420F0096
:102E60002DE9F04F994B1A8885B0002A31D072B6FF
:102E70001A88013A1A8062B69548964F01684B1C31
:102E80005A42D2B2DBB258BF53420360924B33F87E
:102E900011403B78002B58D1FF2C14D8AA2CE1B25A
:102EA0001AD18E49032008708D498E480B708E49C7
:102EB0000B708E4B01221A70FF233A70037043701F
:102EC0002146FFF723FE72B6894A13880133138027
:102ED00062B605B0BDE8F08FCC290FD102223A705E
:102EE0007E4A13707E4A7F4813707F4A13707F4B6F
:102EF00001221A70FF2303704370E2E7AF2901D16A
:102F00000322ECE7A02901D10422E8E7552905D1E5
:102F100005223A70714A0B201070E3E7332904D17F
:102F200005223A7003206D4AF6E75F2906D1052392
:102F30003B706A4B03221A700023D3E75029C2D199
:102F400006233B700222654BF5E7013B052BBAD8FF
:102F5000DFE813F02E088308C5070600A908B208A9
:102F60005E4D2978B9B9634BFF2C1E7809D95D48AD
:102F7000FFF7CCFD16B15D4B00221A7001232B70B8
:102F8000A1E7E4B257482146FFF7C0FDA642F5D0BD
:102F9000FF2CF3D0EFE70139082994D801A353F8A7
:102FA00021F000BFC92F0008E12F0008C72E00083C
:102FB000C72E0008C72E0008C72E00080B300008D7
:102FC000553F000841300008B4F5807F4A4B454822
:102FD00028BF0024E1B21970FFF798FD0223CEE765
:102FE000FF2C414B08D900213E481970FFF78EFD98
:102FF0003A4B08221A7066E7E1B23A481970FFF7B7
:1030000085FD002CF4D00723B9E735480378B4F5E3
:10301000807F28BF0024FF22B3FBF2F21A44013361
:10302000DDB2E1B202F0FF02344C05702D48A1542C
:10303000FFF76CFD2C4B1B78AB427FF444AFD7E716
:103040002F4B2A4A00251D701278264B5B78FAB167
:10305000B4F5807F28BF2C469C4219D1224B2649CB
:103060001A78284B91F80080B3F9003052B14345EB
:1030700008D0254B214C1878237880F0010153B9F2
:10308000002947D1214B01221A701E4BA3F8008062
:1030900000233B7017E7022B40F08C810029F1D010
:1030A000062AEFD96378013BDBB2012BEAD80C2268
:1030B0005343A2781649003A18BF01220320CE18C4
:1030C000CA54FFF75FFC35727060DBE7D40B002059
:1030D000D80B0020B0070020E00B0020AF07002035
:1030E000AE0700202D010020AD0700202C0100209C
:1030F000360100203201002098060020AE06002094
:10310000BD0700203001002038010020B307002057
:1031100078060020022AB5D96578013DEEB2012E6D
:10312000B0D8A3789BB9A04A182303FB05F1501827
:10313000515C807D0028A5D10029A3D06B43D11814
:10314000D0549A4B1B680B61C1E902009AE7012B2E
:1031500040F0E580944C18236B4304EB0309062AE6
:1031600099F816A0D9F80C6014F803B06ED90320B2
:10317000FFF708FCBAF1000F5AD1BBF1000F57D18D
:10318000002E55D1894B99F814C01A68234695B181
:10319000B646197D614509D1997D39B91E78D3F8B4
:1031A0000C9066B1C3E9021119701A61BEF1000FEB
:1031B0000BD1012D09D018334FF0010EE9E7B9F119
:1031C000000FF3D0C3E90266F0E7794B0CF1FF3151
:1031D0000C2601F0010106FB01335E68A37D7BB183
:1031E00094F82E30E3B93346217EB9B994F82C1007
:1031F000614513D1A16A511A8B4228BF0B460DE0DD
:103200002378D3B9237D634517D12169531AB3427B
:1032100028BF334694F82E100029E5D09E420ED8E0
:1032200018236B43E1180026C1E903620122E2542E
:10323000182303FB0543986024E73346EAE7182187
:1032400001FB0541F31AC1E90332F1E7BAF1000FBE
:1032500056D1BBF1000F53D1002E51D1534B99F8E9
:1032600014C01A6823467DB1197D614509D1997D45
:1032700039B91878D3F80CE048B1C3E902111970D4
:103280001A6156B9012D08D018330126ECE7BEF1BA
:10329000000FF6D0C3E90200F3E7454B0CF1FF3114
:1032A0000C2001F0010100FB01335868A37D7BB1C4
:1032B00094F82E30E3B90346217EB9B994F82C1066
:1032C000614513D1A16A511A8B4228BF0B460DE00C
:1032D0002378DBB9237D634518D12169531A8342D2
:1032E00028BF034694F82E100029E5D098420FD845
:1032F00018236B43E1180020C1E903020122E254C4
:10330000182303FB05446368A360BBE60346E9E7B3
:10331000182101FB0541C31AC1E90332F0E7022B72
:103320000DD1062A7FF6AEAE0320FFF72BFB1E4B16
:10333000182202FB0633586000225A75A2E6032BBE
:103340007FF4A0AE194BE578D3F800E0164B184691
:1033500006B34FF0000C01241A7DAA4207D0224682
:103360006446E4B1182303FB02031D75E4E79A7D6C
:10337000002AF4D11978D3F80C9029B1C3E90222BC
:103380001A70C3F810E0EAE7B9F1000FE7D0C3E91B
:103390000211E4E7344618334FF0010CDCE7012E4C
:1033A000F9D13246DEE700BFFC000020E80D002026
:1033B00078060020D02B36D100293FF463AE022AD4
:1033C0007FF660AE6378013BDBB2052B3FF65AAE69
:1033D000A178002940F0F4801C2293485A438418B5
:1033E000825C1AB100226260226121761C2202FBFB
:1033F00003000021047B8C4A0D468B420DD0167BC6
:10340000A6420AD1866896604668566006781670AD
:10341000066916614669566115760131062902F181
:103420001C02EAD12EE6032B40F0FD8100293FF477
:1034300029AE062A60787FF425AE431EDBB2072B47
:103440003FF620AE794AA67802F8136002EB4302F9
:10345000E5785570764ADFF8089294F804C002F8CF
:1034600013C002EB4302032389F80030714B6179EA
:103470001C785170FF2C89F8010089F8026089F8E6
:10348000035089F804C089F8051000F095806A4A55
:103490001388002B00F090806848DFF8C8A1D0F8AE
:1034A00000B0013B13800BF10102514201F01F01FA
:1034B000634B02F01F0258BF4A420260614A1E88F5
:1034C0001288ADF80C204FF4967503A85021FFF731
:1034D0001DFBB6FBF5F205FB126292B250210AF811
:1034E00002102146FFF712FB721C92B2B2FBF5F1FB
:1034F00005FB112292B20AF80240534C2178009148
:10350000FFF704FBB21C92B2B2FBF5FC05FB1C22D8
:10351000009992B20AF80210013121700621FFF7DA
:10352000F5FAF21C92B2B2FBF5F105FB112292B250
:1035300006210AF80210341D06F10A02A4B292B262
:1035400019F8011B019203A80091FFF7DFFAB4FB01
:10355000F5F0019A009905FB1040013480B2A4B245
:1035600094420AF80010EBD1B4FBF5F205FB1244CB
:10357000A4B29DF80C200AF8042006F10B0292B2C6
:10358000B2FBF5F105FB112292B29DF80D102C4B08
:103590000AF8021006F10C021A802C4A22F81B606D
:1035A0002B4A0C2102F80B102A4A102102F80B10AA
:1035B000294A138801331380284B01221A7061E5D0
:1035C000013904293FF65EADDFE811F005004E0039
:1035D0008E00E5000B011C2213495A4388188A5CAF
:1035E0002AB14FF07E5242600261002202761C2214
:1035F00002FB031100200C7B0B4A054683420DD0D1
:10360000167BA6420AD18E6896604E6856600E7888
:1036100016700E6916614E695661157601300628DE
:1036200002F11C02EAD12DE55400002034000020F4
:10363000440000203201002034010020F408002062
:10364000BE0700206898000899060020380900206D
:1036500018090020F8080020EC080020FA050020D6
:10366000FC050020C0070020032A3FF40BAD1C22FC
:103670007A495A438A5CD2B1E0789FED797A07EEB5
:10368000900AF8EE677A042A67EE877A06D1F5EE9B
:10369000407AF1EE10FA18BFF7EE007A1C2202FB16
:1036A00003120020C2ED017AC2ED047A10761C22CA
:1036B00002FB031100200C7B684A054683420DD0B3
:1036C000167BA6420AD18E6896604E6856600E78C8
:1036D00016700E6916614E6956611576013006281E
:1036E00002F11C02EAD1CDE4042A7FF6CBAC1C2106
:1036F0005A4859434218415CE9B12579E478DFED35
:10370000586A07EE104AB8EE477A042907EE905A35
:1037100027EE267A2CD1B5EE407AF1EE10FA4FF072
:10372000000118BF4FF07E51516011611C2202FB55
:103730000302002111761C2101FB0301474A0C7B87
:103740000020054683420DD0167BA6420AD18E6822
:1037500096604E6856600E7816700E6916614E6956
:10376000566115760130062802F11C02EAD189E47F
:10377000F8EE677A82ED017A67EEA67A9FED397AE4
:10378000DFED396AC2ED027A77EE677A86EEA77AC4
:1037900082ED057ACAE7032A3FF474AC2F4AE47835
:1037A0001C21594350185454002141600161047B8D
:1037B000002101760D468B420DD0167BA6420AD120
:1037C00086689660466856600678167006691661C7
:1037D0004669566115760131062902F11C02EAD1CB
:1037E00050E4032A3FF44EAC1C4AE4781C2000FB52
:1037F00003200021047301760D468B420DD0167B09
:10380000A6420AD1866896604668566006781670A9
:10381000066916614669566115760131062902F17D
:103820001C02EAD12EE4F23B092B3FF62BAC01A19E
:1038300051F823F06D38000885300008273B000858
:10384000D53B000885300008853000088530000829
:1038500085300008C3390008C73E00085400002026
:103860008180803B5C8F823F17B7D138282A7FF652
:1038700009AC6378C14DC24E003B18BF0123022042
:103880002B70FFF77FF8A3796860003B18BF012316
:1038900007202B73FFF776F8BA4B28611B6800935B
:1038A00006F130090B254FF0FF0A05F1020B9BFBD7
:1038B000FAF3C3EB0323ABEB030BB37D43B9635DB7
:1038C000003B18BF012333705846FFF75BF8B06028
:1038D0006B1C93FBFAF1C1EB01215B1A5846E35CC8
:1038E0003375FFF74FF8009B33617060183606356B
:1038F000B14595FBFAF3C3EB0323A5EB0305D4D144
:10390000A14E9FEDA27A00223346FF204FF0000B1C
:103910009446691C91FBF0F9C9EB0929A1EB090157
:1039200014F805E014F8019083F80090A91C91FBAD
:10393000F0FACAEB0A2AA1EB0A0183F80CE0615CF9
:10394000C3F808B007EE901AF8EE677A314667EED2
:10395000877A4FF00009C3ED017AC3ED047A4A4536
:1039600019D091F80CA0F24515D1D3F808A0C1F8F0
:1039700008A0D3F804A0C1F804A093F800A081F82F
:1039800000A0D3F810A0C1F810A0D3F814A0C1F87B
:1039900014A081F818C009F10109B9F1060F01F16D
:1039A0001C01DCD101320335062A95FBF0F1C1EB95
:1039B0000121A5EB010503F11C03AAD1744B0022E0
:1039C000FCE5012A3FF45EAB6378724A002B14BF1A
:1039D0004FF0010B4FF0000B82F801B06E4A82F8F5
:1039E00000B01EBF6D4A002111606D4A92F800A020
:1039F000BAF1FF0F3FF446AB6A490A88002A3FF448
:103A000041AB6948694BD0F800901D88684E013A77
:103A10000A8009F10102514201F01F0102F01F0268
:103A200058BF4A420260634A4FF4967403A8128852
:103A3000ADF80C205021FFF769F8B5FBF4F204FB58
:103A4000125292B25021B1545146FFF75FF86A1CEE
:103A500092B2B2FBF4F104FB112292B206F802A07A
:103A6000DFF86CA19AF800100091FFF74FF8AA1C3C
:103A700092B2B2FBF4FC04FB1C22009992B2B15446
:103A800001318AF800100221FFF740F8EA1C92B2D7
:103A9000B2FBF4F104FB112292B20221B1543D4A6F
:103AA00092F800A05146FFF731F82A1D92B2B2FBFE
:103AB000F4F104FB112292B2594606F802A0FFF776
:103AC00025F86A1D92B2B2FBF4F104FB112292B206
:103AD000AB1D9BB206F802B0B3FBF4F204FB123349
:103AE0009BB29DF80C20F254EB1D9BB2B3FBF4F299
:103AF00004FB12339BB29DF80D20F2542B4A05F1C2
:103B0000080313802C4B23F819502C4B082203F880
:103B100009202B4B102203F809202A4A138801336D
:103B20001380FFF7AFBA284A00231372137582F887
:103B3000203082F82C3082F8383082F8443082F815
:103B4000503082F85C30214A137000287FF49AAA22
:103B50000B4B587583F82D00084B187218750A4BDB
:103B6000187683F8340083F8500083F86C0083F8EB
:103B7000880083F8A400FFF785BA00BF780600200C
:103B8000FC000020E80D0020540000208180803BD4
:103B90003801002010000020D4050020D8050020A6
:103BA0003201002034010020F4080020BE0700206C
:103BB000C007002068980008380900201809002074
:103BC000F8080020EC08002010060020FB0500206B
:103BD00099060020C84B93F80090B9F1FF0F3FF40D
:103BE00051AAC64A1388002B3FF44CAAC449DFF8F7
:103BF00038B3D1F800A0BBF80050C24E013B13808F
:103C00000AF101035A4202F01F0203F01F0358BFDA
:103C100053420B60BC4B4FF4967403A81B88ADF85D
:103C20000C305021FEF772FFB5FBF4F304FB135385
:103C30009BB250224946F254FEF768FF6B1C9BB2C0
:103C4000B3FBF4F204FB12339BB206F80390DFF8E7
:103C5000DC9299F800100091FEF758FFAB1C9BB264
:103C6000B3FBF4F204FB123300999BB2F15401311F
:103C700089F800101321FEF749FFEB1C9BB2B3FB40
:103C8000F4F204FB12339BB21322F521F254FEF737
:103C90003DFF2B1D9BB2B3FBF4F204FB12339BB22E
:103CA000F5220021F254FEF731FF6B1D9BB2B3FBEE
:103CB000F4F204FB12334FF000099BB2494606F8B8
:103CC0000390FEF723FFAB1D9BB2B3FBF4F204FBA2
:103CD00012339BB2412106F80390FEF717FFEB1D4C
:103CE0009BB2B3FBF4F204FB12339BB241220621D8
:103CF000F254FEF70BFF05F108039BB2B3FBF4F29D
:103D000004FB12339BB206220421F254FEF7FEFE9E
:103D100005F109039BB2B3FBF4F204FB12339BB22F
:103D200004224946F254FEF7F1FE05F10A039BB264
:103D3000B3FBF4F204FB12339BB2672106F8039045
:103D4000FEF7E4FE05F10B039BB2B3FBF4F204FBB8
:103D500012339BB267226421F254FEF7D7FE05F1BD
:103D60000C039BB2B3FBF4F204FB12339BB264224C
:103D70003321F254FEF7CAFE05F10D039BB2B3FBEB
:103D8000F4F204FB12339BB24FF03309322106F8F0
:103D90000390FEF7BBFE05F10E039BB2B3FBF4F2FA
:103DA00004FB12339BB232226621F254FEF7AEFEC0
:103DB00005F10F039BB2B3FBF4F204FB12339BB289
:103DC00066224946F254FEF7A1FE05F110039BB2AC
:103DD000B3FBF4F204FB12339BB2494606F803909E
:103DE000FEF794FE05F111039BB2B3FBF4F204FB62
:103DF00012339BB2302106F80390FEF787FE05F1DF
:103E000012039BB2B3FBF4F204FB12339BB23022D9
:103E10006B21F254FEF77AFE05F113039BB2B3FB5C
:103E2000F4F204FB12339BB26B223821F254FEF7FA
:103E30006DFE05F114039BB2B3FBF4F204FB1233E5
:103E40009BB238227521F254FEF760FE05F115038E
:103E50009BB2B3FBF4F204FB12339BB27522362102
:103E6000F254FEF753FE05F116039BB2B3FBF4F2D6
:103E700004FB12339BB23622F25405F117039BB2B6
:103E8000B3FBF4F204FB12339BB29DF80C20F25406
:103E900005F118039BB2B3FBF4F204FB12339BB29F
:103EA0009DF80D20F25405F11903ABF80030174BC3
:103EB00023F81A50164B192203F80A20154B10222A
:103EC00003F80A2029E6BFF34F8F1349134BCA6842
:103ED00002F4E0621343CB60BFF34F8FFEE7104B59
:103EE0001978A9BB044BFF2C1D7821D90D48FEF78A
:103EF0000DFE45BBFFF77CB83201002034010020E5
:103F0000F4080020C0070020689800083809002045
:103F100018090020F808002000ED00E00400FA0570
:103F2000AF0700202D010020BE07002099060020C9
:103F3000E4B269482146FEF7E9FDA5423FF458A8DE
:103F4000FF2C3FF455A8654B00221A70FFF750B8BC
:103F500008290ED1604BB4F5807F1B7828BF002460
:103F60009C421EBF5D4B00221A705D4B0922FFF779
:103F700041B809297EF4A7AF5A4B584900221A705C
:103F80000978554B5B7800293FF482A8B4F5807F0F
:103F900028BF14469C427FF47BA8534B1978002914
:103FA0003FF476A85149012008701A70FFF770B8E5
:103FB0004B4D2B78032B1FD14D4E4E4B3778464837
:103FC0000621B7FBF1F201FB1272D2B2B4F5807F89
:103FD0009B5C28BF0024E1B28B421EBF3F4B0022F6
:103FE0001A70FEF793FD7B1CDBB2062B33707EF458
:103FF0006AAF0023FEF7C3BF63B9B4F5807F3E4BC1
:10400000354828BF0024E1B21970FEF77FFD082370
:10401000FEF7B5BF082B9DD0092B7EF454AF314B72
:104020002E4A00251D7012782B4B5B78002A3FF436
:104030002FA8B4F5807F28BF2C469C427FF428A887
:104040002D4B1A782D4B1A70FEF79CFDFEF7BAFD2A
:104050002B4B01221D702B4BA7E7214B1978002910
:104060003FF440AF082907D11B4BB4F5807F1B7884
:1040700028BF0024A34274E709297EF424AF194B1A
:1040800000221A70154A144B12785B78002A3EF40D
:10409000FFAFB4F5807F28BF00249C427EF4F8AFC8
:1040A000164BFF2281E70E4A1378012B7EF6F0AF04
:1040B000013B1370FEF707BF094A1378012BF7D8AD
:1040C000FF2C98BF02344FF0050394BFE4B20224E2
:1040D0003B701470FEF7F7BE2D0100202C0100206C
:1040E000AF070020BD070020B1070020B207002065
:1040F000AE070020E00D00209806002032010020CD
:10410000B3070020380100206F4B2DE9F74F1B78D3
:104110006E4F3C78002B40F0AA80002C40F0A78026
:104120006B4B6C4D1B786C4EFF2B00F0B6806B4BCD
:104130001A78DAB16A481C70042104F046FC694A16
:10414000694B11781980517859809178D27899808B
:10415000DA80664B664804221A80664B07211C8071
:1041600005F0B1F833682B6001233B70D6F800A04E
:104170002B68AAEB0303012B57D95F490B88002B4F
:1041800053D05E4ADFF894B114681BF80490B9F17B
:10419000000F7DD05A4830F814000190594890F82B
:1041A0000080B8F1000F14D04FF0000C013B013437
:1041B0000B8080F800C0BCEB040303F01F0304F085
:1041C0001F0458BF5C4214604F4A138801331380A8
:1041D0002BE04E4B42481B5D0093042104F0F5FB9D
:1041E000424BDFF804C1A3F80080009BDFF830E108
:1041F0005A1E4FF4967043469A423BDAB8F1000FCC
:1042000002D03A4B009A1A803A4B394800220721D3
:104210001A8009F1FF3905F056F83D4A0BF8049071
:1042200001231370C5F800A03B7033682A689B1AFD
:10423000B3F57A7F1BD90421294804F0C6FB354A1F
:10424000294B11781980517859809178D278DA8089
:104250009980264B04221A80264B254800220721EC
:104260001A8005F030F833682B6001233B7003B0EF
:10427000BDE8F08F01995918B1FBF0F800FB181157
:104280004FF001081EF801102CF813100133B3E7AA
:10429000013B01340B8063428FE733682A689B1A25
:1042A000B3F57A7FE3D904210D4804F08EFB1A4A56
:1042B0000D49234612F8010B21F8130001330C2B92
:1042C000F8D10A4A1380C7E7BD070020BC070020C9
:1042D00032010020B4070020E80D0020B3070020C1
:1042E00000040048AA0600207C090020780900206C
:1042F000003801407A090020EC080020F008002076
:1043000038090020B20700203401002018090020DD
:10431000B1070020A60600209A060020F808002019
:10432000C00700200D4B0E4A19681368CB1A012BE9
:1043300010B511D972B60B48002303600A48036018
:104340000A484FF4807404800948038062B6094823
:10435000116003700848037010BD00BFE80D002015
:10436000B8070020D80B0020DC0B0020360100200D
:10437000D40B0020B0070020BD0700204B4B1B785A
:104380002DE9F347002B00F08E80494B93F8009005
:10439000B9F1FF0F00F08780464A1388002B00F028
:1043A00082804549DFF830810F68B8F80050434EED
:1043B000013B13807B1C5A4202F01F0203F01F03D3
:1043C00058BF53420B603E4B4FF4967401A81B88B4
:1043D000ADF804305021FEF799FBB5FBF4F304FB74
:1043E00013539BB250224946F254FEF78FFB6B1CCD
:1043F0009BB2B3FBF4F204FB12339BB206F80390BA
:10440000DFF8D89099F800A05146FEF77FFBAB1C6F
:104410009BB2B3FBF4F204FB12339BB2012106F80A
:1044200003A00AF1010A89F800A0FEF76FFBEB1C5C
:104430009BB2B3FBF4F204FB12339BB20122F254A1
:10444000204B93F800904946FEF760FB2B1D9BB272
:10445000B3FBF4F204FB12339BB206F803906B1D1E
:104460009BB2B3FBF4F204FB12339BB29DF8042021
:10447000F254AB1D9BB2B3FBF4F204FB12339BB2BC
:104480009DF80520F254EB1DA8F800300E4B23F8E0
:1044900017500E4B0722DA550D4B1022DA550D4AF4
:1044A00013880133138002B0BDE8F0873801002083
:1044B0003201002034010020F4080020C007002051
:1044C00068980008330100203809002018090020EE
:1044D000F8080020EC080020BE0700209906002004
:1044E00010B540F2115004F0FFFA4FF400630322BC
:1044F00000214FF0904004F031FABDE810404FF435
:104500000063002201214FF0904004F005BA10B57D
:1045100040F2115004F0E8FA4FF4806303220021C6
:104520004FF0904004F01AFABDE810404FF4806359
:10453000002201214FF0904004F0EEB9F8B5334B62
:104540001968334B00201C461E781A69D3E90257BC
:10455000002E50D137B18A1ABA4203D901221A70FB
:10456000DE6019611833002843D025786DB94FF407
:1045700000614FF0904004F032FA30B14FF4006126
:104580004FF09040657504F022FA257E75B94FF41E
:1045900080614FF0904004F022FA38B14FF480610E
:1045A0004FF0904084F82D5004F011FA23786BB14D
:1045B0004FF400614FF0904004F011FA30B960758B
:1045C0004FF400614FF0904004F0FFF9237EE3B117
:1045D0004FF480614FF0904004F001FAA8B984F8DC
:1045E0002D004FF48061BDE8F8404FF0904004F09A
:1045F000ECB90120A8E7002DB4D08A1AAA42B1D99B
:104600000022C3E902221A70ABE7F8BDE80D0020D2
:10461000FC0000202DE9F04FC64B1B7887B0002B23
:1046200040F0AE81C44BDFF844B31B78019303F034
:104630000108182202FB08F20BEB0201487D00285A
:1046400040F0B680BD4D1BF80220AA700A7DEA70CA
:104650004A682A71110A6971110C120EEA71B84A7E
:1046600028701778A97108F10100FF2F687000F019
:104670009A80B4490A88002A00F09580B24CB34B66
:10468000DFF8ECA21E88013A0A8022680292511CCF
:10469000484200F01F0001F01F0158BF4142216055
:1046A000AB490988ADF814104FF4967405A8502151
:1046B000FEF72CFAB6FBF4F104FB116189B24FF05E
:1046C000500C0AF801C03946FEF720FA711C89B275
:1046D000B1FBF4FC04FB1C1189B20AF801709D4F78
:1046E00097F800904946FEF711FAB11C89B2B1FB68
:1046F000F4FC04FB1C1189B20AF8019009F10109CC
:10470000082187F80090FEF701FAF11C89B2B1FB8D
:10471000F4F004FB101189B2082006F1040906F137
:104720000C070AF80100029A1FFA89F9BFB215F8BE
:10473000011B039205A80291FEF7E8F9B9FBF4F01A
:1047400004FB109009F1010980B21FFA89F902995E
:104750000AF800104F45039AE9D1B7FBF4F104FBC6
:104760001177BFB29DF814100AF8071006F10D0179
:1047700089B2B1FBF4F004FB101189B29DF8150069
:10478000724B0AF8010006F10E011980724921F8F6
:10479000126072490E208854714910208854714962
:1047A0000A8801320A80182202FB08B301225A75D6
:1047B000DFF8C0B10C2202FB08F20BEB0201087A11
:1047C000002840F0D980684D1BF80220AA704A6882
:1047D000EA70110A2971110C120EAA71584A6971F6
:1047E000177802202870FF2F08F10100687000F090
:1047F0009A8054490A88002A00F09580524C534B05
:10480000DFF86CA11E88013A0A8022680292511CCE
:10481000484200F01F0001F01F0158BF41422160D3
:104820004B490988ADF814104FF4967405A850212F
:10483000FEF76CF9B6FBF4F104FB116189B24FF09D
:10484000500C0AF801C03946FEF760F9711C89B2B4
:10485000B1FBF4FC04FB1C1189B20AF801703D4F56
:1048600097F800904946FEF751F9B11C89B2B1FBA7
:10487000F4FC04FB1C1189B20AF8019009F101094A
:10488000072187F80090FEF741F9F11C89B2B1FBCE
:10489000F4F004FB101189B2072006F1040906F1B7
:1048A0000B070AF80100029A1FFA89F9BFB215F83E
:1048B000011B039205A80291FEF728F9B9FBF4F059
:1048C00004FB109009F1010980B21FFA89F90299DD
:1048D0000AF800104F45039AE9D1B7FBF4F104FB45
:1048E0001177BFB29DF814100AF8071006F10C01F9
:1048F00089B2B1FBF4F004FB101189B29DF81500E8
:10490000124B0AF8010006F10D011980124921F835
:10491000126012490D208854114910208854114901
:104920000A8801320A800C2202FB08B301221A72A3
:1049300022E000BF38010020700600209006002011
:104940003201002034010020F4080020BE070020BE
:1049500068980008990600203809002018090020EE
:10496000F8080020EC08002071060020FC00002060
:10497000C007002078060020019B034A0133137012
:1049800007B0BDE8F08F00BF7006002010B540F200
:10499000115004F0A9F80823032200214FF09040A1
:1049A00003F0DCFFBDE810400823012200214FF096
:1049B000904003F0B1BF10B540F2115004F094F8EC
:1049C0000423032200214FF0904003F0C7FFBDE80D
:1049D00010400423012200214FF0904003F09CBFBF
:1049E00010B540F2115004F07FF802230322002199
:1049F0004FF0904003F0B2FFBDE8104002230122C7
:104A000000214FF0904003F087BF10B540F21150E5
:104A100004F06AF80123032200214FF0904003F0D4
:104A20009DFF0123BDE810401A4600214FF0904041
:104A300003F072BF10B5094C40F2125004F054F864
:104A4000204620230322002103F088FF2046202354
:104A5000BDE810400122002103F05EBF00040048C1
:104A600010B5094C40F2125004F03EF820461023D5
:104A70000322002103F072FF20461023BDE81040FE
:104A80000122002103F048BF0004004810B5094C82
:104A900040F2125004F028F8204608230322002197
:104AA00003F05CFF20460823BDE8104001220021EE
:104AB00003F032BF0004004810B540F2115004F07A
:104AC00013F84FF40043032200214FF0904003F00D
:104AD00045FFBDE810404FF40043012200214FF094
:104AE000904003F019BF0000F8B5514C514D2778A4
:104AF0002E6808214FF0904003F06BFFB0FA80F071
:104B0000400987421CBF002320704FF004014FF082
:104B1000904018BF2372277B18BF66602E6803F091
:104B200058FFB0FA80F0400987421CBF0023207371
:104B30004FF002014FF0904018BF2375277E18BF39
:104B400026612E6803F045FFB0FA80F040098742E5
:104B50001CBF002320764FF001014FF0904018BF9A
:104B600084F8203094F8247018BFE6612E6803F0B2
:104B700030FFB0FA80F0400987421CBF002384F860
:104B800024004FF020012C4818BF84F82C3094F8F2
:104B9000307018BFA6622E6803F01BFFB0FA80F0D9
:104BA000400987421CBF002384F830004FF01001F9
:104BB000214818BF84F8383094F83C7018BF6663F9
:104BC0002E6803F006FFB0FA80F0400987421CBF50
:104BD000002384F83C004FF0080117481CBF84F8FC
:104BE0004430266494F848702E6803F0F2FEB0FA60
:104BF00080F0400987421CBF002384F848004FF42E
:104C000000414FF090401CBFE66484F850302D689E
:104C100094F8546003F0DDFEB0FA80F0400986425B
:104C20001FBF002384F85400A56584F85C30F8BDEC
:104C300010060020E80D0020000400482DE9F04F88
:104C4000604BDFF8B0A11B7887B003F0070B01932E
:104C50000C2303FB0BF30AEB0301097A002940F054
:104C6000A980594F1AF80330BB70584B1E780121A8
:104C70003970FF2E5944797000F0968054490B88A2
:104C8000002B00F09180534CDFF86C81013B0B80CE
:104C900023680293591C484200F01F0001F01F01D5
:104CA00058BF41424C4B21604C491D880988ADF8E2
:104CB00014104FF4967405A85021FDF727FFB5FB9B
:104CC000F4F104FB115189B24FF0500C08F801C007
:104CD0003146FDF71BFF691C89B2B1FBF4FC04FBF4
:104CE0001C1189B208F801603D4E96F800904946C3
:104CF000FDF70CFFA91C89B2B1FBF4FC04FB1C11ED
:104D000089B208F8019009F10109032186F80090A1
:104D1000FDF7FCFEE91C89B2B1FBF4F004FB1011B5
:104D200089B20320B946EE1D2F1D08F80100029B31
:104D3000BFB2B6B219F8011B039305A80291FDF7A3
:104D4000E5FEB7FBF4F004FB1070013780B2BFB290
:104D5000029908F80010BE42039BEBD1B6FBF4F1B8
:104D600004FB1166B6B29DF8141008F8061005F1A0
:104D7000080189B2B1FBF4F004FB101189B29DF86F
:104D80001500154A08F8010005F1090111801549BF
:104D900021F8135014490920C85414491020C8544C
:104DA00013490B8801330B800C2303FB0BAA01234F
:104DB0008AF80830019B034A0133137007B0BDE83D
:104DC000F08F00BF090600200A06002032010020F3
:104DD00034010020F4080020BE0700206898000875
:104DE000990600203809002018090020F808002042
:104DF000EC08002010060020C00700201FB540F27C
:104E00000B6003F071FE114803F058FF104B114A7C
:104E10001B68B3FBF2F3013B0022B3F5803F28BFD0
:104E20001346ADF80030694640F2E7330748ADF865
:104E30000220019202938DF80C2003F093FF0348A7
:104E400004F020F805B05DF804FB00BF002C014021
:104E50003C01002040420F0008B540F2115003F021
:104E600043FE4FF40073032200214FF0904003F003
:104E700075FD4FF40073002202214FF0904003F0C3
:104E80004BFDBDE808404FF4007202214FF0904006
:104E900003F0ABBD30B5124B124C0FCB85B06D4655
:104EA00085E80F002A462046012104F015F8204627
:104EB0000022012104F044F920464022012104F09F
:104EC00019F900222046012104F048F90121204669
:104ED00003F0F8FF204603F0D5FF05B030BD00BF5A
:104EE0006C980008002C014008B540F2115003F006
:104EF000FBFD4FF48073032200214FF0904003F03C
:104F00002DFD4FF48073002202214FF0904003F0FA
:104F100003FDBDE808404FF4807202214FF090403D
:104F200003F063BD30B5124B124C0FCB85B06D460C
:104F300085E80F002A462046002103F0CDFF00221D
:104F40001146204604F0FCF820464022002104F0DF
:104F5000D1F800221146204604F000F90121204634
:104F600003F0B0FF204603F08DFF05B030BD00BF59
:104F70006C980008002C01401FB540F2017003F04E
:104F8000B3FD114803F09AFE104B114A1B68B3FBA6
:104F9000F2F3013B0022B3F5803F28BF1346ADF882
:104FA0000030694640F2E7330748ADF8022001922D
:104FB00002938DF80C2003F0D5FE034803F062FF46
:104FC00005B05DF804FB00BF000400403C01002078
:104FD00040420F0010B50C4C40F2125003F084FD1B
:104FE000204602230322002103F0B8FC02232046BE
:104FF0000022194603F090FC20460222BDE8104032
:10500000012103F0F2BC00BF0004004830B5124B90
:10501000124C0FCB85B06D4685E80F002A4620461E
:10502000032103F059FF20460022032104F088F8F1
:1050300020464022032104F05DF80022204603218F
:1050400004F08CF80121204603F03CFF204603F0D9
:1050500019FF05B030BD00BF6C9800080004004087
:1050600010B50C4C40F2125003F03EFD20460123D7
:105070000322002103F072FC2046002202210123BA
:1050800003F04AFC012220461146BDE8104003F01F
:10509000ACBC00BF0004004830B5124B124C0FCB23
:1050A00085B06D4685E80F002A462046022103F0B0
:1050B00013FF20460022022104F042F8204640223D
:1050C000022104F017F800222046022104F046F8DD
:1050D0000121204603F0F6FE204603F0D3FE05B082
:1050E00030BD00BF6C9800080004004008B540F2D5
:1050F000115003F0F9FC8023032200214FF090406F
:1051000003F02CFC8023002202214FF0904003F09A
:1051100003FCBDE80840802201214FF0904003F0DD
:1051200064BC000030B5124B124C0FCB85B06D46FD
:1051300085E80F002A462046012103F0CDFE2046D7
:105140000022012103F0FCFF20464022012103F050
:10515000D1FF00222046012104F000F80121204661
:1051600003F0B0FE204603F08DFE05B030BD00BF59
:105170006C9800080004004008B540F2115003F09C
:10518000B3FC4023032200214FF0904003F0E6FBE4
:105190004023002202214FF0904003F0BDFBBDE808
:1051A0000840402201214FF0904003F01EBC000057
:1051B00030B5124B124C0FCB85B06D4685E80F0011
:1051C0002A462046002103F087FE00221146204691
:1051D00003F0B6FF20464022002103F08BFF00229F
:1051E0001146204603F0BAFF0121204603F06AFE73
:1051F000204603F047FE05B030BD00BF6C980008A4
:10520000000400402DE9F04F734B1B7887B0002B52
:1052100040F0DF80714B724A93F800904FF0060A1D
:10522000B9FBFAF70AFB1797FFB21C237B43D1188F
:10523000087E002840F0C8809FED6A7AD1ED017A9F
:10524000694ED35CF37067EE877AD020FCEEE77A84
:10525000307017EE903AD1ED027A337167EE877AAB
:10526000781CFCEEE77A707017EE903A73715F4B22
:10527000087B93F800B0B070BBF1FF0F00F09D8089
:105280005B490B88002B00F098805A4CDFF8808136
:10529000013B0B8023680293591C484200F01F0019
:1052A00001F01F0158BF4142534B216053491D88F3
:1052B0000988ADF814104FF4967405A85021FDF735
:1052C00025FCB5FBF4F104FB115189B24FF0500CF1
:1052D00008F801C05946FDF719FC691C89B2B1FBF9
:1052E000F4FC04FB1C1189B208F801B0DFF824B10A
:1052F0009BF800100191FDF709FC05F1020C1FFA63
:105300008CFCBCFBF4FE04FB1ECC01991FFA8CFC48
:1053100008F80C1001318BF800105146FDF7F6FB30
:10532000E91C89B2B1FBF4F004FB101189B22A1D0B
:1053300005F10A0B08F801A0029B92B21FFA8BFB41
:1053400016F8011B019105A8CDE90232FDF7DEFB3D
:10535000039AB2FBF4F004FB1020013280B292B247
:10536000019908F800109345029BE9D1BBFBF4F2C8
:1053700004FB12BB1FFA8BFB9DF8142008F80B20CE
:1053800005F10B0292B2B2FBF4F104FB112292B2CE
:105390009DF8151008F80210174905F10C020A8053
:1053A000174A22F81350174A0C21D154164A1021DB
:1053B000D154164A138801331380094A1C2303FB76
:1053C000072A01238AF81830044B09F1010983F8F0
:1053D000009007B0BDE8F08F3801002002060020E1
:1053E0005400002000007F4303060020320100200B
:1053F00034010020F4080020BE070020689800084F
:105400003809002018090020F8080020EC080020C6
:10541000C00700209906002010B5DD4CD4ED017ABC
:1054200094ED047AD4ED056AF4EEC77AF1EE10FA41
:105430002DED028B40F3D08037EE267AF4EEC77A5A
:10544000F1EE10FA58BFF0EE477AC4ED047AD4EDCD
:10545000048AF5EE408AF1EE10FA40F0C98040224D
:10546000CC48012103F046FED4ED087A94ED0B7A86
:10547000D4ED0C6AF4EEC77AF1EE10FA40F3D8805E
:1054800037EE267AF4EEC77AF1EE10FA58BFF0EE56
:10549000477AC4ED0B7AD4ED0B8AF5EE408AF1EE33
:1054A00010FA40F0D1804022BA48002103F022FED9
:1054B000D4ED0F7A94ED127AD4ED136AF4EEC77A34
:1054C000F1EE10FA40F3E08037EE267AF4EEC77A78
:1054D000F1EE10FA58BFF0EE477AC4ED127AD4ED2F
:1054E000128AF5EE408AF1EE10FA40F0D98040229F
:1054F000A948032103F0FEFDD4ED167A94ED197A44
:10550000D4ED1A6AF4EEC77AF1EE10FA40F3E880AF
:1055100037EE267AF4EEC77AF1EE10FA58BFF0EEC5
:10552000477AC4ED197AD4ED198AF5EE408AF1EE86
:1055300010FA40F0E18040229748022103F0DAFDA2
:10554000D4ED1D7A94ED207AD4ED216AF4EEC77A79
:10555000F1EE10FA40F3F08037EE267AF4EEC77AD7
:10556000F1EE10FA58BFF0EE477AC4ED207AD4ED90
:10557000208AF5EE408AF1EE10FA40F0E9804022F0
:105580008548012103F0B6FDD4ED247A94ED277A05
:10559000D4ED286AF4EEC77AF1EE10FA40F30281F6
:1055A00037EE267AF4EEC77AF1EE10FA58BFF0EE35
:1055B000477AC4ED277AD4ED278AF5EE408AF1EEDA
:1055C00010FA40F0FB804022BDEC028B7248BDE82F
:1055D0001040002103F08EBD7FF539AF37EE667ABB
:1055E000F4EEC77AF1EE10FAD8BFF0EE477A2CE766
:1055F000B7EE008AF4EE488AF1EE10FA01D150229B
:105600002EE764487022012103F074FD38EE688AA9
:105610009FED627ADFED627A5E48E8EE077A01215B
:10562000FCEEE77A17EE903A9AB203F089FD1BE799
:105630007FF531AF37EE667AF4EEC77AF1EE10FA05
:10564000D8BFF0EE477A24E7B7EE008AF4EE488A36
:10565000F1EE10FA01D1502226E74E4870220021C7
:1056600003F048FD38EE688A9FED4C7ADFED4C7A06
:105670004848E8EE077A0021FCEEE77A17EE903A08
:105680009AB203F05DFD13E77FF529AF37EE667A36
:10569000F4EEC77AF1EE10FAD8BFF0EE477A1CE7C5
:1056A000B7EE008AF4EE488AF1EE10FA01D15022EA
:1056B0001EE739487022032103F01CFD38EE688A8A
:1056C0009FED367ADFED367A3348E8EE077A03212C
:1056D000FCEEE77A17EE903A9AB203F031FD0BE751
:1056E0007FF521AF37EE667AF4EEC77AF1EE10FA65
:1056F000D8BFF0EE477A14E7B7EE008AF4EE488A96
:10570000F1EE10FA01D1502216E72348702202214F
:1057100003F0F0FC38EE688A9FED207ADFED207A06
:105720001D48E8EE077A0221FCEEE77A17EE903A80
:105730009AB203F005FD03E77FF519AF37EE667AFD
:10574000F4EEC77AF1EE10FAD8BFF0EE477A0CE724
:10575000B7EE008AF4EE488AF1EE10FA01D1502239
:105760000EE70D487022012103F0C4FC38EE688A70
:105770009FED0A7ADFED0A7A0748E8EE077A012101
:10578000FCEEE77A17EE903A9AB203F0D9FCFBE60A
:1057900054000020002C0140000400400000704430
:1057A000000020427FF507AF37EE667AF4EEC77A45
:1057B000F1EE10FAD8BFF0EE477AFAE6B7EE008ABB
:1057C000F4EE488AF1EE10FA01D15022FCE60D48C1
:1057D0007022002103F08EFC38EE688A9FED0A7A71
:1057E000DFED0A7A0748E8EE077ABDEC028BFCEEA3
:1057F000E77ABDE8104017EE903A00219AB203F024
:105800009FBC00BF00040040000070440000204224
:105810001FB50C4C40F2116003F066F9204603F00E
:105820004DFA0023642269462046CDE900330292F6
:105830008DF80C3003F096FA204603F023FB04B0F9
:1058400010BD00BF0044014010B50D4C40F2125095
:1058500003F04AF920464FF480730322002103F03D
:105860007DF82046002202214FF4807303F054F8A3
:1058700020464FF48072BDE81040022103F0B5B815
:105880000004004830B54FF4A06085B003F02CF957
:105890001B4B1C4A1A601C4B1C4C0FCB6D4685E8F9
:1058A0000F002A462046002103F016FB0022114675
:1058B000204603F045FC20466022002103F01AFC3C
:1058C00008222046002103F049FC2046012103F074
:1058D000F9FA4FF48071204603F0F0FA204603F005
:1058E000D1FA012211460A2003F0B0F8022002F09A
:1058F00001FF0221084602F05FFF05B030BD00BF86
:1059000014000020344401406C9800080044014019
:10591000584B1B7873B5002B00F0A480564C9FEDBC
:10592000576A2168782391FBF3F203FB1212544B60
:1059300003EB820393ED007AFCEEC77A3C2517EE69
:10594000903A9BB2B3FBF5F005FB1033F7EE007A0B
:105950009BB277EEC77A06EE903A67EE877AF8EE5A
:10596000666A062666EE866A37EE676AB0FBF6F26E
:1059700066EE866A06FB120292B237EEA66A82B122
:10598000531E77EE666A032B64D8DFE803F06602E5
:10599000565FF0EE476AB0EE677AF0EE467AB0EE08
:1059A000666A01312160374BDFED376A83ED016AAA
:1059B00083ED046A26EE266A83ED037A83ED007A8E
:1059C00027EE267AC3ED027AC3ED057ABCEEC66AED
:1059D00067EEA67ABCEEC77A8DED016AFCEEE77A37
:1059E0009DF804308DED017A284A9DF80400CDED34
:1059F000017A9DF8041050701071517113709170FC
:105A0000D370234A234C012111802349234A01EBFF
:105A1000C30051F8333013604368214853600021BC
:105A2000E26003F034FA2146022002F081FE0220F7
:105A300002B0BDE8704002F067BEB0EE666AF0EEFC
:105A4000476AB0EE677AF0EE667AAAE7F0EE476A48
:105A5000B0EE467AB0EE676AF5E7B0EE476AB0EEB0
:105A6000667A9EE7DFED0F7A9FED0F6A9FED0F7A62
:105A700099E700BFD4050020D80500208988883C1C
:105A800094980008BC05002000007F43DC0500203E
:105A9000E205002014000020749A0008E4050020AC
:105AA00000440140CECCCC3D9A99993E00000000C4
:105AB00010B540F2115003F017F820230322012102
:105AC0004FF0904002F04AFFBDE810402023002232
:105AD00001214FF0904002F01FBF00001FB54FF4AE
:105AE000C26003F001F8104803F0E8F80F4B104AC9
:105AF0001B68B3FBF2F3013B0022B3F5803F28BFE4
:105B00001346ADF80030694609230748ADF8022076
:105B1000019202938DF80C2003F024F9024803F05F
:105B2000B1F905B05DF804FB004001403C010020E4
:105B300040420F0020214FF0904002F046BF30B5A8
:105B4000421EC31D002012F8014F08214508604085
:105B5000C0074CBF85F08C00284601394FEA540439
:105B6000F4D19A42EFD130BD08B50022114614207D
:105B700002F06CFFBDE808400148012103F089B93B
:105B8000004001402DE9F041A148012103F08AF9CC
:105B9000002800F0F3819F4B1B78022B4AD19E4DC9
:105BA0002B78022B1BD19D4A13786BB920214FF023
:105BB000904002F00CFF994B01221A70BDE8F041B1
:105BC0009348012103F077B9302B40F0C3802021A6
:105BD0004FF0904002F0F9FE8F4B0322EDE7032BCC
:105BE00012D18E4A1378372B40F0B48020214FF029
:105BF000904002F0EEFE884B08B90422DDE7884AA7
:105C0000012111700E22D8E7042BD7D1834C2378C1
:105C1000612B76D120214FF0904002F0DAFE20B1C6
:105C20000023237005232B70C8E77D4B02221A70D6
:105C3000794BE7E7002B30D1774B1B78002BBDD198
:105C4000764D784F2C783B78C4B9774E3478072C52
:105C500011D820214FF0904002F0B9FE734B1B7811
:105C6000234113F0010F0CBF0723012301343B70C4
:105C700034700123D7E7684B05229EE79C4207D189
:105C800020214FF0904002F0A0FE01342C7095E7E7
:105C9000082CFAD1614B00228FE7012B33D15E4AE9
:105CA0001378012B8AD15D4C2378002B3FF47EAF13
:105CB000012B07D120214FF0904002F086FE574B78
:105CC00002227AE7022B13D120214FF0904002F0FC
:105CD00080FE554A554913780D78003818BF0120C9
:105CE000984028430133137008700323237065E73D
:105CF000082B06D14C4B1B78082BCBD10C231370EF
:105D0000C8E70133F2E7032B7FF458AF424C237806
:105D1000022B3FF448AF0B2B3FF650AF01A252F8D5
:105D200023F000BF7D5D0008BD5B0008BD5B00087F
:105D3000E35B00085B5D0008BD5B0008BD5B00081D
:105D4000D95D0008355E0008695E0008F15E000854
:105D5000215F00080133137030E7304D2B78612B41
:105D60000AD120214FF0904002F033FE00283FF48A
:105D70005CAF00232B70B9E7013354E7274EDFF8FF
:105D8000A480357898F80030CDB9274F3D78072D9D
:105D900013D820214FF0904002F019FE234B1B78BE
:105DA0002B4113F0010F0CBF0723012388F80030AB
:105DB000013501233D70337000E7072396E79D42CC
:105DC00007D120214FF0904002F0FFFD01353570E2
:105DD000F4E6082DFAD15DE7104D2B78002B3FF447
:105DE000E5AE012B3FF466AF022B0BD120214FF023
:105DF000904002F0EEFD0E4B003818BF01201870E5
:105E0000032310E7082BB7D100222A706EE700BFEA
:105E100000400140AF03002002000020AC0300203E
:105E200040030020560300205503002057030020A4
:105E300048030020524D2B78002B3FF4B7AE012BC6
:105E40003FF438AF022B09D120214FF0904002F0EF
:105E5000C0FD00384B4B18BF0120D0E7082B8BD179
:105E600000232B70092341E7474B1878454B1D78D9
:105E7000C0B1002D7FF4FFAE444B454A1978454B25
:105E80001B7803F00703D25C434D2870424800782A
:105E9000002829D00A4301213D48C2543F4B1970C4
:105EA0000A2323E7394B3A4A19783A4B1B7803F017
:105EB0000703D25C002DE7D139483A4D00782D78A0
:105EC000A8420DD2114214BF01250025324E357073
:105ED000002DDBD1344D08282870D7D8334DD4E7B6
:105EE0000CBF01250025F1E722EA01020721D3E7D3
:105EF000234D2B78002B3FF459AE284A16789E424A
:105F000007D120214FF09040013602F05EFD2E7047
:105F100054E6082B7FF430AF00232B700B23E5E60B
:105F20001A481F4E027833781A4901335200DBB207
:105F3000D2B20D78337002701AB96A1C0A7001224D
:105F400002700A78082A7FF438AF402B184B09D921
:105F5000154A144912780A7012B9164A01211170B3
:105F600001221A700A4A1B78127803B122B9124B27
:105F700003221A700E23B9E60D23B7E6BDE8F081BF
:105F8000AC03002047030020480300204303002007
:105F90004C0300204403002041030020560300204E
:105FA000460300204B030020450300204903002046
:105FB000420300204A0300204003002030B5421E67
:105FC00000F10803002012F8014F08214508604045
:105FD000C0074CBF85F08C00284601394FEA5404B5
:105FE000F4D19A42EFD130BD2DE9F04FAB4D2B7873
:105FF000052B85B04BD1AA4A1388002B40D0A94964
:10600000013B13800B6818205A1C92FBF0F400FB34
:1060100014220A60A44A03EB4303D118D35C8878A6
:106020004A78A2490B70A2490A70A24908702BB99C
:10603000A1490A70A14A13702B701CE0012B05D1F5
:106040009D4900220A709D490A70F5E7032B10D183
:106050009B4A0023136053609A4A13709A4A137044
:106060009A4A13709A4A1370934BF0221A700623BF
:10607000E2E7022BE0D0974A1388013313801AE03D
:106080009548012105B0BDE8F04F02F006BF063B80
:10609000092B10D8DFE813F00A000F000F000F00E3
:1060A0000F000F0021004A0171011F02884B1B786D
:1060B00023B105232B7005B0BDE8F08F874901227D
:1060C0000A7087490B7087490B7087490A70874AA5
:1060D00013707A4A13700223ECE7754B76491C78EB
:1060E000744B834E1A7809780923B2FBF3F303EB60
:1060F000C303D31ADBB2082AF154DAD13046FFF7D2
:106100005DFF0028D5D17B497B4A04F03F0301EBBA
:10611000C30051F833301360436853603388774CC1
:1061200003EB830303EB83031BB2002B1A46B8BFB8
:10613000DA1C594201F0030103F0030358BF4B423C
:10614000002B6F4B4FEAA202B8BF02F1FF3293F867
:1061500000B0B8BF12B26272BBF1FF0FC2F30722E8
:10616000A272A6D0674A1388002BA2D06649DFF836
:10617000B081D1F800A0B8F80070DFF8A891013B19
:1061800013800AF101035A4202F01F0203F01F03B9
:1061900058BF53420B605D4B4FF4967603A81B88A3
:1061A000ADF80C305021FCF7B1FCB7FBF6F306FB61
:1061B00013739BB25022594609F80320FCF7A6FC42
:1061C0007B1C9BB2B3FBF6F206FB12339BB209F8C1
:1061D00003B0DFF854B19BF800100091FCF796FC77
:1061E000BB1C9BB2B3FBF6F206FB123300999BB2C9
:1061F00009F8031001318BF800100B21FCF786FC25
:10620000FB1C9BB2B3FBF6F206FB12339BB20B22D4
:1062100009F8032007F10F0B22463C1DA4B21FFA18
:106220008BFB12F8011B03A8CDE90012FCF76EFCF2
:10623000B4FBF6F306FB134301349BB2A4B20099FE
:1062400009F803105C45019AEBD1B4FBF6F306FBA9
:106250001344A4B29DF80C3009F8043007F1100380
:106260009BB2B3FBF6F206FB12339BB29DF80D20F6
:1062700009F8032007F11103A8F80030244B23F894
:106280001A70244B112203F80A20234B102203F822
:106290000A20224A1388013313800AE702000020F3
:1062A000580300205C03002064030020AF0300209B
:1062B000AE030020AD03002057030020550300204B
:1062C0004C030020540300204B030020490300200E
:1062D0004A03002000000020004001404603002047
:1062E0004503002044030020430300204203002014
:1062F000B3050020B00300200600002005000020A8
:106300003201002034010020F408002068980008C1
:106310003809002018090020F8080020EC080020A7
:10632000BE070020C007002099060020794E7A4F52
:1063300030463C78FFF703FCD0B93378282B0ED1D8
:10634000764977480B78326803F03F0C00EBCC0EAF
:1063500040F83C2001337268CEF804200B70714B7A
:106360001B78A3423FF4A5AE01343C700623A1E69E
:106370006D4B03221A700E239CE66B4B6B4A93F80D
:1063800000806B4B82F8018093F800B0BBF1FF0FE7
:1063900000F0978067490B88002B00F092806648D8
:1063A000DFF8C0A1D0F80090BAF80060634F013B5D
:1063B0000B8009F10103594201F01F0103F01F0393
:1063C00058BF4B4203605E4B4FF4967403A81B8882
:1063D000ADF80C305021FCF799FBB6FBF4F304FB4D
:1063E00013639BB25021F9545946FCF78FFB731C81
:1063F0009BB2B3FBF4F104FB11339BB207F803B07B
:10640000DFF864B19BF800100091FCF77FFBB31C30
:106410009BB2B3FBF4FC04FB1C3300999BB2F95410
:1064200001318BF800100221FCF770FBF31C3F4A8E
:106430009BB2B3FBF4F104FB113392F800B09BB2B2
:106440000221F9545946FCF761FB331D9BB2B3FBA3
:10645000F4F204FB12339BB2414607F803B0FCF799
:1064600055FB731D9BB2B3FBF4F204FB12339BB2DA
:1064700007F80380B31D9BB2B3FBF4F204FB1233A5
:106480009BB29DF80C20FA54F31D9BB2B3FBF4F2BF
:1064900004FB12339BB29DF80D20FA5406F1080359
:1064A000AAF80030274B23F81960274B082203F87D
:1064B0000920264B102203F80920254A13880133AE
:1064C000138008F1FF38B8F1010F9EBF134B002273
:1064D0001A700F23EEE51F4A1388002B3FF4D0AD4E
:1064E0001D49013B13800B6818205A1C92FBF0F4E5
:1064F00000FB14220A6003EB4303184AD35C9A1E84
:10650000012A3FF6B8AD164A032B13703FF4A0AD35
:10651000022391E54C03002054030020B205002023
:10652000B0030020AE030020400300200300002041
:106530003201002034010020F4080020C0070020B0
:10654000689800083809002018090020F808002081
:10655000EC080020580300205C03002064030020A6
:10656000AF030020BE0700209906002038B5114A6D
:10657000114B002119701388DBB11048013B1380C7
:10658000036818245A1C92FBF4F504FB15220260E0
:106590000B4803EB4303C2180324C4549170FF2338
:1065A00008485370012102F074FC074A1388013334
:1065B000138038BD00000020B205002060030020D9
:1065C00064030020004001405803002038B5334BDD
:1065D0001B78002B60D0324C2388DBB13149013B62
:1065E00023800B6818205A1C92FBF0F500FB152243
:1065F0000A602D4903EB4303CA180220C854002344
:106600002A4853700121937002F043FC284A1388F2
:10661000013313802388DBB12249013B23800B68BF
:1066200018205A1C92FBF0F500FB15221E480A6048
:1066300003EB4303C2180021C1549170CC231B48C3
:106640005370012102F025FC194A1388013313808D
:106650002388DBB11349013B23800B6818205A1CA7
:1066600092FBF0F400FB14220F480A6003EB430393
:10667000C2180021C154917044230C485370012169
:1066800002F007FC0A4A138801331380094B0022E9
:106690001A70094B01221A7038BD00BFB2050020E4
:1066A000000000206003002064030020004001403F
:1066B00058030020B1050020B00500202DE9F74F58
:1066C000DFF8AC9199F80030002B00F0BF80614BEF
:1066D000614C1B78DFF89CA1019323889AF8005045
:1066E000DBB15E49013B23800B6818205A1C92FBEA
:1066F000F0F600FB16220A60594903EB4303CA185F
:106700000220C8540023574853700121937002F0AF
:10671000C0FB554A1388013313802388DBB14F49EE
:10672000013B23800B6818205A1C92FBF0F600FBFB
:1067300016224B480A6003EB4303C2180021C154E0
:106740009170552347485370012102F0A2FB464A3D
:10675000138801331380454ADFF800B105F03F0785
:1067600002EBC7083E4A00262388F3B1013B238091
:10677000DBF8003018F806C0591C182003EB43035F
:1067800091FBF0FE00FB1E11CBF80010D118002089
:10679000D054887081F801C03248012102F079FBA1
:1067A00031492F4A0B8801330B800136082EDBD18B
:1067B0002388DBB12949013B23800B6818205A1C30
:1067C00092FBF0F600FB162225480A6003EB430318
:1067D000C2180021C1549170BE2322485370012178
:1067E00002F057FB204A1388013313805FFA87FBBE
:1067F000DFF86C80194F1B4800262388D3B1013B7A
:1068000023803B6818215A1C03EB430392FBF1FCE5
:1068100001FB1C223A6008EB0302012108F8031077
:1068200082F801B0967002F034FB0F4A0D481388CD
:10683000013313800136092EDFD1019BAB428BBFA0
:10684000013500238AF8005089F8003003B0BDE814
:10685000F08F00BFB2050020000000206003002080
:10686000640300200040014058030020B0030020D2
:10687000B0050020B10500202E4B73B5D3F8005CA5
:106880002D4B2E4E1B88ADF80430FF2D94BF2946AA
:106890000021C9B201A8FCF739F9294C56F8041BAC
:1068A000B1F5807F28BF0021C9B201A8FCF72EF9FD
:1068B000A642F3D11F4A9DF80510D2F8883CB3F5E3
:1068C000807F28BF0023994231D1D2F8843C9DF8C3
:1068D0000420B3F5807F28BF00239A4227D1012DE1
:1068E00025D1184A154B18481968B1F5807F28BF83
:1068F0000021117059680833B1F5807F28BF00214D
:106900008342517002F10202EED1104A1968B1F5CA
:10691000807F28BF0021117059680833B1F5807F4E
:1069200028BF0021A342517002F10202EED102B051
:1069300070BD00BF00B000086898000804BC0008E3
:1069400084BC00083400002044BC0008440000203F
:106950002DE9F84F9C4C9D4D27782E6808214FF06B
:10696000904002F036F8B0FA80F0400987421CBF30
:10697000002320704FF004014FF0904018BF2372A5
:10698000277B18BF66602E6802F023F8B0FA80F00B
:10699000400987421CBF002320734FF002014FF0D3
:1069A000904018BF2375277E18BF26612E6802F01D
:1069B00010F8B0FA80F0400987421CBF002320760F
:1069C0004FF001014FF0904018BF84F8203094F848
:1069D000247018BFE6612E6801F0FBFFB0FA80F06A
:1069E000400987421CBF002384F824004FF0200197
:1069F000774818BF84F82C3094F8307018BFA6621E
:106A00002E6801F0E6FFB0FA80F0400987421CBF13
:106A1000002384F830004FF010016D4818BF84F84F
:106A2000383094F83C7018BF66632E6801F0D1FFCF
:106A3000B0FA80F0400987421CBF002384F83C0074
:106A40004FF00801624818BF84F8443094F8487049
:106A500018BF26642E6801F0BCFFB0FA80F0400930
:106A600087421CBF002384F848004FF400414FF0D8
:106A700090401CBFE66484F850302E6894F854703F
:106A800001F0A7FFB0FA80F0400987421FBF002342
:106A900084F85400A66584F85C304B484D4C2A6855
:106AA0000E2590F85470002F00F07D814A4B05EBC5
:106AB000030C484B00271CF8011B81B9997D002964
:106AC00040F09C8093F800E0BEF1000F00F096804B
:106AD000C3E9021119701A6190E00127EBE701295F
:106AE0007ED1997D002965D11978002962D1D3F82A
:106AF0000CE0BEF1000F5DD193F814802146C7B1C0
:106B000091F81490C14510D191F81690B9F1000F89
:106B10000BD191F800A0D1F80CB0BAF1000F0CD055
:106B2000C1E9029981F800900A61BEF1000F0AD113
:106B30004FB918314FF0010EE2E7BBF1000FF4D06E
:106B4000C1E902AAF1E7254908F1FF3E0EF0010E66
:106B50004FF00C0909FB0E11D1F804E0A17D99B1A9
:106B600094F82E1009BB714694F81890B9F1000FF3
:106B700019D194F82C90C14515D1A66AA2EB06084C
:106B8000414528BF41460EE02178B1B9217D4145FC
:106B900013D12169511A714528BF714694F82E907E
:106BA000B9F1000FE0D08E4509D80021C3E90312E6
:106BB000012119700021996020E07146EEE7AEEBEB
:106BC0000101C3E90312F5E710060020E80D0020DB
:106BD00000040048FC00002044000020780600204B
:106BE00002290BD190F85C1041B993F800E0997D2F
:106BF000BEF1000F69D000293FF46AAF1833002FAF
:106C00003FF46BAF023DAB1CA0F10C007FF449AF29
:106C1000AA4B00201E781969D3E90257002E40F0D4
:106C2000D78137B1511AB94203D901211970DE60F9
:106C30001A611833002800F0C98125786DB94FF426
:106C400000614FF0904001F0CAFE30B14FF4006196
:106C50004FF09040657501F0BAFE257E75B94FF48E
:106C600080614FF0904001F0BAFE38B14FF480617E
:106C70004FF0904084F82D5001F0A9FE23786BB1BD
:106C80004FF400614FF0904001F0A9FE30B96075FB
:106C90004FF400614FF0904001F097FE237E002BEF
:106CA00000F0A2814FF480614FF0904001F097FE18
:106CB000002840F0998184F82D004FF48061BDE8F0
:106CC000F84F4FF0904001F080BE002962D1D3F818
:106CD0000CE0BEF1000F5DD193F814802146C7B1DE
:106CE00091F81490C14510D191F81690B9F1000FA8
:106CF0000BD191F800A0D1F80CB0BAF1000F0CD074
:106D0000C1E9029981F800900A61BEF1000F0AD131
:106D10004FB918314FF0010EE2E7BBF1000FF4D08C
:106D2000C1E902AAF1E7664908F1FF3E0EF0010E43
:106D30004FF00C0909FB0E11D1F804E0A17D99B1C7
:106D400094F82E1009BB714694F81890B9F1000F11
:106D500019D194F82C90C14515D1A66AA2EB06086A
:106D6000414528BF41460EE02178A9B9217D414522
:106D700012D12169511A714528BF714694F82E909D
:106D8000B9F1000FE0D08E4508D80021C3E9031205
:106D90000121197059680EE77146EFE7AEEB01016A
:106DA000C3E90312F6E7474B05EB030C434B1CF812
:106DB000011B71B9997D002940F0948093F800E09F
:106DC000BEF1000F00F08E80C3E9021119701A6144
:106DD00088E0012978D1997D002965D119780029A9
:106DE00062D1D3F80CE0BEF1000F5DD193F81480AE
:106DF0002146C7B191F81490C14510D191F8169071
:106E0000B9F1000F0BD191F800A0D1F80CB0BAF194
:106E1000000F0CD0C1E9029981F800900A61BEF11F
:106E2000000F0AD14FB918314FF0010EE2E7BBF164
:106E3000000FF4D0C1E902AAF1E7214908F1FF3EB1
:106E40000EF0010E4FF00C0909FB0E11D1F804E011
:106E5000A17D99B194F82E1009BB714694F8189051
:106E6000B9F1000F19D194F82C90C14515D1A66A3B
:106E7000A2EB0608414528BF41460EE02178B1B992
:106E8000217D414513D12169511A714528BF7146B1
:106E900094F82E90B9F1000FE0D08E4509D800216A
:106EA000C3E9031201211970002199601AE07146AB
:106EB000EEE7AEEB0101C3E90312F5E7FC000020A9
:106EC000780600203400002002290BD190F85C10D5
:106ED00041B993F800E0997DBEF1000F08D0002978
:106EE0003FF472AF1833002F7FF48CAE01275EE7BA
:106EF000002962D1D3F80CE0BEF1000F5DD193F808
:106F000014802146C7B191F81490C14510D191F871
:106F10001690B9F1000F0BD191F800A0D1F80CB088
:106F2000BAF1000F0CD0C1E9029981F800900A6112
:106F3000BEF1000F0AD14FB918314FF0010EE2E750
:106F4000BBF1000FF4D0C1E902AAF1E7274908F12B
:106F5000FF3E0EF0010E4FF00C0909FB0E11D1F8A7
:106F600004E0A17D99B194F82E1009BB714694F804
:106F70001890B9F1000F19D194F82C90C14515D192
:106F8000A66AA2EB0608414528BF41460EE02178DB
:106F9000A9B9217D414512D12169511A714528BFF6
:106FA000714694F82E90B9F1000FE0D08E4508D8C4
:106FB0000021C3E9031201211970596875E7714670
:106FC000EFE7AEEB0101C3E90312F6E7012021E68A
:106FD000002D3FF42EAE511AA9427FF62AAE0021B1
:106FE000C3E90211197023E6BDE8F88F7806002086
:106FF0002DE9F04FC44BDFF84CA31B7887B003F0AA
:10700000070B01930C2303FB0BF30AEB0301097A33
:10701000002940F0A980BD4F1AF80330BB70BC4B6B
:107020001E7801213970FF2E5944797000F0968046
:10703000B8490B88002B00F09180B74CDFF808832B
:10704000013B0B8023680293591C484200F01F004B
:1070500001F01F0158BF4142B04B2160B0491D886B
:107060000988ADF814104FF4967405A85021FBF769
:107070004DFDB5FBF4F104FB115189B24FF0500CFA
:1070800008F801C03146FBF741FD691C89B2B1FB2C
:10709000F4FC04FB1C1189B208F80160A14E96F8BB
:1070A00000904946FBF732FDA91C89B2B1FBF4FC04
:1070B00004FB1C1189B208F8019009F101090321B0
:1070C00086F80090FBF722FDE91C89B2B1FBF4F0D1
:1070D00004FB101189B20320B946EE1D2F1D08F8DC
:1070E0000100029BBFB2B6B219F8011B039305A8B9
:1070F0000291FBF70BFDB7FBF4F004FB10700137B6
:1071000080B2BFB2029908F80010BE42039BEBD1D7
:10711000B6FBF4F104FB1166B6B29DF8141008F842
:10712000061005F1080189B2B1FBF4F004FB10115F
:1071300089B29DF81500794A08F8010005F10901A6
:107140001180794921F8135078490920C8547849A9
:107150001020C85477490B8801330B800C2303FBA4
:107160000BAA01238AF80830019B674A0133137088
:10717000714B1B78002B40F0AF81704BDFF8CCB126
:107180001B78019303F00108182202FB08F20BEBB5
:107190000201487D002840F0DB80694D1BF8022089
:1071A000AA700A7DEA704A682A71110A6971110C85
:1071B000120EEA71564A28701778A97108F1010079
:1071C000FF2F687000F09A8052490A88002A00F068
:1071D0009580514C514BDFF870A11E88013A0A800E
:1071E00022680292511C484200F01F0001F01F016A
:1071F00058BF414221604A490988ADF814104FF444
:10720000967405A85021FBF781FCB6FBF4F104FB52
:10721000116189B24FF0500C0AF801C03946FBF7F2
:1072200075FC711C89B2B1FBF4FC04FB1C1189B222
:107230000AF801703B4F97F800904946FBF766FC4F
:10724000B11C89B2B1FBF4FC04FB1C1189B20AF831
:10725000019009F10109082187F80090FBF756FC1D
:10726000F11C89B2B1FBF4F004FB101189B20820C3
:1072700006F1040906F10C070AF80100029A1FFA48
:1072800089F9BFB215F8011B039205A80291FBF71B
:107290003DFCB9FBF4F004FB109009F1010980B248
:1072A0001FFA89F902990AF800104F45039AE9D1AB
:1072B000B7FBF4F104FB1177BFB29DF814100AF884
:1072C000071006F10D0189B2B1FBF4F004FB1011B7
:1072D00089B29DF81500114B0AF8010006F10E0164
:1072E0001980114921F8126010490E208854104964
:1072F000102088540F490A8801320A80182202FBA4
:1073000008B301225A7523E0090600200A0600206E
:107310003201002034010020F4080020BE070020C4
:1073200068980008990600203809002018090020F4
:10733000F8080020EC08002038010020700600202A
:107340009006002010060020C0070020FC0000204E
:10735000DFF870B30C2202FB08F20BEB0201087A93
:10736000002840F0B580C74D1BF80220AA704A687B
:10737000EA70110A2971110C120EAA71C24A6971C0
:10738000177802202870FF2F08F10100687000F0C4
:107390009A80BE490A88002A00F09580BC4CBD4BFB
:1073A000DFF824A31E88013A0A8022680292511C49
:1073B000484200F01F0001F01F0158BF4142216008
:1073C000B5490988ADF814104FF4967405A85021FA
:1073D000FBF79CFBB6FBF4F104FB116189B24FF0A3
:1073E000500C0AF801C03946FBF790FB711C89B2BA
:1073F000B1FBF4FC04FB1C1189B20AF80170A74F21
:1074000097F800904946FBF781FBB11C89B2B1FBAC
:10741000F4FC04FB1C1189B20AF8019009F101097E
:10742000072187F80090FBF771FBF11C89B2B1FBD3
:10743000F4F004FB101189B2072006F1040906F1EB
:107440000B070AF80100029A1FFA89F9BFB215F872
:10745000011B039205A80291FBF758FBB9FBF4F05E
:1074600004FB109009F1010980B21FFA89F9029911
:107470000AF800104F45039AE9D1B7FBF4F104FB79
:107480001177BFB29DF814100AF8071006F10C012D
:1074900089B2B1FBF4F004FB101189B29DF815001C
:1074A0007C4B0AF8010006F10D0119807C4921F896
:1074B00012607C490D2088547B49102088547B49F8
:1074C0000A8801320A800C2202FB08B301221A72D8
:1074D000019B774A01331370764B1B78002B40F0E9
:1074E000D085754C754A032323700123637013788C
:1074F000A3705378724AE3701378237153786371E1
:10750000614B1D78FF2D00F09F80604A1388002B8F
:1075100000F09A805E48DFF8B0A1D0F800B0DFF844
:107520007C81013B13800BF10102514201F01F01EC
:10753000584B02F01F0258BF4A420260564A1F8849
:107540001288ADF814204FF4967605A85021FBF769
:10755000DDFAB7FBF6F206FB127292B250210AF87E
:1075600002102946FBF7D2FA7A1C92B298F80090E2
:10757000B2FBF6F106FB112292B249460AF802501C
:10758000FBF7C4FABA1C92B2B2FBF6F106FB112269
:1075900092B206210AF8029009F1010988F80090D8
:1075A000FBF7B4FAFA1C92B2B2FBF6F106FB112219
:1075B00092B2062107F1040907F10A080AF802103D
:1075C0001FFA89F922461FFA88F812F8011B05A84C
:1075D000CDE90112FBF79AFAB9FBF6F006FB109021
:1075E00009F1010980B21FFA89F901990AF800101E
:1075F000C845029AE9D1B8FBF6F206FB12881FFAD9
:1076000088F89DF814200AF8082007F10B0292B2BE
:10761000B2FBF6F106FB112292B29DF815101D4B3C
:107620000AF8021007F10C021A801D4A22F81B709A
:107630001C4A0C2102F80B101B4A102102F80B10F7
:107640001A4A1388013313801C4A0223637093780B
:10765000A370D3781A4AE37093782371FF2DD378FF
:10766000637100F0C480094A1388002B00F0BF80CA
:107670000748DFF854A0D0F800B0DFF82080013BC5
:10768000138023E071060020320100203401002025
:10769000F4080020BE070020689800089906002022
:1076A0003809002018090020F8080020EC08002004
:1076B00070060020FB050020FC050020340000209F
:1076C0004400002078060020C00700200BF10102D2
:1076D000514201F01F01CD4B02F01F0258BF4A4238
:1076E0000260CB4A1F881288ADF814204FF49676BA
:1076F00005A85021FBF70AFAB7FBF6F206FB127257
:1077000092B250210AF802102946FBF7FFF97A1CC1
:1077100092B298F80090B2FBF6F106FB112292B2F9
:1077200049460AF80250FBF7F1F9BA1C92B2B2FBD3
:10773000F6F106FB112292B206210AF8029009F135
:10774000010988F80090FBF7E1F9FA1C92B2B2FB4C
:10775000F6F106FB112292B206210AF8021007F197
:10776000040907F10A08AB4A1FFA89F91FFA88F8D9
:1077700012F8011B05A8CDE90112FBF7C7F9B9FB07
:10778000F6F006FB109009F1010980B21FFA89F9A1
:1077900001990AF80010C845029AE9D1B8FBF6F23F
:1077A00006FB12881FFA88F89DF814200AF80820B2
:1077B00007F10B0292B2B2FBF6F106FB112292B274
:1077C0009DF81510914B0AF8021007F10C021A806F
:1077D000914A22F81B70914A0C2102F80B10904A32
:1077E000102102F80B108F4A1388013313808E4A40
:1077F000032363701379A37053798C4AE370137970
:107800002371FF2D5379637100F09F80884A13889C
:10781000002B00F09A808748DFF81CA2D0F800B057
:10782000DFF81882013B13800BF10102514201F095
:107830001F01764B02F01F0258BF4A420260744A91
:107840001F881288ADF814204FF4967605A85021B1
:10785000FBF75CF9B7FBF6F206FB127292B250210D
:107860000AF802102946FBF751F97A1C92B298F8EF
:107870000090B2FBF6F106FB112292B249460AF8DB
:107880000250FBF743F9BA1C92B2B2FBF6F106FBC9
:10789000112292B206210AF8029009F1010988F832
:1078A0000090FBF733F9FA1C92B2B2FBF6F106FB3B
:1078B000112292B206210AF8021007F1040907F119
:1078C0000A08544A1FFA89F91FFA88F812F8011BAE
:1078D00005A8CDE90112FBF719F9B9FBF6F006FB93
:1078E000109009F1010980B21FFA89F901990AF88B
:1078F0000010C845029AE9D1B8FBF6F206FB1288DF
:107900001FFA88F89DF814200AF8082007F10B02E6
:1079100092B2B2FBF6F106FB112292B29DF815105D
:107920003A4B0AF8021007F10C021A803A4A22F880
:107930001B703A4A0C2102F80B10394A102102F848
:107940000B10384A138801331380374A04236370BD
:107950009379A370D379354AE37093792371FF2D1E
:10796000D379637100F0BA80314A1388002B00F09C
:10797000B5803048DFF8C0A0D0F800B0DFF8BC8098
:10798000013B13800BF10102514201F01F011F4B1B
:1079900002F01F0258BF4A4202601D4A1F88128827
:1079A000ADF814204FF4967605A85021FBF7AEF8F9
:1079B000B7FBF6F206FB127292B250210AF80210DF
:1079C0002946FBF7A3F87A1C92B298F80090B2FB14
:1079D000F6F106FB112292B249460AF80250FBF773
:1079E00095F8BA1C92B2B2FBF6F106FB112292B2E4
:1079F00006210AF8029009F1010988F80090FBF7C6
:107A000085F8FA1C92B2B2FBF6F119E0BE0700202D
:107A100068980008FC05002038090020180900209B
:107A2000F8080020EC08002034000020440000206A
:107A300034010020F4080020C0070020990600202F
:107A400006FB112292B206210AF8021007F104097E
:107A500007F10A08CA4A1FFA89F91FFA88F812F8CA
:107A6000011B05A8CDE90112FBF750F8B9FBF6F0B0
:107A700006FB109009F1010980B21FFA89F90199FA
:107A80000AF80010C845029AE9D1B8FBF6F206FBE5
:107A900012881FFA88F89DF814200AF8082007F1C8
:107AA0000B0292B2B2FBF6F106FB112292B29DF8E4
:107AB0001510B44B0AF8021007F10C021A80B24AF2
:107AC00022F81B70B14A0C2102F80B10B04A1021A9
:107AD00002F80B10AF4A138801331380AE4A052316
:107AE0006370137AA370537AAC4AE370137A2371EC
:107AF000FF2D537A637100F09F80A94A1388002BF1
:107B000000F09A80A748DFF8A4A2D0F800B0DFF810
:107B1000A082013B13800BF10102514201F01F01D1
:107B2000984B02F01F0258BF4A4202609E4A1F88CB
:107B30001288ADF814204FF4967605A85021FAF774
:107B4000E5FFB7FBF6F206FB127292B250210AF87B
:107B500002102946FAF7DAFF7A1C92B298F80090E0
:107B6000B2FBF6F106FB112292B249460AF8025026
:107B7000FAF7CCFFBA1C92B2B2FBF6F106FB112267
:107B800092B206210AF8029009F1010988F80090E2
:107B9000FAF7BCFFFA1C92B2B2FBF6F106FB112217
:107BA00092B206210AF8021007F1040907F10A0847
:107BB000734A1FFA89F91FFA88F812F8011B05A801
:107BC000CDE90112FAF7A2FFB9FBF6F006FB10901F
:107BD00009F1010980B21FFA89F901990AF8001028
:107BE000C845029AE9D1B8FBF6F206FB12881FFAE3
:107BF00088F89DF814200AF8082007F10B0292B2C9
:107C0000B2FBF6F106FB112292B29DF815105D4B06
:107C10000AF8021007F10C021A805B4A22F81B7066
:107C20005A4A0C2102F80B10594A102102F80B1085
:107C3000584A138801331380574A937AA370D37A32
:107C4000564AE370937A23714FF00608D37A84F88A
:107C50000180FF2D637100F0B980514A1388002B19
:107C600000F0B4804F48DFF844A1D0F800B0DFF84E
:107C70004091013B13800BF10102514201F01F01C1
:107C8000404B02F01F0258BF4A420260464A1F881A
:107C90001288ADF814204FF4967605A85021FAF713
:107CA00035FFB7FBF6F206FB127292B250210AF8CA
:107CB00002102946FAF72AFF7A1C92B2B2FBF6F1BB
:107CC00006FB112292B299F800100AF802500191B5
:107CD000FAF71CFFBA1C92B2B2FBF6FC06FB1C22A0
:107CE000019992B20AF80210013189F80010414658
:107CF000FAF70CFFFA1C92B2B2FBF6F106FB112266
:107D000092B207F104090AF8028007F10A081C4A36
:107D10001FFA89F91FFA88F812F8011B05A8CDE9A6
:107D20000112FAF7F3FEB9FBF6F006FB109009F129
:107D3000010980B21FFA89F901990AF80010C845B3
:107D4000029AE9D1B8FBF6F206FB12881FFA88F80E
:107D50009DF814200AF8082007F10B0292B2B2FB3A
:107D6000F6F106FB112292B29DF81510054B0AF8A8
:107D7000021007F10C021A80034A22F81B7019E066
:107D8000FC050020BE07002038090020180900204B
:107D9000F8080020EC0800203400002044000020F7
:107DA00034010020F408002068980008C007002073
:107DB00099060020B64A0C2102F80B10B54A102192
:107DC00002F80B10B44A138801331380B34ADFF86A
:107DD000F0B207236370137BA370537BE3709BF8AF
:107DE0000C302371FF2D9BF80D30637100F09F80E4
:107DF000AB4A1388002B00F09A80AA48DFF8C4A28F
:107E0000DFF8B482013B1380036801935A1C51428E
:107E100001F01F01A44B02F01F0258BF4A4202604A
:107E2000A24A1F881288ADF814204FF4967605A850
:107E30005021FAF76BFEB7FBF6F206FB127292B214
:107E400050210AF802102946FAF760FE7A1C92B215
:107E500098F80090B2FBF6F106FB112292B2494667
:107E60000AF80250FAF752FEBA1C92B2B2FBF6F1CF
:107E700006FB112292B206210AF8029009F10109CB
:107E800088F80090FAF742FEFA1C92B2B2FBF6F1C3
:107E900006FB112292B206210AF8021007F104092A
:107EA00007F10A08824A019B1FFA89F91FFA88F82C
:107EB00012F8011B039305A8CDE90112FAF726FE7B
:107EC000B9FBF6F006FB109009F1010980B21FFA28
:107ED00089F901990AF80010C845DDE90223E7D1C4
:107EE000B8FBF6F206FB12881FFA88F89DF81420FA
:107EF0000AF8082007F10B0292B2B2FBF6F106FB7A
:107F0000112292B29DF815100AF80210664907F185
:107F10000C020A80674A22F813705D4A0C21D15482
:107F20005C4A1021D1545C4A1388013313805B4AA8
:107F300008236370937BA370D37BE3709BF80E30B0
:107F40002371FF2D9BF80F30637100F09A80544A23
:107F50001388002B00F095805249534FD1F80090C0
:107F60003E88DFF86081DFF848B1013B138009F1FA
:107F700001035A4202F01F0203F01F0358BF53428D
:107F80000B604A4B4FF4967405A81B88ADF814306B
:107F90005021FAF7BBFDB6FBF4F304FB13639BB26D
:107FA0005022294608F80320FAF7B0FD731C9BB253
:107FB000B3FBF4F204FB12339BB208F803503E4DBE
:107FC00095F800A05146FAF7A1FDB31C9BB2B3FB94
:107FD000F4F204FB12339BB2062108F803A00AF165
:107FE000010A85F800A0FAF791FDF31C9BB2B3FBE0
:107FF000F4F204FB12339BB2062206F1040A06F1E6
:108000000A0508F803201FFA8AFAADB21BF8011B13
:10801000019105A8FAF77AFDBAFBF4F304FB13A368
:108020000AF1010A9BB21FFA8AFA019908F80310B3
:108030005545EBD1B5FBF4F304FB1355ADB29DF8F8
:10804000143008F8053006F10B039BB2B3FBF4F2D1
:1080500004FB12339BB29DF8152008F8032006F1AB
:108060000C033B80134B23F81960094B0C2203F8D7
:108070000920084B102203F80920074A138801330E
:1080800013800E4A0123137007B0BDE8F08F00BFC4
:1080900018090020F8080020EC0800203400002017
:1080A00034010020F4080020BE0700206898000872
:1080B000FC0500203809002099060020FB0500205F
:1080C00044000020C00700207B4A7C4B2DE9F34789
:1080D000117819B164211970002111701C78002CDD
:1080E00000F0E780621E012C1A7040F0E28072B648
:1080F00000F0A2FB202000F0B5FB102000F0B2FB46
:10810000042000F0AFFB6E4800F0D0FB202000F010
:10811000A9FB102000F0A6FB042000F0A3FB00F058
:1081200099FB62B672B600F087FB202000F09AFB44
:10813000102000F097FB042000F094FB21466048DB
:1081400000F0D0FB202000F08DFB102000F08AFB17
:10815000042000F087FB00F07DFB62B6594B5A4EBD
:108160001B88ADF80430214601A8FAF7CFFCDFF8F0
:108170006881042404F1006505F53C45374604EBAD
:10818000080A17F8019B01A84946FAF7BFFC72B626
:1081900000F052FB202000F065FB102000F062FB95
:1081A000042000F05FFB4946284600F09BFB20209E
:1081B00000F058FB102000F055FB042000F052FBAB
:1081C00000F048FB62B604355545DAD10834442C3A
:1081D00006F10206CED13D4E04F1006505F53C45A1
:1081E000374617F8019B01A84946FAF78FFC72B68B
:1081F00000F022FB202000F035FB102000F032FBC5
:10820000042000F02FFB4946284600F06BFB20209D
:1082100000F028FB102000F025FB042000F022FBDA
:1082200000F018FB62B6043504EB08039D42D8D178
:108230000834842C06F10206CED19DF8044072B6B3
:1082400000F0FAFA202000F00DFB102000F00AFBED
:10825000042000F007FB21461D4800F043FB2020CE
:1082600000F000FB102000F0FDFA042000F0FAFA04
:1082700000F0F0FA62B69DF8054072B600F0DCFA44
:10828000202000F0EFFA102000F0ECFA042000F0BB
:10829000E9FA21460F4800F025FB202000F0E2FA21
:1082A000102000F0DFFA042000F0DCFA00F0D2FA2F
:1082B00062B602B0BDE8F087FA050020F90500209B
:1082C00000BC00086898000834000020440000202A
:1082D00084BC000888BC000808BC00082DE9F04FE9
:1082E0006F4B1B7885B0002B40F0D7806D4A6E4DE8
:1082F0001360F42102F8011C536019461A460C243D
:10830000012604FB01F0285C20B106FA01F31A43B0
:10831000D2B2034601310829F3D10BB1634B5A7035
:10832000634B1A7812B1614A012191701B7E23B10F
:108330005E4A937843F0020393705E495E489FED76
:108340005F7A0022D1ED017A67EE877A0132FCEE86
:10835000E77A062A17EE903A01F11C0100F8013F76
:10836000F0D1574B1C78FF2C00F09780554A1388AA
:10837000002B00F092805449544FD1F800903E8871
:10838000DFF86481DFF824B1013B138009F10103B8
:108390005A4202F01F0203F01F0358BF53420B6002
:1083A0004B4B4FF4967503A81B88ADF80C30502149
:1083B000FAF7ACFBB6FBF5F305FB13639BB2502257
:1083C000214608F80320FAF7A1FB731C9BB2B3FB0C
:1083D000F5F205FB12339BB208F803403D4C94F8CC
:1083E00000A05146FAF792FBB31C9BB2B3FBF5F227
:1083F00005FB12339BB2092108F803A00AF1010A18
:1084000084F800A0FAF782FBF31C9BB2B3FBF5F2F1
:1084100005FB12339BB20922341D06F10D0A08F840
:108420000320A4B21FFA8AFA1BF8011B019103A8CA
:10843000FAF76CFBB4FBF5F305FB134301349BB275
:10844000A4B2019908F803105445EDD1B4FBF5F33B
:1084500005FB1344A4B29DF80C3008F8043006F173
:108460000E039BB2B3FBF5F205FB12339BB29DF8F2
:108470000D2008F8032006F10F033B80164B23F86C
:108480001960164B0F2203F80920154B102203F830
:108490000920144A13880133138005B0BDE8F08F1A
:1084A00038010020F105002010060020F005002012
:1084B000FC00002054000020F205002000007F4353
:1084C0003201002034010020F4080020BE07002003
:1084D0006898000899060020380900201809002033
:1084E000F8080020EC080020C0070020022170B529
:1084F000084600F06BF908B3114D0121022000F08D
:1085000099F92C88052C19D80E4A0F4B115D0F4A8A
:108510000F4E02EBC10052F831201A6042680D483C
:108520005A600021F36000F0B2FC3146022000F0F6
:10853000FFF80134022000F0E7F82C8070BD00BF86
:10854000E2050020DC050020E4050020749A000804
:10855000140000200044014008B5FAF725FAFAF7A4
:108560003DFAFAF769FAFAF771FAFAF78BFAFAF7BD
:10857000A5FAFAF7AFFAFAF7C3FAFAF7D7FAFAF761
:1085800001FBFAF71FFBFAF737FCFBF7A9FFFBF734
:10859000BEFFFCF7FBF9FCF70EFAFCF721FAFCF73B
:1085A00034FAFCF747FAFCF75BFAFCF76FFAFCF7D2
:1085B00083FAFCF723FCFCF74FFCFCF76BFCFCF7A1
:1085C00093FCFCF7AFFCFCF7D7FCFCF703FDFCF7D2
:1085D0001DFDFCF745FDFCF75FFDFCF787FDFCF793
:1085E000A1FDFCF7C9FDFCF7E3FDFDF711F9FDF76F
:1085F0002BF9FDF747F9FDF78BF9FDF759FAFDF770
:108600006DFAFDF797FAFDF7AFFABDE80840FEF7FF
:1086100033B900002DE9F74F0025CDE90055AA46F2
:108620002E46A946A8462F462E4B1C68009BE31AEF
:10863000B3F5FA6F02D3FBF7A1FE0094019BA4EB04
:10864000030BBBF1090F02D9FCF74EFA0194BC42AF
:1086500001D0FCF7E1FEA4EB0803272B02D9FDF7BC
:1086600057F9A046A4EB090343F69722934202D997
:10867000FDF77CFFA146A31B45F20722934204D9D4
:10868000FDF7A4FFA4F5BB56103EA4EB0A03632B31
:1086900002D9FEF713F8A246BBF1090F01D9FEF784
:1086A00057F9BC4203D0FEF7A3FCFFF70DFD621B98
:1086B00041F287339A4202D9FFF710FE2546FAF7B6
:1086C000CFFB2746FBF720FDFBF72CFEFBF736FF21
:1086D000FBF7A0FFFCF7B2FAFCF794FDFDF784FC72
:1086E000A2E700BFE80D002008B5FFF735FFFFF750
:1086F00091FF00001423034A5843835823F02003BA
:1087000083507047080002401423034A584383589B
:1087100043F0010383507047080002401423034ACA
:108720005843835823F001038350704708000240E8
:1087300038B50446FFF7F2FF142303FB04F0184B8F
:108740000A68C2500433CA68C250083B0A8BC25040
:10875000043B0D694A68C4582A43CD6924F47C540B
:108760002A432243C2500A7A012AC2580CBF42F05F
:10877000400222F04002C2500A7D012AC2580CBFBA
:1087800042F0800222F08002C2504A7D22B9C258D3
:1087900022F01002C25038BDC25842F01002F9E770
:1087A00010000240034B80005A6881401143596019
:1087B000704700BF000002401423034A5843835807
:1087C0000B438350704700BF08000240042913D0B8
:1087D00008291DD0022927D1144B82001B68914023
:1087E00019401423124A4343985800F00200D9B1AB
:1087F000003818BF012070470C4B82001B68914065
:10880000194014230A4A4343985800F00400EEE745
:10881000064B82001B689140194014235843044BB7
:10882000C05800F00800E2E7002070470000024056
:1088300008000240FFF7B6BF044B1A69120641BF99
:10884000034A5A6002F188325A60704700200240A1
:1088500023016745024A136943F08003136170479F
:1088600000200240014BD860704700BF002002404A
:10887000074BDA68D10707D4DA68D20606D4D8687D
:10888000C0F380004000704701207047032070470C
:108890000020024010B50446FFF7EAFF012804F16A
:1088A000FF3402D1002CF7D1042010BD38B50546A5
:1088B0004FF47020FFF7EEFF88B9094C236943F0AD
:1088C000020323616561236943F0400323614FF490
:1088D0007020FFF7DFFF236923F00203236138BD17
:1088E0000020024070B505464FF470200E46FFF799
:1088F000D1FF68B9074C236943F0010323614FF4AA
:1089000070202E60FFF7C6FF236923F00103236167
:1089100070BD00BF002002402DE9F0430568C46827
:1089200000264FF0010E4FF003080EFA06F71F4223
:108930000DD0770008FA07FC01FA07F925EA0C05C3
:1089400024EA0C0402FA07F749EA05053C4301361C
:10895000102EEAD10560C460BDE8F08301294168AA
:10896000F0B50CBF194399434FF6FF744160A24222
:10897000816815D1C46B002201274FF0030C07FA60
:1089800002F61E421CBF55000CFA05F502F1010269
:108990001CBF29433443102AF1D18160C463F0BD68
:1089A000002401274FF0030C07FA04F51D4207D0FD
:1089B00065000CFA05F621EA060102FA05F52943DD
:1089C0000134102CF0D18160E9E781617047816248
:1089D000704703690B4214BF0120002070474369B0
:1089E0000B4214BF012000207047F0B5066A456AAB
:1089F00000234FF0010C4FF00F0E0CFA03F4144259
:108A000007D09C000EFA04F726EA070601FA04F4E0
:108A100026430133082BF0D100234FF0010C4FF017
:108A20000F0E03F108040CFA04F4144207D09C0062
:108A30000EFA04F725EA070501FA04F42543013389
:108A4000082BEED106624562F0BD000010B51D4C4A
:108A5000E36803F4E063B3F5A06F08D020D8B3F562
:108A6000407F26D0B3F5806F26D0174BE3600223FA
:108A70001C46C4F10404A140C3F104040F23E340E5
:108A80001340124A0B431B011118DBB281F800336B
:108A90004109012300F01F00834042F8213010BD3E
:108AA000B3F5C06F0BD0B3F5E06FDED10423002423
:108AB000DFE700230424DCE701230324D9E70323B1
:108AC0000124D6E700ED00E00005FA0500E100E032
:108AD00021F06041034B21F07F0101439960BFF316
:108AE0004F8F704700ED00E0830903F1804303F5E9
:108AF000043300F01F001968012282400A431A6003
:108B00007047830903F1804303F5043300F01F002D
:108B10001A680121814022EA01021A607047FFF7BA
:108B2000E3BFFFF7EEBF0000F0B55D4B89B005462F
:108B300004AC03F110061F4618685968224603C2A8
:108B40000833B3421446F7D1716838696B4603C3E2
:108B500003C354494B68C3F38103022B44D14A68D1
:108B60004868CB6A0601C2F383424FEAD37334D418
:108B7000002B30D102324B68C86ADC0332D5CB6A95
:108B8000400003F00F0354BF474848480133B0FB8F
:108B9000F3F35A434B68C3F3031320336B4413F8C6
:108BA000104C4B68C3F3022320336B4422FA04F4C5
:108BB00013F8206C4B68C3F3C22320336B4413F8C3
:108BC000183C24FA03F0062D10D8DFE805F06412F3
:108BD000141017464F002132CDE70BB91132CAE706
:108BE0003132C8E7324BD4E72F4AD3E7002009B02F
:108BF000F0BD2046FBE724FA06F0F8E70B6BDA0538
:108C000007D40B6B2B4813F4803F2B4B08BF18463F
:108C1000EDE74A680B6BC2F38132022A4FEAD37345
:108C20000FD0032A14D0012A06D00BB94008DEE782
:108C30000320B4FBF0F0DAE70BB98008D7E7052092
:108C4000F7E71BB90623B0FBF3F0D0E70720F0E706
:108C50000BB9C008CBE70920EBE70B6B13F0400F13
:108C600048F2120018BF4FF40040C0E70B6B9B079F
:108C7000BDD00B6B03F00303012B0CD00B6B03F087
:108C80000303022B09D00B6B074803F00303032BEC
:108C900018BF0020ABE71046A9E74FF40040A6E755
:108CA0007C9800080010024000127A00006CDC0280
:108CB00000093D00003FAB01809FD50008B5274B60
:108CC00098421ED00BD8A3F5943398422AD003F5CE
:108CD000E05398422DD0B0F1804F1CD008BD204BFE
:108CE00098422DD003F58063984230D0A3F50063FD
:108CF0009842F3D14FF44470FFF711FF4FF44470E2
:108D000005E040F20B30FFF70AFF40F20B30BDE800
:108D10000840FFF706BF4FF48060FFF700FF4FF4F5
:108D20008060F4E740F20140FFF7F9FE40F20140B5
:108D3000EDE74FF48160FFF7F2FE4FF48160E6E764
:108D400040F21130FFF7EBFE40F21130DFE740F266
:108D50001230FFF7E4FE40F21230D8E7002C014059
:108D6000004401400B8810B58362424B98421BD0EF
:108D700020F48063B3F1804F16D08B68C3623E4B02
:108D800098423CD003F5903398424FD03B4A9042F2
:108D900055D002F5806290425ED0A3F5A053984270
:108DA00028D10B7B036325E0036823F07003036085
:108DB00002684B881343036002688B881343036087
:108DC0008B68C3622B4B984222D0B0F1804F16D0F3
:108DD000A3F594339842D2D14FF08043D3F80024C6
:108DE00022F44072C3F80024D3F80044CA88224316
:108DF000C3F80024436943F00103436110BD0368D5
:108E000023F4407303600268CB8813430360F1E7E7
:108E10001B4BD3F8002C22F44072C3F8002CD3F87B
:108E2000004CCA882243C3F8002CBAE7036823F435
:108E3000407303600268CB8813430360B1E7D3F843
:108E4000002422F44072C3F80024D3F80044CA88F6
:108E50002243C3F80024A4E7D3F8002822F4407288
:108E6000C3F80028D3F80048CA882243C3F8002872
:108E700097E700BF002C0140002000400044014063
:108E800000200140036843F0010303607047416222
:108E90007047C3680B43C3607047C36823EA01038C
:108EA000C3607047C3680069084003D00B4214BF19
:108EB000012000207047C94301617047C36819430E
:108EC000C1607047436C01290CBF43F4004323F495
:108ED0000043436470470000032900F20381DFE888
:108EE00011F0040047009A00DF00036A23F0010339
:108EF0000362836923F003038361036A11680B43F0
:108F00000362036A23F002030362016AD3880B43FE
:108F10000362754B98420AD020F4806103F5A05398
:108F2000994204D003F50063984240F0DB80036A65
:108F300023F004030362016A93880B430362036A0C
:108F400023F008030362016A13890B430362436839
:108F500023F480734360416853890B434360436843
:108F600023F400734360416893890B434360704767
:108F7000036A23F010030362836923F4407383615F
:108F8000036A116843EA01130362036AD18823F07C
:108F900020030362036A43EA01130362524B9842BF
:108FA0002DD1036A918823F040030362036A43EAE8
:108FB00001130362036A118923F080030362036AC9
:108FC00043EA01130362494B5089D3F8041C928988
:108FD00021F48061C3F8041CD3F8041C41EA800129
:108FE000C3F8041CD3F8041C21F40061C3F8041C6A
:108FF000D3F8041C41EA8202C3F8042C70473C4BAE
:1090000098426FD14368528923F480634360436878
:1090100043EA8203AAE7036A23F480730362C36905
:1090200023F00303C361036A116843EA0123036267
:10903000036AD18823F400730362036A43EA0123BD
:109040000362294B98424DD1036A918823F48063CF
:109050000362036A43EA01230362036A118923F46A
:1090600000630362036A43EA012303621F4B5089D2
:10907000D3F8041C928921F48051C3F8041CD3F85E
:10908000041C41EA0011C3F8041CD3F8041C21F4A9
:109090000051C3F8041CD3F8041C41EA0212ABE7E8
:1090A000036A23F480530362C36923F44073C361EA
:1090B000036A116843EA01330362036AD18823F427
:1090C00000530362036A43EA01330362064B98428A
:1090D00008D15968528921F480415960596841EAA0
:1090E00082125A60704700BF002C014000200140EE
:1090F0000040014003291AD8DFE801F0020A121AE1
:10910000836923F07003836183691343836170472C
:10911000836923F4E0438361836943EA0223F5E72B
:10912000C36923F07003C361C3691343C36170470C
:10913000C36923F4E043C361C36943EA0223F5E74B
:1091400003290AD8DFE801F00204060842637047E9
:1091500082637047C26370470264704703291AD85C
:10916000DFE801F0020A121A836923F00803836121
:109170008369134383617047836923F400638361C8
:10918000836943EA0223F5E7C36923F00803C36157
:10919000C3691343C3617047C36923F40063C361A8
:1091A000C36943EA0223F5E708B50C4B98420DD09A
:1091B00003F57443984210D140F20E30FFF7AFFC34
:1091C00040F20E30BDE80840FFF7ABBC40F2114062
:1091D000FFF7A5FC40F21140F4E708BD0044004051
:1091E00038B5134B984204460D4618D003F5744326
:1091F000984216D10620FFF797FC226812044FEA26
:10920000550310D503EB4003B3FBF5F1C1F3420363
:1092100021F00F010904090C0B43E36038BD022063
:10922000E9E70020E9E70344B3FBF5F39BB2F4E779
:1092300000440040036823F001030360036823F443
:10924000C063036003680B4303607047036823F047
:1092500001030360036823F48053036003680B4336
:1092600003607047036823F001030360436823F43D
:109270004053436043680B4343607047036843F0C7
:10928000010303607047036823F008030360036869
:109290000B4303607047036823F004030360036813
:1092A0000B4303607047C1F3080181627047406A55
:1092B000C0F308007047026A01F01F0101238B40D0
:1092C0001343036270478A0910B501F01F01145857
:1092D00001238B402343135010BD10B58C0901228C
:1092E000235801F01F018A4023EA0203235010BDD6
:1092F000C1F3891310B51C588B0D1A58C1F30440E3
:10930000012303FA00F0104006D001F01F018B404A
:10931000234214BF0120002010BD0000084B9942D9
:1093200006D1D0F8D03023F40043C0F8D0307047D5
:10933000026AC1F3044101238B4013430362704767
:1093400009340F34DFF830D0002103E00B4B5B58B9
:10935000435004310A480B4B42189A42F6D30A4A4A
:1093600002E0002342F8043B084B9A42F9D300F094
:1093700011F8FFF7B9F970474003002084A40008F2
:10938000000000204001002040030020EC0D0020E0
:10939000FEE700007E4BDA6902F00602062A82B080
:1093A00047D0DA69900444D57A4A7B4959605A60BB
:1093B00099609A601A6942F020021A611A6942F0B3
:1093C00040021A61DA68D107FCD41A6922F020023F
:1093D0001A611A6942F010021A61DA6912F0060F76
:1093E0006E4A40F0C780A5231380694B6B4AD96948
:1093F000090A01F0DF015180D969C1F30741918069
:10940000D969090ED180196AC9B21181196AC1F3EB
:1094100007215181DA68D207FCD41A6922F01002C0
:109420001A611A6922F400721A611A6942F0800204
:109430001A615B4AD2F8883043F47003C2F888306E
:10944000584B1A6842F001021A601A689007FCD55E
:109450005A6842F080025A6000220192019A4F2A13
:1094600040F290805A6842F090025A6000220192C5
:10947000019A4F2A40F289805A6822F003025A600A
:109480001A6822F0867222F480321A605968464ABD
:109490000A405A605A6822F0084222F474125A6054
:1094A000DA6A22F0404222F00F02DA621A6B22F4EA
:1094B000817222F001021A631A6B22F480321A635D
:1094C0001A6B22F000421A635A6B22F001025A63AF
:1094D000D3F8C02022F48032C3F8C02000229A6062
:1094E000C3F8CC201A6842F480321A604FF400624C
:1094F0001968890301D4013AFAD11A68900333D567
:109500005A685A605A6842F400525A605A6842F4E3
:1095100080625A605A6822F0036222F470225A6014
:10952000DA6A22F0404222F00F02DA625A6842F010
:10953000016242F480325A60DA6A42F00102DA6271
:10954000DA6ADA621A6842F080721A601A68910167
:10955000FCD55A6822F003025A605A6842F00202AF
:109560005A605A681207FCD500214FF0006002B023
:10957000FFF7AEBADB6903F00603022B7FF435AFC9
:10958000BB2331E7019A013267E7019A01326EE7A6
:1095900000200240AB89EFCD2301674500F8FF1F93
:1095A00000ED00E0001002400C00FF082DE9F0473C
:1095B000089D0C46002B4ED194468C458646B2FA47
:1095C00082F262D94AB1C2F12003914020FA03F33A
:1095D0000CFA02FC194300FA02FE4FEA1C471FFA7C
:1095E0008CF6B1FBF7F44FEA1E4307FB141143EA74
:1095F000014304FB06F199420AD91CEB030304F171
:10960000FF3080F01381994240F21081023C6344A4
:10961000591A1FFA8EF3B1FBF7F007FB101143EA5A
:10962000014300FB06F69E420AD91CEB030300F13E
:10963000FF3180F0FD809E4240F2FA8063440238A0
:109640009B1B40EA044000211DB1D3400022C5E924
:109650000032BDE8F0878B4205D90DB1C5E90001A4
:1096600000210846F5E7B3FA83F1002946D1A34269
:1096700002D39042C0F0F180861A64EB030301200C
:10968000002DE6D0C5E90063E3E7002A40F09180B1
:10969000A1EB0C044FEA1C481FFA8CF70121B4FB24
:1096A000F8F64FEA1E4308FB164443EA044307FB5F
:1096B00006F0984208D91CEB030306F1FF3402D2EE
:1096C000984200F2CE8026461C1A1FFA8EF3B4FB95
:1096D000F8F008FB104443EA044300FB07F79F42FD
:1096E00008D91CEB030300F1FF3402D29F4200F2C1
:1096F000B1802046DB1B40EA0640A5E7C1F1200609
:109700008B4022FA06F71F4320FA06FC04FA01F305
:1097100043EA0C03F44000FA01F8380C4FEA13490D
:10972000B4FBF0FE1FFA87FC00FB1E4449EA044428
:109730000EFB0CF9A14502FA01F20AD93C190EF10F
:10974000FF3A80F08580A14540F28280AEF1020EA2
:109750003C44A4EB09041FFA83F9B4FBF0F300FBCB
:10976000134449EA044403FB0CFCA44507D93C1903
:1097700003F1FF3068D2A44566D9023B3C4443EA7A
:109780000E40A0FB0293A4EB0C049C42CE469C46E8
:1097900052D34FD055B1B8EB0E0364EB0C0404FA6E
:1097A00006F6CB40CC401E43C5E900640021BDE86D
:1097B000F087C2F1200320FA03F10CFA02FC24FA2C
:1097C00003F394400C434FEA1C4800FA02FE1FFAD0
:1097D0008CF7B3FBF8F008FB1031230C43EA01438C
:1097E00000FB07F1994208D91CEB030300F1FF3697
:1097F0002CD299422AD9023863445B1AA4B2B3FB33
:10980000F8F108FB113344EA034401FB07F3A342D8
:1098100008D91CEB040401F1FF3613D2A34211D97D
:1098200002396444E41A41EA004138E70446EFE6AD
:10983000084605E7C845ADD2B9EB020E63EB070C4D
:109840000138A7E73146EDE7034698E73046D4E70D
:10985000D6467EE7634402384CE706462346084670
:109860000EE7023E63442FE7FFFF00000100000007
:1098700000000000000000010000000000000000E7
:1098800000000000010203040607080900000000B0
:1098900001020304000000000B71D63C3B5E563D04
:1098A0002AAFA03D0513D63DA9A8053E5C30203E59
:1098B000F39B3A3ECEE6543E4E0C6F3EEE83843E22
:1098C000766A913E7A379E3EBCE8AA3E017CB73E5E
:1098D00016EFC33EC93FD03EF46BDC3E7271E83EEA
:1098E000284EF43E0000003F78C2053F776D0B3FE5
:1098F0000000113F1879163FCAD71B3F241B213F98
:109900003B42263F254C2B3F0138303FF304353F87
:1099100022B2393FBE3E3E3FF8A9423F0AF3463FDE
:1099200035194B3FBD1B4F3FEFF9523F1EB3563F1A
:10993000A1465A3FD8B35D3F29FA603F0219643F00
:10994000D50F673F1EDE693F5E836C3F20FF6E3F91
:10995000F450713F7178733F3675753FEA46773F33
:109960003CED783FE2677A3F98B67B3F25D97C3F54
:1099700055CF7D3FFD987E3FF9357F3F2FA67F3F36
:109980008BE97F3F0000803F8BE97F3F2FA67F3F21
:10999000F9357F3FFD987E3F55CF7D3F24D97C3FF1
:1099A00098B67B3FE1677A3F3CED783FEA46773FE8
:1099B0003575753F7078733FF450713F21FF6E3FEE
:1099C0005E836C3F1DDE693FD40F673F0019643F23
:1099D00029FA603FD7B35D3F9F465A3F1DB3563FBC
:1099E000EEF9523FBB1B4F3F34194B3F08F3463F44
:1099F000F5A9423FBD3E3E3F23B2393FF304353F18
:109A00000038303F254C2B3F3A42263F221B213F56
:109A1000C7D71B3F1779163FFEFF103F736D0B3FF3
:109A200079C2053F0100003F264EF43E6D71E83ECD
:109A3000F46BDC3EC73FD03E10EFC33E007CB73E28
:109A4000B8E8AA3E73379E3E746A913EEA83843E2C
:109A50004E0C6F3EC8E6543EF89B3A3E5A30203ECC
:109A6000A1A8053E0913D63D22AFA03D135E563D89
:109A70008C70D63C191919191919191919191919AC
:109A80001919194B1919191919194B1919191919E2
:109A900019194B4B19191919194B191919191919A0
:109AA000194B194B19191919194B4B19191919195E
:109AB000194B4B4B191919194B191919191919194E
:109AC0004B19194B191919194B194B19191919193E
:109AD0004B194B4B191919194B4B191919191919FC
:109AE0004B4B194B191919194B4B4B1919191919BA
:109AF0004B4B4B4B1919194B191919191919194BAA
:109B00001919194B1919194B19194B191919194BFD
:109B100019194B4B1919194B194B19191919194BBB
:109B2000194B194B1919194B194B4B191919194B79
:109B3000194B4B4B1919194B4B1919191919194B69
:109B40004B19194B1919194B4B194B191919194B59
:109B50004B194B4B1919194B4B4B19191919194B17
:109B60004B4B194B1919194B4B4B4B191919194BD5
:109B70004B4B4B4B19194B191919191919194B1929
:109B80001919194B19194B1919194B1919194B197D
:109B900019194B4B19194B19194B191919194B193B
:109BA000194B194B19194B19194B4B1919194B19F9
:109BB000194B4B4B19194B194B19191919194B19E9
:109BC0004B19194B19194B194B194B1919194B19D9
:109BD0004B194B4B19194B194B4B191919194B1997
:109BE0004B4B194B19194B194B4B4B1919194B1955
:109BF0004B4B4B4B19194B4B1919191919194B4B45
:109C00001919194B19194B4B19194B1919194B4B98
:109C100019194B4B19194B4B194B191919194B4B56
:109C2000194B194B19194B4B194B4B1919194B4B14
:109C3000194B4B4B19194B4B4B19191919194B4B04
:109C40004B19194B19194B4B4B194B1919194B4BF4
:109C50004B194B4B19194B4B4B4B191919194B4BB2
:109C60004B4B194B19194B4B4B4B4B1919194B4B70
:109C70004B4B4B4B194B191919191919194B191928
:109C80001919194B194B191919194B19194B19197C
:109C900019194B4B194B1919194B1919194B19193A
:109CA000194B194B194B1919194B4B19194B1919F8
:109CB000194B4B4B194B19194B191919194B1919E8
:109CC0004B19194B194B19194B194B19194B1919D8
:109CD0004B194B4B194B19194B4B1919194B191996
:109CE0004B4B194B194B19194B4B4B19194B191954
:109CF0004B4B4B4B194B194B19191919194B194B44
:109D00001919194B194B194B19194B19194B194B97
:109D100019194B4B194B194B194B1919194B194B55
:109D2000194B194B194B194B194B4B19194B194B13
:109D3000194B4B4B194B194B4B191919194B194B03
:109D40004B19194B194B194B4B194B19194B194BF3
:109D50004B194B4B194B194B4B4B1919194B194BB1
:109D60004B4B194B194B194B4B4B4B19194B194B6F
:109D70004B4B4B4B194B4B1919191919194B4B19C3
:109D80001919194B194B4B1919194B19194B4B1917
:109D900019194B4B194B4B19194B1919194B4B19D5
:109DA000194B194B194B4B19194B4B19194B4B1993
:109DB000194B4B4B194B4B194B191919194B4B1983
:109DC0004B19194B194B4B194B194B19194B4B1973
:109DD0004B194B4B194B4B194B4B1919194B4B1931
:109DE0004B4B194B194B4B194B4B4B19194B4B19EF
:109DF0004B4B4B4B194B4B4B19191919194B4B4BDF
:109E00001919194B194B4B4B19194B19194B4B4B32
:109E100019194B4B194B4B4B194B1919194B4B4BF0
:109E2000194B194B194B4B4B194B4B19194B4B4BAE
:109E3000194B4B4B194B4B4B4B191919194B4B4B9E
:109E40004B19194B194B4B4B4B194B19194B4B4B8E
:109E50004B194B4B194B4B4B4B4B1919194B4B4B4C
:109E60004B4B194B194B4B4B4B4B4B19194B4B4B0A
:109E70004B4B4B4B4B191919191919194B19191926
:109E80001919194B4B19191919194B194B1919197A
:109E900019194B4B4B191919194B19194B19191938
:109EA000194B194B4B191919194B4B194B191919F6
:109EB000194B4B4B4B1919194B1919194B191919E6
:109EC0004B19194B4B1919194B194B194B191919D6
:109ED0004B194B4B4B1919194B4B19194B19191994
:109EE0004B4B194B4B1919194B4B4B194B19191952
:109EF0004B4B4B4B4B19194B191919194B19194B42
:109F00001919194B4B19194B19194B194B19194B95
:109F100019194B4B4B19194B194B19194B19194B53
:109F2000194B194B4B19194B194B4B194B19194B11
:109F3000194B4B4B4B19194B4B1919194B19194B01
:109F40004B19194B4B19194B4B194B194B19194BF1
:109F50004B194B4B4B19194B4B4B19194B19194BAF
:109F60004B4B194B4B19194B4B4B4B194B19194B6D
:109F70004B4B4B4B4B194B19191919194B194B19C1
:109F80001919194B4B194B1919194B194B194B1915
:109F900019194B4B4B194B19194B19194B194B19D3
:109FA000194B194B4B194B19194B4B194B194B1991
:109FB000194B4B4B4B194B194B1919194B194B1981
:109FC0004B19194B4B194B194B194B194B194B1971
:109FD0004B194B4B4B194B194B4B19194B194B192F
:109FE0004B4B194B4B194B194B4B4B194B194B19ED
:109FF0004B4B4B4B4B194B4B191919194B194B4BDD
:10A000001919194B4B194B4B19194B194B194B4B30
:10A0100019194B4B4B194B4B194B19194B194B4BEE
:10A02000194B194B4B194B4B194B4B194B194B4BAC
:10A03000194B4B4B4B194B4B4B1919194B194B4B9C
:10A040004B19194B4B194B4B4B194B194B194B4B8C
:10A050004B194B4B4B194B4B4B4B19194B194B4B4A
:10A060004B4B194B4B194B4B4B4B4B194B194B4B08
:10A070004B4B4B4B4B4B1919191919194B4B1919C0
:10A080001919194B4B4B191919194B194B4B191914
:10A0900019194B4B4B4B1919194B19194B4B1919D2
:10A0A000194B194B4B4B1919194B4B194B4B191990
:10A0B000194B4B4B4B4B19194B1919194B4B191980
:10A0C0004B19194B4B4B19194B194B194B4B191970
:10A0D0004B194B4B4B4B19194B4B19194B4B19192E
:10A0E0004B4B194B4B4B19194B4B4B194B4B1919EC
:10A0F0004B4B4B4B4B4B194B191919194B4B194BDC
:10A100001919194B4B4B194B19194B194B4B194B2F
:10A1100019194B4B4B4B194B194B19194B4B194BED
:10A12000194B194B4B4B194B194B4B194B4B194BAB
:10A13000194B4B4B4B4B194B4B1919194B4B194B9B
:10A140004B19194B4B4B194B4B194B194B4B194B8B
:10A150004B194B4B4B4B194B4B4B19194B4B194B49
:10A160004B4B194B4B4B194B4B4B4B194B4B194B07
:10A170004B4B4B4B4B4B4B19191919194B4B4B195B
:10A180001919194B4B4B4B1919194B194B4B4B19AF
:10A1900019194B4B4B4B4B19194B19194B4B4B196D
:10A1A000194B194B4B4B4B19194B4B194B4B4B192B
:10A1B000194B4B4B4B4B4B194B1919194B4B4B191B
:10A1C0004B19194B4B4B4B194B194B194B4B4B190B
:10A1D0004B194B4B4B4B4B194B4B19194B4B4B19C9
:10A1E0004B4B194B4B4B4B194B4B4B194B4B4B1987
:10A1F0004B4B4B4B4B4B4B4B191919194B4B4B4B77
:10A200001919194B4B4B4B4B19194B194B4B4B4BCA
:10A2100019194B4B4B4B4B4B194B19194B4B4B4B88
:10A22000194B194B4B4B4B4B194B4B194B4B4B4B46
:10A23000194B4B4B4B4B4B4B4B1919194B4B4B4B36
:10A240004B19194B4B4B4B4B4B194B194B4B4B4B26
:10A250004B194B4B4B4B4B4B4B4B19194B4B4B4BE4
:10A260004B4B194B4B4B4B4B4B4B4B194B4B4B4BA2
:10A270004B4B4B4B00C0C101C30302C2C60607C70C
:10A2800005C5C404CC0C0DCD0FCFCE0E0ACACB0B26
:10A29000C90908C8D81819D91BDBDA1A1EDEDF1F56
:10A2A000DD1D1CDC14D4D515D71716D6D21213D346
:10A2B00011D1D010F03031F133F3F23236F6F737F6
:10A2C000F53534F43CFCFD3DFF3F3EFEFA3A3BFBE6
:10A2D00039F9F83828E8E929EB2B2AEAEE2E2FEF96
:10A2E0002DEDEC2CE42425E527E7E62622E2E32306
:10A2F000E12120E0A06061A163A3A26266A6A76736
:10A30000A56564A46CACAD6DAF6F6EAEAA6A6BABA5
:10A3100069A9A86878B8B979BB7B7ABABE7E7FBFD5
:10A320007DBDBC7CB47475B577B7B67672B2B373C5
:10A33000B17170B050909151935352929656579775
:10A34000559594549C5C5D9D5F9F9E5E5A9A9B5B65
:10A3500099595898884849894B8B8A4A4E8E8F4F15
:10A360008D4D4C8C44848545874746868242438385
:10A370004181804000C1814001C0804101C08041D5
:10A3800000C1814001C0804100C1814000C18140C5
:10A3900001C0804101C0804100C1814000C18140B5
:10A3A00001C0804100C1814001C0804101C08041A5
:10A3B00000C1814001C0804100C1814000C1814095
:10A3C00001C0804100C1814001C0804101C0804185
:10A3D00000C1814000C1814001C0804101C0804175
:10A3E00000C1814001C0804100C1814000C1814065
:10A3F00001C0804101C0804100C1814000C1814055
:10A4000001C0804100C1814001C0804101C0804144
:10A4100000C1814000C1814001C0804101C0804134
:10A4200000C1814001C0804100C1814000C1814024
:10A4300001C0804100C1814001C0804101C0804114
:10A4400000C1814001C0804100C1814000C1814004
:10A4500001C0804101C0804100C1814000C18140F4
:10A4600001C0804100C1814001C0804101C08041E4
:04A4700000C1814066
:04A47400F8B500BF78
:04A47800F8B500BF74
:08A47C0030F1FF7F0100000038
:10A48400180005C600C6000000000000000000001F
:10A49400FA000000000000000001000000000000BD
:10A4A4000000000000000000010100000C0000009A
:10A4B40000000000FFFFFFFFFFFFFFFFFFFFFFFFA4
:10A4C400FFFFFFFFFFFFFFFFFFFFFFFFFFFFFFFF98
:10A4D400FFFFFFFF0000000000000000000000007C
:10A4E4000100000000000000000000000000000067
:10A4F4000000000000000000000000000200000056
:10A504000000000000000000000000000000000047
:10A514000000000000000000030000000000000034
:10A524000000000000000000000000000000000027
:10A534000000000004000000000000000000000013
:10A544000000000000000000000000000000000007
:10A5540005000000000000000000000000000000F2
:10A5640000000000000000000000000006000000E1
:10A5740000000000000000000000000000000000D7
:10A5840000000000000000000000000000000000C7
:10A5940001000000000000000000000000000000B6
:10A5A40000000000000000000200000001FFFF00A6
:10A5B400FFFFFFF2200000010100000000BD0105C3
:040000050800934517
:00000001FF
