:020000040800F2
:100000000000032069250008AD250008AD25000883
:10001000AD250008AD250008AD2500080000000052
:10002000000000000000000000000000AD250008F6
:10003000AD25000800000000AD250008591000089B
:10004000AD250008AD250008AD250008AD25000848
:10005000AD250008AD250008AD250008AD25000838
:10006000AD250008AD250008AD250008AD25000828
:10007000AD250008AD250008AD250008AD25000818
:10008000AD250008F1110008AD250008AD250008D8
:10009000AD250008AD250008AD250008AD250008F8
:1000A000AD250008AD250008AD250008AD250008E8
:1000B000AD250008AD250008AD250008AD250008D8
:1000C000AD250008AD250008AD250008AD250008C8
:1000D000AD250008AD25000869100008AD25000811
:1000E000AD250008AD250008AD250008AD250008A8
:1000F000AD250008AD250008AD250008AD25000898
:10010000AD250008AD250008AD250008AD25000887
:10011000AD250008AD250008AD250008AD25000877
:10012000AD250008AD250008AD250008AD25000867
:10013000AD250008AD250008AD250008AD25000857
:10014000AD250008AD250008AD250008AD25000847
:10015000AD250008AD250008AD250008AD25000837
:10016000AD250008AD250008AD250008AD25000827
:10017000AD250008AD250008AD25000800000000F1
:10018000AD250008AD250008AD250008AD25000807
:10019000AD250008AD250008AD25000800000000D1
:0C01A000AD250008AD250008AD250008C5
:1001AC0053B94AB9002908BF00281CBF4FF0FF31D2
:1001BC004FF0FF3000F00CB8ADF1080C6DE904CE37
:1001CC0002F0B2FADDF804E0DDE9022304B0704776
:1001DC00704700BF0348044B834202D0034B03B16A
:1001EC00184770473000002030000020000000004D
:1001FC000548064B1B1AD90F01EBA301491002D07D
:10020C00034B03B11847704730000020300000202A
:10021C000000000010B5064C237843B9FFF7DAFF55
:10022C00044B13B10448AFF300800123237010BDBD
:10023C003000002000000000F029000808B5054B34
:10024C001BB105490548AFF30080BDE80840FFF736
:10025C00CFBF00BF0000000034000020F0290008D0
:10026C002DE9F04F93B072B6524A1388013B1380BC
:10027C0062B6514D51492868514C431C81FB0321F6
:10028C00DA17C2EB61124FF4967101FB12332B603B
:10029C004C4A237832F8102053B9A52A25D072B6CF
:1002AC00494A13880133138062B613B0BDE8F08F4E
:1002BC00012BF4D145490B78012B25D0022B55D0BD
:1002CC00032B45D0042BEAD1414B424842491B78C1
:1002DC000678497833B1B2F5807F28BF002291426D
:1002EC0000F0868000232370D9E7384839493B4D0C
:1002FC000B70012202702B703548374B227043F67D
:10030C007F3102701980CAE7FF2A11D83248314C6C
:10031C00D3B2237004786340314CE55C314CE45C1F
:10032C0043784570634003707AB102230B70B6E7D3
:10033C00294B2C481A782A4D845CAD5C5A78254898
:10034C005D7062401A700023037003230B70A6E7E4
:10035C00214BB2F5807F1B7828BF00229A4202D035
:10036C001B4B00221A7004230B7098E71B4D1E4B7D
:10037C002878194C1D4EA3FB0073B2F5807F00EB5F
:10038C00D31328BF002203F0FF03D2B2F254237818
:10039C005A40134B01309E5C124BC0B228709D5CCE
:1003AC000C4B1A78637866706B40824223707FF432
:1003BC0076AFCAE7E0080020E4080020B5814E1BA8
:1003CC0055010020EC0800200A0000200600002047
:1003DC0000000020530100200400002054010020E4
:1003EC00202A0008202B00088180808054000020E7
:1003FC00002E3FF477AF894D95F800E0BEF1F50F74
:10040C0000F02281BEF1FB0F7FF46CAF012E00F0E7
:10041C00E583072E7FF666AFB5F80120002A40F081
:10042C00A982182E7FF45EAF7D4B00931A70B5F83D
:10043C000520E979AB7AB2F5404F7FF453AF0B2925
:10044C007FF450AF012B7FF44DAF95F80CB095F8BD
:10045C000DA095F80E9095F80F802F7C6E7C95F87A
:10046C0012E095F813C0287D697DAA7DEB7DBBF168
:10047C00670F7FF437AFBAF1640F7FF433AFB9F184
:10048C00330F7FF42FAFB8F1320F7FF42BAF662F01
:10049C007FF428AF342E7FF425AFBEF1350F7FF4F7
:1004AC0021AFBCF1300F7FF41DAF76287FF41AAF6B
:1004BC0067297FF417AF742A7FF414AF362B7FF4BF
:1004CC0011AF72B601F00CFC012001F01BFD0220F3
:1004DC0001F018FD102001F015FD402001F012FD77
:1004EC00802001F00FFD102001F016FC012001F01E
:1004FC0009FD022001F006FD102001F003FD402053
:10050C0001F000FD802001F0FDFC01F0FBFB62B668
:10051C00B5F803304349444A5BBA0B80434B4FF068
:10052C00020AA3F800A01388002B72D0013B1380A1
:10053C003F4ADFF810B11288DBF800804FF4966365
:10054C0002F1010E901DB2FBF3F91FFA8EFE03FBB4
:10055C00192902EB0A0C80B202901FFA8CFC1FFACC
:10056C0089F0D71CBEFBF3F903FB19EEBFB2161DC5
:10057C001FFA8EF9BCFBF3FE03FB1ECCB6B2551D65
:10058C001FFA8CFEB7FBF3FC03FB1C77ADB201909A
:10059C001FFA87FC0298B6FBF3F703FB1766B7B29A
:1005AC00B5FBF3F603FB1655AEB2B0FBF3F503FB4C
:1005BC00150080B202901F481F4B0546008808F1B9
:1005CC00010101302880484200F01F0001F01F019A
:1005DC0058BF4142CBF800101849019821F8182057
:1005EC00134907320A80A5211954032103F8091075
:1005FC00FB2103F80E10002103F80C10029803F8ED
:10060C0007A0982199550E4A6D211954072302F819
:10061C000830009A0123137064E600BF54000020D8
:10062C004C00002050000020080000204E0000204C
:10063C006A0100201C0600206C01002048060020E6
:10064C002806002024060020C34A1388002B3FF400
:10065C0049AEC248013B13800288009202F10609A0
:10066C0002F1010C971CD61C151D501D1FFA89F2A6
:10067C000192009ABA4B02F10709009AD3F8008054
:10068C001FFA89F9CDF8089002F10809009A1FFAAF
:10069C0089F9CDF80C9002F10909009A1FFA89F931
:1006AC00CDF8109002F10A09009A1FFA89F9CDF8D9
:1006BC00149002F10B09009A1FFA89F9CDF81890E1
:1006CC0002F10C09009A1FFA89F9CDF81C9002F17D
:1006DC000D09009A1FFA89F9CDF8209002F10E0944
:1006EC00009A1FFA89F9CDF8249002F10F09009AAB
:1006FC001FFA89F9CDF8289002F11009009A1FFA17
:10070C0089F9CDF82C9002F11109009A1FFA89F998
:10071C00CDF8309002F11209009A1FFA89F9CDF840
:10072C00349002F11309009A1FFA89F9CDF8389028
:10073C0002F114091FFA89F9CDF83C90009A02F1E4
:10074C0015091FFA89FB02F11609864A1FFA89FA64
:10075C00B2F8009008F1010109F10109A2F800902A
:10076C00D1F100097E4A09F01F0901F01F0158BFA1
:10077C00C9F100011160009A4FF49663B2FBF3F1DA
:10078C0003FB1121019A1FFA8CFCBFB2B6B2ADB2B9
:10079C0080B21FFA81F9BCFBF3F103FB11CCB7FB60
:1007AC00F3F103FB1177B6FBF3F103FB1166B5FB19
:1007BC00F3F103FB1155B0FBF3F103FB1100B2FB9A
:1007CC00F3F103FB1121029A89B20191B2FBF3F10F
:1007DC0003FB1121039A89B20291B2FBF3F103FBE3
:1007EC001121049A89B20391B2FBF3F103FB11219D
:1007FC00059A89B20491B2FBF3F103FB1121069A1D
:10080C0089B20591B2FBF3F103FB1121079A89B26E
:10081C000691B2FBF3F103FB1121089A89B20791FF
:10082C00B2FBF3F103FB1121099A89B20891B2FBD7
:10083C00F3F103FB11210A9A89B20991B2FBF3F18E
:10084C0003FB11218AB20A920B9AB2FBF3F103FB60
:10085C0011218AB20B920C9AB2FBF3F103FB11211A
:10086C008AB20C920D9AB2FBF3F103FB11218AB2FE
:10087C000D920E9AB2FBF3F103FB11218AB20E9288
:10088C000F9AB2FBF3F103FB11218AB2BBFBF3F11C
:10089C0003FB11B11FFA81FBBAFBF3F103FB11A3AC
:1008AC0031490F929BB2009A21F8182011932B49D1
:1008BC002E4BCDF840B0ADB217321FFA8CFCBFB244
:1008CC00B6B24FF0A50B03F809B00A8080B2002134
:1008DC004FF0010A4FF0130903F80C9003F807E0EE
:1008EC0003F806A05955C0251D54019D0B205855E1
:1008FC00029803F800A003981954049905986722EC
:10090C005A546421195406983321195407983221EA
:10091C0019540898662119540998342119540A98C5
:10092C00352119540B98302119540C9876211954EF
:10093C000D995A540E9974225A540F9936225A54BE
:10094C0010991C225A541199FD225A54084A172303
:10095C0002F80830C6E400BF080000206A0100203D
:10096C00240600201C060020480600206C010020F4
:10097C0028060020DFF8848357BAB8F80030BFB2DD
:10098C00BB427FF4AFACCD49D5F8033000914FF0AA
:10099C00000AB2F5807F81F800A093FA83F900F089
:1009AC00A182082B00F08A82C54A934200F0728221
:1009BC00C44A934200F05A82C34A934200F04282E6
:1009CC00B3F5847F00F02A82B3F5027F00F0128227
:1009DC00B3F5816F00F0FA81B3F5C16F00F0E281DD
:1009EC0040F60802934200F0C98140F60822934277
:1009FC0000F0B08140F60842934200F0978140F637
:100A0C000862934200F07E8142F20802934200F0A9
:100A1C00418142F20842934200F0288142F60802DA
:100A2C00934200F00F8142F60842934200F0E280BC
:100A3C00F51FC5F38505A54E013D4FF0000A35E0C5
:100A4C00B379727996F803B042EA0322337943EA18
:100A5C0002234BEA032B72B601F042F9012001F09C
:100A6C0051FA022001F04EFA102001F04BFA40200E
:100A7C0001F048FA802001F045FA594609EB8A004A
:100A8C0001F0CAF9012001F03DFA022001F03AFA16
:100A9C00102001F037FA402001F034FA802001F0E8
:100AAC0031FA01F02FF962B60AF1010A554506F147
:100ABC000406C5DA864B87491B880A88BB421ABFD5
:100ACC007B1C9BB20123A8F80030002A3FF4A1AD97
:100ADC00013A0A80190A804A019181F020005FFADC
:100AEC0083FA135C7D49DFF81892085CD9F800E0B2
:100AFC0083EA0A0383F09003D55C794ACB5C1288B5
:100B0C00029368400390501D80B204907548B0F871
:100B1C0000800EF1010108F10108A0F80080D1F16C
:100B2C00000802F1060308F01F081FFA83FB01F00E
:100B3C001F014FF4966358BFC8F100010498C9F81F
:100B4C00001002F1010C971CD61C151DB2FBF3F121
:100B5C001FFA8CFC03FB1121BFB2B6B2ADB21FFA67
:100B6C0081F8BCFBF3F103FB11CCB7FBF3F103FBF6
:100B7C001177B6FBF3F103FB1166B5FBF3F103FB45
:100B8C001155B0FBF3F103FB1100BBFBF3F103FBBD
:100B9C0011BB5549554B21F81E20514907320A808B
:100BAC001FFA8CFCA52103F80810BFB2032103F82F
:100BBC000C10ADB2FB21B6B2D95580B20199995542
:100BCC001FFA8BF903F805A0494A039D02991D549D
:100BDC0003F80910072302F80E301AE5BFF34F8F04
:100BEC004449454BCA6802F4E0621343CB60BFF33F
:100BFC004F8FFEE772B601F073F8012001F082F915
:100C0C00022001F07FF9102001F07CF9402001F066
:100C1C0079F9802001F076F9782001F07DF8012037
:100C2C0001F070F9022001F06DF9102001F06AF961
:100C3C00402001F067F9802001F064F901F062F8BE
:100C4C0062B6F5E672B601F04BF8012001F05AF9E4
:100C5C00022001F057F9102001F054F9402001F066
:100C6C0051F9802001F04EF97020D6E772B601F0F0
:100C7C0037F8012001F046F9022001F043F9102069
:100C8C0001F040F9402001F03DF9802001F03AF9E3
:100C9C006820C2E772B601F023F8012001F032F9A6
:100CAC00022001F02FF9102001F02CF9402001F066
:100CBC0029F9802001F026F96020AEE74C000020D5
:100CCC0008004000080080000800C000540000200C
:100CDC005000002008000020202B0008202A0008CB
:100CEC006A0100201C060020480600206C01002030
:100CFC002806002000ED00E00400FA054E0000205C
:100D0C002406002072B600F0EBFF012001F0FAF887
:100D1C00022001F0F7F8102001F0F4F8402001F067
:100D2C00F1F8802001F0EEF8582076E772B600F06A
:100D3C00D7FF012001F0E6F8022001F0E3F81020C3
:100D4C0001F0E0F8402001F0DDF8802001F0DAF845
:100D5C00502062E772B600F0C3FF012001F0D2F818
:100D6C00022001F0CFF8102001F0CCF8402001F067
:100D7C00C9F8802001F0C6F848204EE772B600F0A2
:100D8C00AFFF012001F0BEF8022001F0BBF81020EB
:100D9C0001F0B8F8402001F0B5F8802001F0B2F86D
:100DAC0040203AE772B600F09BFF012001F0AAF850
:100DBC00022001F0A7F8102001F0A4F8402001F067
:100DCC00A1F8802001F09EF8382026E772B600F0DA
:100DDC0087FF012001F096F8022001F093F8102013
:100DEC0001F090F8402001F08DF8802001F08AF895
:100DFC00302012E772B600F073FF012001F082F888
:100E0C00022001F07FF8102001F07CF8402001F066
:100E1C0079F8802001F076F82820FEE672B600F012
:100E2C005FFF012001F06EF8022001F06BF810203A
:100E3C0001F068F8402001F065F8802001F062F8BC
:100E4C002020EAE672B600F04BFF012001F05AF8C0
:100E5C00022001F057F8102001F054F8402001F066
:100E6C0051F8802001F04EF81820D6E672B600F04A
:100E7C0037FF012001F046F8022001F043F8102062
:100E8C0001F040F8402001F03DF8802001F03AF8E4
:100E9C001020C2E672B600F023FF012001F032F8F8
:100EAC00022001F02FF8102001F02CF8402001F066
:100EBC0029F8802001F026F80820AEE672B600F082
:100ECC000FFF012001F01EF8022001F01BF810208A
:100EDC0001F018F8402001F015F8802001F012F80C
:100EEC0050469AE6073EC6F385061F4D013E34E098
:100EFC00AB796A79EF7842EA03222B7943EA022331
:100F0C0047EA032772B600F0EBFE012000F0FAFF6F
:100F1C00022000F0F7FF102000F0F4FF402000F05A
:100F2C00F1FF802000F0EEFF394609EB8A0000F05B
:100F3C0073FF012000F0E6FF022000F0E3FF102019
:100F4C0000F0E0FF402000F0DDFF802000F0DAFF31
:100F5C0000F0D8FE62B60AF1010A564505F1040507
:100F6C00C6DAFFF7BFB900BF54000020F8B572B65F
:100F7C002A4A1388013B138062B62948294C02681F
:100F8C00294EA75C531C594201F01F0103F01F03AB
:100F9C0058BF4B422549036031F8122097B1244DBC
:100FAC00244C314606EB470C4FF49660A4FB02E34D
:100FBC00DB0900FB13230132EB5C21F8023B61459A
:100FCC00F4D1BFB21C4C1D48A6600621E76100F0AD
:100FDC0097FC22461948062100F0C4FC174806214C
:100FEC0000F00AFD04221548062100F019FD1448F2
:100FFC00802101F06FFA10221048062100F01CFD30
:10100C000E48062100F002FD0E4B01221A7072B63A
:10101C000D4A13880133138062B6F8BD1C060020FC
:10102C002006002028060020880600204806002004
:10103C006C010020B5814E1B0C00002000600240AA
:10104C00004400405C01002008000020024A1368A4
:10105C0001331360704700BF4C0B002070B5524930
:10106C00524801F057FA0546002870D150494F48B4
:10107C0001F050FA0646002860D14E494B4801F069
:10108C0049FA0446002850D148484FF4427101F007
:10109C0041FAC8B94849454801F03CFA38BB45EA21
:1010AC0006000443E4B254BB4449404801F032FA10
:1010BC00002839D0424A1388002B51D1BDE870402A
:1010CC003E493A4801F03CBA3848002101F008FA90
:1010DC00364843F2080101F003FA34484FF44271E8
:1010EC0001F02EFA3449314801F014FA38B12F4886
:1010FC00032101F0F5F930492C4801F021FA72B6C0
:10110C003048314C2E49314A002303604FF496701D
:10111C0023600880138062B62D4A28492348137037
:10112C0001F0F8F90028C5D170BD2048032101F069
:10113C00D7F920491D4801F003FAA5E71B48022105
:10114C0001F0CEF91A49194801F0FAF995E7174858
:10115C00012101F0C5F91449144801F0F1F985E7B2
:10116C00194D1C492C681C4E013B1380631C81FBE0
:10117C000301DA17C2EB61124FF4967101FB1233C3
:10118C000A482B6001F0A2F9104A14491388144D37
:10119C00366821F814002E600133BDE87040074911
:1011AC000248138001F0CCB9000501000044004056
:1011BC0000050200000503000503030005030500FC
:1011CC000A000020E4080020E8080020E0080020C5
:1011DC0055010020B5814E1B4C0B0020EC08002063
:1011EC005801002008B509482022062100F036FCE1
:1011FC0000B908BD064B05484FF0000C83F800C041
:10120C002022BDE80840062100F04EBD00600240DF
:10121C005C010020A94A1388002B00F04E812DE9B7
:10122C00F04FA749A74D0C6828786E78DFF8B49278
:10123C00013B93B01380631C5A4204940690A24C59
:10124C0080F0FA0002F01F0203F01F0358BF534254
:10125C000B603146265C19F8007005914E4086F003
:10126C00E706A978A05D07914F40784019F8067001
:10127C00EE7808967740265C2979944B09917E404C
:10128C0019F80070A05D19F806601A88904B4F4051
:10129C0078406979275C0A914E4087EA0601561C12
:1012AC000B91B1B2961CB5B2D61C0F46B1B2161D3D
:1012BC001091B1B2561D0191B1B2961D0291B1B20D
:1012CC0019F8000003917F490F9589790C91D61D6F
:1012DC0041401FFA86FE1191A3FB02601099C009D0
:1012EC00CDE90D07A3FB0106A3FB070BA3FB050A26
:1012FC00F009019E029D1090A3FB0608039EA3FB20
:10130C0005070E9DA3FB0E0CA3FB06064FEADB1B89
:10131C004FF4966000FB1B5B0F9D4FEADA1A00FB43
:10132C001A5A0D46109900FB1151019D4FEAD8181D
:10133C0000FB1858029DFF0900FB1757039DF60987
:10134C0000FB16560D9D4FEADC1C00FB1CEC00FB51
:10135C00152EBDB20B9F0295B5B20395E65D119D9E
:10136C0019F8077001971FFA8EFE5A4F6E401FFA3C
:10137C008BFB6FF05A0507F80E501FFA8AFA3D46A0
:10138C004FF00A0E07F80BE089B2069F05F80A70B9
:10139C001FFA88F8059F6F54079F05F8087002998B
:1013AC00089F6F540399099F6F541FFA8CFC454991
:1013BC000A9F05F80C7091F807E0019F14F806C01D
:1013CC0091F8088019F8066091F809B087EA0E07C1
:1013DC008CEA070786EA0805E65D19F807706E4087
:1013EC008BEA0707A55D19F806607D4002F1090C30
:1013FC0019F80510645D039102F1080902F10C055E
:10140C001FFA89F986EA0407ACB2A3FB095A4FEA22
:10141C00DA1A00FB1A992F490C9D01971FFA89F9CA
:10142C001FFA8CFC01F80950A3FB0CA94FEAD9193F
:10143C0000FB19CC02F10A071FFA8CFCBFB201F8B1
:10144C000CE0A3FB07EC4FEADC1C00FB1C7702F161
:10145C000B06BFB2B6B201F80780A3FB06C7FF09A3
:10146C0000FB1766B6B2029401F806B002F10D0447
:10147C000299A4B2A3FB0176A3FB0473F609DB0962
:10148C0000FB161500FB1344ADB2124B019F0399E0
:10149C005F55A4B210481955049C104920F814202B
:1014AC0002F10E03094A13800B880D4A0E200133FA
:1014BC0010550B8013B0BDE8F08F7047080000206A
:1014CC002406002060010020202B00086A01002067
:1014DC00B5814E1B6C010020480600201C06002024
:1014EC0028060020202A00084FF0E02256495748D1
:1014FC002DE9F84F0024564B50614FF007094FF07F
:10150C00F00A81F823A09461C2F81090D3F8201A45
:10151C00D3F8100AD3F8148AD3F818BA4D4F4E4E9C
:10152C004E4D6FF03A024FF6FF73FEF739FE5846F8
:10153C0041469B4690464FF6FF736FF03A02FEF71A
:10154C002FFE8BEA030388EA02023B7140F603404C
:10155C001B0A3A607B7100F0C1FE214630464023E5
:10156C00022200F087FD402322463046022100F083
:10157C00CFFC49464022304600F0F2FD40F60340D5
:10158C0000F0ACFE214630462023022200F072FD12
:10159C00202322463046022100F0BAFC4946304650
:1015AC00202200F0DDFD2E4B2E4A1A6040F615402D
:1015BC0000F094FE22462146262000F043FE2246EF
:1015CC000121112000F03EFE41F2110000F086FED8
:1015DC002846042100F074FF2846082100F06AFF19
:1015EC00284640F2053100F089FF28464FF4A061EF
:1015FC0000F084FF4FF44271284600F07FFF28462C
:10160C0000F052FF184B3868B988C3F801001A462D
:10161C00284602F801AB91804FF48072A3F80720A2
:10162C00124901225A7200F0DDFE2146284600F0D4
:10163C002BFF2146284600F02FFF21462846BDE807
:10164C00F84F00F019BF00BF00ED00E03E0D0300A5
:10165C000070FF1F440B0020000C024000440040AF
:10166C000C000020044400406001002040420F00A8
:10167C002DE9F04F8DB00025DFF87492884F00955E
:10168C00A846D9F8004042F20F72A4EB080393422B
:10169C0045D8009BE21A44F61F639A420BD9814B42
:1016AC001B68013306D072B67E4A136883F3088830
:1016BC00536898470094621B40F6B7339A4204D99A
:1016CC00794B1B78002B2ED125463B880BB1FEF7AE
:1016DC00C7FD764B1B7823B9754B1B880BB1FFF7F5
:1016EC0045FC744CD9F800202368D31A012BC8D9B7
:1016FC0072B67149714800230B6071493B800B60D5
:10170C004FF49671018062B66E492260D9F80040A0
:10171C000B7042F20F72A4EB08039342B9D9FFF796
:10172C0079FDA046B5E7684A1388002BCCD0013B65
:10173C001380664B66481A88664B1B88D5B2110A13
:10174C005A1C92B20B920791634A81F0200103F16B
:10175C00060A525C10F801C0604961480E68019697
:10176C006A40CDE908C582F0900C9A1CCDF808C0EF
:10177C001FFA82FCDA1CCDF80CC05A4D1FFA82FC01
:10178C001A1DCDF810C01FFA82FC5A1D25F8163010
:10179C00CDF814C00B9E1FFA82FCA0FB0312D509D6
:1017AC0003990A9532460546A0FB0220A5FB0121B0
:1017BC00049ACDF818C0C0090B90A5FB02520598ED
:1017CC00474DA5FB005C0698454DA5FB005B444DC1
:1017DC000B981FFA8AFAA5FB0A5E4FF4966505FB77
:1017EC001060039EC90905FB1161049ED20905FB1B
:1017FC001262059E4FEADC1C05FB1C6C069E4FEA30
:10180C00DB1B05FB1B6B0A9E92B24FEADE1E05FB2F
:10181C001EAE039205FB1635254A2E4E1FFA8EFE80
:10182C000733CDF810E03380B2F800E0019E0EF1E2
:10183C00010E731CA2F800E0D3F1000E274A029EA1
:10184C000EF01F0E03F01F0358BFCEF10003136000
:10185C00214B089A9B5D1E4E5340029AADB216F86E
:10186C0002E0214E039A80B24FF0A50A06F805A0BB
:10187C0089B2032535541FFA8CFCFB201FFA8BFB15
:10188C007054099D0798B05406F80C5006F80B30AC
:10189C00049B164A06F803E0019E0723935513E7B1
:1018AC00E0080020008000084C0000205C010020B3
:1018BC001C06002058010020E40800200A0000202B
:1018CC00E808002055010020080000204E000020F0
:1018DC00202A00086A010020202B00082406002082
:1018EC00B5814E1B480600206C0100202806002004
:1018FC004C0B002008B5FFF7F7FDFFF7B9FE00BF52
:10190C0001EB410C00EBCC0303291A6922F0010214
:10191C001A614FF000021A615A619A61DA611A6217
:10192C005A620BD849084FEA4C0C82680CEB810CBC
:10193C003D2303FA0CF31343836070470439CBB295
:10194C0003EB4303C1F340015B0010B403EB8103D1
:10195C00C4683D2202FA03F32343C3605DF8044BD1
:10196C00704700BF01EB410100EBC10030B4436A8A
:10197C0023F004034362136883619368C361D369E2
:10198C0043611469136A01699569234321F45E313B
:10199C002B4321F0C00143EA84030B4303615368DA
:1019AC008BB9036943F400730361D368B3B903695A
:1019BC0043F4806303615369BBB9036943F48073D7
:1019CC0030BC03617047012B03690CBF23F4007317
:1019DC0043F400430361D368002BE8D0036923F47C
:1019EC00806303615369002BE7D0036923F4807390
:1019FC0030BC0361704700BF01EB4101C9001030DE
:101A0C000B5823F480730B50704700BF01EB41015E
:101A1C00C90010300B5843F001030B50704700BF46
:101A2C0001EB4101C90010300B5823F0606343EA0D
:101A3C0042630B50704700BF01EB4101802A4FEA13
:101A4C00C10104D010300B5813430B507047243095
:101A5C000B5843F080030B50704700BF032910B4A0
:101A6C0018D8013A1F2A11D8DFE802F07A10108A30
:101A7C001010109A10101010101010AA1010101036
:101A8C001010101010101010101010BA00205DF86B
:101A9C00044B70470B1F013ADBB21F2AF6D80FF22A
:101AAC00080C5CF822F000BF0D1C0008991A000805
:101ABC00991A0008371C0008991A0008991A00088E
:101ACC00991A0008611C0008991A0008991A000854
:101ADC00991A0008991A0008991A0008991A00080E
:101AEC00991A00088B1C0008991A0008991A00080A
:101AFC00991A0008991A0008991A0008991A0008EE
:101B0C00991A0008991A0008991A0008991A0008DD
:101B1C00991A0008991A0008991A0008991A0008CD
:101B2C00991A0008351B000801EB41014468C3F306
:101B3C004002103003EB4303C9004FEA430C0CEB9B
:101B4C00820C20230A5803FA0CF0204002F01003F8
:101B5C0000289CD0181E18BF01205DF8044B70475C
:101B6C0001EB410350F8244B5A00DB0049081B5889
:101B7C0002EB810201209040204003F08003E7E754
:101B8C0001EB410350F8104B5A00DB0049081B587D
:101B9C0002EB810204209040204003F00203D7E7BF
:101BAC0001EB410350F8104B5A00DB0049081B585D
:101BBC0002EB810208209040204003F00403C7E7A9
:101BCC0001EB410350F8104B5A00DB0049081B583D
:101BDC0002EB810210209040204003F00803B7E78D
:101BEC0001EB410350F8104B5A00DB0049081B581D
:101BFC0002EB810220209040204003F01003A7E765
:101C0C0001EB41014468C3F34002243003EB43036E
:101C1C00C9004FEA430C0CEB820C01230A5803FA5F
:101C2C000CF0204002F0800392E701EB4101446884
:101C3C00C3F34002103003EB4303C9004FEA430CDB
:101C4C000CEB820C04230A5803FA0CF0204002F02F
:101C5C0002037DE701EB41014468C3F340021030FD
:101C6C0003EB4303C9004FEA430C0CEB820C082333
:101C7C000A5803FA0CF0204002F0040368E701EB69
:101C8C0041014468C3F34002103003EB4303C90025
:101C9C004FEA430C0CEB820C10230A5803FA0CF09D
:101CAC00204002F0080353E703290BD84FEA510CEC
:101CBC0001EB41014B0003EB8C0381689A400A4312
:101CCC00826070470439CBB203EB4303C1F340018C
:101CDC005B0003EB8103C1689A400A43C260704702
:101CEC00054BD3F8102C002A05DA0449044AC3F832
:101CFC00041CC3F8042C70470030024023016745D4
:101D0C00AB89EFCD034AD2F8103C43F00043C2F844
:101D1C00103C7047003002403E496FF03043D1F820
:101D2C000C2C12F4803F4BD112F4807F4CD112F06A
:101D3C00800F4ED112F0400F50D112F0100F58D12D
:101D4C0092075DD4012B3DD0D1F8103C23F0F80361
:101D5C0010B4C1F8103CD1F8103C2E4C034343F0A6
:101D6C000203C1F8103CD1F8103C43F480336FF0FF
:101D7C003042C1F8103CD4F80C0CC10333D4C30569
:101D8C0002F1FF3233D4040638D441063DD4C306E5
:101D9C003DD410F0020018BF0620002A08BF07200F
:101DAC001C4B5DF8044BD3F8102C22F00202C3F844
:101DBC00102CD3F8102C22F0F802C3F8102C70471A
:101DCC00013BACD107207047012B14BF0220072028
:101DDC007047012B14BF032007207047012B14BF41
:101DEC00042007207047013AC5D10720D8E702200C
:101DFC00D3E7012B14BF0520072070470320CCE745
:101E0C00012B14BF0620072070470420C5E70520CE
:101E1C00C3E700BF0030024030B4394C6FF03043A0
:101E2C00D4F80C2CD5033FD4D50542D4150646D492
:101E3C00550649D4D50652D4920757D4012B35D028
:101E4C00D4F8103C2E4D23F44073C4F8103CD4F855
:101E5C00103C43F40073C4F8103CD4F8103C43F02D
:101E6C000103C4F8103C6FF030420160D5F80C0C43
:101E7C00C3032ED4C50502F1FF322ED4040633D48D
:101E8C00410638D4C30638D410F0020018BF06201F
:101E9C00002A08BF07201A4AD2F8103C23F001038D
:101EAC0030BCC2F8103C7047013BB9D1072030BCA4
:101EBC007047012B14BF0220072030BC7047012B48
:101ECC0014BF03200720F2E7012B14BF04200720C6
:101EDC00EDE7013ACAD10720DDE70220D8E7012B54
:101EEC0014BF05200720E2E70320D1E7012B14BF24
:101EFC0006200720DBE70420CAE70520C8E700BF5F
:101F0C0000300240014BC3F80C0C7047003002400B
:101F1C0013F0010F30B40568C46806D025F0030C2B
:101F2C0024F003044CEA0105144313F0020F07D00C
:101F3C0025F00C0C24F00C044CEA810544EA8204D4
:101F4C0013F0040F07D025F0300C24F030044CEAC9
:101F5C00011544EA021413F0080F07D025F0C00C49
:101F6C0024F0C0044CEA811544EA821413F0100FDB
:101F7C0007D025F4407C24F440744CEA012544EA53
:101F8C00022413F0200F07D025F4406C24F4406495
:101F9C004CEA812544EA822413F0400F07D025F443
:101FAC00405C24F440544CEA013544EA023413F00A
:101FBC00800F07D025F4404C24F440444CEA813582
:101FCC0044EA823413F4807F07D025F4403C24F497
:101FDC0040344CEA014544EA024413F4007F07D034
:101FEC0025F4402C24F440244CEA814544EA8244F4
:101FFC0013F4806F07D025F4401C24F440144CEAF1
:10200C00015544EA025413F4006F07D025F4400C38
:10201C0024F440044CEA815544EA825413F4805F62
:10202C0007D025F0407C24F040744CEA016544EA6A
:10203C00026413F4005F07D025F0406C24F0406478
:10204C004CEA816544EA826413F4804F07D025F092
:10205C00405C24F040544CEA017544EA02741B04C1
:10206C0044BF61F39F7562F39F740560C46030BC1C
:10207C00704700BF012941680CBF19439943416067
:10208C00816813F0010F1CBF21F00301114313F001
:10209C00020F1CBF21F00C0141EA820113F0040F66
:1020AC001CBF21F0300141EA021113F0080F1CBFD4
:1020BC0021F0C00141EA821113F0100F1CBF21F472
:1020CC00407141EA022113F0200F1CBF21F4406142
:1020DC0041EA822113F0400F1CBF21F4405141EA28
:1020EC00023113F0800F1CBF21F4404141EA8231D0
:1020FC0013F4807F1CBF21F4403141EA024113F4F8
:10210C00007F1CBF21F4402141EA824113F4806F0F
:10211C001CBF21F4401141EA025113F4006F1CBFA3
:10212C0021F4400141EA825113F4805F1CBF21F07D
:10213C00407141EA026113F4005F1CBF21F0406161
:10214C0041EA826113F4804F1CBF21F0405141EAF7
:10215C0002711B0448BF62F39F718160704700BF1E
:10216C0010B4046A436A12F0010F1CBF24F00F0470
:10217C000C4312F0020F1CBF24F0F00444EA0114CB
:10218C0012F0040F1CBF24F4706444EA012412F012
:10219C00080F1CBF24F4704444EA013412F0100FF1
:1021AC001CBF24F4702444EA014412F0200F1CBF1D
:1021BC0024F4700444EA015412F0400F1CBF24F0C4
:1021CC00706444EA016412F0800F18BF61F31F744D
:1021DC0012F4807F1CBF23F00F030B4312F4007F1B
:1021EC001CBF23F0F00343EA011312F4806F1CBFF1
:1021FC0023F4706343EA012312F4006F1CBF23F431
:10220C00704343EA013312F4805F1CBF23F4702344
:10221C0043EA014312F4005F1CBF23F4700343EA4A
:10222C00015312F4804F1CBF23F0706343EA016327
:10223C00120448BF61F31F7304625DF8044B4362E0
:10224C00704700BF10B4224CE36803F4E063B3F5AD
:10225C00E06F32D0E36803F4E063B3F5C06F17D0DE
:10226C00E36803F4E063B3F5A06F0DD0E36803F407
:10227C00E063B3F5806F24D0E36803F4E063B3F557
:10228C00407F22D0134BE36002F00302022302E0F2
:10229C0002F007020323104C994011432318090143
:1022AC00C9B283F800134209012300F01F008340D8
:1022BC0044F822305DF8044B704702F00F020423FF
:1022CC00E9E702F001020123E5E700221346E2E709
:1022DC0000ED00E00005FA0500E100E0830903F1E0
:1022EC00804303F50E3300F01F0019680122824071
:1022FC000A431A60704700BF10B5364C844694E808
:10230C000F0088B00DF1200E10340EE90F0094E888
:10231C0003006B4683E8030002AB83E803002E4AFC
:10232C00D2F80838C3F38103012B4ED0022B43D1D2
:10233C00D2F80408D2F80418D2F80438D2F80428D9
:10234C00264CC3F3014312F4800F03F10103C1F3D4
:10235C0088124FEA430300F03F01214818BF204682
:10236C00B0FBF1F002FB00F0B0FBF3F01A4BD3F82A
:10237C000818D3F80828D3F80838C1F30311203112
:10238C006944C2F38222C3F342332032203311F862
:10239C00101C6A446B4412F8202C13F8183C20FAD9
:1023AC0001F1BCF1030F12D8DFE80CF0040C0208A9
:1023BC0021FA02F008B010BD0948D7E721FA03F062
:1023CC0008B010BD084608B010BD0448CEE7002088
:1023DC00F0E700BF082A00080030024040787D0179
:1023EC000024F40038B5214B984204460D4608D021
:1023FC002ED8A3F53053984203D015D91C4B9842D4
:10240C001AD10220FFF778FFE3681B0419D56B087B
:10241C004FF6F07103EB4003B3FBF5F3C3F3420249
:10242C000B401343A36038BDA3F500639842E8D07A
:10243C0003F580639842E4D0E3681B044FF000007E
:10244C00E5D400EB5500B0FBF5F080B2A06038BDD0
:10245C00084B20F480629A4204D0A3F514439842AE
:10246C00CFD0E9E70320FFF747FFCDE70078004026
:10247C000050004000100140C36823F4C063C360E7
:10248C00C3680B43C3607047C36823F48053C360B5
:10249C00C3680B43C3607047036923F44053036163
:1024AC0003690B4303617047C36843F40053C36073
:1024BC00704700BFC36823F008030B43C360704729
:1024CC00C36823F004030B43C36070474068C0F338
:1024DC0008007047436923F080030B434361704746
:1024EC004FEA911C01225CF8003001F01F018A4078
:1024FC0023EA02034CF80030704700BF8A0910B47D
:10250C0001F01F01145801238B40234313505DF835
:10251C00044B7047C1F389138A0D30B41D581458FD
:10252C00C1F30443012202FA03F0204006D001F06B
:10253C001F018A402A4214BF0120002030BC704782
:10254C004FEA915C01225CF80030C1F304418A40EF
:10255C0023EA02034CF80030704700BF002103E06F
:10256C000A4B5B584350043109480A4B42189A42B3
:10257C00F6D3094A02E0002313600432074B9A4257
:10258C00F9D300F00FF8FFF7B5F97047302C0008BD
:10259C00000000203000002030000020500B0020F4
:1025AC00FEE700005B495C4AD1F8883010B443F474
:1025BC007003C1F88830D2F8003843F0010383B0BF
:1025CC00C2F80038D2F800389907FBD5D2F8083891
:1025DC00002143F08003C2F808380191019B4F2B76
:1025EC0005D8019B01330193019B4F2BF9D94A4A22
:1025FC00D2F80838002143F09003C2F80838019152
:10260C00019B4F2B05D8019B01330193019B4F2B51
:10261C00F9D94149414CD1F8083823F00303C1F8EA
:10262C000838D1F8002822F0847222F48032C1F8E4
:10263C000028D1F80028002022F48022C1F80028BC
:10264C00C1F80808D1F80828C1F80448C1F80C08EA
:10265C00D1F8002842F480324FF6FF73C1F80028FD
:10266C0001E0013B03D0D1F800289203F9D52A4BA5
:10267C00D3F8002894034CD5D3F84028284929488E
:10268C0042F08052C3F840280A6842F440420A6083
:10269C00D3F80828C3F80828D3F8082842F40042D5
:1026AC00C3F80828D3F8082842F4A052C3F8082825
:1026BC00C3F80408D3F8002842F08072C3F800284D
:1026CC00D3F800289001FBD5154A136843F48033E6
:1026DC0013605368D903FCD51368114943F40033D4
:1026EC0013604B689A03FCD50B4AD2F8083823F0D8
:1026FC000303C2F80838D2F8083843F00203C2F8D2
:10270C000838D2F808381B07FBD503B05DF8044B2A
:10271C007047FEE700ED00E000300240103000246E
:10272C0000700040196440092DE9F047089D0C46E3
:10273C00002B4ED194468C458646B2FA82F262D971
:10274C004AB1C2F12003914020FA03F30CFA02FCC7
:10275C00194300FA02FE4FEA1C471FFA8CF6B1FB34
:10276C00F7F44FEA1E4307FB141143EA014304FB41
:10277C0006F199420AD91CEB030304F1FF3080F0F7
:10278C001381994240F21081023C6344591A1FFA9A
:10279C008EF3B1FBF7F007FB101143EA014300FB8A
:1027AC0006F69E420AD91CEB030300F1FF3180F0C0
:1027BC00FD809E4240F2FA80634402389B1B40EA43
:1027CC00044000211DB1D3400022C5E90032BDE810
:1027DC00F0878B4205D90DB1C5E9000100210846EF
:1027EC00F5E7B3FA83F1002946D1A34202D3904214
:1027FC00C0F0F180861A64EB03030120002DE6D0B3
:10280C00C5E90063E3E7002A40F09180A1EB0C04DA
:10281C004FEA1C481FFA8CF70121B4FBF8F64FEA7B
:10282C001E4308FB164443EA044307FB06F0984298
:10283C0008D91CEB030306F1FF3402D2984200F2D4
:10284C00CE8026461C1A1FFA8EF3B4FBF8F008FB58
:10285C00104443EA044300FB07F79F4208D91CEBE2
:10286C00030300F1FF3402D29F4200F2B1802046F4
:10287C00DB1B40EA0640A5E7C1F120068B4022FA9B
:10288C0006F71F4320FA06FC04FA01F343EA0C0393
:10289C00F44000FA01F8380C4FEA1349B4FBF0FE8F
:1028AC001FFA87FC00FB1E4449EA04440EFB0CF99A
:1028BC00A14502FA01F20AD93C190EF1FF3A80F057
:1028CC008580A14540F28280AEF1020E3C44A4EB1F
:1028DC0009041FFA83F9B4FBF0F300FB134449EA33
:1028EC00044403FB0CFCA44507D93C1903F1FF304D
:1028FC0068D2A44566D9023B3C4443EA0E40A0FB97
:10290C000293A4EB0C049C42CE469C4652D34FD06F
:10291C0055B1B8EB0E0364EB0C0404FA06F6CB408D
:10292C00CC401E43C5E900640021BDE8F087C2F12C
:10293C00200320FA03F10CFA02FC24FA03F394406E
:10294C000C434FEA1C4800FA02FE1FFA8CF7B3FB4B
:10295C00F8F008FB1031230C43EA014300FB07F1AC
:10296C00994208D91CEB030300F1FF362CD2994293
:10297C002AD9023863445B1AA4B2B3FBF8F108FB02
:10298C00113344EA034401FB07F3A34208D91CEBBF
:10299C00040401F1FF3613D2A34211D90239644465
:1029AC00E41A41EA004138E70446EFE6084605E739
:1029BC00C845ADD2B9EB020E63EB070C0138A7E7A3
:1029CC003146EDE7034698E73046D4E7D6467EE736
:1029DC00634402384CE70646234608460EE7023E9F
:1029EC0063442FE7F8B500BFF8BC08BC9E4670479F
:0C29FC00F8B500BFF8BC08BC9E46704750
:102A08000000000000000000010203040607080996
:102A1800000000000102030400C0C101C30302C298
:102A2800C60607C705C5C404CC0C0DCD0FCFCE0E06
:102A38000ACACB0BC90908C8D81819D91BDBDA1A76
:102A48001EDEDF1FDD1D1CDC14D4D515D71716D6E6
:102A5800D21213D311D1D010F03031F133F3F23256
:102A680036F6F737F53534F43CFCFD3DFF3F3EFEC6
:102A7800FA3A3BFB39F9F83828E8E929EB2B2AEA36
:102A8800EE2E2FEF2DEDEC2CE42425E527E7E626A6
:102A980022E2E323E12120E0A06061A163A3A26216
:102AA80066A6A767A56564A46CACAD6DAF6F6EAE86
:102AB800AA6A6BAB69A9A86878B8B979BB7B7ABAF6
:102AC800BE7E7FBF7DBDBC7CB47475B577B7B67666
:102AD80072B2B373B17170B05090915193535292D6
:102AE80096565797559594549C5C5D9D5F9F9E5E46
:102AF8005A9A9B5B99595898884849894B8B8A4AB6
:102B08004E8E8F4F8D4D4C8C448485458747468625
:102B1800824243834181804000C1814001C080419D
:102B280001C0804100C1814001C0804100C1814095
:102B380000C1814001C0804101C0804100C1814085
:102B480000C1814001C0804100C1814001C0804175
:102B580001C0804100C1814001C0804100C1814065
:102B680000C1814001C0804100C1814001C0804155
:102B780001C0804100C1814000C1814001C0804145
:102B880001C0804100C1814001C0804100C1814035
:102B980000C1814001C0804101C0804100C1814025
:102BA80000C1814001C0804100C1814001C0804115
:102BB80001C0804100C1814000C1814001C0804105
:102BC80001C0804100C1814001C0804100C18140F5
:102BD80000C1814001C0804100C1814001C08041E5
:102BE80001C0804100C1814001C0804100C18140D5
:102BF80000C1814001C0804101C0804100C18140C5
:102C080000C1814001C0804100C1814001C08041B4
:082C180001C0804100C18140B0
:082C200014FBFF7F010000001E
:042C28004902000855
:042C2C002102000879
:102C300001000000FFFF010020002C010000000047
:102C4000010000000000000000000000000800007B
:102C50000100000040000000000000000000030030
:040000050800256961
:020000040800F2
:1080000000000320E1CE010825CF010825CF01089B
:1080100025CF010825CF010825CF01080000000069
:1080200000000000000000000000000025CF010853
:1080300025CF01080000000025CF0108B5FE00088B
:1080400025CF010825CF010825CF010825CF01083C
:1080500025CF010825CF010825CF010825CF01082C
:1080600025CF010825CF010825CF010825CF01081C
:1080700025CF01085D580108F92C010801190108F4
:1080800025CF01084D00010825CF010825CF0108A3
:1080900025CF010825CF010825CF010825CF0108EC
:1080A00025CF010825CF010825CF010825CF0108DC
:1080B00025CF010825CF010825CF010825CF0108CC
:1080C00025CF010825CF010825CF010825CF0108BC
:1080D00025CF0108393F0108C5FE0008412B0108E2
:1080E00025CF010825CF010825CF010825CF01089C
:1080F00025CF010825CF010825CF010825CF01088C
:1081000025CF010825CF010825CF010825CF01087B
:108110004917010825CF010825CF0108FD9901085D
:1081200025CF0108D95F010825CF010825CF010817
:1081300025CF010825CF010825CF010825CF01084B
:1081400025CF010825CF010825CF010825CF01083B
:1081500025CF010809050108ED4001085103010878
:1081600025CF010825CF010825CF010825CF01081B
:1081700025CF010825CF010825CF01080000000008
:1081800025CF010825CF010825CF010825CF0108FB
:1081900025CF010825CF010825CF010800000000E8
:0C81A00025CF010825CF010825CF0108DC
:1081AC0053B94AB9002908BF00281CBF4FF0FF3152
:1081BC004FF0FF3000F00CB8ADF1080C6DE904CEB7
:1081CC0014F086FFDDF804E0DDE9022304B070470B
:1081DC00704700BF0348044B834202D0034B03B1EA
:1081EC0018477047EC0A0020EC0A00200000000041
:1081FC000548064B1B1AD90F01EBA301491002D0FD
:10820C00034B03B118477047EC0A0020EC0A00201E
:10821C000000000010B5064C237843B9FFF7DAFFD5
:10822C00044B13B10448AFF300800123237010BD3D
:10823C00EC0A0020000000002CD4010808B5054B06
:10824C001BB105490548AFF30080BDE80840FFF7B6
:10825C00CFBF00BF00000000F00A00202CD40108A2
:10826C002DE9F04F95B072B6774A1388013B138015
:10827C0062B6764D76492868764C431C81FB032107
:10828C00DA17C2EB61124FF4967101FB12332B60BB
:10829C00714A237832F8102053B9A52A25D072B62A
:1082AC006E4A13880133138062B615B0BDE8F08FA7
:1082BC00012BF4D16A490B78012B25D0022B55D018
:1082CC00032B45D0042BEAD1664B674867491B78D2
:1082DC0090F800A049782BB1B2F5807F28BF00221E
:1082EC008A4267D000232370D9E75D485E49604D10
:1082FC000B70012202702B705A485C4B227043F6B3
:10830C007F3102701980CAE7FF2A11D85748564CA2
:10831C00D3B2237004786340564CE55C564CE45C55
:10832C0043784570634003707AB102230B70B6E753
:10833C004E4B514A18784F4D125C2D5C58784A4C74
:10834C005D7042401A700023237003230B70A6E764
:10835C00464BB2F5807F1B7828BF00229A4202D090
:10836C00404B00221A7004230B7098E7404D434B8E
:10837C0028783E4C424EA3FB0073B2F5807F00EB95
:10838C00D31328BF002203F0FF03D2B2F254237898
:10839C005A40384B01309E5C374BC0B228709D5C04
:1083AC00314B1A78637866706B40824223707FF48D
:1083BC0076AFCAE7BAF1000F94D0314D2B78002B71
:1083CC0064D1BAF1020F8DD92E4B1E78002E89D1B3
:1083DC0069780139C9B2022984D81C222A4BAD789C
:1083EC0001FB02F298189A5C002D40F08B811AB1B7
:1083FC0000220576426002611C2202FB0132224BF4
:10840C00177B00201A46814200F1010016D0157B23
:10841C00BD4213D11C2601FB06F69D19D5F808C0E8
:10842C00C2F808C0D5F804C0C2F804C09E5D16702E
:10843C002E6916616D69556100251576032802F1C8
:10844C001C02E0D14EE700BF5C52012060520120BB
:10845C00B5814E1BD14A012068520120BE0A002072
:10846C00BA0A0020B40A0020CF4A0120B80A002022
:10847C00D04A01207CEB01087CEC010881808080D3
:10848C00D0490120E40A002080010020A32B00F237
:10849C00D3803F2B7FF626AF403B632B3FF622AFBA
:1084AC0001A252F823F000BF65BB0008D3BA000844
:1084BC0039BC0008B9B9000805B60008C1B40008F9
:1084CC00D1B200088DB10008019D0008F1820008AE
:1084DC00F1820008F1820008F1820008F1820008A4
:1084EC00F1820008F1820008F1820008F182000894
:1084FC00F1820008F1820008F1820008F182000884
:10850C00F1820008F1820008F1820008F182000873
:10851C00F1820008F1820008F1820008F182000863
:10852C00F1820008F1820008F1820008F182000853
:10853C00F1820008F1820008F1820008F182000843
:10854C00F1820008F1820008F1820008F182000833
:10855C00F1820008F1820008F1820008F182000823
:10856C00F1820008F1820008F1820008F182000813
:10857C00F1820008F1820008F1820008F182000803
:10858C00F1820008F1820008F1820008F1820008F3
:10859C00F1820008F1820008F1820008F1820008E3
:1085AC00F1820008F1820008F1820008F1820008D3
:1085BC00F1820008F1820008F1820008F1820008C3
:1085CC00F1820008F1820008F1820008F1820008B3
:1085DC00F1820008F1820008F1820008F1820008A3
:1085EC00F1820008F1820008F1820008F182000893
:1085FC00F1820008F1820008F1820008F182000883
:10860C00F1820008F1820008F1820008F182000872
:10861C00F1820008F1820008F1820008F182000862
:10862C00F1820008F1820008919C0008BDA20008AC
:10863C00559A00086B87000803F13002D2B22B2A3E
:10864C003FF650AED03B2B2B3FF64CAE01A252F86E
:10865C0023F000BF57900008F1820008F182000857
:10866C00F1820008F1820008F1820008F182000812
:10867C00F1820008F1820008F1820008F182000802
:10868C00F1820008F1820008F1820008F1820008F2
:10869C00F1820008F1820008F1820008F1820008E2
:1086AC00F1820008F1820008F1820008F1820008D2
:1086BC00F1820008F1820008F1820008F1820008C2
:1086CC00F1820008F1820008F1820008F1820008B2
:1086DC00F1820008F1820008F1820008099000087C
:1086EC00F1820008958F0008B58C0008F182000813
:1086FC00F1820008F1820008F1820008F787000877
:10870C00DF87000822B14FF07E520676426002618C
:10871C001C2202FB0132B64B177B00201A46814209
:10872C0000F1010016D0157BBD4213D11C2601FBB4
:10873C0006F69D19D5F808C0C2F808C0D5F804C0D3
:10874C00C2F804C09E5D16702E6916616D69556184
:10875C0000251576032802F11C02E0D1C2E5BAF11E
:10876C00030F7FF6BFADA34AA34B16781A88A34B11
:10877C0068781F7829796B88002F7FF4B3AD5BBACA
:10878C00013B022E9BB200F0E9809D4A16789D4A6F
:10879C00022E128800F0D5809B4A16789B4A022E36
:1087AC00128800F0BF809A4A16789A4A022E1288D4
:1087BC007FF498AD04287FF495AD9342BFF492AD4D
:1087CC0003293FF68FADDFE811F0A1002B02140254
:1087DC003902BFF34F8F9049904BCA6802F4E062A4
:1087EC001343CB60BFF34F8FFEE7BAF1010F3FF499
:1087FC0079AD95F801E08A4B8A4A8B49BEF1000E9F
:10880C0018BF4FF0010E83F800E0138881F801E0E7
:10881C00002B3FF467AD91F800A0DFF83CB2834920
:10882C00BBF80090013B13808AF0FB00804A814B1F
:10883C00D3F80080135C085C8EEA030383F02103F9
:10884C0008F1010CD55C7C4ACE5C12880096511D57
:10885C0009F1010989B2ABF80090DCF10009029131
:10886C0009F01F09734980EA05000CF01F0C58BF72
:10887C00C9F1000C0190571C961CD51C101DC1F899
:10888C0000C002994FF49663BFB2B6B2ADB280B2DB
:10889C00B2FBF3FCB7FBF3F903FB1C2C03FB1977BE
:1088AC00B6FBF3F903FB1966B5FBF3F903FB19559A
:1088BC00B0FBF3F903FB1900B1FBF3F903FB19133C
:1088CC00DFF898915D4929F818201FFA8CFC1FFAE3
:1088DC0083FB594BB6B20632BFB2ADB280B24FF089
:1088EC00A50901F80C901A804FF0020C019B544A18
:1088FC0001F807C001F806A001F805E0009E0B5432
:10890C00062301F80B6002F80830EBE44D4A142101
:10891C00C3F3080301FB0323002200211A609A60B1
:10892C001974DFE403287FF43EAF9342BFF4DAAC52
:10893C0003293FF6D7ACDFE811F04F0141012A01C2
:10894C00020102287FF428AF9342BFF4CBAC032979
:10895C003FF6C8ACDFE801F09184360F01287FF4B4
:10896C0014AF9A427FF61FAF03293FF61CAFDFE826
:10897C0001F0DDCFB890AA799FED336ADFED336A51
:10898C009FED335A07EE902AF8EE677A6A7967EE14
:10899C00867A07EE102A76EEE76A2E4AC5EE265A3C
:1089AC00C3F30803142101FB032300221A74B8EE4D
:1089BC00477AC3ED017A27EE067AC3ED035A83EDAD
:1089CC00007A8FE46A799FED207A07EE902A214A8B
:1089DC00F8EE677AC3F30803142101FB032367EE57
:1089EC00877A0022C3ED007AC3ED027A1A7479E417
:1089FC00800100208C0A0020AE1A0120E40A00201D
:108A0C005408002062CF00201C0600201684002091
:108A1C00E4030020CA38002000ED00E00400FA0551
:108A2C00F01B0020BC0A0020500100207CEB010848
:108A3C007CEC0108A04F0120E64A0120E84A012005
:108A4C00A44F0120D03800208180803B5C8F823F76
:108A5C0017B7D13868CF0020984F0120C44F0120A0
:108A6C008A4A1421C3F3080301FB03234FF07E52FF
:108A7C0000211A609A60197434E4844A1421C3F3F7
:108A8C00080301FB0323002200211A609A60197469
:108A9C0028E4AA79DFED7E6A9FED7E7ADFED7E5ABF
:108AAC0007EE902AF8EE677A6A7967EEA67AC3F336
:108ABC00080637EE677A4FF0140C85EE876A07EEDE
:108ACC00102A764AB8EE477A0CFB062227EE267A55
:108ADC00002682ED007AC2ED017A82ED036A1674EB
:108AEC0061E66A799FED6A7A07EE902A6B4AF8EE96
:108AFC00677AC3F308064FF0140C0CFB062267EEE2
:108B0C00877A0026C2ED007AC2ED027A16744AE624
:108B1C00624AC3F308064FF0140C0CFB06224FF00C
:108B2C007E5616609660002616743CE65B4AC3F3CC
:108B3C0008064FF0140C0CFB06220026F1E7AA796C
:108B4C009FED536ADFED536A9FED535A07EE902A5F
:108B5C00F8EE677A6A7967EE867A07EE102A76EE77
:108B6C00E76A4F4AC5EE265AC3F30803142101FBEA
:108B7C00032300221A74B8EE477AC3ED017A27EE6C
:108B8C00067AC3ED035A83ED007AFFF7ABBB6A7923
:108B9C009FED3F7A07EE902A414AF8EE677AC3F3CD
:108BAC000803142101FB032367EE877A0022C3ED2F
:108BBC00007AC3ED027A1A74FFF794BB384A142179
:108BCC00C3F3080301FB03234FF07E5200211A600C
:108BDC009A601974FFF786BB314A1421C3F308035A
:108BEC0001FB0323002200211A609A601974FFF71D
:108BFC0079BB6A799FED267A07EE902A294AF8EE1E
:108C0C00677AC3F30803142101FB032367EE877A09
:108C1C000022C3ED007AC3ED027A1A74FFF762BB2F
:108C2C00204A1421C3F3080301FB03234FF07E52A7
:108C3C0000211A609A601974FFF754BBAA799FED52
:108C4C00146ADFED146A9FED145A07EE902AF8EEC1
:108C5C00677A6A7967EE867A07EE102A76EEE76A0B
:108C6C00104AC5EE265AC3F30803142101FB032353
:108C7C0000221A74B8EE477AC3ED017A27EE067A11
:108C8C00C3ED035A83ED007AFFF72CBB68CF0020AD
:108C9C008180803B5C8F823F17B7D138BC1A012092
:108CAC001C840020D0380020C64A1388002B3FF4C7
:108CBC0019AB013B1380C44BC4491A88D1F800800E
:108CCC00D31D11461FFA83FA02F1080302F1010EBB
:108CDC0002F1020CD71C161D551D901D9AB201F104
:108CEC0009039BB2029301F10A031FFA83F901F104
:108CFC000B03CDF80C901FFA83F901F10C03CDF89E
:108D0C0010901FFA83F901F10D03CDF814901FFA9E
:108D1C0083F901F10E03CDF818901FFA83F901F1D4
:108D2C000F03CDF81C901FFA83F901F11003CDF855
:108D3C0020901FFA83F901F11103CDF824901FFA4A
:108D4C0083F901F11203CDF828901FFA83F901F190
:108D5C001303CDF82C901FFA83F901F1140301923F
:108D6C00CDF830909A4A00911FFA83F901F115035E
:108D7C00CDF834901FFA83F9CDF83890B2F8009002
:108D8C0001F1160309F1010908F10101A2F80090A3
:108D9C00D1F100098D4A09F01F0901F01F0158BFDC
:108DAC00C9F100011160009A1FFA83FB4FF496631E
:108DBC001FFA8EFEB2FBF3F11FFA8CFC03FB1121A0
:108DCC00BFB2019AB6B2ADB280B21FFA81F9BEFB46
:108DDC00F3F103FB11EEBCFBF3F103FB11CCB7FB7E
:108DEC00F3F103FB1177B6FBF3F103FB1166B5FB53
:108DFC00F3F103FB1155B0FBF3F103FB1100BAFBCC
:108E0C00F3F103FB11A11FFA81FAB2FBF3F103FB9F
:108E1C001121029A89B20191B2FBF3F103FB1121EA
:108E2C00039A89B20291B2FBF3F103FB1121049A6C
:108E3C0089B20391B2FBF3F103FB11218AB20492C4
:108E4C00059AB2FBF3F103FB11218AB20592069A43
:108E5C00B2FBF3F103FB1121079A89B20691B2FB25
:108E6C00F3F103FB11218AB20792089AB2FBF3F1DA
:108E7C0003FB11218AB20892099AB2FBF3F103FBAE
:108E8C0011218AB209920A9AB2FBF3F103FB112168
:108E9C000B9A89B20A91B2FBF3F103FB11218AB24E
:108EAC000B920C9AB2FBF3F103FB11218AB20C92D8
:108EBC000D9AB2FBF3F103FB11218AB20D920E9ABB
:108ECC00B2FBF3F103FB11218AB2BBFBF3F103FB01
:108EDC0011B39BB23F490E920F93009A3E4B21F86F
:108EEC0018201FFA8EFE38494FF0A50B03F809B075
:108EFC0017321FFA8CFCBFB2B6B24FF0130903F84D
:108F0C000E900A80ADB200214FF0F50E03F80CE084
:108F1C0080B2D9559955C02159550B211954019836
:108F2C00062103F80A1004211954029903986722A8
:108F3C005A54642119540498332119540598322138
:108F4C001954069866211954079834211954089815
:108F5C00352119540998302119540A98762119543D
:108F6C000B995A540C9974225A540D9936225A540E
:108F7C000E9945225A540F9942225A54174A1723D4
:108F8C0002F80830FFF7AEB9154B164A1B780021D2
:108F9C001172117582F8201082F82C10002B7FF4BE
:108FAC00A1A9114A114912480B701376114982F884
:108FBC00343082F85030104A03700B701370FFF786
:108FCC0091B900BFBC0A0020E64A0120A04F012045
:108FDC00984F0120C44F0120E84A0120A44F0120E2
:108FEC00E40A00205C1C0020800100208E0A012075
:108FFC0042BF0020F6730020AA280020BAF1340FDB
:10900C007FF470A9A04B6A78D5F802009F4E1A70B5
:10901C00B5F807309E4F01BA5BBA31609D4E3B806C
:10902C00012AAB79337000F00B81002A70D1002833
:10903C006BD0072B69D8DFE813F0F6047D086B08BA
:10904C0064085D084A0837085700BAF1020F7FF62A
:10905C0049A9914B1B78002B7FF444A96A78013AFB
:10906C00D2B2022A3FF63EA9A97891BB1C208B4BA9
:10907C0002FB00F01D18185C18B1297600216960FC
:10908C0029611C2101FB0231844B0F7B0020194606
:10909C00824200F1010016D00D7BBD4213D11C267B
:1090AC0002FB06F69D19D5F808C0C1F808C0D5F822
:1090BC0004C0C1F804C09E5D0E702E690E616D690E
:1090CC004D6100250D76032801F11C01E0D1FFF75D
:1090DC0009B9013904293FF605A9DFE811F0B007F9
:1090EC0063070901500083006D4813F029FE6C489A
:1090FC004FF4805113F076FE69484FF4005113F091
:10910C0079FE6748002113F065FE664B00221A7049
:10911C00654B00261E7072B6644B654A1E60654B2B
:10912C0016604FF496721A80634B1E8062B6634BC6
:10913C006A7A1A70B5F80F30DFF8B0C16049D5F80B
:10914C000A00604F5BBAACF80030AB7B0B70012AA5
:10915C0001BA396000F00584002A40F036810028FD
:10916C0000F03081072B00F22D81DFE813F01D0495
:10917C004B043A0433042D045F011A01D703BAF1EE
:10918C00030F3FF4AFA81C21444BE87802FB01F11C
:10919C005854194400204860086100200F7B087661
:1091AC001946824200F1010016D00D7BBD4213D14D
:1091BC001C2602FB06F69D19D5F808C0C1F808C09C
:1091CC00D5F804C0C1F804C09E5D0E702E690E6106
:1091DC006D694D6100250D76032801F11C01E0D16C
:1091EC00FFF780B8BAF1030F3FF47CA82B4BEF7854
:1091FC001C2101FB023100200F73087619468242B4
:10920C0000F1010016D00D7BBD4213D11C2602FBD0
:10921C0006F69D19D5F808C0C1F808C0D5F804C0E9
:10922C00C1F804C09E5D0E702E690E616D694D61B2
:10923C0000250D76032801F11C01E0D1FFF752B88F
:10924C002149174813F07CFD1548002113F0CAFD85
:10925C001348002113F0CEFD1148002113F0BAFD84
:10926C001A491B4A1B4800230B70052111701A4A1E
:10927C001A4913601A4A0B604021118019491A4A85
:10928C0003700B80137043E78C0A0020880A0020BF
:10929C00AE1A0120B01A0120E40A0020800100203F
:1092AC00001401409E0A01209D0A012074470120F0
:1092BC00704701208E0A00206C47012054080020C2
:1092CC0064CF00205008002040420F008F0A01207C
:1092DC00850A0020900A0120A8170120A41701205C
:1092EC00860A0020A0170120760A012062CF0020F8
:1092FC00BAF1040F7EF6F6AF1C208C4B02FB00F08B
:10930C001918185C28B3EE782D79042807EE906AAA
:10931C0007EE105A00F014839FED856ADFED856A25
:10932C009FED855AB8EE477AF8EE677A27EE067A03
:10933C0067EE867A76EEC76A81ED027AC5EE265A1A
:10934C00C1ED017AC1ED055A1C2101FB023100204F
:10935C0008761C2101FB0231744B0F7B002019464F
:10936C00824200F1010016D00D7BBD4213D11C26A8
:10937C0002FB06F69D19D5F808C0C1F808C0D5F84F
:10938C0004C0C1F804C09E5D0E702E690E616D693B
:10939C004D6100250D76032801F11C01E0D1FEF78B
:1093AC00A1BF664813F0CCFC6448002113F01AFDF1
:1093BC0062484FF4005113F01DFD60484FF4C0613A
:1093CC0013F008FD5E4B00221A705E4B00261E70D7
:1093DC0072B65D4B5D4A1E605D4B16604FF4967223
:1093EC001A805C4B1E8062B65B4B6A7C1A70B5F8B7
:1093FC001730DFF8BCC15949D5F81200584F5BBA89
:10940C00ACF80030AB7D0B70012A01BA39606AD020
:10941C0092BB70B3072B2CD8DFE813F01602440272
:10942C0033022C022602A1018F011A00434813F0CB
:10943C0087FC4248002113F0D5FC40484FF4005102
:10944C0013F0D8FC3D484FF4806113F0C3FCB9E72E
:10945C00444813F075FC43484FF4805113F0C2FCA0
:10946C0040484FF4005113F0C5FC3E48002113F066
:10947C00B1FC3D4B00221A703C4B00261E7072B69C
:10948C003B4B3C4A1E603C4B16604FF496721A8064
:10949C003A4B1E8062B63A4B6A7E1A70B5F81F3092
:1094AC00DFF810C13749D5F81A00374F5BBAACF862
:1094BC000030AB7F0B70012A01BA396000F01A81C1
:1094CC00002A40F08D80002800F08780072B00F2E6
:1094DC008480DFE813F0A201A801910180017A01D8
:1094EC006801560171001F48284913F029FC1D48DA
:1094FC00314613F077FC1B48314613F07BFC1948BE
:10950C00314613F067FC224B224A1E70224B167018
:10951C0005221A70214B224A1E60224B16604022F3
:10952C001A80214A214B16801E70A5E7800100206D
:10953C008180803B5C8F823F17B7D138004C004054
:10954C0052BF002051BF002020FC00201CFC00203A
:10955C005608002018FC00201C060020188400204F
:10956C0018060020004800400674002005740020F6
:10957C00D4B00020D0B000201E060020CCB00020BB
:10958C00E4030020CC380020E003002040420F0010
:10959C00F7730020F87300201506002010810020BE
:1095AC000C8100201606002008810020DE730020AC
:1095BC0016840020CA380020C34813F0C1FBC248EF
:1095CC004FF4805113F00EFCBF484FF4005113F0D0
:1095DC0011FCBD48002113F0FDFBBC4B00221A709E
:1095EC00BB4B0020187072B6BA4BBB4A1860BB4B11
:1095FC0010604FF496721A80B94B188062B6B94F4E
:10960C009FEDB97A4FF0000939462122FF26844696
:10961C00931C93FBF6FECEEB0E2EA3EB0E0315F86C
:10962C000280EB5CC1F8089007EE903A531CF8EE00
:10963C00677A93FBF6FECEEB0E2EA3EB0E0367EED2
:10964C00877AEB5C0B70C1ED017AC1ED047A81F87D
:10965C000C803B464FF0000E70450EF1010E19D0F8
:10966C0093F80CA0C24515D1D1F808A0C3F808A0F6
:10967C00D1F804A0C3F804A091F800A083F800A0CE
:10968C00D1F810A0C3F810A0D1F814A0C3F814A0FE
:10969C0083F818C0BEF1030F03F11C03DCD10130B9
:1096AC000332032892FBF6F3C3EB032301F11C01F5
:1096BC00A2EB0302ACD18D489FED8B7A0021FF26E3
:1096CC00AB5C07EE903AF8EE677A013167EE877A79
:1096DC0001320A2992FBF6F3C3EB0323C0ED027AA5
:1096EC00A2EB030200F11000EAD1814B00221A70A8
:1096FC00FEF7F8BD74487F4913F022FB72483146DF
:10970C0013F070FB7048314613F074FB6E48314611
:10971C0013F060FB784B794A1E70794B167005225A
:10972C001A70784B784A1E60784B166040221A806B
:10973C00774A784B16801E7052E7774813F000FB7F
:10974C007548002113F04EFB73484FF4005113F091
:10975C0051FB71484FF4C06113F03CFB89E66E4835
:10976C0013F0EEFA6C48002113F03CFB6A484FF4FE
:10977C00005113F03FFB68484FF4806113F02AFB53
:10978C0077E6514813F0DCFA4F48002113F02AFB1E
:10979C004D484FF4005113F02DFB4B484FF4C06172
:1097AC0013F018FB19E7484813F0CAFA4648002191
:1097BC0013F018FB44484FF4005113F01BFB4248C4
:1097CC004FF4806113F006FB07E73F4813F0B8FA3B
:1097DC003D480021F6E63C4813F0B2FA3A484FF403
:1097EC00805113F0FFFA3848002113F003FB364880
:1097FC00002113F0EFFAF0E6334813F0A1FA3248E7
:10980C00002113F0EFFA3048002113F0F3FA2E4840
:10981C004FF4C06113F0DEFADFE62B4813F090FA38
:10982C0029480021DDE7284813F08AFA2648002150
:10983C0013F0D8FA2448002113F0DCFA22484FF434
:10984C00806113F0C7FAC8E6334813F079FA32484E
:10985C00002113F0C7FA3048002113F0CBFA2E4840
:10986C00002113F0B7FA04E62B4813F069FA2A48E2
:10987C000021F3E5284813F063FA27484FF4805190
:10988C00E7E7254813F05CFA2348002113F0AAFA05
:10989C002148002113F0AEFA1F484FF4C06113F0B9
:1098AC0099FAE6E51C4813F04BFA1B48002113F01B
:1098BC0099FA1948002113F09DFA17484FF480616A
:1098CC0013F088FAD5E500BF00100140BA2800203B
:1098DC00B92800208865002084650020E60300205C
:1098EC0080650020800100208180803B8C0000205E
:1098FC00E40A002040420F00AB280020AC280020D6
:10990C00DD030020C4350020C0350020DE0300201C
:10991C00BC3500209228002000480040B74813F0C6
:10992C000FFAB6484FF4805113F05CFAB3484FF479
:10993C00005113F05FFAB148002113F04BFA41E5E6
:10994C00F8EE677A9FEDAE7A67EE877A0020F5EE37
:10995C00407AF1EE10FA18BF4FF07E504860086163
:10996C00F2E4A648A74913F0EBF9A448314613F0EA
:10997C0039FAA248314613F03DFAA048314613F0AB
:10998C0029FAA14BA14A1E70A14B167005221A7020
:10999C00A04BA14A1E60A14B166040221A80A04A1F
:1099AC00A04B16801E7010E5944813F0C9F993482B
:1099BC00002113F017FA9148002113F01BFA8F487D
:1099CC00002113F007FAFDE48C4813F0B9F98B4829
:1099DC000021A9E7894813F0B3F988484FF4805166
:1099EC00E7E7864813F0ACF98448002113F0FAF944
:1099FC008248002113F0FEF980484FF4C06113F047
:109A0C00E9F9DFE47D4813F09BF97C48002113F061
:109A1C00E9F97A48002113F0EDF978484FF48061A8
:109A2C0013F0D8F9CEE4804813F08AF97E4800216F
:109A3C0013F0D8F97C48002113F0DCF97A480021A6
:109A4C0013F0C8F9FFF761BBBAF1020F7EF64AAC0E
:109A5C00764B77491A786B780D78002A7EF442ACF5
:109A6C0015B9012B00F03885724A15780DB9022B07
:109A7C0049D0714A157815B9032B00F081806F4AD3
:109A8C001578002D7EF42EAC042B7EF42BAC6C4898
:109A9C006C4E022112F04AFDAAF10203DBB26A48B5
:109AAC00013B2A463146013210F8015F21F8025B76
:109ABC009A42F8DD654D6648AE6001339BB20721D2
:109ACC00EB6112F003F92A466148072112F030F9D4
:109ADC005F48072112F076F904225D48072112F045
:109AEC0085F95C48802113F0A3F91022584807210E
:109AFC0012F088F95648072112F06EF9564B0122E4
:109B0C001A70FEF7EFBB5548554E4FF4805112F0CA
:109B1C000DFDAAF10203DBB24B48013B2A4631464C
:109B2C00013210F8015F21F8025B9A42F8DD4D4DCD
:109B3C004D48AE6001339BB20421EB6112F0C6F8C4
:109B4C002A464948042112F0F3F84748042112F040
:109B5C0039F904221146444812F048F9274880216B
:109B6C0013F066F910224048042112F04BF93E48DC
:109B7C00042112F031F93D4B01221A70FEF7B2BBF1
:109B8C003B483C4E4FF4004112F0D0FCAAF10203CA
:109B9C00DBB22D48013B2A463146013210F8015FF9
:109BAC0021F8025B9A42F8DD334D2F48AE60013349
:109BBC009BB20321EB6112F089F82A462A48032153
:109BCC0012F0B6F82848032112F0FCF804222648BB
:109BDC00032112F00BF92948802113F029F91022E6
:109BEC002148032112F00EF91F48032112F0F4F85A
:109BFC00234B01221A70FEF775BB00BF004C0040CE
:109C0C008180803B40420F0043BF002044BF0020B6
:109C1C004D0800205CCC002058CC00204E080020C1
:109C2C0054CC00202ABF002000140140E40A00207C
:109C3C008C0A0020540800201C060020E40300209D
:109C4C00000C0240D0600020D1490120E803002024
:109C5C000064024000100140B828002000080240B7
:109C6C0068F70020580800200060024050BF002018
:109C7C00000402401CAC00202006002000480040DC
:109C8C0004740020BAF10A0F7EF42CABAF4A6B7847
:109C9C001678002E7EF426AB012B00F01E85022BCD
:109CAC0000F0B782032B40F08C82A94BAA78A94F05
:109CBC0029891A70EB79D5F803003B70A64FA74D94
:109CCC0049BA3980012A01BA296000F05782002A6A
:109CDC0040F02881002800F02281072B00F21F8120
:109CEC00DFE813F00E12FC11EA11D811271214122E
:109CFC003A020C01BAF1030F7EF6F4AA6E78013E1B
:109D0C00F6B2092E3EF6EEAAAA78E978931E012B3C
:109D1C0042F27E82101F434243419B00DFF878E2FF
:109D2C00300100900EF800200EEB061277465370AF
:109D3C0000221046134697F804C0B342D8BF02461F
:109D4C00013360440A2BC0B207F11007F3D1009B1A
:109D5C0073441B799942C2F0F381DFF840C29942F7
:109D6C000ED9C0F16400A1EB0308C0B25FFA88F60B
:109D7C00864242F21E821844C1B28B42C2F0178254
:109D8C00009B9E448B186420DBB25F1EB2FBF0F389
:109D9C0000FB1323DAB20CEB420C13468EF80410C2
:109DAC0097FBF0F24FF0FF0800FB12770022042023
:109DBC0018E0461C96FBF8F9C9EB0929A6EB090635
:109DCC000133AE5D0CF8026C1644B2B22E5C003E50
:109DDC0018BF012602300CF8016C90FBF8F6C6EBAC
:109DEC000626801B9F42AEF802200CF1020CE0DA32
:109DFC005B4B5C4A012018701388002B3EF472AA4E
:109E0C00DFF89CE1013B1380DEF80020564B0293F7
:109E1C001E880392531C5F4207F01F0730444FF417
:109E2C00966803F01F0380B258BF7B428AF07F0B09
:109E3C00CEF800304D4AB0FBF8F308FB13004C4B46
:109E4C0012F80B700093B6FBF8F913F80B30019372
:109E5C0008FB19694FF0FF0BBAFBFBFBD3441FFA4D
:109E6C0080FE1FFA89F943480BF0FF0B4FF0A50C4D
:109E7C000BF1FF3300F809C087F03B0700F80EA088
:109E8C0004934FF0000E15E015F80EA0019B87EA25
:109E9C000A09BCFBF8F708FB17C7BFB200F807A00C
:109EAC0012F809707B401F46009B13F80930019390
:109EBC000EF1010E049B0EF102095FFA89F909EB10
:109ECC00060C73451FFA8CFCC2F2A581BEF1030F80
:109EDC00DAD1B14481EA070C1FFA89F7B7FBF8F91C
:109EEC0008FB1977BFB2019BC15512F80C707B406F
:109EFC001F46009B13F80C300193D9E71E4812F053
:109F0C001FFF1D484FF4805112F06CFF1A484FF49C
:109F1C00005112F06FFF1848002112F05BFF174B35
:109F2C0000221A70164A0023137072B6154A16488E
:109F3C0013601649164A03604FF49670088013801C
:109F4C0062B6144A1370FEF7CDB900BFE40A0020C4
:109F5C001C060020188400201684002018060020FF
:109F6C009A0D0020BC0A0020E64A01207CEC010876
:109F7C007CEB0108E84A01200048004006740020F0
:109F8C0005740020D4B00020D0B000201E060020A4
:109F9C00CCB00020F67300208C0000201C1A00208E
:109FAC00A04F0120BAF1030F3EF49CA91C21AB4B2E
:109FBC0002FB01F1595CD1B1E8789FEDA97A07EE6B
:109FCC00900AF8EE677A042967EE877A06D1F5EEE7
:109FDC00407AF1EE10FA18BFF7EE007A1C2101FB63
:109FEC0002310020C1ED017AC1ED047A08761C2102
:109FFC0001FB0231994B0F7B00201946824200F184
:10A00C00010016D00D7BBD4213D11C2602FB06F6B7
:10A01C009D19D5F808C0C1F808C0D5F804C0C1F81E
:10A02C0004C09E5D0E702E690E616D694D61002538
:10A03C000D76032801F11C01E0D1FEF753B91C2168
:10A04C00864B02FB01F15818595C29B14FF07E5137
:10A05C0041600161002101761C2101FB02317F4B23
:10A06C000F7B00201946824200F1010016D00D7BB7
:10A07C00BD4213D11C2602FB06F69D19D5F808C06B
:10A08C00C1F808C0D5F804C0C1F804C09E5D0E70BC
:10A09C002E690E616D694D6100250D76032801F165
:10A0AC001C01E0D1FEF71EB96E4812F049FE6D4856
:10A0BC00002112F097FE6B484FF4005112F09AFEFB
:10A0CC0068484FF4C06112F085FEFFF71EB8654872
:10A0DC0012F036FE6348002112F084FE61484FF402
:10A0EC00005112F087FE5F484FF4806112F072FE4F
:10A0FC00FFF70BB85B4812F023FE5A480021FEF71D
:10A10C00F9BF584812F01CFE56484FF480518FE4AA
:10A11C00544812F015FE5348002112F063FE5148CA
:10A12C00002112F067FE4F484FF4C06112F052FE4E
:10A13C00FEF7EBBF4B4812F003FE4A48002112F029
:10A14C0051FE4848002112F055FE46484FF48061FC
:10A15C0012F040FEFEF7D9BF434812F0F1FD424821
:10A16C00002112F03FFE40484FF4005112F042FE25
:10A17C003D484FF4C06112F02DFED0E63A483B4901
:10A18C0012F0DEFD3848314612F02CFE36483146CE
:10A19C0012F030FE3448314612F01CFE344A354B76
:10A1AC0016701E703449354A354B16600520087000
:10A1BC001E603449344A354B1680402008801E708E
:10A1CC00B0E6042B7EF48EA8314BAA78314F298946
:10A1DC001A70EB79D5F803003B702F4F2F4D49BA0D
:10A1EC003980012A01BA296000F0B883002A40F0B6
:10A1FC00A982002800F0A382072B00F2A082DFE8DE
:10A20C0013F0D0035104400439043304F203E00387
:10A21C008D02234BAA78234F29891A70EB79D5F834
:10A22C0003003B70204F214D49BA3980012A01BAF5
:10A23C00296000F01F82002A40F09F81002800F066
:10A24C009981072B00F29681DFE813F03702FD03AA
:10A25C00EC03E503DF030202F0018301800100201F
:10A26C008180803B001401400048004040420F00B8
:10A27C00F8730020F7730020150600200C810020D5
:10A28C00108100201606002008810020DE730020BB
:10A29C00E4030020CC380020CA380020E003002062
:10A2AC005408002064CF002062CF0020500800200A
:10A2BC00BAF1090F7EF616A8B94BBA4A1B7895F875
:10A2CC0007801278002B7EF40DA8012A00F03A8644
:10A2DC00B54B1B78012B00F02185B44B1B78012B5F
:10A2EC0000F00884B24B1B78012B7DF4FBAFB8F166
:10A2FC00040F7DF4F7AFAF4B2E7A1B78B3427DF68B
:10A30C00F1AFAD4BAD4906EB860203EB42030022E5
:10A31C0013F8015F11F8010F854202F101027DF47F
:10A32C00E1AF062AF4D1A64A1388002B3DF4DAAF2C
:10A33C00013B86F0BF001380A249A34A11F8069096
:10A34C000196115CA14E0096375CA148A14B008888
:10A35C001D6881EA090181F03801AAF1090812F897
:10A36C0001C0765C02964FF440615FFA88F800F108
:10A37C00010EB0FBF1FB01FB1B0B87EA08071FFA70
:10A38C008EFE1FFA8BFB8CEA0707CDF810B000F19C
:10A39C00020CBEFBF1FB01FB1BEE1FFA8CFC1FFA3F
:10A3AC008EFE0397CDF814E0C71CBCFBF1FE01FB3D
:10A3BC001ECC6E1CBFB21FFA8CFCCDF818C0B7FBBC
:10A3CC00F1FC01FB1C77D6F1000C0CF03F0C06F0F5
:10A3DC003F0E58BFCCF1000EC3F800E0039B029E69
:10A3EC0012F803C086EA0C0C784EBFB216F803E0E4
:10A3FC000797049E784F019B4FF0A00B07F806B00F
:10A40C00059EBB55069E6F4B07F80690079E07F8F6
:10A41C000680019E09F1010903F8069008F1FF334B
:10A42C0002936E4B0193031D0393684B4FF000088E
:10A43C00019E16F801BF0196039E4644B6B28CEA03
:10A44C000B09B6FBF1FC01FB1C66B6B212F809C095
:10A45C0007F806B0029E08F1010846458EEA0C0C7E
:10A46C0013F809E0E4DAD5F10008DFF8BC9108F044
:10A47C003F0805F03F05AAF1050358BFC8F10005D8
:10A48C00B9F8008050FA83F39BB208F10108AAF1E5
:10A49C000402A9F80080B3FBF1F801FB183350FA61
:10A4AC0082F29BB292B207F803C0B2FBF1F301FB4C
:10A4BC0013239BB2AAF1030607F803E0484B494A61
:10A4CC0023F81500424B565550FA86F01880464B2F
:10A4DC0010225A55FDF706BF4448454E4FF48041B3
:10A4EC0012F024F8AAF10203DBB24248013B2A46DF
:10A4FC003146013210F8015F21F8025B9342F8DA21
:10A50C003D4D3E48AE6001339BB20621EB6111F02C
:10A51C00DDFB2A463948062111F00AFC3748062192
:10A52C0011F050FC05223548062111F05FFC34482F
:10A53C00802112F07DFC10223048062111F062FCC3
:10A54C002E48062111F048FC2E4B01221A70FDF703
:10A55C00C9BE2D4812F0F4FB2B484FF4805112F079
:10A56C0041FC29484FF4005112F044FC26480021CC
:10A57C0012F030FC254B00221A70254A0023137070
:10A58C0072B6244A244813602449254A03604FF4C8
:10A59C0096700880138062B6224A1370FDF7A2BE33
:10A5AC00E40A00208C0A0020540800201C0600201D
:10A5BC00E40300208E260020981C0020D0490120A6
:10A5CC00DE030020902600207CEC01087CEB0108C7
:10A5DC00BA290020C4350020BC290020D84901200C
:10A5EC004836002008360020C83500200004024000
:10A5FC00BC420120D1490120900A00200064024095
:10A60C00001401409C0A0120004C004052BF002065
:10A61C0051BF002020FC00201CFC0020560800200C
:10A62C0018FC002042BF0020BC350020A54812F0C9
:10A63C0087FBA448002112F0D5FBA2484FF400512F
:10A64C0012F0D8FB9F484FF4C06112F0C3FB91E7A6
:10A65C009C4812F075FB9B48002112F0C3FB9948F3
:10A66C004FF4005112F0C6FB96484FF4806112F083
:10A67C00B1FB7FE79348944912F062FB9148314655
:10A68C0012F0B0FB8F48314612F0B4FB8D483146C6
:10A69C0012F0A0FB8D4A8E4B16701E708D498E4A9F
:10A6AC008E4B1660052008701E608D498D4A8E4BAE
:10A6BC001680402008801E705FE7824812F040FB35
:10A6CC008048002112F08EFB7E48002112F092FB94
:10A6DC007C48002112F07EFB4CE7844BAA78844F17
:10A6EC0029891A70EB79D5F803003B70814F824DA4
:10A6FC0049BA3980012A01BA29605DD0002A48D1B3
:10A70C00002843D0072B41D8DFE813F08A009A00C9
:10A71C007900D500CF00BD00AB002F00774812F0B8
:10A72C000FFB76484FF4805112F05CFB73484FF4EA
:10A73C00005112F05FFB7148002112F04BFB704B83
:10A74C0000221A706F4A0023137072B66E4A6F485B
:10A75C0013606F496F4A03604FF496700880138042
:10A76C0062B66D4A1370FDF7BDBD6C4812F0E8FA85
:10A77C006A484FF4805112F035FB68484FF4005191
:10A78C0012F038FB6548002112F024FB644B0022C8
:10A79C001A70644A0023137072B6634A63481360DC
:10A7AC006349644A03604FF496700880138062B664
:10A7BC00614A1370FDF796BD5848434912F0C0FA30
:10A7CC005648314612F00EFB5448314612F012FB3B
:10A7DC005248314612F0FEFA584A594B16701E7008
:10A7EC005849594A594B1660052008701E60584943
:10A7FC00584A594B1680402008801E70C9E74748BC
:10A80C0012F09EFA4548002112F0ECFA4348002160
:10A81C0012F0F0FA41484FF4C06112F0DBFAB5E7E0
:10A82C003E4812F08DFA3D48002112F0DBFA3B480D
:10A83C00002112F0DFFA3948002112F0CBFAA5E71B
:10A84C00364812F07DFA3548002112F0CBFA334825
:10A85C00002112F0CFFA31484FF4806112F0BAFAAD
:10A86C0094E72E4812F06CFA2C48002112F0BAFA38
:10A87C002A484FF4005112F0BDFA28484FF4C06139
:10A88C0012F0A8FA82E7254812F05AFA2348002160
:10A89C0012F0A8FA21484FF4005112F0ABFA1F48FD
:10A8AC004FF4806112F096FA70E71C4812F048FAE7
:10A8BC001A4800215FE7194812F042FA17484FF482
:10A8CC008051B2E7004C004040420F0044BF0020D2
:10A8DC0043BF00204D08002058CC00205CCC002049
:10A8EC004E08002054CC00202ABF00208C0A0020E7
:10A8FC00B01A0120AE1A0120880A00200010014075
:10A90C00BA280020B9280020886500208465002022
:10A91C00E603002080650020AA28002000140140D6
:10A92C009E0A01209D0A01207447012070470120D6
:10A93C008E0A00206C4701208E0A0120900A01200B
:10A94C008F0A0120850A0020A4170120A8170120D6
:10A95C00860A0020A0170120760A01205A485B497C
:10A96C0012F0EEF95848314612F03CFA564831468E
:10A97C0012F040FA5448314612F02CFA544A554B16
:10A98C0016701E705449554A554B166005200870B8
:10A99C001E605449544A554B1680402008801E7046
:10A9AC00D0E6494812F0CCF94748002112F01AFAC7
:10A9BC004548002112F01EFA4348002112F00AFA11
:10A9CC00BDE6414812F0BCF93F48002112F00AFAEA
:10A9DC003D484FF4005112F00DFA3B484FF4C06162
:10A9EC0012F0F8F9ABE6384812F0AAF93648002113
:10A9FC0012F0F8F934484FF4005112F0FBF93248D8
:10AA0C004FF4806112F0E6F999E6394812F098F9A2
:10AA1C0037480021A3E5364812F092F934484FF438
:10AA2C0080514FE6324812F08BF93148002112F078
:10AA3C00D9F92F48002112F0DDF92D484FF4C061EF
:10AA4C0012F0C8F996E52A4812F07AF92848002144
:10AA5C0012F0C8F92648002112F0CCF924484FF422
:10AA6C00806112F0B7F985E5174812F069F91648BC
:10AA7C00002159E6144812F063F913484FF4805141
:10AA8C0094E7114812F05CF90F48002112F0AAF972
:10AA9C000D48002112F0AEF90B484FF4C06112F0D2
:10AAAC0099F94CE6084812F04BF90748002112F0CE
:10AABC0099F90548002112F09DF903484FF4806183
:10AACC0012F088F93BE600BF0010014040420F0035
:10AADC00AC280020AB280020DD030020C03500206E
:10AAEC00C4350020DE030020BC3500209228002055
:10AAFC00004C0040B8F1030F7FF4F4AB784B2E7A86
:10AB0C001B78B3427DF6EEAB764B774906EB8602AB
:10AB1C0003EB4203002213F8015F11F8010F854289
:10AB2C0002F101027DF4DEAB062AF4D16F4A1388E0
:10AB3C00002B3DF4D7AB013B86F0BF0013806C4972
:10AB4C006C4A11F806900196115C6B4E0096375CBE
:10AB5C006A486B4B00881D6881EA090181F0380155
:10AB6C00AAF1090812F801C0765C02964FF4406114
:10AB7C005FFA88F800F1010EB0FBF1FB01FB1B0B37
:10AB8C0087EA08071FFA8EFE1FFA8BFB8CEA070771
:10AB9C00CDF810B000F1020CBEFBF1FB01FB1BEE7B
:10ABAC001FFA8CFC1FFA8EFE0397CDF814E0C71C1D
:10ABBC00BCFBF1FE01FB1ECC6E1CBFB21FFA8CFC61
:10ABCC00CDF818C0B7FBF1FC01FB1C77D6F1000CDB
:10ABDC000CF03F0C06F03F0E58BFCCF1000EC3F842
:10ABEC0000E0039B029E12F803C086EA0C0C424E56
:10ABFC00BFB216F803E00797049E424F019B4FF03B
:10AC0C00A00B07F806B0059EBB55069E384B07F8FF
:10AC1C000690079E07F80680019E09F1010903F8CA
:10AC2C00069008F1FF330293374B0193031D0393F6
:10AC3C00314B4FF00008019E16F801BF0196039EA0
:10AC4C004644B6B28BEA0C09B6FBF1FC01FB1C6660
:10AC5C00B6B212F809C007F806B0029E08F1010856
:10AC6C0046458EEA0C0C13F809E0E4DAD5F100083D
:10AC7C00DFF8A49008F03F0805F03F05AAF10503A2
:10AC8C0058BFC8F10005B9F8008050FA83F39BB2A5
:10AC9C0008F10108AAF10402A9F80080B3FBF1F84D
:10ACAC0001FB183350FA82F29BB292B207F803C040
:10ACBC00B2FBF1F301FB13239BB2AAF1030607F8D5
:10ACCC0003E0124B124A23F815000C4B565550FA60
:10ACDC0086F018800F4B10225A55FDF703BB00BFAE
:10ACEC00DA710020E4670020D0490120160600200C
:10ACFC00DC7100207CEC01087CEB0108067500205F
:10AD0C001081002008750020D84901209481002072
:10AD1C00548100201481002008810020B8F1020F1A
:10AD2C007FF4DBAA784B2E7A1B78B3427DF6DAAA35
:10AD3C00764B774906EB860203EB4203002213F8AD
:10AD4C00015F11F8010F854202F101027DF4CAAADC
:10AD5C00062AF4D16F4A1388002B3DF4C3AA013B99
:10AD6C0086F0BF0013806C496C4A11F8069001966E
:10AD7C00115C6B4E0096375C6A486B4B00881D6803
:10AD8C0081EA090181F03801AAF1090812F801C021
:10AD9C00765C02964FF440615FFA88F800F1010E80
:10ADAC00B0FBF1FB01FB1B0B87EA08071FFA8EFEB9
:10ADBC001FFA8BFB8CEA0707CDF810B000F1020CE0
:10ADCC00BEFBF1FB01FB1BEE1FFA8CFC1FFA8EFE87
:10ADDC000397CDF814E0C71CBCFBF1FE01FB1ECCA5
:10ADEC006E1CBFB21FFA8CFCCDF818C0B7FBF1FC7F
:10ADFC0001FB1C77D6F1000C0CF03F0C06F03F0E5B
:10AE0C0058BFCCF1000EC3F800E0039B029E12F871
:10AE1C0003C086EA0C0C424EBFB216F803E007974B
:10AE2C00049E424F019B4FF0A00B07F806B0059E05
:10AE3C00BB55069E384B07F80690079E07F8068010
:10AE4C00019E09F1010903F8069008F1FF33029302
:10AE5C00374B0193031D0393314B4FF00008019EB8
:10AE6C0016F801BF0196039E4644B6B28BEA0C0954
:10AE7C00B6FBF1FC01FB1C66B6B212F809C007F870
:10AE8C0006B0029E08F1010846458EEA0C0C13F838
:10AE9C0009E0E4DAD5F10008DFF8A49008F03F08E7
:10AEAC0005F03F05AAF1050358BFC8F10005B9F834
:10AEBC00008050FA83F39BB208F10108AAF1040256
:10AECC00A9F80080B3FBF1F801FB183350FA82F2B9
:10AEDC009BB292B207F803C0B2FBF1F301FB132350
:10AEEC009BB2AAF1030607F803E0124B124A23F8AF
:10AEFC0015000C4B565550FA86F018800F4B10224B
:10AF0C005A55FDF7EFB900BF26BD002030B3002025
:10AF1C00D04901204E08002028BD00207CEC0108FF
:10AF2C007CEB010852C000205CCC002054C00020F7
:10AF3C00D8490120E0CC0020A0CC002060CC00201F
:10AF4C0054CC0020B8F1010F7FF4C2A97C4A2E7AB0
:10AF5C001278B2427FF6C6A97A4A06EB860102EB5A
:10AF6C004102794912F8017F11F8010F874203F170
:10AF7C0001037FF4B7A9062BF4D1744A1388002B74
:10AF8C003FF4B0A9013B86F0BF001380704A714BAF
:10AF9C00115C13F80690704B029681EA090181F05E
:10AFAC0038011F5C6D480093AAF1090C5FFA8CF60E
:10AFBC0012F801C00388019377408CEA07070697C3
:10AFCC00654F674B795C04910199019805961E6851
:10AFDC00039601F1010E01F1020CCF1C4FF44061FC
:10AFEC001FFA8EFE0136B0FBF1FB01FB1B0B079623
:10AFFC001FFA8BF6BEFBF1FB01FB1BEE30461FFA72
:10B00C008CFC079E1FFA8EFECDF820E0BCFBF1FEF7
:10B01C0001FB1ECCBFB2D6F1000E1FFA8CFCCDF892
:10B02C0024C00EF03F0EB7FBF1FC01FB1C7706F0C1
:10B03C003F0C069E58BFCEF1000CC3F800C012F8AE
:10B04C0006C0049B83EA0C0B434B13F806E0029BEF
:10B05C00064644484FF0A00C00F806C0089E8355E5
:10B06C00099E3C4B00F80690BFB23E46059F8755A3
:10B07C00029E09F1010903F806907B1E0293019BC5
:10B08C00DFF8F09004334FF0000C0493049E354B22
:10B09C007746664419F801EFB6B28EEA0B00B6FBA0
:10B0AC00F1FB01FB1B66B6B212F800B003F806E028
:10B0BC00009B13F800E002980CF1010C604587EA44
:10B0CC000B0BE3DA039EDFF8B090019B0198D6F1ED
:10B0DC00000C0CF03F0C06F03F06AAF1050258BF1D
:10B0EC00CCF10006B9F800C053FA82F292B20CF11E
:10B0FC00010CAAF10403A9F800C0B2FBF1FC01FB9E
:10B10C001C2250FA83F392B216489BB200F802B09C
:10B11C00B3FBF1F201FB12339BB2134A019900F815
:10B12C0003E022F81610AAF103030C4A51FA83F03B
:10B13C0010800E4A93550E4B10229A55FFF7D2B839
:10B14C00720801207CFE0020D0490120860A0020D4
:10B15C007CEC0108740801207CEB01089E0B01209B
:10B16C00A8170120A00B01202C180120EC1701209E
:10B17C00AC170120D8490120A01701208180803B09
:10B18C00BAF1030F7DF4AEA895F801E00EF1FF3390
:10B19C00DBB2092B3DF6A6A8AA781FED087AB949AF
:10B1AC0007EE902AF8EE677A1546B74A67EE877A6B
:10B1BC0002EB0313C3ED027A0B88002B3DF492A82B
:10B1CC00B24A00958EF02100013B0B80135CB04914
:10B1DC00DFF8DC92085CD9F800C06B4083F02103E7
:10B1EC00D55CAC4ACB5C1288019345400295D51CCA
:10B1FC00ADB20395A84DB5F80080531D0CF10101BB
:10B20C0008F101081FFA83FBA5F80080931DD1F10A
:10B21C0000089BB208F01F0801F01F01039D049366
:10B22C0058BFC8F100014FF49663571C961C101DB3
:10B23C00BFB2B6B280B2C9F80010B2FBF3F103FB97
:10B24C0011211FFA81F8B7FBF3F103FB1177B6FB61
:10B25C00F3F103FB1166B5FBF3F103FB1155B0FBE6
:10B26C00F3F103FB11001FFA80F90498BBFBF3F117
:10B27C0003FB11B11FFA81FBB0FBF3F103FB1101CE
:10B28C008648874B20F81C20824807320280BFB2C8
:10B29C00A520B6B203F80800ADB2472003F807A00A
:10B2AC0089B29855009803F805E07E4A03F8090026
:10B2BC00029D019803F80B505854072302F80C30E8
:10B2CC00FDF710B8BAF1050F7DF40CA895F801E064
:10B2DC000EF1FF32D2B2092A3DF604A8AB78DFEDAD
:10B2EC00726A95F804C0674907EE903A1F46EB78EE
:10B2FC00B8EE677A07EE903A1E46F8EE677A6B4B1B
:10B30C000C2000FB023327EE267ABCF1000067EE1E
:10B31C00A67A0A8883ED007A18BF0120C3ED017A62
:10B32C001872002A3CF4DEAF013A58480A808EF0BD
:10B33C00E3025749835C8A5C02967B4083F04103AD
:10B34C007240C55CCB5C019755408CEA0303465DAB
:10B35C00504A4D5D12887340561CC05CCB5C039305
:10B36C00534B19680091131D1FFA83F9531D1FFAD3
:10B37C0083FB931D9FB2D31D05971FFA83F8464F8D
:10B38C00CDF8188002F108031FFA83F8CDF81C8061
:10B39C000099B7F80080013108F10108A7F8008086
:10B3AC00D1F1000885EA0000414F049008F01F0815
:10B3BC004FF4966301F01F0102F1020558BFC8F16A
:10B3CC000001D01C3960B6B2B2FBF3F1ADB203FB95
:10B3DC00112180B2059F1FFA81F8B6FBF3F103FB34
:10B3EC001166B5FBF3F103FB1155B0FBF3F103FB55
:10B3FC001100B9FBF3F103FB11911FFA81F9BBFBAF
:10B40C00F3F103FB11B11FFA81FBB7FBF3F103FB63
:10B41C0011718FB20597069FB7FBF3F103FB117106
:10B42C00079F89B20691B7FBF3F103FB1173009FE1
:10B43C001A499BB221F81720164907930932184B69
:10B44C000A80B6B2ADB2A52103F8081080B246212D
:10B45C0003F806A05955019D03F800E0059F03F879
:10B46C000950069D0498029E03F80B6003F807C070
:10B47C0058550798039919540A4A009909235354AB
:10B48C00FCF730BFBC0A00208C0000207CEC0108CB
:10B49C007CEB0108E64A0120984F0120C44F0120A3
:10B4AC00E84A0120A44F01208180803B1400002039
:10B4BC00A04F0120BAF1020F7CF414AF95F801C033
:10B4CC000CF1FF33DBB2092B3CF60CAF404A41497F
:10B4DC00282000FB03220B88002082F82100002B7F
:10B4EC003CF400AF013B0B803B4B3C4A1968128883
:10B4FC0000911F468CF0A108394BDFF8F0B013F81F
:10B50C000830BBF800E083F07001131D9EB2029668
:10B51C00009E019101360EF1010EABF800E0D6F160
:10B52C00000E0EF01F0E06F01F0658BFCEF10006DF
:10B53C00531D3E60551C029F2A4E901CD11C1FFAB5
:10B54C0083F9ADB24FF4966380B289B216F808B0A5
:10B55C00B5FBF3FEB2FBF3F603FB1E5503FB1626FD
:10B56C00B0FBF3FEB9FBF3F803FB1E00B1FBF3FEDB
:10B57C0003FB1E11B7FBF3FE03FB1E7E03FB1893AC
:10B58C00009FDFF86C90DFF86C8029F81720ADB2C3
:10B59C00B6B289B280B24FF0A50908F806900F4FE9
:10B5AC0008F805A01FFA8EFE452508F800509BB23E
:10B5BC0008F801C00632019908F80E103A8000997B
:10B5CC00094A08F803B006235354FCF78BBE00BF9E
:10B5DC00FC160020BC0A0020A04F0120E64A0120E6
:10B5EC007CEC01087CEB0108A44F0120984F012052
:10B5FC00C44F0120E84A0120AAF10800C0B20C286F
:10B60C003CF670AE6B78591EC9B209299B463CF6C4
:10B61C0069AED14A01EB8106F60006F1010CB318B4
:10B62C000593002342F80C3002EB0C07EE787B609C
:10B63C0001962E7903966E790496059EDFF848C321
:10B64C0095F802A095F8069095F80780BB603546F2
:10B65C008342B8BF1CF8037003F10103A8BF002795
:10B66C000C2B05F8017FF3D1DDED017A9FEDBB6A60
:10B67C000596F8EE677AB7EE007A77EE877A9DED4D
:10B68C00037A049EC6EE276A282301FB03F3D01825
:10B69C00371E18BF0127012580F8207080F8215033
:10B6AC00D75C02F803A0B8EE477ADFEDAD7AC0EDB7
:10B6BC00066A37EE677A27EE267A80ED077AB9F1BB
:10B6CC00000F40F0A08480F82290B8F1000F40F0F9
:10B6DC00918480F825802033A2484FF48075C552A0
:10B6EC00A14B03EB0113F7EE006A1B7907EE903ABE
:10B6FC00F8EE677A002077EEE67A67EE877AF5EE59
:10B70C00C07AF1EE10FA40F36B84282303FB01237B
:10B71C0077EEA67A1861C3ED057A944A1388002B4C
:10B72C003CF4E0AD013B8BF06E001380904A914EDF
:10B73C00115C355C0198049F00968AEA010181F046
:10B74C00D0014540505CCDF818B06840755C039949
:10B75C004D40115C6940355C505C7D406840755CC7
:10B76C00115C854F305C029789EA050569403D887C
:10B77C00765C0896814E575C3168079188EA000028
:10B78C00784009900846691C8FB2A91C1FFA81FEEB
:10B79C00E91C1FFA81FB291D89B20E91691D1FFA44
:10B7AC0081FCA91DCDF83CC01FFA81FCE91DCDF828
:10B7BC0040C01FFA81FC05F10801CDF844C01FFA06
:10B7CC0081FC05F10901CDF848C001301FFA81FC5C
:10B7DC004FF496610346B5FBF1F001FB1050CDF828
:10B7EC004CC01FFA80FCB7FBF1F001FB1077CDF8D1
:10B7FC0028C0BEFBF1F01FFA87FC01FB10EECDF860
:10B80C002CC01FFA8EFCCDF830C00E9FBBFBF1F0A4
:10B81C0001FB10BBB7FBF1F001FB10700F9F1FFA7F
:10B82C008BFCCDF834C01FFA80FCB7FBF1F001FBA8
:10B83C001070109FCDF838C01FFA80FCB7FBF1F0E8
:10B84C0001FB1070119FCDF83CC01FFA80FCB7FBB8
:10B85C00F1F001FB1070129FCDF840C01FFA80FC74
:10B86C00B7FBF1F001FB1070139FCDF844C0D3F17E
:10B87C00000E1FFA80FC0EF01F0EB7FBF1F001FB5F
:10B88C00107003F01F07099BCDF848C058BFCEF1CC
:10B89C0000073760D75C089E77401E46354B1FFA71
:10B8AC0080FC13F806E036480A9E069B4FF0A50B69
:10B8BC0000F806B00B9E4FF0140B00F806B00C9E6F
:10B8CC004FF0440B00F806B00D9E83550E9E019B65
:10B8DC0000F806A00F9E8355109E039B8355119E66
:10B8EC00049B8355129B059E00F8039000F80C8076
:10B8FC0005F1160905F10A081E4B1FFA88F81FFA04
:10B90C0089F916F801AFF4468AEA070EB8FBF1F78D
:10B91C0001FB1787BFB208F1010800F807A01FFA56
:10B92C0088F812F80E7013F80EE0C8458CEA070779
:10B93C00E7D1144E05F117039AB2338801333380E3
:10B94C00B8FBF1F301FB13839BB2C754B2FBF1F3C9
:10B95C0001FB13231AE000BFFC1600200AD7233E7C
:10B96C0000000043FF1600208C000020BC0A0020C1
:10B97C007CEC01087CEB0108E64A0120A04F012079
:10B98C00E84A0120984F0120D84901209BB2029A25
:10B99C0000F803E005F1180307991380954A964BBC
:10B9AC0022F8115018225A54FCF79CBCBAF1020F21
:10B9BC007CF498AC95F801C00CF1FF33DBB2092B89
:10B9CC003CF690AC8D4A8E49282000FB03220B8854
:10B9DC00002082F82100002B3CF484AC013B0B804E
:10B9EC00884B894A1968128800911F468CF02108EF
:10B9FC00864BDFF82CB213F80830BBF800E083F06C
:10BA0C007201131D9EB20296009E019101360EF139
:10BA1C00010EABF800E0D6F1000E0EF01F0E06F092
:10BA2C001F0658BFCEF10006531D3E60551C029FE9
:10BA3C00774E901CD11C1FFA83F9ADB24FF496636C
:10BA4C0080B289B216F808B0B5FBF3FEB2FBF3F680
:10BA5C0003FB1E5503FB1626B0FBF3FEB9FBF3F8F4
:10BA6C0003FB1E00B1FBF3FE03FB1E11B7FBF3FE41
:10BA7C0003FB1E7E03FB1893009FDFF87891DFF821
:10BA8C00A48129F81720ADB2B6B289B280B24FF0BA
:10BA9C00A50908F806905C4F08F805A01FFA8EFE61
:10BAAC00432508F800509BB208F801C006320199F2
:10BABC0008F80E103A8000994F4A08F803B0062394
:10BACC005354FCF70FBCBAF1020F7CF40BAC6B783F
:10BADC00013BDBB2092B3CF605AC4E4E4748DFF878
:10BAEC0048C10C2101FB03660127282111FB0377B8
:10BAFC0001FB03F3C5180CEB03010022EA612A6178
:10BB0C003260CA610A61444AAA618A6103F1200861
:10BB1C004FF07E524FF0000E07EB00096A61726025
:10BB2C004A6186F808E04FF0FF223C4E4FF0200AA5
:10BB3C0000F803A040F8086085F825E0C251C9F868
:10BB4C00042013220CF8032040F201134CF80830A7
:10BB5C0081F825E0FCF7C6BBBAF1020F7CF4C2AB4E
:10BB6C006B78013BDBB2092B3CF6BCAB2949234E6D
:10BB7C00DFF8B4C00C2000FB0318282101FB03F5EF
:10BB8C0077190CEB05004FF0010E002211FB03E1BD
:10BB9C00214BFA613A61BB61C8F80020C2610261B5
:10BBAC00836105F120024FF07E534FF0000901EB49
:10BBBC00060A7B61C8F80430436188F808904FF09E
:10BBCC00FF23DFF858804FF0200B06F805B046F83D
:10BBDC00028087F825907350CAF8043003230CF8C0
:10BBEC00053040F201134CF8023080F825E0FCF7E8
:10BBFC0079BB00BFC44F0120A44F01208C1800203A
:10BC0C00BC0A0020A04F0120E64A01207CEC010870
:10BC1C007CEB0108140000200AD7233D0101010030
:10BC2C00984F0120E84A0120FC160020AAF10800D8
:10BC3C00C0B20C283CF656AB6B78591EC9B2092918
:10BC4C009B463CF64FABD14A01EB8106F60006F160
:10BC5C00010CB3180593002342F80C3002EB0C07CF
:10BC6C00EE787B6001962E7903966E790496059E8C
:10BC7C00DFF848C395F802A095F8069095F8078070
:10BC8C00BB6035468342B8BF1CF8037003F1010357
:10BC9C00A8BF00270C2B05F8017FF3D1DDED017A4D
:10BCAC009FEDBB6A0596F8EE677AB7EE007A77EEF1
:10BCBC00877A9DED037A049EC6EE276A282301FB42
:10BCCC0003F3D018371E18BF0127012580F8207008
:10BCDC0080F82150D75C02F803A0B8EE477ADFED6C
:10BCEC00AD7AC0ED066A37EE677A27EE267A80EDDC
:10BCFC00077AB9F1000F40F0B38180F82290B8F1C7
:10BD0C00000F40F0A58180F825802033A2484FF425
:10BD1C008075C552A14B03EB0113F7EE006A1B793A
:10BD2C0007EE903AF8EE677A002077EEE67A67EE47
:10BD3C00877AF5EEC07AF1EE10FA40F38081282371
:10BD4C0003FB012377EEA67A1861C3ED057A944ABA
:10BD5C001388002B3CF4C6AA013B8BF0EE00138039
:10BD6C00904A914E115C355C0198049F00968AEACA
:10BD7C00010181F0D2014540505CCDF818B068400B
:10BD8C00755C03994D40115C6940355C505C7D409D
:10BD9C006840755C115C854F305C029789EA05053B
:10BDAC0069403D88765C0896814E575C31680791F6
:10BDBC0088EA0000784009900846691C8FB2A91CDB
:10BDCC001FFA81FEE91C1FFA81FB291D89B20E9115
:10BDDC00691D1FFA81FCA91DCDF83CC01FFA81FC1E
:10BDEC00E91DCDF840C01FFA81FC05F10801CDF822
:10BDFC0044C01FFA81FC05F10901CDF848C001309F
:10BE0C001FFA81FC4FF496610346B5FBF1F001FB80
:10BE1C001050CDF84CC01FFA80FCB7FBF1F001FBC1
:10BE2C001077CDF828C0BEFBF1F01FFA87FC01FBA0
:10BE3C0010EECDF82CC01FFA8EFCCDF830C00E9F42
:10BE4C00BBFBF1F001FB10BBB7FBF1F001FB107079
:10BE5C000F9F1FFA8BFCCDF834C01FFA80FCB7FB88
:10BE6C00F1F001FB1070109FCDF838C01FFA80FC68
:10BE7C00B7FBF1F001FB1070119FCDF83CC01FFA1D
:10BE8C0080FCB7FBF1F001FB1070129FCDF840C0A5
:10BE9C001FFA80FCB7FBF1F001FB1070139FCDF87B
:10BEAC0044C0D3F1000E1FFA80FC0EF01F0EB7FB3E
:10BEBC00F1F001FB107003F01F07099BCDF848C08F
:10BECC0058BFCEF100073760D75C089E77401E46FE
:10BEDC00354B1FFA80FC13F806E036480A9E069B89
:10BEEC004FF0A50B00F806B00B9E4FF0140B00F8AA
:10BEFC0006B00C9E4FF0420B00F806B00D9E835519
:10BF0C000E9E019B00F806A00F9E8355109E039B6E
:10BF1C008355119E049B8355129B059E00F803903C
:10BF2C0000F80C8005F1160905F10A081E4B1FFAE2
:10BF3C0088F81FFA89F916F801AFF4468AEA070E59
:10BF4C00B8FBF1F701FB1787BFB208F1010800F845
:10BF5C0007A01FFA88F812F80E7013F80EE0C84507
:10BF6C008CEA0707E7D1144E05F117039AB2338810
:10BF7C0001333380B8FBF1F301FB13839BB2C7543D
:10BF8C00B2FBF1F301FB13231AE000BF8C18002065
:10BF9C000AD7233E000000438F1800208C0000209D
:10BFAC00BC0A00207CEC01087CEB0108E64A01206D
:10BFBC00A04F0120E84A0120984F0120D8490120C8
:10BFCC009BB2029A00F803E005F11803079913805D
:10BFDC00A84AA94B22F8115018225A54FCF782B9DE
:10BFEC004FF0280323D403FB0122C2ED056A106134
:10BFFC00FFF793BB80F825502033A0484FF4807591
:10C00C00C552FFF76DBBB8F1000EDFF87CC203F12F
:10C01C00200318BF4FF0010EBA4580F825E02CF82C
:10C02C00035080F824507FF45BABFFF776BB03FB27
:10C03C000123C3ED047AC3ED056AFFF76EBB4FF025
:10C04C00280320D403FB0122C2ED056A10617EE6B1
:10C05C0080F8255020338A484FF48075C55259E634
:10C06C00B8F1000EDFF824C203F1200318BF4FF023
:10C07C00010EBA4580F825E02CF8035080F82450C6
:10C08C007FF448AE63E603FB0123C3ED047AC3EDF2
:10C09C00056A5CE67B4810F053FE7A484FF48051F9
:10C0AC0010F0A0FE7748002110F0A4FE7548002186
:10C0BC0010F090FEFDF733BF724810F041FE71484E
:10C0CC00002110F08FFE6F48002110F093FE6D4898
:10C0DC004FF4C06110F07EFEFDF721BF694810F0EF
:10C0EC002FFE6848002110F07DFE6648002110F0FC
:10C0FC0081FE64484FF4806110F06CFEFDF70FBFB9
:10C10C00604810F01DFE5F480021C9E75D4810F043
:10C11C0017FE5C48002110F065FE5A484FF40051A0
:10C12C0010F068FE57484FF4806110F053FEFDF795
:10C13C00F6BE544810F004FE52480021FDF7E4BE50
:10C14C008E1801F163074FF06408F6B2FF1AB6FBC4
:10C15C00F8F9FFB208FB196BA3EB01095FFA89F63A
:10C16C00DFF82CC101965FFA8BF9B7FBF8FB08FBE3
:10C17C001B77FFB24E4602970CEB490910E0019F6A
:10C18C003744B7FBF8FB08FB1B770CEB470B01366E
:10C19C009BF801B009F801BC1CF8177009F8027C77
:10C1AC00029FB74209F10209E9DAFDF7D8BDA1EB0C
:10C1BC00030803F16300401A13446426C0B2DBB2D7
:10C1CC00B0FBF6F7B3FBF6F906FB170006FB1933C9
:10C1DC00C7B2DBB238465FFA88F80CEB470701931D
:10C1EC000FE008EB0009B9FBF6FB06FB1B9B0CEB05
:10C1FC004B09FB7889F8013097F802900CF81B90EA
:10C20C000138019B8342A7F10207EADDFDF7B8BDB7
:10C21C000323FDF783BDDFF87C800BF10202B8F835
:10C22C0000E056FA82F24FF4966592B20EF1010ECE
:10C23C000BF10303A8F800E0B2FBF5FE05FB1E2290
:10C24C0056FA83F392B29BB28754B3FBF5F205FB1B
:10C25C0012339BB2019AC254064B039A0BF10401A0
:10C26C0023F81260029B56FA81F61E80024B9954F9
:10C27C00FCF738B8C44F0120A44F0120FF16002052
:10C28C008F18002000480040FE1600208E18002059
:10C29C001C1A0020984F0120F8B572B62A4A138850
:10C2AC00013B138062B62948294C0268294EA75CD1
:10C2BC00531C594201F01F0103F01F0358BF4B429E
:10C2CC002549036031F8122097B1244D244C314696
:10C2DC0006EB470C4FF49660A4FB02E3DB0900FB72
:10C2EC0013230132EB5C21F8023B6145F4D1BFB260
:10C2FC001C4C1D48A6600621E7610FF0E7FC2246A6
:10C30C00194806210FF014FD174806210FF05AFDAD
:10C31C000422154806210FF069FD1448802110F005
:10C32C0087FD1022104806210FF06CFD0E480621E7
:10C33C000FF052FD0E4B01221A7072B60D4A138883
:10C34C000133138062B6F8BD984F01209C4F012039
:10C35C00A44F012004500120C44F0120E84A0120C1
:10C36C00B5814E1BC00A0020006002400044004012
:10C37C00D84A0120BC0A00202DE9F04FAB4BAC4A47
:10C38C00AC4C19781078257883B0002940F0AA803D
:10C39C005DB1A94BA94D1E682B68F31AB3F57A7FD2
:10C3AC0000F27C8103B0BDE8F08F002840F0EC80F7
:10C3BC00A14BA24D1E682B68F31A012BF2D9DFF8A2
:10C3CC00C0C2BCF800100029ECD0DFF8B8E29C4CDD
:10C3DC00DEF80020DFF8B082DFF8B0B2534203F091
:10C3EC003F0302F03F0758BF5F4234F817305C1C24
:10C3FC00A4B2A8FB04A94FEAD92909EB4909A4EB7B
:10C40C008924A4B2DFF888921BF80440A9FB04A984
:10C41C0004EBD91404F0FF04DFF8789219F804A0A7
:10C42C0009F80400BAF1000F40F09C80DFF868A214
:10C43C001AF80790B9F1000F00F09480814A8248F5
:10C44C00D25D00924FF48041019310F06FF8009A86
:10C45C00002A00F06B81019B009619467B4B184615
:10C46C0003EB420CA8FB01E6F60A06EB4606A1EB31
:10C47C00862601311BF8066020F8026B8445F1D149
:10C48C00009E91B2DFF8E4817148C8F81C100621B7
:10C49C00C8F808300FF01AFC42466D4806210FF020
:10C4AC0047FC6B4806210FF08DFC052268480621DD
:10C4BC000FF09CFC6748802110F0BAFC10226448F5
:10C4CC0006210FF09FFC062161480FF085FC624AA3
:10C4DC0062492E60012309F1FF390AF807900B55C8
:10C4EC0013705FE75E4A584814784FF4804100227D
:10C4FC001A7010F01BF8E243D2B25A4B5A48995CAE
:10C50C00524B805C5C8081F03C02584C9A80042534
:10C51C00D880AF224E48A3600621E5611A800FF047
:10C52C00D5FB22464A4806210FF002FC484806215A
:10C53C000FF048FC0522464806210FF057FC4548F1
:10C54C00802110F075FC1022414806210FF05AFC96
:10C55C003F4806210FF040FC3F4B01221A7003B0FC
:10C56C00BDE8F08F01325342414803F03F0302F023
:10C57C003F0258BF5A420388CEF8002001390133DC
:10C58C00ACF8001003800DE73A4B2F481C7815705F
:10C59C004FF480410FF0CAFF374B1B78A34240F297
:10C5AC00BF80364A2F4804EB840302EB4302274B2F
:10C5BC0056785E8086F03F069578815D9D804D4073
:10C5CC002949D7788E5DDF8085F03F057E40475D39
:10C5DC004D5D92F805C0DC81774016791E8175405F
:10C5EC00C65DCF5DA3F80AC06E409579825D8E5D05
:10C5FC009D8187EA0C077A406E40855C8A5C7540A9
:10C60C005440425D54404A5D005D095DAA2442409D
:10C61C000A2609201C800825144C23F81520A36039
:10C62C0023F81010E6610A48062178E78F0A0120EA
:10C63C00900A0120850A0020C8540120940A012088
:10C64C002C180120EC17012000040240BC420120F0
:10C65C0000640240001401409C0A0120AC19012026
:10C66C00830A00207CEC01087CEB0108900A002076
:10C67C00860A0020840A0020720801207CFE00201B
:10C68C00A0170120A4170120ABAAAAAAA00B012075
:10C69C0081808080AC180120AC170120254B2648E6
:10C6AC001F784FF480410FF041FF244B244A5F80E8
:10C6BC0087F0BF072348D25D82F015029A80224A88
:10C6CC00D25D224FDA80CC22BB601A800621042373
:10C6DC00FB610FF0FBFA3A461A4806210FF028FBD3
:10C6EC00184806210FF06EFB0522164806210FF0A4
:10C6FC007DFB1748802110F09BFB1022114806216E
:10C70C000FF080FB0F4806210FF066FB114B2E60DB
:10C71C0001221A702378013B237003B0BDE8F08F1F
:10C72C00FF21064B022601200A4675E7034B1146F2
:10C73C00A8E600BF820A002000040240BC4201208F
:10C74C007CEC0108006402407CEB0108900A00209C
:10C75C00001401409C0A01202DE9F04FB94ABA4B54
:10C76C001168BA4A1E78BA4B14781D88B9489DB026
:10C77C0000220B0E66F30702CFB263F30F22009375
:10C78C00002367F307030297C1F3074767F31742C8
:10C79C00C1F3072161F31F6264F30F23C0F8022079
:10C7AC002A0A62F3174303945FFA85FAAA4C04929F
:10C7BC006AF31F63C0F80630238801914FF4D072DE
:10C7CC000280002B00F03781A4480B9786F0BB0247
:10C7DC000D46A3490A96013B2380835C8C5C009A2E
:10C7EC00534083F02A037C40C25C029F6240CC5CC5
:10C7FC00835C6C4063408C5CC25C039D7C406240FB
:10C80C00CC5C835C8A5C6C406340049CC55C62407D
:10C81C005540CC5C465D934A4D5D1288924B8AEA3A
:10C82C0004047440005D11F804C0CDF834C06840B5
:10C83C00511C0C9088B2911C1FFA81F9D11C1FFA63
:10C84C0081F8111D8FB2511D8EB2911D054688B213
:10C85C00D11D8CB202F108011FFA81FE02F109010F
:10C86C001FFA81FC02F10A011FFA81FB02F10B0194
:10C87C00CDF81CB01FFA81FB02F10C01CDF820B0F1
:10C88C001FFA81FB7949069008680590A3FB020109
:10C89C00C9092846CDF824B00E91A3FB0001C909A3
:10C8AC000F91A3FB09011095CD09A3FB080111956C
:10C8BC00CD09A3FB07011295CD09A3FB0601069830
:10C8CC001395C9091491A3FB0001C9091591A3FB88
:10C8DC000401C8091690A3FB0E01C9091791A3FB0B
:10C8EC000C01C90918910799A3FB0101CD090899FD
:10C8FC001995A3FB01B1CD0909991A95A3FB01B1B7
:10C90C00DDE90F5002F10D0BC9091FFA8BFB1B91CE
:10C91C00A3FB0B134FF4966101FB1500119D0F90B7
:10C92C0001FB1599129D069801FB1588139D01FBBF
:10C93C001577149D01FB1566159D01FB15000690DE
:10C94C001698199D01FB1044179801FB10EE1898CE
:10C95C0001FB10CC079801FB1500109008981A9D4C
:10C96C0001FB1505119509981B9D01FB15050E98EA
:10C97C00DB0901FB13BB01FB1023BDF8180006906B
:10C98C00A0B21FFA8CF40894BDF844400994059C9D
:10C99C00BDF83C100790ADB201340E95654205F020
:10C9AC001F0504F01F0458BF6C42304DBDF8400009
:10C9BC002C609BB22E4C2F4D6FF05A0C04F803C018
:10C9CC001FFA89F90A2363541FFA88F8A02304F884
:10C9DC000930BFB2012304F80830B6B20A9BE35504
:10C9EC00009BA355069E0B9BA3551FFA8EFE079B1F
:10C9FC000199029FE15404F80E700899039B099F5A
:10CA0C006354049B23541FFA8BFB04F807A00E9F5E
:10CA1C000D9B14490C9EE65504F80B3002F10E03E5
:10CA2C0005980B8014492B8821F81020134A0E21ED
:10CA3C00013311542B80124B01221A701DB0BDE82A
:10CA4C00F08F00BF880A00208C0A0020B01A012049
:10CA5C00AE1A0120840A0120BC0A00207CEC0108DB
:10CA6C007CEB0108E64A0120B5814E1BA04F01204A
:10CA7C00E84A0120984F0120C44F0120A44F012007
:10CA8C008E0A012038B572B634493548354D10F050
:10CA9C0057F93348002110F0A5F931484FF40051F3
:10CAAC0010F0A8F92E48002110F094F94FF48041B1
:10CABC002D480FF03BFD2D4B9FED2D7A2A46002182
:10CACC0042F8021B03F52051D3ED027A67EE877A08
:10CADC001433FCEEE77A8B4217EE900A22F8020F21
:10CAEC00F2D1244C2448A56040F202230621E361D4
:10CAFC000FF0ECF82246204806210FF019F91E48D9
:10CB0C0006210FF05FF905221B4806210FF06EF984
:10CB1C001348802110F08CF91748102206210FF0D1
:10CB2C0071F9154806210FF057F941F2883400BF0E
:10CB3C00013CFCD10A48114910F002F92146084881
:10CB4C0010F050F906484FF4005110F053F9044816
:10CB5C00214610F03FF962B638BD00BFA086010037
:10CB6C0000140140BC42012000040240BC1A012008
:10CB7C0000007F43900A00200064024090D0030024
:10CB8C009D4B2DE9F04F1B88DFF8A082C3F3080200
:10CB9C0002EB820493B008EB840491000091217C99
:10CBAC0071B101339BB20093944A009B1288B3FB82
:10CBBC00F2F102FB1133904A138013B0BDE8F08FF1
:10CBCC00DFED8F6A94ED007AD4ED017A27EE267AA8
:10CBDC0067EEA67ABCEEC77A0133FCEEE77AC3F3B4
:10CBEC0007248DED017ADDB29DF80460CDED027A5B
:10CBFC0064F307019DF80870039465F30F2166F345
:10CC0C001741804C0495804D67F31F61C5F80210E5
:10CC1C0021889BB2304640F2A31600932E803B46EF
:10CC2C00002900F0E28001392180039C774F049D9C
:10CC3C00774E0B9084F07B040C93395D345D694026
:10CC4C0081F0D901444017F801C0755C71498CEA38
:10CC5C00040C5D4017F80CE0098816F80CC06E4CFB
:10CC6C008EEA05057F5D705D0E908CEA07034D1C06
:10CC7C000D93ABB28D1C1F46ABB2CD1C1846ABB29C
:10CC8C000D1D0293ABB24D1D0593ABB28D1D0693DA
:10CC9C00ABB2CD1D0793ABB201F108050893ABB253
:10CCAC0001F109050993ABB25C4D0A932E6801960C
:10CCBC00A4FB0165ED09CDE90F57A4FB0056A4FBBD
:10CCCC0007590346029D0798F709059E1197A4FB87
:10CCDC0000CEA4FB0557A4FB0656069D0898A4FBA2
:10CCEC0005C5A4FB00AC0998A4FB00BA0A98A4FBE8
:10CCFC00004B10984FF496644FEAD91904FB1909AC
:10CD0C001846119B04FB13030298FF0904FB170739
:10CD1C000598F60904FB16060698ED0904FB1505A3
:10CD2C0007984FEADE1E04FB1E0E08984FEADC1C27
:10CD3C0004FB1C0C1FFA8CFC0998CDF81CC0BFB26C
:10CD4C00DFF8ECC002974FEADA1A04FB1A0AB7B202
:10CD5C000A980597019EBCF800704FEADB1B04FB98
:10CD6C001B0B0F980136013704FB1014ACF8007044
:10CD7C00A8B27742069007F01F072848284D06F006
:10CD8C001F0658BF7E420660019F264E26F81710DC
:10CD9C00204EA4B20A3131801FFA89F9A5262E55EE
:10CDAC009BB2062405F80940A324EC54029B1E49AF
:10CDBC000124EC54059B039CEC54069B049CEC5402
:10CDCC001FFA8EFE079B0C9F0B9E05F80E601FFA38
:10CDDC008AFAEF540D9C019F05F80A401FFA8BFB51
:10CDEC000E9805F80B000A24CC559100114408EB61
:10CDFC00810201211174D7E6AC1A0120AE1A012070
:10CE0C0000007F43BC0A0020B41A01207CEC01080E
:10CE1C007CEB0108E64A0120B5814E1BA04F012096
:10CE2C00E84A0120C44F0120A44F0120BC1A012064
:10CE3C00984F01202DE9F04F824B834A834C19788F
:10CE4C001078257883B0002940F0AA805DB1804B22
:10CE5C00804E1F683368FB1AB3F57A7F00F2988115
:10CE6C0003B0BDE8F08F002840F01E81784B794D5F
:10CE7C001E682B68F31A012BF2D9DFF810C2BCF82C
:10CE8C0000100029ECD0DFF808E2734CDEF800202B
:10CE9C00DFF80082DFF800B2534203F03F0302F0E8
:10CEAC003F0758BF5F4234F817305C1CA4B2A8FB94
:10CEBC0004A94FEAD92909EB4909A4EB8924A4B2A6
:10CECC00DFF8D8911BF80440A9FB04A904EBD91492
:10CEDC0004F0FF04DFF8C89119F804A009F8040065
:10CEEC00BAF1000F40F09C80DFF8B8A11AF8079057
:10CEFC00B9F1000F00F09480584A5948D25D009265
:10CF0C004FF4805101930FF011FB009A002A00F0AE
:10CF1C008A81019B00961946524B184603EB420C32
:10CF2C00A8FB01E6F60A06EB4606A1EB86260131C4
:10CF3C001BF8066020F8026B8445F1D1009E91B27B
:10CF4C00DFF840814848C8F81C100421C8F80830A4
:10CF5C000EF0BCFE4246444804210EF0E9FE424865
:10CF6C0004210EF02FFF042211463F480EF03EFF25
:10CF7C003E4880210FF05CFF10223B4804210EF04C
:10CF8C0041FF042138480EF027FF394A39492E60F9
:10CF9C00012309F1FF390AF807900B5513705FE76D
:10CFAC00354A2F4815784FF4805100221A700FF033
:10CFBC00BDFAEA43D2B2314B3148995C294B805CC3
:10CFCC005D8004242F4DD88081F03C029A8021464C
:10CFDC00AF222548AB601A80EC610EF077FE2A4632
:10CFEC00214621480EF0A4FE21461F480EF0EAFE11
:10CFFC00224621461C480EF0F9FE1C4880210FF0F9
:10D00C0017FF1022214618480EF0FCFE1648214648
:10D01C000EF0E2FE164B01221A7003B0BDE8F08F41
:10D02C0001325342184803F03F0302F03F0258BF4D
:10D03C005A420388CEF8002001390133ACF80010B5
:10D04C0003800DE743BF002044BF00204D080020A3
:10D05C00C854012048BF0020E0CC0020A0CC002008
:10D06C000008024068F7002000600240004C0040BD
:10D07C0050BF002060CE00204B0800207CEC010843
:10D08C007CEB0108580800204E08002054CC0020EE
:10D09C0058CC0020ABAAAAAA54C000208180808062
:10D0AC0060CD002060CC0020604B61481C7815706E
:10D0BC004FF480510FF03AFA5E4B1B78A34240F2CA
:10D0CC00AC805D4A5D4804EB840302EB43025C4B8D
:10D0DC0056785E8086F03F069578815D9D804D4048
:10D0EC005849D7788E5DDF8085F03F057E40475DDF
:10D0FC004D5D92F805C0DC81774016791E81754034
:10D10C00C65DCF5DA3F80AC06E409579825D8E5DD9
:10D11C009D8187EA0C077A406E40855C8A5C75407D
:10D12C005440425D54404A5D005D095DAA24424072
:10D13C000A2609201C800825434C23F8152023F8C7
:10D14C0010104248A3600421E6610EF0BFFD224698
:10D15C003E4804210EF0ECFD3C4804210EF032FE5A
:10D16C000422114639480EF041FE394880210FF057
:10D17C005FFE1022354804210EF044FE3348042192
:10D18C000EF02AFE334B01221A7003B0BDE8F08F6B
:10D19C00314B27481D78DFF8B0804FF480510FF0E9
:10D1AC00C5F9274B254A5D8085F0BF052748525DA0
:10D1BC00C8F8083082F015029A80224A525DDA8053
:10D1CC000425CC2229461A80C8F81C500EF07EFD8E
:10D1DC00424629461D480EF0ABFD29461B480EF071
:10D1EC00F1FD2A46294619480EF000FE1848802108
:10D1FC000FF01EFE1022294614480EF003FE1348B1
:10D20C0029460EF0E9FD134B376001221A70237882
:10D21C00013B237003B0BDE8F08FFF21084B0226C1
:10D22C0001200A4688E7064B114689E64C08002087
:10D23C000008024026BD002030B300207CEC010821
:10D24C0068F700207CEB01085808002000600240C1
:10D25C00004C004050BF00204A0800202DE9F04F40
:10D26C00B94ABA4B1168BA4A1E78BA4B14781D8861
:10D27C00B9489DB000220B0E66F30702CFB263F3E0
:10D28C000F220093002367F307030297C1F30747AC
:10D29C0067F31742C1F3072161F31F6264F30F2395
:10D2AC00C0F802202A0A62F3174303945FFA85FA46
:10D2BC00AA4C04926AF31F63C0F8063023880191CC
:10D2CC004FF428720280002B00F03781A4480B9792
:10D2DC0086F0FB020D46A3490A96013B2380835C32
:10D2EC008C5C009A534083F02B037C40C25C029F01
:10D2FC006240CC5C835C6C4063408C5CC25C039D84
:10D30C007C406240CC5C835C8A5C6C406340049CD7
:10D31C00C55C62405540CC5C465D934A4D5D1288BD
:10D32C00924B8AEA04047440005D11F804C0CDF8F5
:10D33C0034C06840511C0C9088B2911C1FFA81F9C2
:10D34C00D11C1FFA81F8111D8FB2511D8EB2911D87
:10D35C00054688B2D11D8CB202F108011FFA81FE7C
:10D36C0002F109011FFA81FC02F10A011FFA81FB8B
:10D37C0002F10B01CDF81CB01FFA81FB02F10C017C
:10D38C00CDF820B01FFA81FB79490690086805900A
:10D39C00A3FB0201C9092846CDF824B00E91A3FBCA
:10D3AC000001C9090F91A3FB09011095CD09A3FB3D
:10D3BC0008011195CD09A3FB07011295CD09A3FB1B
:10D3CC00060106981395C9091491A3FB0001C9091C
:10D3DC001591A3FB0401C8091690A3FB0E01C90902
:10D3EC001791A3FB0C01C90918910799A3FB010123
:10D3FC00CD0908991995A3FB01B1CD0909991A9585
:10D40C00A3FB01B1DDE90F5002F10D0BC9091FFAA5
:10D41C008BFB1B91A3FB0B134FF4966101FB1500C7
:10D42C00119D0F9001FB1599129D069801FB158813
:10D43C00139D01FB1577149D01FB1566159D01FBD2
:10D44C00150006901698199D01FB1044179801FBC6
:10D45C0010EE189801FB10CC079801FB15001090EA
:10D46C0008981A9D01FB1505119509981B9D01FB48
:10D47C0015050E98DB0901FB13BB01FB1023BDF84E
:10D48C0018000690A0B21FFA8CF40894BDF8444022
:10D49C000994059CBDF83C100790ADB201340E9573
:10D4AC00654205F01F0504F01F0458BF6C42304D57
:10D4BC00BDF840002C609BB22E4C2F4D6FF05A0CD7
:10D4CC0004F803C01FFA89F90A2363541FFA88F879
:10D4DC00A02304F80930BFB2022304F80830B6B216
:10D4EC000A9BE355009BA355069E0B9BA3551FFA65
:10D4FC008EFE079B0199029FE15404F80E70089967
:10D50C00039B099F6354049B23541FFA8BFB04F861
:10D51C0007A00E9F0D9B14490C9EE65504F80B308A
:10D52C0002F10E0305980B8014492B8821F810206A
:10D53C00134A0E21013311542B80124B01221A7005
:10D54C001DB0BDE8F08F00BF50080020540800202B
:10D55C0064CF002062CF002038BF0020BC0A00201E
:10D56C007CEC01087CEB0108E64A0120B5814E1BDE
:10D57C00A04F0120E84A0120984F0120C44F012000
:10D58C00A44F012042BF002038B572B6344935484B
:10D59C00354D0FF0D5FB334800210FF023FC3148FB
:10D5AC004FF400510FF026FC2E4800210FF012FC16
:10D5BC004FF480512D480EF0B9FF2D4B9FED2D7A75
:10D5CC002A46002142F8021B03F52051D3ED027AC2
:10D5DC0067EE877A1433FCEEE77A8B4217EE900AEB
:10D5EC0022F8020FF2D1244C2448A56040F2022309
:10D5FC000421E3610EF06AFB2246204804210EF060
:10D60C0097FB1E4804210EF0DDFB042211461B483B
:10D61C000EF0ECFB134880210FF00AFC1748102287
:10D62C0004210EF0EFFB154804210EF0D5FB41F25E
:10D63C00883400BF013CFCD10A4811490FF080FB33
:10D64C00214608480FF0CEFB06484FF400510FF06E
:10D65C00D1FB044821460FF0BDFB62B638BD00BFBC
:10D66C00A0860100004C004068F700200008024032
:10D67C0068CF002000007F43580800200060024063
:10D68C0090D003009D4B2DE9F04F1B88DFF8A08252
:10D69C00C3F3080202EB820493B008EB84049100FC
:10D6AC000091217C71B101339BB20093944A009B91
:10D6BC001288B3FBF2F102FB1133904A138013B0C2
:10D6CC00BDE8F08FDFED8F6A94ED007AD4ED017A2E
:10D6DC0027EE267A67EEA67ABCEEC77A0133FCEE0B
:10D6EC00E77AC3F307248DED017ADDB29DF804606F
:10D6FC00CDED027A64F307019DF80870039465F38D
:10D70C000F2166F31741804C0495804D67F31F6120
:10D71C00C5F8021021889BB2304640F2A326009334
:10D72C002E803B46002900F0E28001392180039CC9
:10D73C00774F049D774E0B9084F03B040C93395D2E
:10D74C00345D694081F0D801444017F801C0755C24
:10D75C0071498CEA040C5D4017F80CE0098816F846
:10D76C000CC06E4C8EEA05057F5D705D0E908CEAE8
:10D77C0007034D1C0D93ABB28D1C1F46ABB2CD1CD9
:10D78C001846ABB20D1D0293ABB24D1D0593ABB257
:10D79C008D1D0693ABB2CD1D0793ABB201F10805FD
:10D7AC000893ABB201F109050993ABB25C4D0A9336
:10D7BC002E680196A4FB0165ED09CDE90F57A4FB7A
:10D7CC000056A4FB07590346029D0798F709059ECE
:10D7DC001197A4FB00CEA4FB0557A4FB0656069D8F
:10D7EC000898A4FB05C5A4FB00AC0998A4FB00BADF
:10D7FC000A98A4FB004B10984FF496644FEAD91981
:10D80C0004FB19091846119B04FB13030298FF092A
:10D81C0004FB17070598F60904FB16060698ED0994
:10D82C0004FB150507984FEADE1E04FB1E0E089834
:10D83C004FEADC1C04FB1C0C1FFA8CFC0998CDF87D
:10D84C001CC0BFB2DFF8ECC002974FEADA1A04FB37
:10D85C001A0AB7B20A980597019EBCF800704FEAF5
:10D86C00DB1B04FB1B0B0F980136013704FB101458
:10D87C00ACF80070A8B27742069007F01F07284852
:10D88C00284D06F01F0658BF7E420660019F264EAB
:10D89C0026F81710204EA4B20A3131801FFA89F9EC
:10D8AC00A5262E559BB2062405F80940A324EC545A
:10D8BC00029B1E490224EC54059B039CEC54069BD2
:10D8CC00049CEC541FFA8EFE079B0C9F0B9E05F8D4
:10D8DC000E601FFA8AFAEF540D9C019F05F80A405E
:10D8EC001FFA8BFB0E9805F80B000A24CC559100FF
:10D8FC00114408EB810201211174D7E660CF00209E
:10D90C0062CF002000007F43BC0A0020B41A012023
:10D91C007CEC01087CEB0108E64A0120B5814E1B2A
:10D92C00A04F0120E84A0120C44F0120A44F012040
:10D93C0068CF0020984F01202DE9F04FAB4BAC4A3B
:10D94C00AC4C19781078257883B0002940F0AA8067
:10D95C005DB1A94BA94D1E682B68F31AB3F57A7FFC
:10D96C0000F27C8103B0BDE8F08F002840F0EC8021
:10D97C00A14BA24D1E682B68F31A012BF2D9DFF8CC
:10D98C00C0C2BCF800100029ECD0DFF8B8E29C4C07
:10D99C00DEF80020DFF8B082DFF8B0B2534203F0BB
:10D9AC003F0302F03F0758BF5F4234F817305C1C4E
:10D9BC00A4B2A8FB04A94FEAD92909EB4909A4EBA5
:10D9CC008924A4B2DFF888921BF80440A9FB04A9AF
:10D9DC0004EBD91404F0FF04DFF8789219F804A0D2
:10D9EC0009F80400BAF1000F40F09C80DFF868A23F
:10D9FC001AF80790B9F1000F00F09480814A824820
:10DA0C00D25D00924FF4004101930EF08FFD009A0D
:10DA1C00002A00F06D81019B009619467B4B18463D
:10DA2C0003EB420CA8FB01E6F60A06EB4606A1EB5B
:10DA3C00862601311BF8066020F8026B8445F1D173
:10DA4C00009E91B2DFF8E4817148C8F81C100321E4
:10DA5C00C8F808300EF03AF942466D4803210EF032
:10DA6C0067F96B4803210EF0ADF9042268480321D5
:10DA7C000EF0BCF9674880210FF0DAF910226448E7
:10DA8C0003210EF0BFF9032161480EF0A5F9624A9B
:10DA9C0062492E60012309F1FF390AF807900B55F2
:10DAAC0013705FE75E4A584814784FF40041002227
:10DABC001A700EF03BFDE243D2B25A4B5A48995CB5
:10DACC00524B805C5C8081F03C02584C9A8004255F
:10DADC00D880AF224E48A3600321E5611A800EF076
:10DAEC00F5F822464A4803210EF022F94848032152
:10DAFC000EF068F90422464803210EF077F94548E8
:10DB0C0080210FF095F91022414803210EF07AF98B
:10DB1C003F4803210EF060F93F4B01221A7003B00D
:10DB2C00BDE8F08F01325342414803F03F0302F04D
:10DB3C003F0258BF5A420388CEF800200139013306
:10DB4C00ACF8001003800DE73A4B2F481C78157089
:10DB5C004FF400410EF0EAFC374B1B78A34240F225
:10DB6C00C180364A2F4804EB840302EB4302274B57
:10DB7C0056785E8086F03F069578815D9D804D409D
:10DB8C002949D7788E5DDF8085F03F057E40475D63
:10DB9C004D5D92F805C0DC81774016791E81754089
:10DBAC00C65DCF5DA3F80AC06E409579825D8E5D2F
:10DBBC009D8187EA0C077A406E40855C8A5C7540D3
:10DBCC005440425D54404A5D005D095DAA244240C8
:10DBDC000A2609201C800825144C23F81520A36064
:10DBEC0023F81010E6610A48032178E7F773002048
:10DBFC00F873002015060020C8540120FC73002087
:10DC0C009481002054810020000402401CAC0020B0
:10DC1C00006002400048004004740020148300207F
:10DC2C00130600207CEC01087CEB01082006002088
:10DC3C001606002014060020DA710020E46700208C
:10DC4C00088100200C810020ABAAAAAA087500202C
:10DC5C00818080801482002014810020264B27486C
:10DC6C001F784FF400410EF061FC254B254A5F8074
:10DC7C0087F0BF074FF00408D25D234882F01502ED
:10DC8C009A80224AD25D224FDA800321CC22BB60DB
:10DC9C001A80C7F81C800EF019F83A461A4803216E
:10DCAC000EF046F8184803210EF08CF84246164840
:10DCBC0003210EF09BF8174880210FF0B9F81022C1
:10DCCC00114803210EF09EF80F4803210EF084F842
:10DCDC00114B2E6001221A702378013B237003B084
:10DCEC00BDE8F08FFF21064B022601200A4673E7A0
:10DCFC00034B1146A6E600BF1206002000040240AA
:10DD0C001CAC00207CEC0108006002407CEB01089C
:10DD1C002006002000480040047400202DE9F04F3C
:10DD2C00B94ABA4B1168BA4A1E78BA4B14781D8896
:10DD3C00B9489DB000220B0E66F30702CFB263F315
:10DD4C000F220093002367F307030297C1F30747E1
:10DD5C0067F31742C1F3072161F31F6264F30F23CA
:10DD6C00C0F802202A0A62F3174303945FFA85FA7B
:10DD7C00AA4C04926AF31F63C0F806302388019101
:10DD8C004FF468720280002B00F03781A4480B9787
:10DD9C0086F03A020D46A3490A96013B2380835C28
:10DDAC008C5C009A534083F0EB037C40C25C029F76
:10DDBC006240CC5C835C6C4063408C5CC25C039DB9
:10DDCC007C406240CC5C835C8A5C6C406340049C0D
:10DDDC00C55C62405540CC5C465D934A4D5D1288F3
:10DDEC00924B8AEA04047440005D11F804C0CDF82B
:10DDFC0034C06840511C0C9088B2911C1FFA81F9F8
:10DE0C00D11C1FFA81F8111D8FB2511D8EB2911DBC
:10DE1C00054688B2D11D8CB202F108011FFA81FEB1
:10DE2C0002F109011FFA81FC02F10A011FFA81FBC0
:10DE3C0002F10B01CDF81CB01FFA81FB02F10C01B1
:10DE4C00CDF820B01FFA81FB79490690086805903F
:10DE5C00A3FB0201C9092846CDF824B00E91A3FBFF
:10DE6C000001C9090F91A3FB09011095CD09A3FB72
:10DE7C0008011195CD09A3FB07011295CD09A3FB50
:10DE8C00060106981395C9091491A3FB0001C90951
:10DE9C001591A3FB0401C8091690A3FB0E01C90937
:10DEAC001791A3FB0C01C90918910799A3FB010158
:10DEBC00CD0908991995A3FB01B1CD0909991A95BA
:10DECC00A3FB01B1DDE90F5002F10D0BC9091FFADB
:10DEDC008BFB1B91A3FB0B134FF4966101FB1500FD
:10DEEC00119D0F9001FB1599129D069801FB158849
:10DEFC00139D01FB1577149D01FB1566159D01FB08
:10DF0C00150006901698199D01FB1044179801FBFB
:10DF1C0010EE189801FB10CC079801FB150010901F
:10DF2C0008981A9D01FB1505119509981B9D01FB7D
:10DF3C0015050E98DB0901FB13BB01FB1023BDF883
:10DF4C0018000690A0B21FFA8CF40894BDF8444057
:10DF5C000994059CBDF83C100790ADB201340E95A8
:10DF6C00654205F01F0504F01F0458BF6C42304D8C
:10DF7C00BDF840002C609BB22E4C2F4D6FF05A0C0C
:10DF8C0004F803C01FFA89F90A2363541FFA88F8AE
:10DF9C00A02304F80930BFB2032304F80830B6B24A
:10DFAC000A9BE355009BA355069E0B9BA3551FFA9A
:10DFBC008EFE079B0199029FE15404F80E7008999C
:10DFCC00039B099F6354049B23541FFA8BFB04F897
:10DFDC0007A00E9F0D9B14490C9EE65504F80B30C0
:10DFEC0002F10E0305980B8014492B8821F81020A0
:10DFFC00134A0E21013311542B80124B01221A703B
:10E00C001DB0BDE8F08F00BF180600201C060020D4
:10E01C001884002016840020EC730020BC0A002019
:10E02C007CEC01087CEB0108E64A0120B5814E1B13
:10E03C00A04F0120E84A0120984F0120C44F012035
:10E04C00A44F0120F673002038B572B63449354818
:10E05C00354D0EF075FE334800210EF0C3FE3148ED
:10E06C004FF400510EF0C6FE2E4800210EF0B2FE09
:10E07C004FF400412D480EF059FA2D4B9FED2D7A9F
:10E08C002A46002142F8021B03F52051D3ED027AF7
:10E09C0067EE877A1433FCEEE77A8B4217EE900A20
:10E0AC0022F8020FF2D1244C2448A56040F202233E
:10E0BC000321E3610DF00AFE2246204803210DF0F6
:10E0CC0037FE1E4803210DF07DFE04221B48032160
:10E0DC000DF08CFE134880210EF0AAFE174810227A
:10E0EC0003210DF08FFE154803210DF075FE41F252
:10E0FC00883400BF013CFCD10A4811490EF020FEC7
:10E10C00214608480EF06EFE06484FF400510EF002
:10E11C0071FE044821460EF05DFE62B638BD00BFAC
:10E12C00A0860100004800401CAC00200004024006
:10E13C001C84002000007F43200600200060024069
:10E14C0090D003009D4B2DE9F04F1B88DFF8A08287
:10E15C00C3F3080202EB820493B008EB8404910031
:10E16C000091217C71B101339BB20093944A009BC6
:10E17C001288B3FBF2F102FB1133904A138013B0F7
:10E18C00BDE8F08FDFED8F6A94ED007AD4ED017A63
:10E19C0027EE267A67EEA67ABCEEC77A0133FCEE40
:10E1AC00E77AC3F307248DED017ADDB29DF80460A4
:10E1BC00CDED027A64F307019DF80870039465F3C2
:10E1CC000F2166F31741804C0495804D67F31F6156
:10E1DC00C5F8021021889BB2304640F2A33600935A
:10E1EC002E803B46002900F0E28001392180039CFF
:10E1FC00774F049D774E0B9084F0FA040C93395DA5
:10E20C00345D694081F01801444017F801C0755C19
:10E21C0071498CEA040C5D4017F80CE0098816F87B
:10E22C000CC06E4C8EEA05057F5D705D0E908CEA1D
:10E23C0007034D1C0D93ABB28D1C1F46ABB2CD1C0E
:10E24C001846ABB20D1D0293ABB24D1D0593ABB28C
:10E25C008D1D0693ABB2CD1D0793ABB201F1080532
:10E26C000893ABB201F109050993ABB25C4D0A936B
:10E27C002E680196A4FB0165ED09CDE90F57A4FBAF
:10E28C000056A4FB07590346029D0798F709059E03
:10E29C001197A4FB00CEA4FB0557A4FB0656069DC4
:10E2AC000898A4FB05C5A4FB00AC0998A4FB00BA14
:10E2BC000A98A4FB004B10984FF496644FEAD919B6
:10E2CC0004FB19091846119B04FB13030298FF0960
:10E2DC0004FB17070598F60904FB16060698ED09CA
:10E2EC0004FB150507984FEADE1E04FB1E0E08986A
:10E2FC004FEADC1C04FB1C0C1FFA8CFC0998CDF8B3
:10E30C001CC0BFB2DFF8ECC002974FEADA1A04FB6C
:10E31C001A0AB7B20A980597019EBCF800704FEA2A
:10E32C00DB1B04FB1B0B0F980136013704FB10148D
:10E33C00ACF80070A8B27742069007F01F07284887
:10E34C00284D06F01F0658BF7E420660019F264EE0
:10E35C0026F81710204EA4B20A3131801FFA89F921
:10E36C00A5262E559BB2062405F80940A324EC548F
:10E37C00029B1E490324EC54059B039CEC54069B06
:10E38C00049CEC541FFA8EFE079B0C9F0B9E05F809
:10E39C000E601FFA8AFAEF540D9C019F05F80A4093
:10E3AC001FFA8BFB0E9805F80B000A24CC55910034
:10E3BC00114408EB810201211174D7E6148400206A
:10E3CC001684002000007F43BC0A0020B41A0120F0
:10E3DC007CEC01087CEB0108E64A0120B5814E1B60
:10E3EC00A04F0120E84A0120C44F0120A44F012076
:10E3FC001C840020984F01202DE9F04FAA4BAB4A0A
:10E40C00AB4C19781078257883B0002940F0A9809E
:10E41C005DB1A84BA84D1E682B68F31AB3F57A7F33
:10E42C0000F27A8103B0BDE8F08F002840F0EA805A
:10E43C00A04BA14D1E682B68F31A012BF2D9DFF803
:10E44C00BCC2BCF800100029ECD0DFF8B4E29B4C45
:10E45C00DEF80020DFF8AC82DFF8ACB2534203F0F8
:10E46C003F0302F03F0758BF5F4234F817305C1C83
:10E47C00A4B2A8FB04A94FEAD92909EB4909A4EBDA
:10E48C008924A4B2DFF884921BF80440A9FB04A9E8
:10E49C0004EBD91404F0FF04DFF8749219F804A00B
:10E4AC0009F80400BAF1000F40F09A80DFF864A27A
:10E4BC001AF80790B9F1000F00F09280804A814859
:10E4CC00D25D0092022101930EF030F8009A002ADE
:10E4DC0000F06B81019B009619467B4B184603EBB1
:10E4EC00420CA8FB01E6F60A06EB4606A1EB8626D3
:10E4FC0001311BF8066020F8026B8445F1D1009EB7
:10E50C0091B2DFF8E4817148C8F81C100721C8F8F3
:10E51C0008300DF0DBFB42466C4807210DF008FC7F
:10E52C006A4807210DF04EFC0422684807210DF0C3
:10E53C005DFC674880210EF07BFC102263480721AC
:10E54C000DF060FC072161480DF046FC614A624900
:10E55C002E60012309F1FF390AF807900B5513704F
:10E56C0060E75E4A57481478022100221A700DF0B9
:10E57C00DDFFE243D2B25A4B5A48995C524B805C55
:10E58C005C8081F03C02584C9A800425D880AF22E4
:10E59C004E48A3600721E5611A800DF097FB2246D7
:10E5AC004A4807210DF0C4FB484807210DF00AFC2E
:10E5BC000422464807210DF019FC454880210EF035
:10E5CC0037FC1022414807210DF01CFC3F48072165
:10E5DC000DF002FC3F4B01221A7003B0BDE8F08F26
:10E5EC0001325342414803F03F0302F03F0258BF4F
:10E5FC005A420388CEF8002001390133ACF80010E0
:10E60C0003800FE73A4B2F481C78157002210DF050
:10E61C008DFF384B1B78A34240F2C180364A3048FC
:10E62C0004EB840302EB4302274B56785E8086F0A2
:10E63C003F069578815D9D804D402A49D7788E5D47
:10E64C00DF8085F03F057E40475D4D5D92F805C04B
:10E65C00DC81774016791E817540C65DCF5DA3F8CD
:10E66C000AC06E409579825D8E5D9D8187EA0C07AC
:10E67C007A406E40855C8A5C75405440425D5440E3
:10E68C004A5D005D095DAA2442400A2609201C80CF
:10E69C000825154C23F81520A36023F81010E6610B
:10E6AC000A48072179E700BFAB280020AC280020DE
:10E6BC00DD030020C8540120B0280020483600207B
:10E6CC0008360020000C0240D0600020006402409C
:10E6DC0000100140B8280020C8370020DB030020C0
:10E6EC007CEC01087CEB0108E8030020DE03002031
:10E6FC00DC0300208E260020981C0020BC35002056
:10E70C00C0350020ABAAAAAABC2900208180808039
:10E71C00C8360020C8350020254B26481F7802211A
:10E72C000DF004FF244B254A5F8087F0BF074FF0A4
:10E73C000408D25D224882F015029A80214AD25DEB
:10E74C00214FDA800721CC22BB601A80C7F81C80CD
:10E75C000DF0BCFA3A461A4807210DF0E9FA1848B0
:10E76C0007210DF02FFB4246154807210DF03EFB0B
:10E77C00164880210EF05CFB1022114807210DF089
:10E78C0041FB0F4807210DF027FB114B2E60012296
:10E79C001A702378013B237003B0BDE8F08FFF2182
:10E7AC00054B022601200A4673E7034B1146A8E6E7
:10E7BC00DA030020000C0240D06000207CEC010841
:10E7CC00006402407CEB0108E803002000100140CB
:10E7DC00B82800202DE9F04FB94ABA4B1168BA4A53
:10E7EC001E78BA4B14781D88B9489DB000220B0EC8
:10E7FC0066F30702CFB263F30F220093002367F393
:10E80C0007030297C1F3074767F31742C1F30721C8
:10E81C0061F31F6264F30F23C0F802202A0A62F32B
:10E82C00174303945FFA85FAAA4C04926AF31F63A8
:10E83C00C0F80630238801914FF494620280002BBB
:10E84C0000F03781A4480B9786F07B020D46A34954
:10E85C000A96013B2380835C8C5C009A534083F0C6
:10E86C0029037C40C25C029F6240CC5C835C6C40A0
:10E87C0063408C5CC25C039D7C406240CC5C835CDE
:10E88C008A5C6C406340049CC55C62405540CC5C27
:10E89C00465D934A4D5D1288924B8AEA040474409B
:10E8AC00005D11F804C0CDF834C06840511C0C90C8
:10E8BC0088B2911C1FFA81F9D11C1FFA81F8111D25
:10E8CC008FB2511D8EB2911D054688B2D11D8CB2EE
:10E8DC0002F108011FFA81FE02F109011FFA81FC05
:10E8EC0002F10A011FFA81FB02F10B01CDF81CB0F9
:10E8FC001FFA81FB02F10C01CDF820B01FFA81FB4D
:10E90C007949069008680590A3FB0201C9092846BD
:10E91C00CDF824B00E91A3FB0001C9090F91A3FB04
:10E92C0009011095CD09A3FB08011195CD09A3FB95
:10E93C0007011295CD09A3FB060106981395C90989
:10E94C001491A3FB0001C9091591A3FB0401C8098B
:10E95C001690A3FB0E01C9091791A3FB0C01C90961
:10E96C0018910799A3FB0101CD0908991995A3FBEF
:10E97C0001B1CD0909991A95A3FB01B1DDE90F503D
:10E98C0002F10D0BC9091FFA8BFB1B91A3FB0B1397
:10E99C004FF4966101FB1500119D0F9001FB159929
:10E9AC00129D069801FB1588139D01FB1577149D8C
:10E9BC0001FB1566159D01FB150006901698199D17
:10E9CC0001FB1044179801FB10EE189801FB10CCBA
:10E9DC00079801FB1500109008981A9D01FB15056E
:10E9EC00119509981B9D01FB15050E98DB0901FB80
:10E9FC0013BB01FB1023BDF818000690A0B21FFA40
:10EA0C008CF40894BDF844400994059CBDF83C1066
:10EA1C000790ADB201340E95654205F01F0504F068
:10EA2C001F0458BF6C42304DBDF840002C609BB2A7
:10EA3C002E4C2F4D6FF05A0C04F803C01FFA89F9B5
:10EA4C000A2363541FFA88F8A02304F80930BFB2D4
:10EA5C00042304F80830B6B20A9BE355009BA35577
:10EA6C00069E0B9BA3551FFA8EFE079B0199029FD6
:10EA7C00E15404F80E700899039B099F6354049B9E
:10EA8C0023541FFA8BFB04F807A00E9F0D9B14490F
:10EA9C000C9EE65504F80B3002F10E0305980B8022
:10EAAC0014492B8821F81020134A0E2101331154DC
:10EABC002B80124B01221A701DB0BDE8F08F00BFE5
:10EACC00E0030020E4030020CC380020CA380020EA
:10EADC00A0280020BC0A00207CEC01087CEB01087B
:10EAEC00E64A0120B5814E1BA04F0120E84A0120C7
:10EAFC00984F0120C44F0120A44F0120AA280020C8
:10EB0C0038B572B633493448344D0EF019F93248E1
:10EB1C0000210EF067F930484FF400510EF06AF9FD
:10EB2C002D4800210EF056F902212D480DF0FEFC67
:10EB3C002C4B9FED2D7A2A46002142F8021B03F53F
:10EB4C002051D3ED027A67EE877A1433FCEEE77A24
:10EB5C008B4217EE900A22F8020FF2D1234C244874
:10EB6C00A56040F202230721E3610DF0AFF82246C5
:10EB7C001F4807210DF0DCF81D4807210DF022F984
:10EB8C0004221B4807210DF031F9134880210EF0A7
:10EB9C004FF91748102207210DF034F914480721BA
:10EBAC000DF01AF941F2883400BF013CFCD10A483F
:10EBBC0010490EF0C5F8214607480EF013F9064827
:10EBCC004FF400510EF016F9034821460EF002F9ED
:10EBDC0062B638BDA086010000100140D060002054
:10EBEC00000C0240D038002000007F43E8030020D6
:10EBFC000064024090D003009D4B2DE9F04F1B8820
:10EC0C00DFF8A082C3F3080202EB820493B008EB96
:10EC1C00840491000091217C71B101339BB200936B
:10EC2C00944A009B1288B3FBF2F102FB1133904A19
:10EC3C00138013B0BDE8F08FDFED8F6A94ED007A8E
:10EC4C00D4ED017A27EE267A67EEA67ABCEEC77A67
:10EC5C000133FCEEE77AC3F307248DED017ADDB2C4
:10EC6C009DF80460CDED027A64F307019DF80870FD
:10EC7C00039465F30F2166F31741804C0495804D86
:10EC8C0067F31F61C5F8021021889BB2304640F231
:10EC9C00A34600932E803B46002900F0E280013908
:10ECAC002180039C774F049D774E0B9084F0BB041E
:10ECBC000C93395D345D694081F0DA01444017F8FA
:10ECCC0001C0755C71498CEA040C5D4017F80CE0CE
:10ECDC00098816F80CC06E4C8EEA05057F5D705DD8
:10ECEC000E908CEA07034D1C0D93ABB28D1C1F4686
:10ECFC00ABB2CD1C1846ABB20D1D0293ABB24D1D81
:10ED0C000593ABB28D1D0693ABB2CD1D0793ABB281
:10ED1C0001F108050893ABB201F109050993ABB2F7
:10ED2C005C4D0A932E680196A4FB0165ED09CDE9B3
:10ED3C000F57A4FB0056A4FB07590346029D0798E6
:10ED4C00F709059E1197A4FB00CEA4FB0557A4FB65
:10ED5C000656069D0898A4FB05C5A4FB00AC0998B3
:10ED6C00A4FB00BA0A98A4FB004B10984FF49664CD
:10ED7C004FEAD91904FB19091846119B04FB13031C
:10ED8C000298FF0904FB17070598F60904FB160601
:10ED9C000698ED0904FB150507984FEADE1E04FBE7
:10EDAC001E0E08984FEADC1C04FB1C0C1FFA8CFC92
:10EDBC000998CDF81CC0BFB2DFF8ECC002974FEA3F
:10EDCC00DA1A04FB1A0AB7B20A980597019EBCF826
:10EDDC0000704FEADB1B04FB1B0B0F98013601374D
:10EDEC0004FB1014ACF80070A8B27742069007F040
:10EDFC001F072848284D06F01F0658BF7E420660A4
:10EE0C00019F264E26F81710204EA4B20A313180ED
:10EE1C001FFA89F9A5262E559BB2062405F8094040
:10EE2C00A324EC54029B1E490424EC54059B039C24
:10EE3C00EC54069B049CEC541FFA8EFE079B0C9F13
:10EE4C000B9E05F80E601FFA8AFAEF540D9C019F79
:10EE5C0005F80A401FFA8BFB0E9805F80B000A24E4
:10EE6C00CC559100114408EB810201211174D7E6B5
:10EE7C00C8380020CA38002000007F43BC0A00209C
:10EE8C00B41A01207CEC01087CEB0108E64A012055
:10EE9C00B5814E1BA04F0120E84A0120C44F012030
:10EEAC00A44F0120D0380020984F01202DE9F04FBD
:10EEBC0083B072B60DF0FAF801200DF009FA0220B9
:10EECC000DF006FA10200DF003FA40200DF000FAB8
:10EEDC0080200DF0FDF958200DF004F901200DF003
:10EEEC00F7F902200DF0F4F910200DF0F1F94020A3
:10EEFC000DF0EEF980200DF0EBF90DF0E9F862B6AB
:10EF0C0072B60DF0D3F801200DF0E2F902200DF0ED
:10EF1C00DFF910200DF0DCF940200DF0D9F980203C
:10EF2C000DF0D6F90121CB480DF05CF901200DF064
:10EF3C00CFF902200DF0CCF910200DF0C9F94020CA
:10EF4C000DF0C6F980200DF0C3F90DF0C1F862B6D2
:10EF5C00DFF82893C04EC14F142509F1C80A4FF0B1
:10EF6C0080087E2432E0B95C16F802804C4072B600
:10EF7C000DF09CF801200DF0ABF902200DF0A8F972
:10EF8C0010200DF0A5F940200DF0A2F980200DF015
:10EF9C009FF90121B24828180DF024F901200DF039
:10EFAC0097F902200DF094F910200DF091F9402002
:10EFBC000DF08EF980200DF08BF90DF089F862B60A
:10EFCC0009F10209CA4505F1080550D099F800B0BD
:10EFDC008BEA04043A5D345D88EA020872B60DF0DF
:10EFEC0065F801200DF074F902200DF071F9102074
:10EFFC000DF06EF940200DF06BF980200DF068F9E2
:10F00C009848594628180DF0EDF801200DF060F9DC
:10F01C0002200DF05DF910200DF05AF940200DF092
:10F02C0057F980200DF054F90DF052F862B699F8AA
:10F03C00011088F00102002995D117F808200191E0
:10F04C0016F80880544072B60DF030F801200DF01F
:10F05C003FF902200DF03CF910200DF039F9402059
:10F06C000DF036F980200DF033F9019992E7DFF8B5
:10F07C0010927D4D99F800A08AEA0403FC5C16F806
:10F08C0003B072B60DF012F801200DF021F9022038
:10F09C000DF01EF910200DF01BF940200DF018F9A1
:10F0AC0080200DF015F95146281F0DF09BF801201A
:10F0BC000DF00EF902200DF00BF910200DF008F9EF
:10F0CC0040200DF005F980200DF002F90DF000F84C
:10F0DC0062B699F801A084EA0A0388EA030317F8D8
:10F0EC000380F45C72B60CF0E1FF01200DF0F0F837
:10F0FC0002200DF0EDF810200DF0EAF840200DF094
:10F10C00E7F880200DF0E4F8514628460DF06AF837
:10F11C0001200DF0DDF802200DF0DAF810200DF0D2
:10F12C00D7F840200DF0D4F880200DF0D1F80CF079
:10F13C00CFFF62B699F804A08BEA08038AEA0303AE
:10F14C00FA5C16F80380544072B60CF0AFFF012045
:10F15C000DF0BEF802200DF0BBF810200DF0B8F841
:10F16C0040200DF0B5F880200DF0B2F85146281D66
:10F17C000DF038F801200DF0ABF802200DF0A8F8D6
:10F18C0010200DF0A5F840200DF0A2F880200DF015
:10F19C009FF80CF09DFF62B6344B0C359D4209F183
:10F1AC0010097FF467AF72B60CF080FF01200DF0F0
:10F1BC008FF802200DF08CF810200DF089F840200B
:10F1CC000DF086F880200DF083F8214628480DF0CC
:10F1DC0009F801200DF07CF802200DF079F81020D0
:10F1EC000DF076F840200DF073F880200DF070F8DB
:10F1FC000CF06EFF62B672B60CF058FF01200DF0E9
:10F20C0067F802200DF064F810200DF061F8402032
:10F21C000DF05EF880200DF05BF8414615480CF0BF
:10F22C00E1FF01200DF054F802200DF051F81020F0
:10F23C000DF04EF840200DF04BF880200DF048F802
:10F24C000CF046FF62B60C4B00221A7003B0BDE8FE
:10F25C00F08F00BF00000E087CEB01087CEC01086D
:10F26C00FCFF0D08F8FF0D0830030E08A8030E086C
:10F27C0004000E0808000E089A0D00201C1A00202D
:10F28C008C000020BC4B1B78092B00F22C812DE943
:10F29C00F04FBA48028887B0002A00F02881013A62
:10F2AC00B7490280B74AB84D1068029001EB0312BF
:10F2BC00B64E92F804A00AF102025200D4B284F0C5
:10F2CC007F0000942A5C305C5C1C82F073021B0192
:10F2DC00E7B23C46CF5CAB5CB25C019480EA0401C3
:10F2EC004B407A40EC5C039754402F46F55C3F5DF5
:10F2FC00A74B8AEA0505B3F800B07D400595A54FEC
:10F30C00A24D0BF1020115F804C0CDF810C0A7FBFB
:10F31C000B5489B20BF101000BF103060BF1040243
:10F32C000BF105034FEAD419B6B2A7FB014E80B21C
:10F33C0092B29BB2A7FB0048A7FB025CA7FB06544A
:10F34C004FEADE1EA7FB03574FF4966505FB1E1113
:10F35C00E40905FB1464FF098EB2029905FB17330F
:10F36C004FEAD8184FEADC1C05FB1C2205FB1800E1
:10F37C001FFA83F84B1C1FFA82FE5A4202F01F023E
:10F38C0003F01F0358BF53427E4A05991360824A0B
:10F39C00A2FB0A327C4B13F801C0049B83EA0C0CD1
:10F3AC007A4B05FB19B9A7B25B5C7C4C64211FFA44
:10F3BC0089F9520901FB12A280B2A52104F80910A7
:10F3CC00009921544821A1550199E15512F0FF02F1
:10F3DC00039F04F80E7004F808A000F0C8805200D7
:10F3EC00D7B2FA1DD2B200926D4ADFF8C8911268FA
:10F3FC00CDE903B70BF1060189B2072009EB4206F0
:10F40C0002F1010896F801E019F812608CF0010A7B
:10F41C0000F1020B4746BEF1000F71D05A4F17F89E
:10F42C000A705F40594B13F80AC05A4BA3FB01E317
:10F43C00DB0905FB13139BB24FF0010E04F803E03C
:10F44C004A1C544B92B2A3FB02E3DB0905FB1322CB
:10F45C0092B27740A654504A4B4B82FB08264FEA97
:10F46C00E872DB5DC2EB6612642606FB1282009E1C
:10F47C005FFA8BF08CEA030C444B02318642DB5D65
:10F48C0089B2BBD1DDE903B745490A6007F1080130
:10F49C00BA1DC9B2304602F0FE020D463C4E5D4428
:10F4AC0035805A443B4E3F4D92B25844A6FB027EE7
:10F4BC0080B2A6FB00764FEADE1E4FF4966707FB80
:10F4CC001E2292B2F60907FB160004F802C082B2A3
:10F4DC00A3542B88029A01332B80334B23F812B0A0
:10F4EC00324B995406E0324B00221A7070470133AC
:10F4FC00DBB20193204B019A1A7007B0BDE8F08F74
:10F50C00214A12F80C80234AA2FB01A2D20905FB66
:10F51C00121283EA080892B21C4B04F802E013F8AA
:10F52C000CC01C4A4B1C9BB2A2FB03E2D20905FB8C
:10F53C00123388EA0608144A9BB25FFA8BF0E65441
:10F54C0012F80830144A82FB0726FA17C2EB66122F
:10F55C00642606FB1272009E8CEA030C0B4B0231E4
:10F56C00B04213F8083089B27FF448AF8AE7082517
:10F57C0029460720062291E7980D0020BC0A00209E
:10F58C008C000020A04F01207CEC01087CEB0108D2
:10F59C00E64A0120B5814E1B1F85EB51E84A01203C
:10F5AC00900D0020984F0120C44F0120A44F012042
:10F5BC00990D00201C1A00202DE9F04F994A9A4C05
:10F5CC001278238885B00292984A12780192002B07
:10F5DC0040F03A8102F03F0823888BB9DDE9013213
:10F5EC009A4207D903F1010B904B83F800B005B098
:10F5FC00BDE8F08F8E4B00221A7005B0BDE8F08F7D
:10F60C008C4FDFF83C92DFF83CA28B4E013B238001
:10F61C003B68591C89FB0120CA17C2EBA00203EB03
:10F62C00430302EB42020125A1EBC2010AEB0302E8
:10F63C00396082480AF80350294682F80180957097
:10F64C000DF066FB33882B4433802388002BC5D008
:10F65C00013B23803B687948591989FB012CCA1757
:10F66C0003EB4303C2EBAC0202EB4202A1EBC2017F
:10F67C000AF80350534439600222294683F801806A
:10F68C009A700DF045FB33882B4433802388002B74
:10F69C00A4D0013B23803B686848591989FB012C95
:10F6AC00CA1703EB4303C2EBAC0202EB4202A1EB21
:10F6BC00C2010AF80350534439600322294683F8E7
:10F6CC0001809A700DF024FB33882B4433802388FF
:10F6DC00002B83D0013B23803B685848591989FB88
:10F6EC00012CCA1703EB4303C2EBAC0202EB420240
:10F6FC00A1EBC2010AF80350534439600422294695
:10F70C0083F801809A700DF003FB33882B4433800F
:10F71C002388002B3FF462AF013B23803B684748B2
:10F72C00591989FB012CCA1703EB4303C2EBAC023A
:10F73C0002EB4202A1EBC2010AF8035053443960B8
:10F74C000522294683F801809A700DF0E1FA33887E
:10F75C002B4433802388002B3FF440AF013B2380A4
:10F76C003B683648591989FB012CCA1703EB430334
:10F77C00C2EBAC0202EB4202A1EBC2010AF803504D
:10F78C00534439600622294683F801809A700DF0A3
:10F79C00BFFA33882B4433802388002B3FF41EAFF1
:10F7AC00013B23803B682548591989FB012CCA175A
:10F7BC0003EB4303C2EBAC0202EB4202A1EBC2012E
:10F7CC000AF80350534439600722294683F8018014
:10F7DC009A700DF09DFA33882B4433802388002BCC
:10F7EC003FF4FCAE013B23803B6814485C1989FB59
:10F7FC00042903EB4303E217C2EBA9020AF80350F6
:10F80C0002EB42025344A4EBC2042946082283F8BB
:10F81C0001809A703C600DF07BFA33882B44338066
:10F82C00DCE600BF7A0D002000000020790D0020DE
:10F83C00780D0020280B0020200B00200014004025
:10F84C00ABAAAA2A2C0B0020DFF87CB3D94FDBF82B
:10F85C000020D94D501C87FB0016C117C1EBA60127
:10F86C0002EB420201EB4101A0EBC100A918D34EFF
:10F87C00CBF80000013B4FF0020C4FF0000A238044
:10F88C00CF4825F802C081F802A001210DF040FA02
:10F89C003188013131802188002900F0BE81013985
:10F8AC002180DBF80010C64801F1010E87FB0EC861
:10F8BC004FEAEE7CCCEBA80C01EB41010CEB4C0CB1
:10F8CC00AEEBCC0305EB010C4FF4AA4ECBF8003099
:10F8DC0025F801E001218CF802A00DF019FA31880D
:10F8EC00019B01313180218803F03F0800293FF44E
:10F8FC0073AE01392180DBF80010B24B01F1010C21
:10F90C0087FB0C0E4FEAEC7001EB4101C0EBAE0033
:10F91C0000EB4000ACEBC00005F801A02944CBF88B
:10F92C00000013F83800487081F802A0A4480121A7
:10F93C000DF0EEF9318801313180218800293FF436
:10F94C004BAE01392180DBF800109E4B01F1010C0C
:10F95C0087FB0C0E4FEAEC7001EB4101C0EBAE00E3
:10F96C0003EBC80900EB4000ACEBC00005F801A0AC
:10F97C002944CBF8000099F80100487081F802A0E6
:10F98C008F4801210DF0C4F9318801313180218873
:10F99C004FEAC802039200293FF41EAE01392180C0
:10F9AC00DBF8001099F802C0481C01EB410105F886
:10F9BC0001A0294481F801C081F802A087FB001C3A
:10F9CC00C117C1EBAC0101EB4101A0EBC100CBF8BD
:10F9DC00000001217A480DF09BF93188013131800A
:10F9EC00218800293FF4F8AD01392180DBF80010A3
:10F9FC0099F803C0481C01EB410105F801A029440A
:10FA0C0081F801C081F802A087FB001CC117C1EB73
:10FA1C00AC0101EB4101A0EBC100CBF800000121CE
:10FA2C0067480DF075F93188013131802188002942
:10FA3C003FF4D2AD01392180DBF8001099F804C0F5
:10FA4C00481C01EB410105F801A0294481F801C0D3
:10FA5C0081F802A087FB001CC117C1EBAC0101EBC4
:10FA6C004101A0EBC100CBF80000012154480DF07E
:10FA7C004FF9318801313180218800293FF4ACAD38
:10FA8C0001392180DBF8001099F805C0481C01EB06
:10FA9C00410105F801A0294481F801C081F802A0B8
:10FAAC0087FB001CC117C1EBAC0101EB4101A0EBC2
:10FABC00C100CBF80000012141480DF029F9318833
:10FACC0001313180218800293FF486AD0139218034
:10FADC00DBF8001099F806E0394801F1010C01EB54
:10FAEC00410187FB0C974FEAEC7205F801A0C2EBC1
:10FAFC00A702294402EB4202ACEBC20281F801E0FE
:10FB0C0081F802A00121CBF800200DF001F9328818
:10FB1C00013232802288002A3FF45EAD0399294BD2
:10FB2C00244F013A2280DBF800201944501C91F834
:10FB3C0007C087FB001EC117C1EBAE0102EB4202EE
:10FB4C0001EB4101A0EBC100A9184FF00009CBF863
:10FB5C00000081F801C081F80290194805F8029064
:10FB6C0001210DF0D5F83288013232802288002A2A
:10FB7C003FF432AD013A2280DBF80020104802F14C
:10FB8C00010C87FB0C1E4FEAEC71C1EBAE0101EBD3
:10FB9C00410102EB4202ACEBC101CBF80010A918F9
:10FBAC004FF43E4C25F802C081F8029001210DF073
:10FBBC00AFF80BE0ABAAAA2A2C0B0020200B0020DC
:10FBCC0000140040780B0020280B002032880132F2
:10FBDC0032802288002A3FF401AD013A2280DBF802
:10FBEC0000200121501802EB420287FB00C7A954E8
:10FBFC001544C217C2EBA70202EB4202A0EBC200F3
:10FC0C00CBF80000074885F8029085F801800DF0CC
:10FC1C007FF8338801333380DEE4019B03F03F0827
:10FC2C00DAE400BF001400402DE9F04F904A914BEC
:10FC3C001078147BF4211980011E8FB018BF01219C
:10FC4C00002C00F00981107E41F00201002800F028
:10FC5C00FB8092F8242041F00401002A40F0F98046
:10FC6C005970854A9FED856AD2ED016A92ED087A4A
:10FC7C00D2ED0F7A824966EE866A27EE067A67EE37
:10FC8C00867AFCEEE66ABCEEC77AFCEEE77ACDED3E
:10FC9C00016A8DED027ACDED037A0A889DF8045045
:10FCAC009DF808609DF80C709D70DE701F71002A25
:10FCBC0000F0C7805B78734C0993013A0A8083F09B
:10FCCC0063027148A35C825C0A956B4083F0340339
:10FCDC007240E55C0B965540C65C615D6B4A455DB8
:10FCEC0013886B4A06977E40714003F1020C645CEA
:10FCFC00415C0791D91C1FFA81FE191D76461FFA2B
:10FD0C0081FE591DCDF808E01FFA81FE991D85EA88
:10FD1C000400CDF80CE05F4D0D961FFA81FED91D45
:10FD2C0089B22C68059102990194A2FB0354E50950
:10FD3C000890A2FB0647581CA2FB01460399CDF87C
:10FD4C0010E080B21FFA8CFCA2FB0049A2FB0C480D
:10FD5C000C95A2FB01450599049C03F1080EA2FB2E
:10FD6C0004A41FFA8EFEA2FB01BA0D99A2FB0E2B66
:10FD7C00FF094FF4966202FB17170299F60902FB72
:10FD8C0016160399ED0902FB15150499E40902FBFB
:10FD9C00141405994FEAD8184FEADA1A02FB18CC5A
:10FDAC0002FB1A114FEAD91902FB190002911FFA32
:10FDBC008CF90C991FFA84FC374C4FEADB1B02FBC5
:10FDCC001BEB1FFA87FA02FB113E2788019ABDF83C
:10FDDC0008101FFA86F80137561C2780744204F06D
:10FDEC001F0406F01F0658BF66422A4C2B4A266099
:10FDFC002B4C019E069F24F81630244C0B9E093385
:10FE0C001FFA8EFE80B22380A52402F80E40052432
:10FE1C001454F42002F80900099C0A9802F80A40CC
:10FE2C00ADB202F808001FFA8BFB089856551D4B13
:10FE3C0002F80C70019E5054079902F80B1009221D
:10FE4C009A550FB0BDE8F08F92F82420002A3FF4A9
:10FE5C0007AF41F0080103E7147E002C7FF4F9AEE4
:10FE6C0092F82420002AF4D100283FF4FAAEF7E6E9
:10FE7C005C1C0020880D00208001002000007F43C6
:10FE8C00BC0A00207CEC01087CEB0108E64A01204E
:10FE9C00B5814E1BA04F0120984F0120E84A01204C
:10FEAC00C44F0120A44F0120024A13680133136090
:10FEBC00704700BFC854012070B5524952480CF02D
:10FECC00E5FF0546002870D150494F480CF0DEFF85
:10FEDC000646002860D14E494B480CF0D7FF04462B
:10FEEC00002850D148484FF442710CF0CFFFC8B9EC
:10FEFC00484945480CF0CAFF38BB45EA06000443A4
:10FF0C00E4B254BB444940480CF0C0FF002839D03F
:10FF1C00424A1388002B51D1BDE870403E493A4803
:10FF2C000CF0CABF384800210CF088FF364843F269
:10FF3C0008010CF083FF34484FF442710CF0BCFF05
:10FF4C00344931480CF0A2FF38B12F4803210CF092
:10FF5C0075FF30492C480CF0AFFF72B63048314C6D
:10FF6C002E49314A002303604FF4967023600880B9
:10FF7C00138062B62D4A2849234813700CF086FF73
:10FF8C000028C5D170BD204803210CF057FF204933
:10FF9C001D480CF091FFA5E71B4802210CF04EFF09
:10FFAC001A4919480CF088FF95E7174801210CF005
:10FFBC0045FF144914480CF07FFF85E7194D1C4987
:10FFCC002C681C4E013B1380631C81FB0301DA1768
:10FFDC00C2EB61124FF4967101FB12330A482B608D
:10FFEC000CF022FF104A14491388144D366821F87E
:04FFFC0014002E605F
:020000040801F1
:100000000133BDE870400749024813800CF05ABF25
:100010000005010000440040000502000005030047
:100020000503030005030500BE0A002060520120FD
:10003000645201205C520120D14A0120B5814E1B3F
:10004000C854012068520120D44A012008B509484B
:10005000202206210BF0EEFE00B908BD064B054834
:100060004FF0000C83F800C02022BDE808400621B4
:100070000CF006B800600240D84A0120A94A138853
:10008000002B00F04E812DE9F04FA749A74D0C68D9
:1000900028786E78DFF8B492013B93B01380631C2C
:1000A0005A4204940690A24C80F0FA0002F01F021B
:1000B00003F01F0358BF53420B603146265C19F80A
:1000C000007005914E4086F0E706A978A05D079183
:1000D0004F40784019F80670EE7808967740265C15
:1000E0002979944B09917E4019F80070A05D19F8A8
:1000F00006601A88904B4F4078406979275C0A91D6
:100100004E4087EA0601561C0B91B1B2961CB5B25F
:10011000D61C0F46B1B2161D1091B1B2561D0191F9
:10012000B1B2961D0291B1B219F8000003917F4956
:100130000F9589790C91D61D41401FFA86FE1191C9
:10014000A3FB02601099C009CDE90D07A3FB0106CE
:10015000A3FB070BA3FB050AF009019E029D10906B
:10016000A3FB0608039EA3FB05070E9DA3FB0E0C35
:10017000A3FB06064FEADB1B4FF4966000FB1B5BFC
:100180000F9D4FEADA1A00FB1A5A0D46109900FB30
:100190001151019D4FEAD81800FB1858029DFF0924
:1001A00000FB1757039DF60900FB16560D9D4FEAFD
:1001B000DC1C00FB1CEC00FB152EBDB20B9F029556
:1001C000B5B20395E65D119D19F8077001971FFA06
:1001D0008EFE5A4F6E401FFA8BFB6FF05A0507F8E0
:1001E0000E501FFA8AFA3D464FF00A0E07F80BE050
:1001F00089B2069F05F80A701FFA88F8059F6F54A8
:10020000079F05F808700299089F6F540399099F8A
:100210006F541FFA8CFC45490A9F05F80C7091F841
:1002200007E0019F14F806C091F8088019F80660ED
:1002300091F809B087EA0E078CEA070786EA0805F5
:10024000E65D19F807706E408BEA0707A55D19F89F
:1002500006607D4002F1090C19F80510645D0391F8
:1002600002F1080902F10C051FFA89F986EA040770
:10027000ACB2A3FB095A4FEADA1A00FB1A992F49CC
:100280000C9D01971FFA89F91FFA8CFC01F809509F
:10029000A3FB0CA94FEAD91900FB19CC02F10A07FC
:1002A0001FFA8CFCBFB201F80CE0A3FB07EC4FEA8D
:1002B000DC1C00FB1C7702F10B06BFB2B6B201F8E2
:1002C0000780A3FB06C7FF0900FB1766B6B20294BE
:1002D00001F806B002F10D040299A4B2A3FB017665
:1002E000A3FB0473F609DB0900FB161500FB13449E
:1002F000ADB2124B019F03995F55A4B21048195536
:10030000049C104920F8142002F10E03094A1380BE
:100310000B880D4A0E20013310550B8013B0BDE839
:10032000F08F7047BC0A0020A04F0120DC4A01205A
:100330007CEC0108E64A0120B5814E1BE84A012009
:10034000C44F0120984F0120A44F01207CEB0108ED
:1003500070B55B495B480CF09FFD0546002840F0F6
:100360008380594957480CF097FD0646002872D102
:10037000564954480CF090FD0446002862D151487B
:100380004FF442710CF088FDF8B951494D480CF01A
:1003900083FD00282CD145EA06000443E4B2002C7A
:1003A0002ED14C4947480CF077FD38B14A4A1388A2
:1003B000002B62D1474943480CF084FD474941482E
:1003C0000CF06AFD00282DD170BD3E4800210CF0D4
:1003D0003BFD3C4843F208010CF036FD39484FF430
:1003E00042710CF06FFD3A4936480CF055FD38B1BA
:1003F000344803210CF028FD354932480CF062FDE9
:1004000072B63748374C3449374A002303604FF4FB
:10041000967023600880138062B63449344A0B70AA
:100420001370BEE7274840F206310CF027FD314833
:100430004FF480410CF082F8BDE870402749214814
:100440000CF040BD1F4803210CF0FEFC1F491D4865
:100450000CF038FD93E71B4802210CF0F5FC1A491B
:1004600018480CF02FFD83E7164801210CF0ECFC36
:10047000134914480CF026FD73E71A4D1E492C68E9
:100480001E4E013B1380631C81FB0301DA17C2EB94
:1004900061124FF4967101FB12330A482B600CF085
:1004A000C9FC114A16491388114D096826F8140031
:1004B00001331380134B01222A7019607AE700BFC1
:1004C00000050100001401400005020000050300C2
:1004D00005030300050305008E0A0020060306003D
:1004E00070470120744701206C470120760A0120E3
:1004F0009D0A012000040240B5814E1B784701206F
:10050000C8540120980A012010B50C482022062169
:100510000BF090FC00B910BD09480A4C40F20631BE
:100520000CF0A0FC0849054800230B702370202222
:10053000BDE8104006210BF0A3BD00BF00640240DF
:10054000001401409C0A01209D0A01202DE9F04F72
:100550009D4B1B78012B8BB000F062818BB1022B7D
:100560000CD172B699489A4C9A499B4A0023036071
:100570004FF4967023600880138062B60BB0BDE81C
:10058000F08F964B18680028F8D0954D924A9549FF
:10059000954C2E6815880B782468002D33D072B6E0
:1005A0001588013D158062B6DFF820C28F4ADCF85D
:1005B0000070A2FB03528E4D35F817E08D4D0137C8
:1005C000D20985FB0758C2EB821502EB85029A1A05
:1005D000FD17C5EB6815BEF5807FDFF83C82D2B20F
:1005E00028BF4FF0000E08F802E04FF4967202FBAD
:1005F0001572CCF800205A1C0A7072B6754D2A8804
:1006000001322A8062B6002BB8D0A41B49F64042C2
:10061000B2FBF0F201329442B0D977480288002A46
:1006200000F0CF80013A0280744A754E1068049041
:100630009A1C00F10108D0B280F07F04714F325D46
:10064000059082F09902388803976F4F01963D5DBF
:10065000B65C684CBA5C0792754085F0010C00F1FD
:10066000010E624DCDF818C000F1020A00F1030935
:100670001FFA8AFA1FFA89F91FFA8EFEA5FB0352A8
:100680000297A4FB0E5BA4FB0A56A4FB0057A4FB35
:1006900009C5F6094FF4966CED090CFB1595D209C6
:1006A000D8F100094FEADB1B0CFB16A60CFB1BEE76
:1006B0001FFA86FA1FFA85FB08F01F064F4D09F056
:1006C0001F09C2EB821858BFC9F1000602EB88026D
:1006D0002E609A1A069D4A4B4C4E13F80580079BD4
:1006E000FF090CFB1707BFB283EA0808464B1FFA45
:1006F0008EFE4FF0A50906F807905B5D059D06F894
:100700000E50A22706F80A7012F0FF0E4FF00107F4
:1007100006F80B7000F088860EF1040ADFF8F890F6
:10072000CDF814E05FFA8AFA042219F801BB151813
:10073000ADB28BEA080EA4FB0587FF090CFB175529
:10074000ADB2013206F805B0019D15F80E80D2B2A7
:1007500083EA0808029B524513F80E30E5D1DDF814
:1007600014E00EF106050EF105045FFA85FAE4B215
:100770005746039DDFF8A4900744024404442F80A9
:100780001C4F92B2A4B2A7FB02ECA7FB04E74FEA0E
:10079000DC1C4FF4966EFF090EFB1C220EFB174467
:1007A00092B2A4B206F802803355B9F80030049A28
:1007B0000133A9F80030164B23F81200154B03F84B
:1007C00002A000230B70D9E68C0A0020704701209C
:1007D000744701208E0A00206C470120880A0020FF
:1007E000980A01209E0A0120C8540120A98D848105
:1007F00078470120B5814E1BBC0A0020A04F012084
:100800007CEC0108E64A01207CEB0108E84A012063
:10081000C44F0120A44F0120A00A0120984F0120BD
:10082000484A118800293FF4A9AE72B611880139EF
:10083000118062B6444D45492E68454C721C81FBBF
:100840000201D017C0EB6110424931F816104FF485
:10085000967606FB10222A602278FAB9FF2914D86E
:10086000552900F09083C9B2332940F0B8853A4841
:100870003A49027002253A4825700A70394C3A49C3
:10088000037045F2FF5322700B8072B6374A13880B
:100890000133138062B60BB0BDE8F08F013A032A32
:1008A000F3D8DFE802F01C6D33022B4B1A78002AD4
:1008B00040F0A2832C4A2E4C10782E4DB1F5807F4B
:1008C00028BF0021C9B248402970245C0121197059
:1008D00029495378095C54704B401370D5E71E4B7F
:1008E0001A78032A00F05485043A052ACDD801A0CD
:1008F00050F822F02B0F01084B0F0108010F0108DF
:100900008B080108F30B01080F0C0108124B1A7831
:10091000002A00F02A83082A00F06B81092AB4D14A
:10092000164B0F4A0020187012780F4B5B7832B1CB
:10093000B1F5807F28BF01468B4200F089850023F6
:100940002370A2E76C47012070470120B5814E1B40
:10095000760A012078470120750A0120740A0120D7
:100960007C080020730A0120800800208E0A0020E5
:100970007CEB0108770A01207CEC01089D0A01202C
:10098000B44B1A78002A00F0F082082A00F0318176
:10099000092A7FF47AAFB04BB04A00201870127861
:1009A000AF4B5B78002ACAD0B1F5807F28BF0146E3
:1009B0008B42C4D1AB4AAC4B17781B78BB42BED933
:1009C000AA4A1388002BBAD0DFF8C4E2A84EDFF899
:1009D000BC92013B1380DEF800300693591CA54BF6
:1009E00003931A464FF496631288B2FBF3FC501C33
:1009F000951C80B2ADB2B0FBF3F803FB1800B5FB59
:100A0000F3F803FB1855D1F1000808F01F0803FBA9
:100A10001C2C01F01F011FFA8CFC58BFC8F100010B
:100A200080B2CEF80010A52106F80C10ADB20D2151
:100A30003154A121715507EB870109EB4108D11C05
:100A400089B204918C4902918C49019102F109000B
:100A500004991FFA80FAA425CB208446B1FBF3F059
:100A600003FB101018F801BF80B28BEA050E06F8E0
:100A700000B00198013110F80E50029889B251452A
:100A800010F80E008CEA0505E7D1059785F0010501
:100A90007840019F049117F805C00299019F4D5DB0
:100AA00080EA0C0002F10E0817F800C0059F085CF0
:100AB00085EA0C054FF00A0C0CFB079C85F0F0054D
:100AC000019FDFF8D09117F805E04D5D9CF8071005
:100AD000079148409CF808100F468EEA00000897DE
:100AE0007D40019F9CF8091017F800C0029F0991F2
:100AF000385C019F8CEA0505484017F805C002994B
:100B0000019F4D5D8CEA00001FFA88FA17F800C0BB
:100B1000085C019002F10F081FFA88FB02F110082F
:100B200085EA0C051FFA88F847460295B9F8008057
:100B3000049902F10A0E02F10B0C02F10C0502F10C
:100B40000D0008F101081FFA8EFE1FFA8CFCADB2F1
:100B500080B2A9F80080B1FBF3F803FB18111FFA6B
:100B600081F8BEFBF3F103FB11EEBCFBF3F103FBD9
:100B700011CCB5FBF3F103FB1155B0FBF3F103FB13
:100B80001100BAFBF3F103FB11AABBFBF3F103FB6A
:100B900011BBB7FBF3F103FB117399B2069F384BFE
:100BA00023F81720039B059F11321FFA8EFEADB26A
:100BB0001A801FFA8CFC012206F8082080B206F881
:100BC0000E70F022079F06F80C201FFA8AF977555D
:100BD000089F3754099A2B4B069F06F809201FFAE5
:100BE0008BFA029D019806F80A5011227054DA55CA
:100BF000A5E61B4AB1F5807F127828BF00218A4202
:100C000002D0164A0021117009221A703DE6124BDB
:100C1000124A00251D701278114B5B78002A3FF4B0
:100C20008EAEB1F5807F28BF29468B427FF487AE18
:100C30000D4EDFF864A096F800E04FF0FF08BEFB11
:100C4000F8F8F04418F0FF0800F02F840E4FD34658
:100C5000F14627E0750A01209D0A01207C0800204A
:100C600080080020770A012072080120BC0A0020B9
:100C7000E84A0120E64A01207CEB01087CEC0108EF
:100C8000C44F0120A44F01207DFE00207CFE0020E7
:100C9000A04F0120984F01207C0A01200135A84572
:100CA00000F002843946062258460A370CF0FEF955
:100CB0000028F3D1BB4ABC4BBC491678BC4804960B
:100CC0000A2202FB05330A8890F800A090F801E0A0
:100CD000DE715FFA85FB83F808A083F809E0002A3B
:100CE00000F00781B34BDFF808930393013A0A80C1
:100CF0001A88D9F800500595501C911C4FF4966342
:100D000080B289B20135B0FBF3F803FB1800B1FBE8
:100D1000F3F803FB1811D5F1000808F01F08B2FB27
:100D2000F3FC03FB1C2CA44E049F05F01F051FFAC7
:100D30008CFC58BFC8F1000580B2C9F80050A52549
:100D400006F80C5089B20D253554A120705402F1DB
:100D500009001FFA80F999480290A425984801904B
:100D6000D11CCB20AC46DFF88C82154689B20246F6
:100D70006046049218F8012B82EA000CB1FBF3F0F4
:100D800003FB101080B2013132540198049A10F81C
:100D90000C00424089B21046029A494512F80C20D4
:100DA000E7D1B946074610462A4687F00105019F5C
:100DB000CDF8109002F10A0C1FFA8CF817F805C054
:100DC000029F80EA0C007D5D019F80EA0B0017F80E
:100DD00000C0029F85EA0C0585F0F00517F800C0F9
:100DE000019F785D029F89EA0C0C80EA0C0017F8DD
:100DF00005C0019F3D5C029F8AEA0C0C385C019F94
:100E000085EA0C058EEA000017F805C0029F8CEAFF
:100E100000007D5D019F17F800C0029F85EA0C0568
:100E2000029502F10C051FFA85FC02F10D051FFA6F
:100E300085F902F10E05385C0190AFB202F10F05A1
:100E4000ADB2079502F1100502F10B00ADB280B210
:100E50000895B1FBF3F503FB15118DB2B8FBF3F167
:100E600003FB1188B0FBF3F103FB1100BCFBF3F1B2
:100E700003FB11CCB9FBF3F103FB1199B7FBF3F1C1
:100E800003FB1171079F89B20691B7FBF3F103FBD6
:100E9000117189B20791089FB7FBF3F103FB11733E
:100EA000484F99B23B8801333B80474B059F23F85D
:100EB0001720039B113280B21A801FFA88F8012292
:100EC00072551FFA8CFCF02206F808B03254049ACE
:100ED00006F80C201FFA89F9069A06F809A006F808
:100EE00002E0079A394B029DB554019870541122C3
:100EF000DA553749374B81F800B001221A701EE5E8
:100F0000354A2B4D10782D4CB1F5807F28BF00213C
:100F1000C9B2484069702A49245C095C08201870ED
:100F2000537854704B401370AFE42B4A1D4D10782A
:100F3000224CB1F5807F28BF0021C9B248402970FA
:100F40001F49245C095C0520E9E7234A184D107805
:100F50001A4CB1F5807F28BF0021C9B248402970E2
:100F60001749245C095C0620D9E71B4A134C10780A
:100F70001A4DB1F5807F28BF0021C9B248402970C1
:100F8000245C0821A3E41649237003200870154C43
:100F9000154916480A7022700F4A037047F67F7190
:100FA000118072E47A0A01207CFE0020BC0A002035
:100FB000780A0120E64A0120E84A01207CEB01087A
:100FC0007CEC0108984F0120C44F0120A44F012060
:100FD000840A0020900A012080080020770A01205E
:100FE000750A0120740A0120730A01207C08002080
:100FF000A04F01207C0A0120013A082A3FF645ACA7
:1010000001A050F822F000BF13130108E5120108F7
:101010008B0801088B0801088B0801088B08010860
:1010200097120108F30B01082D100108C14AC24BA9
:101030001778C24EC24AC34DDFF844C312789CF8F9
:1010400001C0A3FB0703C04807EBD31390F800E0EF
:10105000BE4803F0FF03007804904FF0000886F8C4
:10106000008035F91360BEF1000F3FF468ACB1F5B4
:10107000807F28BF41468C457FF461ACB449097834
:1010800012B2B94225F813207FF659AC964200F00F
:10109000FB80B0490A88002A00F0F68003EB830346
:1010A00007930346013A09335FFA83FA0A80AA4B91
:1010B000AA4A03921188DFF8D0C2A948DCF8008060
:1010C00002901A468AF07F034FF496650192D25C33
:1010D000B1FBF5FE4E1C05FB1E1E82F09A09B6B24E
:1010E0001FFA8EFE8A1C92B2CDF814E0B6FBF5FE14
:1010F00005FB1E6610F803B0994808F101031FFABA
:1011000086FEB2FBF5F605FB162296B25A4202F0B5
:101110001F0203F01F0358BF5342CCF800308E4B20
:10112000069613F809208F4B8F4E8BEA020210F8B7
:1011300009B0079803EB40090598A5233354069896
:1011400006F80EA0A123335401F1090CCB1C04981E
:1011500004919BB21FFA8CFADC4619F801BF029980
:101160008BEA020EB3FBF5F205FB123292B20133A9
:1011700006F802B0019A11F80EB012F80E209BB2D8
:1011800053458CEA0202E7D1824682F001020198BF
:10119000049910F802C0029887EA0B0E8EEA0C0937
:1011A00010F802E00198B3FBF5F201F10A0C05FB1F
:1011B00012331FFA8CFC9AB2BCFBF5F305FB13CC7F
:1011C00010F809500298FF23BAFBF3F3534410F8C8
:1011D00009B0DFF8B09103F0FF0301201FFA8CFC87
:1011E000B0545A1E06F80C708EEA050504920020D1
:1011F0004FF4966A059313E019F801EB85EA0E0C9B
:10120000B2FBFAF50AFB152292B2013006F802E0B1
:10121000019A12F80C50029A8BEA050512F80CB0EC
:10122000049B00F10B02D2B20A44984292B2E3DD71
:10123000059BDFF858C103F10B0051FA80F04FF421
:10124000966E80B203F10C02B0FBFEF90EFB1900A2
:1012500051FA82F280B292B23554B2FBFEF00EFB2C
:10126000102292B20D3306F802B0BCF80020013211
:10127000ACF800203D4A22F81810039A51FA83F185
:1012800011803B4A02F808303A493B4B0F7001226B
:101290001A70FFF754BB394D274A2878384C394E1D
:1012A000A2FB0072B1F5807F00EBD21228BF0021B3
:1012B00002F0FF02C9B2B15422784A4028490130F5
:1012C0008E5C2549C0B228708D5C204A1178627806
:1012D00066706A40814222707FF4D7AA08221A7091
:1012E000FFF7D3BAFF2900F2A5802548174CCAB2F0
:1012F0002270047862401A4CA55C174CA45C4278BA
:101300004570624002700029E8D007221A70FFF78A
:10131000BCBA1B4A0A4D1078114CB1F5807F28BF2A
:101320000021C9B2484029700B49245C095C0220A5
:10133000F5E500BF770A0120818080809D0A0120A9
:1013400073080120840800207C080020730A012013
:1013500072080120BC0A00207CEC0108E64A01204A
:101360007CEB01087CFE0020E84A0120C44F0120EC
:10137000A44F0120830A00208F0A0120740A012053
:101380008008002074090120A04F0120984F0120FF
:10139000394D3A4A28783A4C3A4EA2FB00729208EC
:1013A00002EB4202B1F5807FA0EB420228BF002190
:1013B000D2B2C9B2B154421C207841403248D2B2B4
:1013C0002A70455C3148405C617865704140062A6E
:1013D00021707FF45AAA04221A70FFF756BA5F29C7
:1013E0000FD12B482449027003252A4825700A7022
:1013F000294C2349037047F6FF0322700B80FFF747
:1014000044BA50297FF441AA21481B49027004259F
:10141000204825700A70204C1949037047F6BF43D5
:1014200022700B80FFF731BA0627BA460524042242
:10143000FFF79FB9124A15491078134D095C2D5CCE
:101440005078154C5570414011700022227045E7CC
:10145000124B1B78FF22B3FBF2F2134403F0FF039D
:101460000F4AD15C00293FF46AAAD0540D4A0121E9
:10147000D154FFF764BA00BF740A0120ABAAAAAA2C
:10148000800800207C0A01207CEB01087CEC01082C
:10149000750A01207C080020730A0120770A0120C8
:1014A000AC190120AC180120CE46984A984B177809
:1014B000984D9949DAF8000095F800B00A2202FB2D
:1014C00008330A88C3F80100BAF8040095F801A0AF
:1014D000DF71A3F8050083F808B083F809A00EF1C6
:1014E00001033370002A00F009818C4BDFF8509221
:1014F0000393013A0A801A88D9F800500595501CC8
:10150000911C4FF4966380B289B20135B0FBF3F8B9
:1015100003FB1800B1FBF3F803FB1811D5F1000829
:1015200008F01F08B2FBF3FC03FB1C2C7C4E05F0FB
:101530001F051FFA8CFC58BFC8F1000580B2C9F81E
:101540000050A52506F80C5089B20D253554A12070
:101550007054D11C89B204917249029102F10900C0
:1015600071490191A425AC461FFA80F9DFF8D481B6
:101570000499CB20154602466046049218F8012BC8
:1015800082EA000CB1FBF3F003FB101080B20131D2
:1015900032540198049A10F80C00424089B2104667
:1015A000029A494512F80C20E7D1B8460746104682
:1015B0002A4687F00105019F049117F805C002999A
:1015C000019F4D5DCDF808808EEA000080EA0C0096
:1015D00017F800C0019F85EA0C0585F0F00511F8A9
:1015E00000C0785D019F88EA0C0C80EA0C0011F8BD
:1015F00005C03D5C019F085C8BEA0C0C85EA0C057C
:101600008AEA000017F805C0019F4D5D8CEA0000D2
:1016100017F800C0095C019185EA0C0002F10C0C7E
:101620001FFA8CF802F10D0C1FFA8CF902F10E0C66
:101630001FFA8CF702F10F0C1FFA8CF1079102F1DF
:10164000100C0499069002F10A0502F10B001FFA32
:101650008CFCCDF820C0ADB2B1FBF3FC80B203FB33
:101660001C111FFA81FCB5FBF3F103FB1155B0FB14
:10167000F3F103FB1100B8FBF3F103FB1188B9FB95
:10168000F3F103FB1199B7FBF3F103FB11718FB277
:101690000497079FB7FBF3F103FB1171089F89B211
:1016A0000791B7FBF3F103FB1173204F99B23B880D
:1016B00001333B80059F1E4B23F81720039BADB2DF
:1016C000113280B21A80012206F80C201FFA88F825
:1016D00006F805E0F022049D32541FFA89F9029AB7
:1016E00006F8082006F809B006F805A0DDE90605A9
:1016F000019A104B705572541122DA550E490F4B56
:1017000081F800E001221A70FFF719B97A0A012066
:101710007CFE0020780A0120BC0A0020E64A012055
:10172000E84A01207CEB01087CEC0108984F01207D
:10173000C44F0120A44F0120840A0020900A0120F8
:10174000A04F01207C0A012070B55B495B480BF07B
:10175000A3FB0546002840F08380594957480BF009
:101760009BFB0646002872D1564954480BF094FB67
:101770000446002862D151484FF442710BF08CFBB3
:10178000F8B951494D480BF087FB00282CD145EAA8
:1017900006000443E4B2002C2ED14C4947480BF01C
:1017A0007BFB38B14A4A1388002B62D14749434832
:1017B0000BF088FB474941480BF06EFB00282DD108
:1017C00070BD3E4800210BF03FFB3C4843F208014E
:1017D0000BF03AFB39484FF442710BF073FB3A4976
:1017E00036480BF059FB38B1344803210BF02CFB81
:1017F000354932480BF066FB72B63748374C3449EE
:10180000374A002303604FF49670236008801380EA
:1018100062B63449344A0B701370BEE7274840F271
:1018200006310BF02BFB31484FF480510AF086FE55
:10183000BDE87040274921480BF044BB1F480321F5
:101840000BF002FB1F491D480BF03CFB93E71B48C4
:1018500002210BF0F9FA1A4918480BF033FB83E721
:10186000164801210BF0F0FA134914480BF02AFB3B
:1018700073E71A4D1E492C681E4E013B1380631CF2
:1018800081FB0301DA17C2EB61124FF4967101FB81
:1018900012330A482B600BF0CDFA114A164913880F
:1018A000114D096826F8140001331380134B0122EF
:1018B0002A7019607AE700BF00050100004C004063
:1018C00000050200000503000503030005030500F1
:1018D00056080020060306001CFC002020FC002007
:1018E00018FC00202ABF002051BF00200008024041
:1018F000B5814E1B24FC0020C85401204CBF0020A1
:1019000010B50C48202204210AF094FA00B910BD49
:1019100009480A4C40F206310BF0A4FA0849054880
:1019200000230B7023702022BDE8104004210AF030
:10193000A7BB00BF00600240004C004050BF002029
:1019400051BF00202DE9F04F9D4B1B78012B8BB030
:1019500000F062818BB1022B0CD172B699489A4C7F
:101960009A499B4A002303604FF4967023600880D5
:10197000138062B60BB0BDE8F08F964B1868002854
:10198000F8D0954D924A9549954C2E6815880B785C
:101990002468002D33D072B61588013D158062B6DB
:1019A000DFF820C28F4ADCF80070A2FB03528E4D94
:1019B00035F817E08D4D0137D20985FB0758C2EB8A
:1019C000821502EB85029A1AFD17C5EB6815BEF564
:1019D000807FDFF83C82D2B228BF4FF0000E08F8BB
:1019E00002E04FF4967202FB1572CCF800205A1CEC
:1019F0000A7072B6754D2A8801322A8062B6002BB1
:101A0000B8D0A41B49F64042B2FBF0F20132944236
:101A1000B0D977480288002A00F0CF80013A0280CE
:101A2000744A754E106804909A1C00F10108D0B2F7
:101A300080F07F04714F325D059082F09902388802
:101A400003976F4F01963D5DB65C684CBA5C079298
:101A5000754085F0020C00F1010E624DCDF818C002
:101A600000F1020A00F103091FFA8AFA1FFA89F944
:101A70001FFA8EFEA5FB03520297A4FB0E5BA4FB8C
:101A80000A56A4FB0057A4FB09C5F6094FF4966C4F
:101A9000ED090CFB1595D209D8F100094FEADB1BC3
:101AA0000CFB16A60CFB1BEE1FFA86FA1FFA85FB31
:101AB00008F01F064F4D09F01F09C2EB821858BFEE
:101AC000C9F1000602EB88022E609A1A069D4A4B65
:101AD0004C4E13F80580079BFF090CFB1707BFB29C
:101AE00083EA0808464B1FFA8EFE4FF0A50906F858
:101AF00007905B5D059D06F80E50A22706F80A7058
:101B000012F0FF0E4FF0020706F80B7000F0888607
:101B10000EF1040ADFF8F890CDF814E05FFA8AFAC3
:101B2000042219F801BB1518ADB28BEA080EA4FB0C
:101B30000587FF090CFB1755ADB2013206F805B059
:101B4000019D15F80E80D2B283EA0808029B524527
:101B500013F80E30E5D1DDF814E00EF106050EF1B4
:101B600005045FFA85FAE4B25746039DDFF8A490B6
:101B70000744024404442F801C4F92B2A4B2A7FB36
:101B800002ECA7FB04E74FEADC1C4FF4966EFF095A
:101B90000EFB1C220EFB174492B2A4B206F8028080
:101BA0003355B9F80030049A0133A9F80030164BC8
:101BB00023F81200154B03F802A000230B70D9E69E
:101BC000540800201CFC002020FC002056080020A7
:101BD00018FC0020500800204CBF002052BF0020FD
:101BE000C8540120A98D848124FC0020B5814E1B9E
:101BF000BC0A0020A04F01207CEC0108E64A01202D
:101C00007CEB0108E84A0120C44F0120A44F0120C9
:101C100054BF0020984F0120484A118800293FF402
:101C2000A9AE72B611880139118062B6444D45499A
:101C30002E68454C721C81FB0201D017C0EB61106D
:101C4000424931F816104FF4967606FB10222A60AE
:101C50002278FAB9FF2914D8552900F09083C9B227
:101C6000332940F0B8853A483A49027002253A488B
:101C700025700A70394C3A49037045F2FF532270BF
:101C80000B8072B6374A13880133138062B60BB0EB
:101C9000BDE8F08F013A032AF3D8DFE802F01C6DAB
:101CA00033022B4B1A78002A40F0A2832C4A2E4C88
:101CB00010782E4DB1F5807F28BF0021C9B2484071
:101CC0002970245C0121197029495378095C5470EA
:101CD0004B401370D5E71E4B1A78032A00F0548549
:101CE000043A052ACDD801A050F822F02323010898
:101CF00043230108F9220108831C0108EB1F010896
:101D000007200108124B1A78002A00F02A83082ABB
:101D100000F06B81092AB4D1164B0F4A00201870CD
:101D200012780F4B5B7832B1B1F5807F28BF014646
:101D30008B4200F0898500232370A2E718FC002065
:101D40001CFC0020B5814E1B2ABF002024FC002073
:101D500029BF002028BF00204406002027BF002004
:101D600048060020560800207CEB01082BBF00200D
:101D70007CEC010851BF0020B44B1A78002A00F017
:101D8000F082082A00F03181092A7FF47AAFB04B43
:101D9000B04A002018701278AF4B5B78002ACAD086
:101DA000B1F5807F28BF01468B42C4D1AB4AAC4B12
:101DB00017781B78BB42BED9AA4A1388002BBAD029
:101DC000DFF8C4E2A84EDFF8BC92013B1380DEF8D6
:101DD00000300693591CA54B03931A464FF49663A3
:101DE0001288B2FBF3FC501C951C80B2ADB2B0FB64
:101DF000F3F803FB1800B5FBF3F803FB1855D1F11A
:101E0000000808F01F0803FB1C2C01F01F011FFA3B
:101E10008CFC58BFC8F1000180B2CEF80010A5219B
:101E200006F80C10ADB20D213154A121715507EB0C
:101E3000870109EB4108D11C89B204918C490291B8
:101E40008C49019102F1090004991FFA80FAA42536
:101E5000CB208446B1FBF3F003FB101018F801BF50
:101E600080B28BEA050E06F800B00198013110F837
:101E70000E50029889B2514510F80E008CEA050503
:101E8000E7D1059785F002057840019F049117F886
:101E900005C00299019F4D5D80EA0C0002F10E0819
:101EA00017F800C0059F085C85EA0C054FF00A0C86
:101EB0000CFB079C85F0F005019FDFF8D09117F827
:101EC00005E04D5D9CF80710079148409CF808100C
:101ED0000F468EEA000008977D40019F9CF809108C
:101EE00017F800C0029F0991385C019F8CEA050534
:101EF000484017F805C00299019F4D5D8CEA00002B
:101F00001FFA88FA17F800C0085C019002F10F0868
:101F10001FFA88FB02F1100885EA0C051FFA88F801
:101F200047460295B9F80080049902F10A0E02F1C1
:101F30000B0C02F10C0502F10D0008F101081FFA6B
:101F40008EFE1FFA8CFCADB280B2A9F80080B1FB06
:101F5000F3F803FB18111FFA81F8BEFBF3F103FB42
:101F600011EEBCFBF3F103FB11CCB5FBF3F103FB6A
:101F70001155B0FBF3F103FB1100BAFBF3F103FBC6
:101F800011AABBFBF3F103FB11BBB7FBF3F103FB9E
:101F9000117399B2069F384B23F81720039B059FB6
:101FA00011321FFA8EFEADB21A801FFA8CFC02228B
:101FB00006F8082080B206F80E70F022079F06F897
:101FC0000C201FFA8AF97755089F3754099A2B4B32
:101FD000069F06F809201FFA8BFA029D019806F861
:101FE0000A5011227054DA55A5E61B4AB1F5807FDC
:101FF000127828BF00218A4202D0164A00211170AF
:1020000009221A703DE6124B124A00251D70127803
:10201000114B5B78002A3FF48EAEB1F5807F28BF6C
:1020200029468B427FF487AE0D4EDFF864A096F808
:1020300000E04FF0FF08BEFBF8F8F04418F0FF088E
:1020400000F02F840E4FD346F14627E029BF002031
:1020500051BF002044060020480600202BBF00206E
:1020600026BD0020BC0A0020E84A0120E64A0120E3
:102070007CEB01087CEC0108C44F0120A44F012037
:1020800031B3002030B30020A04F0120984F012031
:1020900030BF00200135A84500F0028439460622F1
:1020A00058460A370BF002F80028F3D1BB4ABC4B64
:1020B000BC491678BC4804960A2202FB05330A88FC
:1020C00090F800A090F801E0DE715FFA85FB83F8DC
:1020D00008A083F809E0002A00F00781B34BDFF87D
:1020E00008930393013A0A801A88D9F8005005959D
:1020F000501C911C4FF4966380B289B20135B0FB3D
:10210000F3F803FB1800B1FBF3F803FB1811D5F14A
:10211000000808F01F08B2FBF3FC03FB1C2CA44EC4
:10212000049F05F01F051FFA8CFC58BFC8F100057D
:1021300080B2C9F80050A52506F80C5089B20D25CB
:102140003554A120705402F109001FFA80F9994812
:102150000290A42598480190D11CCB20AC46DFF812
:102160008C82154689B202466046049218F8012B0B
:1021700082EA000CB1FBF3F003FB101080B20131D6
:1021800032540198049A10F80C00424089B210466B
:10219000029A494512F80C20E7D1B9460746104685
:1021A0002A4687F00205019FCDF8109002F10A0C33
:1021B0001FFA8CF817F805C0029F80EA0C007D5DBD
:1021C000019F80EA0B0017F800C0029F85EA0C050A
:1021D00085F0F00517F800C0019F785D029F89EA3D
:1021E0000C0C80EA0C0017F805C0019F3D5C029FB3
:1021F0008AEA0C0C385C019F85EA0C058EEA000027
:1022000017F805C0029F8CEA00007D5D019F17F85A
:1022100000C0029F85EA0C05029502F10C051FFA29
:1022200085FC02F10D051FFA85F902F10E05385CF7
:102230000190AFB202F10F05ADB2079502F11005A2
:1022400002F10B00ADB280B20895B1FBF3F503FBD0
:1022500015118DB2B8FBF3F103FB1188B0FBF3F15C
:1022600003FB1100BCFBF3F103FB11CCB9FBF3F151
:1022700003FB1199B7FBF3F103FB1171079F89B2BF
:102280000691B7FBF3F103FB117189B20791089F27
:10229000B7FBF3F103FB1173484F99B23B8801334D
:1022A0003B80474B059F23F81720039B113280B2D8
:1022B0001A801FFA88F8022272551FFA8CFCF0224D
:1022C00006F808B03254049A06F80C201FFA89F96F
:1022D000069A06F809A006F802E0079A394B029D13
:1022E000B554019870541122DA553749374B81F8AB
:1022F00000B001221A701EE5354A2B4D10782D4C86
:10230000B1F5807F28BF0021C9B2484069702A49D1
:10231000245C095C08201870537854704B4013708B
:10232000AFE42B4A1D4D1078224CB1F5807F28BFB9
:102330000021C9B2484029701F49245C095C05206E
:10234000E9E7234A184D10781A4CB1F5807F28BF71
:102350000021C9B2484029701749245C095C062055
:10236000D9E71B4A134C10781A4DB1F5807F28BF6E
:102370000021C9B248402970245C0821A3E4164911
:10238000237003200870154C154916480A702270F6
:102390000F4A037047F67F71118072E42EBF002050
:1023A00030B30020BC0A00202CBF0020E64A0120E8
:1023B000E84A01207CEB01087CEC0108984F0120E1
:1023C000C44F0120A44F01204C08002044BF00202E
:1023D000480600202BBF002029BF002028BF002076
:1023E00027BF002044060020A04F012030BF00205E
:1023F000013A082A3FF645AC01A050F822F000BF90
:102400000B270108DD260108831C0108831C010835
:10241000831C0108831C01088F260108EB1F01089B
:1024200025240108C14AC24B1778C24EC24AC34D87
:10243000DFF844C312789CF801C0A3FB0703C0482F
:1024400007EBD31390F800E0BE4803F0FF030078D9
:1024500004904FF0000886F8008035F91360BEF153
:10246000000F3FF468ACB1F5807F28BF41468C4532
:102470007FF461ACB449097812B2B94225F813204F
:102480007FF659AC964200F0FB80B0490A88002ADA
:1024900000F0F68003EB830307930346013A093308
:1024A0005FFA83FA0A80AA4BAA4A03921188DFF8DE
:1024B000D0C2A948DCF8008002901A468AF07F0357
:1024C0004FF496650192D25CB1FBF5FE4E1C05FB04
:1024D0001E1E82F09A09B6B21FFA8EFE8A1C92B2B4
:1024E000CDF814E0B6FBF5FE05FB1E6610F803B050
:1024F000994808F101031FFA86FEB2FBF5F605FBC9
:10250000162296B25A4202F01F0203F01F0358BF70
:102510005342CCF800308E4B069613F809208F4BAF
:102520008F4E8BEA020210F809B0079803EB4009BE
:102530000598A5233354069806F80EA0A12333541A
:1025400001F1090CCB1C049804919BB21FFA8CFA80
:10255000DC4619F801BF02998BEA020EB3FBF5F2D3
:1025600005FB123292B2013306F802B0019A11F85B
:102570000EB012F80E209BB253458CEA0202E7D14E
:10258000824682F002020198049910F802C0029873
:1025900087EA0B0E8EEA0C0910F802E00198B3FBF3
:1025A000F5F201F10A0C05FB12331FFA8CFC9AB20A
:1025B000BCFBF5F305FB13CC10F809500298FF2380
:1025C000BAFBF3F3534410F809B0DFF8B09103F00D
:1025D000FF0302201FFA8CFCB0545A1E06F80C7040
:1025E0008EEA0505049200204FF4966A059313E0E5
:1025F00019F801EB85EA0E0CB2FBFAF50AFB15227D
:1026000092B2013006F802E0019A12F80C50029AD8
:102610008BEA050512F80CB0049B00F10B02D2B254
:102620000A44984292B2E3DD059BDFF858C103F1FA
:102630000B0051FA80F04FF4966E80B203F10C0259
:10264000B0FBFEF90EFB190051FA82F280B292B291
:102650003554B2FBFEF00EFB102292B20D3306F899
:1026600002B0BCF800200132ACF800203D4A22F84C
:102670001810039A51FA83F111803B4A02F808308E
:102680003A493B4B0F7001221A70FFF754BB394D8A
:10269000274A2878384C394EA2FB0072B1F5807F6A
:1026A00000EBD21228BF002102F0FF02C9B2B154E0
:1026B00022784A40284901308E5C2549C0B22870F2
:1026C0008D5C204A1178627866706A40814222707F
:1026D0007FF4D7AA08221A70FFF7D3BAFF2900F2B5
:1026E000A5802548174CCAB22270047862401A4C63
:1026F000A55C174CA45C42784570624002700029CA
:10270000E8D007221A70FFF7BCBA1B4A0A4D1078AE
:10271000114CB1F5807F28BF0021C9B24840297013
:102720000B49245C095C0220F5E500BF2BBF0020AB
:102730008180808051BF002027BD00204C060020F2
:102740004406002027BF002026BD0020BC0A002030
:102750007CEC0108E64A01207CEB010830B3002044
:10276000E84A0120C44F0120A44F01204B0800205B
:1027700043BF002028BF00204806002028BE0020BC
:10278000A04F0120984F0120394D3A4A28783A4C01
:102790003A4EA2FB0072920802EB4202B1F5807F32
:1027A000A0EB420228BF0021D2B2C9B2B154421CF0
:1027B000207841403248D2B22A70455C3148405CB2
:1027C000617865704140062A21707FF45AAA04227C
:1027D0001A70FFF756BA5F290FD12B4824490270AF
:1027E00003252A4825700A70294C2349037047F6AF
:1027F000FF0322700B80FFF744BA50297FF441AAEF
:1028000021481B4902700425204825700A70204C7D
:102810001949037047F6BF4322700B80FFF731BAA6
:102820000627BA4605240422FFF79FB9124A154924
:102830001078134D095C2D5C5078154C5570414053
:1028400011700022227045E7124B1B78FF22B3FB68
:10285000F2F2134403F0FF030F4AD15C00293FF466
:102860006AAAD0540D4A0121D154FFF764BA00BFBF
:1028700028BF0020ABAAAAAA4806002030BF00202B
:102880007CEB01087CEC010829BF002044060020F5
:1028900027BF00202BBF002060CE002060CD00208D
:1028A000CE46984A984B1778984D9949DAF8000027
:1028B00095F800B00A2202FB08330A88C3F8010029
:1028C000BAF8040095F801A0DF71A3F8050083F8B9
:1028D00008B083F809A00EF101033370002A00F05C
:1028E00009818C4BDFF850920393013A0A801A88D1
:1028F000D9F800500595501C911C4FF4966380B296
:1029000089B20135B0FBF3F803FB1800B1FBF3F813
:1029100003FB1811D5F1000808F01F08B2FBF3FC07
:1029200003FB1C2C7C4E05F01F051FFA8CFC58BFC6
:10293000C8F1000580B2C9F80050A52506F80C5072
:1029400089B20D253554A1207054D11C89B204914F
:102950007249029102F1090071490191A425AC4626
:102960001FFA80F9DFF8D4810499CB20154602467E
:102970006046049218F8012B82EA000CB1FBF3F0D8
:1029800003FB101080B2013132540198049A10F800
:102990000C00424089B21046029A494512F80C20B8
:1029A000E7D1B846074610462A4687F00205019F40
:1029B000049117F805C00299019F4D5DCDF808807C
:1029C0008EEA000080EA0C0017F800C0019F85EA3B
:1029D0000C0585F0F00511F800C0785D019F88EACC
:1029E0000C0C80EA0C0011F805C03D5C019F085CEE
:1029F0008BEA0C0C85EA0C058AEA000017F805C082
:102A0000019F4D5D8CEA000017F800C0095C019140
:102A100085EA0C0002F10C0C1FFA8CF802F10D0C87
:102A20001FFA8CF902F10E0C1FFA8CF702F10F0C51
:102A30001FFA8CF1079102F1100C0499069002F133
:102A40000A0502F10B001FFA8CFCCDF820C0ADB2D4
:102A5000B1FBF3FC80B203FB1C111FFA81FCB5FB38
:102A6000F3F103FB1155B0FBF3F103FB1100B8FBCD
:102A7000F3F103FB1188B9FBF3F103FB1199B7FBE9
:102A8000F3F103FB11718FB20497079FB7FBF3F1CA
:102A900003FB1171089F89B20791B7FBF3F103FBA8
:102AA0001173204F99B23B8801333B80059F1E4B29
:102AB00023F81720039BADB2113280B21A80022294
:102AC00006F80C201FFA88F806F805E0F022049DAD
:102AD00032541FFA89F9029A06F8082006F809B05C
:102AE00006F805A0DDE90605019A104B70557254F1
:102AF0001122DA550E490F4B81F800E001221A70BD
:102B0000FFF719B92EBF002030B300202CBF0020E2
:102B1000BC0A0020E64A0120E84A01207CEB0108BB
:102B20007CEC0108984F0120C44F0120A44F0120E4
:102B30004C08002044BF0020A04F012030BF0020DF
:102B400070B55B495B480AF0A7F90546002840F0DC
:102B50008380594957480AF09FF90646002872D1E8
:102B6000564954480AF098F90446002862D1514861
:102B70004FF442710AF090F9F8B951494D480AF002
:102B80008BF900282CD145EA06000443E4B2002C5E
:102B90002ED14C4947480AF07FF938B14A4A138888
:102BA000002B62D1474943480AF08CF94749414814
:102BB0000AF072F900282DD170BD3E4800210AF0BC
:102BC00043F93C4843F208010AF03EF939484FF412
:102BD00042710AF077F93A4936480AF05DF938B19E
:102BE000344803210AF030F9354932480AF06AF9CD
:102BF00072B63748374C3449374A002303604FF4E4
:102C0000967023600880138062B63449344A0B7092
:102C10001370BEE7274840F206310AF02FF9314819
:102C20004FF4004109F08AFCBDE870402749214873
:102C30000AF048B91F4803210AF006F91F491D4848
:102C40000AF040F993E71B4802210AF0FDF81A49FF
:102C500018480AF037F983E7164801210AF0F4F81A
:102C6000134914480AF02EF973E71A4D1E492C68CF
:102C70001E4E013B1380631C81FB0301DA17C2EB7C
:102C800061124FF4967101FB12330A482B600AF06F
:102C9000D1F8114A16491388114D096826F8140015
:102CA00001331380134B01222A7019607AE700BFA9
:102CB0000005010000480040000502000005030077
:102CC00005030300050305001E0600200603060099
:102CD000D0B00020D4B00020CCB00020DE730020A3
:102CE0000574002000040240B5814E1BD8B00020BE
:102CF000C85401200074002010B50C482022032184
:102D000009F098F800B910BD09480A4C40F20631A4
:102D10000AF0A8F80849054800230B702370202208
:102D2000BDE81040032109F0ABB900BF00600240CC
:102D30000048004004740020057400202DE9F04F85
:102D40009D4B1B78012B8BB000F062818BB1022B65
:102D50000CD172B699489A4C9A499B4A0023036059
:102D60004FF4967023600880138062B60BB0BDE804
:102D7000F08F964B18680028F8D0954D924A9549E7
:102D8000954C2E6815880B782468002D33D072B6C8
:102D90001588013D158062B6DFF820C28F4ADCF845
:102DA0000070A2FB03528E4D35F817E08D4D0137B0
:102DB000D20985FB0758C2EB821502EB85029A1AED
:102DC000FD17C5EB6815BEF5807FDFF83C82D2B2F7
:102DD00028BF4FF0000E08F802E04FF4967202FB95
:102DE0001572CCF800205A1C0A7072B6754D2A88EC
:102DF00001322A8062B6002BB8D0A41B49F64042AB
:102E0000B2FBF0F201329442B0D977480288002A2E
:102E100000F0CF80013A0280744A754E1068049029
:102E20009A1C00F10108D0B280F07F04714F325D2E
:102E3000059082F09902388803976F4F01963D5DA7
:102E4000B65C684CBA5C0792754085F0030C00F1E3
:102E5000010E624DCDF818C000F1020A00F103091D
:102E60001FFA8AFA1FFA89F91FFA8EFEA5FB035290
:102E70000297A4FB0E5BA4FB0A56A4FB0057A4FB1D
:102E800009C5F6094FF4966CED090CFB1595D209AE
:102E9000D8F100094FEADB1B0CFB16A60CFB1BEE5E
:102EA0001FFA86FA1FFA85FB08F01F064F4D09F03E
:102EB0001F09C2EB821858BFC9F1000602EB880255
:102EC0002E609A1A069D4A4B4C4E13F80580079BBC
:102ED000FF090CFB1707BFB283EA0808464B1FFA2D
:102EE0008EFE4FF0A50906F807905B5D059D06F87C
:102EF0000E50A22706F80A7012F0FF0E4FF00307DB
:102F000006F80B7000F088860EF1040ADFF8F890DE
:102F1000CDF814E05FFA8AFA042219F801BB1518FB
:102F2000ADB28BEA080EA4FB0587FF090CFB175511
:102F3000ADB2013206F805B0019D15F80E80D2B28F
:102F400083EA0808029B524513F80E30E5D1DDF8FC
:102F500014E00EF106050EF105045FFA85FAE4B2FD
:102F60005746039DDFF8A4900744024404442F8091
:102F70001C4F92B2A4B2A7FB02ECA7FB04E74FEAF6
:102F8000DC1C4FF4966EFF090EFB1C220EFB17444F
:102F900092B2A4B206F802803355B9F80030049A10
:102FA0000133A9F80030164B23F81200154B03F833
:102FB00002A000230B70D9E61C060020D0B0002030
:102FC000D4B000201E060020CCB00020180600203F
:102FD0000074002006740020C8540120A98D84814B
:102FE000D8B00020B5814E1BBC0A0020A04F0120A4
:102FF0007CEC0108E64A01207CEB0108E84A01204C
:10300000C44F0120A44F012008740020984F0120D4
:10301000484A118800293FF4A9AE72B611880139D7
:10302000118062B6444D45492E68454C721C81FBA7
:103030000201D017C0EB6110424931F816104FF46D
:10304000967606FB10222A602278FAB9FF2914D856
:10305000552900F09083C9B2332940F0B8853A4829
:103060003A49027002253A4825700A70394C3A49AB
:10307000037045F2FF5322700B8072B6374A1388F3
:103080000133138062B60BB0BDE8F08F013A032A1A
:10309000F3D8DFE802F01C6D33022B4B1A78002ABC
:1030A00040F0A2832C4A2E4C10782E4DB1F5807F33
:1030B00028BF0021C9B248402970245C0121197041
:1030C00029495378095C54704B401370D5E71E4B67
:1030D0001A78032A00F05485043A052ACDD801A0B5
:1030E00050F822F01B3701083B370108F136010880
:1030F0007B300108E3330108FF330108124B1A78D3
:10310000002A00F02A83082A00F06B81092AB4D132
:10311000164B0F4A0020187012780F4B5B7832B1B3
:10312000B1F5807F28BF01468B4200F089850023DE
:103130002370A2E7CCB00020D0B00020B5814E1B98
:10314000DE730020D8B00020DD730020DC73002087
:103150000C040020DB730020100400201E06002059
:103160007CEB0108DF7300207CEC01080574002073
:10317000B44B1A78002A00F0F082082A00F031815E
:10318000092A7FF47AAFB04BB04A00201870127849
:10319000AF4B5B78002ACAD0B1F5807F28BF0146CB
:1031A0008B42C4D1AB4AAC4B17781B78BB42BED91B
:1031B000AA4A1388002BBAD0DFF8C4E2A84EDFF881
:1031C000BC92013B1380DEF800300693591CA54BDE
:1031D00003931A464FF496631288B2FBF3FC501C1B
:1031E000951C80B2ADB2B0FBF3F803FB1800B5FB41
:1031F000F3F803FB1855D1F1000808F01F0803FB92
:103200001C2C01F01F011FFA8CFC58BFC8F10001F3
:1032100080B2CEF80010A52106F80C10ADB20D2139
:103220003154A121715507EB870109EB4108D11CED
:1032300089B204918C4902918C49019102F10900F3
:1032400004991FFA80FAA425CB208446B1FBF3F041
:1032500003FB101018F801BF80B28BEA050E06F8C8
:1032600000B00198013110F80E50029889B2514512
:1032700010F80E008CEA0505E7D1059785F00305E7
:103280007840019F049117F805C00299019F4D5D98
:1032900080EA0C0002F10E0817F800C0059F085CD8
:1032A00085EA0C054FF00A0C0CFB079C85F0F00535
:1032B000019FDFF8D09117F805E04D5D9CF80710ED
:1032C000079148409CF808100F468EEA00000897C6
:1032D0007D40019F9CF8091017F800C0029F0991DA
:1032E000385C019F8CEA0505484017F805C0029933
:1032F000019F4D5D8CEA00001FFA88FA17F800C0A4
:10330000085C019002F10F081FFA88FB02F1100817
:1033100085EA0C051FFA88F847460295B9F800803F
:10332000049902F10A0E02F10B0C02F10C0502F1F4
:103330000D0008F101081FFA8EFE1FFA8CFCADB2D9
:1033400080B2A9F80080B1FBF3F803FB18111FFA53
:1033500081F8BEFBF3F103FB11EEBCFBF3F103FBC1
:1033600011CCB5FBF3F103FB1155B0FBF3F103FBFB
:103370001100BAFBF3F103FB11AABBFBF3F103FB52
:1033800011BBB7FBF3F103FB117399B2069F384BE6
:1033900023F81720039B059F11321FFA8EFEADB252
:1033A0001A801FFA8CFC032206F8082080B206F867
:1033B0000E70F022079F06F80C201FFA8AF9775545
:1033C000089F3754099A2B4B069F06F809201FFACD
:1033D0008BFA029D019806F80A5011227054DA55B2
:1033E000A5E61B4AB1F5807F127828BF00218A42EA
:1033F00002D0164A0021117009221A703DE6124BC4
:10340000124A00251D701278114B5B78002A3FF498
:103410008EAEB1F5807F28BF29468B427FF487AE00
:103420000D4EDFF864A096F800E04FF0FF08BEFBF9
:10343000F8F8F04418F0FF0800F02F840E4FD34640
:10344000F14627E0DD730020057400200C04002005
:1034500010040020DF730020DA710020BC0A002075
:10346000E84A0120E64A01207CEB01087CEC0108D7
:10347000C44F0120A44F0120E5670020E46700202D
:10348000A04F0120984F0120E47300200135A8458A
:1034900000F002843946062258460A3709F006FE33
:1034A0000028F3D1BB4ABC4BBC491678BC480496F3
:1034B0000A2202FB05330A8890F800A090F801E088
:1034C000DE715FFA85FB83F808A083F809E0002A23
:1034D00000F00781B34BDFF808930393013A0A80A9
:1034E0001A88D9F800500595501C911C4FF496632A
:1034F00080B289B20135B0FBF3F803FB1800B1FBD1
:10350000F3F803FB1811D5F1000808F01F08B2FB0F
:10351000F3FC03FB1C2CA44E049F05F01F051FFAAF
:103520008CFC58BFC8F1000580B2C9F80050A52531
:1035300006F80C5089B20D253554A120705402F1C3
:1035400009001FFA80F999480290A4259848019033
:10355000D11CCB20AC46DFF88C82154689B20246DE
:103560006046049218F8012B82EA000CB1FBF3F0DC
:1035700003FB101080B2013132540198049A10F804
:103580000C00424089B21046029A494512F80C20BC
:10359000E7D1B946074610462A4687F00305019F42
:1035A000CDF8109002F10A0C1FFA8CF817F805C03C
:1035B000029F80EA0C007D5D019F80EA0B0017F8F6
:1035C00000C0029F85EA0C0585F0F00517F800C0E1
:1035D000019F785D029F89EA0C0C80EA0C0017F8C5
:1035E00005C0019F3D5C029F8AEA0C0C385C019F7C
:1035F00085EA0C058EEA000017F805C0029F8CEAE8
:1036000000007D5D019F17F800C0029F85EA0C0550
:10361000029502F10C051FFA85FC02F10D051FFA57
:1036200085F902F10E05385C0190AFB202F10F0589
:10363000ADB2079502F1100502F10B00ADB280B2F8
:103640000895B1FBF3F503FB15118DB2B8FBF3F14F
:1036500003FB1188B0FBF3F103FB1100BCFBF3F19A
:1036600003FB11CCB9FBF3F103FB1199B7FBF3F1A9
:1036700003FB1171079F89B20691B7FBF3F103FBBE
:10368000117189B20791089FB7FBF3F103FB117326
:10369000484F99B23B8801333B80474B059F23F845
:1036A0001720039B113280B21A801FFA88F8032278
:1036B00072551FFA8CFCF02206F808B03254049AB6
:1036C00006F80C201FFA89F9069A06F809A006F8F0
:1036D00002E0079A394B029DB554019870541122AB
:1036E000DA553749374B81F800B001221A701EE5D0
:1036F000354A2B4D10782D4CB1F5807F28BF002125
:10370000C9B2484069702A49245C095C08201870D5
:10371000537854704B401370AFE42B4A1D4D107812
:10372000224CB1F5807F28BF0021C9B248402970E2
:103730001F49245C095C0520E9E7234A184D1078ED
:103740001A4CB1F5807F28BF0021C9B248402970CA
:103750001749245C095C0620D9E71B4A134C1078F2
:103760001A4DB1F5807F28BF0021C9B248402970A9
:10377000245C0821A3E41649237003200870154C2B
:10378000154916480A7022700F4A037047F67F7178
:10379000118072E4E2730020E4670020BC0A00207C
:1037A000E0730020E64A0120E84A01207CEB010892
:1037B0007CEC0108984F0120C44F0120A44F012048
:1037C00014060020F873002010040020DF7300208E
:1037D000DD730020DC730020DB7300200C0400206C
:1037E000A04F0120E4730020013A082A3FF645ACBF
:1037F00001A050F822F000BF033B0108D53A0108B0
:103800007B3001087B3001087B3001087B300108E8
:10381000873A0108E33301081D380108C14AC24B49
:103820001778C24EC24AC34DDFF844C312789CF8E1
:1038300001C0A3FB0703C04807EBD31390F800E0D7
:10384000BE4803F0FF03007804904FF0000886F8AC
:10385000008035F91360BEF1000F3FF468ACB1F59C
:10386000807F28BF41468C457FF461ACB44909781C
:1038700012B2B94225F813207FF659AC964200F0F7
:10388000FB80B0490A88002A00F0F68003EB83032E
:1038900007930346013A09335FFA83FA0A80AA4B79
:1038A000AA4A03921188DFF8D0C2A948DCF8008048
:1038B00002901A468AF07F034FF496650192D25C1B
:1038C000B1FBF5FE4E1C05FB1E1E82F09A09B6B236
:1038D0001FFA8EFE8A1C92B2CDF814E0B6FBF5FEFC
:1038E00005FB1E6610F803B0994808F101031FFAA2
:1038F00086FEB2FBF5F605FB162296B25A4202F09E
:103900001F0203F01F0358BF5342CCF800308E4B08
:10391000069613F809208F4B8F4E8BEA020210F89F
:1039200009B0079803EB40090598A523335406987E
:1039300006F80EA0A123335401F1090CCB1C049806
:1039400004919BB21FFA8CFADC4619F801BF029968
:103950008BEA020EB3FBF5F205FB123292B2013391
:1039600006F802B0019A11F80EB012F80E209BB2C0
:1039700053458CEA0202E7D1824682F003020198A5
:10398000049910F802C0029887EA0B0E8EEA0C091F
:1039900010F802E00198B3FBF5F201F10A0C05FB07
:1039A00012331FFA8CFC9AB2BCFBF5F305FB13CC67
:1039B00010F809500298FF23BAFBF3F3534410F8B0
:1039C00009B0DFF8B09103F0FF0303201FFA8CFC6D
:1039D000B0545A1E06F80C708EEA050504920020B9
:1039E0004FF4966A059313E019F801EB85EA0E0C83
:1039F000B2FBFAF50AFB152292B2013006F802E09A
:103A0000019A12F80C50029A8BEA050512F80CB0D4
:103A1000049B00F10B02D2B20A44984292B2E3DD59
:103A2000059BDFF858C103F10B0051FA80F04FF409
:103A3000966E80B203F10C02B0FBFEF90EFB19008A
:103A400051FA82F280B292B23554B2FBFEF00EFB14
:103A5000102292B20D3306F802B0BCF800200132F9
:103A6000ACF800203D4A22F81810039A51FA83F16D
:103A700011803B4A02F808303A493B4B0F70012253
:103A80001A70FFF754BB394D274A2878384C394E05
:103A9000A2FB0072B1F5807F00EBD21228BF00219B
:103AA00002F0FF02C9B2B15422784A4028490130DD
:103AB0008E5C2549C0B228708D5C204A11786278EE
:103AC00066706A40814222707FF4D7AA08221A7079
:103AD000FFF7D3BAFF2900F2A5802548174CCAB2D8
:103AE0002270047862401A4CA55C174CA45C4278A2
:103AF0004570624002700029E8D007221A70FFF773
:103B0000BCBA1B4A0A4D1078114CB1F5807F28BF12
:103B10000021C9B2484029700B49245C095C02208D
:103B2000F5E500BFDF7300208180808005740020F0
:103B3000DB710020140400200C040020DB73002043
:103B4000DA710020BC0A00207CEC0108E64A012062
:103B50007CEB0108E4670020E84A0120C44F012003
:103B6000A44F012013060020F7730020DC7300200F
:103B700010040020DC720020A04F0120984F01208B
:103B8000394D3A4A28783A4C3A4EA2FB00729208D4
:103B900002EB4202B1F5807FA0EB420228BF002178
:103BA000D2B2C9B2B154421C207841403248D2B29C
:103BB0002A70455C3148405C617865704140062A56
:103BC00021707FF45AAA04221A70FFF756BA5F29AF
:103BD0000FD12B482449027003252A4825700A700A
:103BE000294C2349037047F6FF0322700B80FFF72F
:103BF00044BA50297FF441AA21481B490270042588
:103C0000204825700A70204C1949037047F6BF43BD
:103C100022700B80FFF731BA0627BA46052404222A
:103C2000FFF79FB9124A15491078134D095C2D5CB6
:103C30005078154C5570414011700022227045E7B4
:103C4000124B1B78FF22B3FBF2F2134403F0FF0385
:103C50000F4AD15C00293FF46AAAD0540D4A0121D1
:103C6000D154FFF764BA00BFDC730020ABAAAAAA44
:103C700010040020E47300207CEB01087CEC0108B8
:103C8000DD7300200C040020DB730020DF730020B4
:103C90001483002014820020CE46984A984B17784F
:103CA000984D9949DAF8000095F800B00A2202FB15
:103CB00008330A88C3F80100BAF8040095F801A097
:103CC000DF71A3F8050083F808B083F809A00EF1AE
:103CD00001033370002A00F009818C4BDFF8509209
:103CE0000393013A0A801A88D9F800500595501CB0
:103CF000911C4FF4966380B289B20135B0FBF3F8A2
:103D000003FB1800B1FBF3F803FB1811D5F1000811
:103D100008F01F08B2FBF3FC03FB1C2C7C4E05F0E3
:103D20001F051FFA8CFC58BFC8F1000580B2C9F806
:103D30000050A52506F80C5089B20D253554A12058
:103D40007054D11C89B204917249029102F10900A8
:103D500071490191A425AC461FFA80F9DFF8D4819E
:103D60000499CB20154602466046049218F8012BB0
:103D700082EA000CB1FBF3F003FB101080B20131BA
:103D800032540198049A10F80C00424089B210464F
:103D9000029A494512F80C20E7D1B846074610466A
:103DA0002A4687F00305019F049117F805C0029980
:103DB000019F4D5DCDF808808EEA000080EA0C007E
:103DC00017F800C0019F85EA0C0585F0F00511F891
:103DD00000C0785D019F88EA0C0C80EA0C0011F8A5
:103DE00005C03D5C019F085C8BEA0C0C85EA0C0564
:103DF0008AEA000017F805C0019F4D5D8CEA0000BB
:103E000017F800C0095C019185EA0C0002F10C0C66
:103E10001FFA8CF802F10D0C1FFA8CF902F10E0C4E
:103E20001FFA8CF702F10F0C1FFA8CF1079102F1C7
:103E3000100C0499069002F10A0502F10B001FFA1A
:103E40008CFCCDF820C0ADB2B1FBF3FC80B203FB1B
:103E50001C111FFA81FCB5FBF3F103FB1155B0FBFC
:103E6000F3F103FB1100B8FBF3F103FB1188B9FB7D
:103E7000F3F103FB1199B7FBF3F103FB11718FB25F
:103E80000497079FB7FBF3F103FB1171089F89B2F9
:103E90000791B7FBF3F103FB1173204F99B23B88F5
:103EA00001333B80059F1E4B23F81720039BADB2C7
:103EB000113280B21A80032206F80C201FFA88F80B
:103EC00006F805E0F022049D32541FFA89F9029A9F
:103ED00006F8082006F809B006F805A0DDE9060591
:103EE000019A104B705572541122DA550E490F4B3E
:103EF00081F800E001221A70FFF719B9E27300207F
:103F0000E4670020E0730020BC0A0020E64A01209C
:103F1000E84A01207CEB01087CEC0108984F012065
:103F2000C44F0120A44F012014060020F873002084
:103F3000A04F0120E473002070B55A495A4808F098
:103F4000ABFF0546002840F082805849564808F0EB
:103F5000A3FF0646002871D15549534808F09CFF3D
:103F60000446002861D150484FF4427108F094FF94
:103F7000F8B950494C4808F08FFF00282CD145EA89
:103F800006000443E4B2002C2ED14B49464808F009
:103F900083FF38B1494A1388002B61D14649424812
:103FA00008F090FF4649404808F076FF00282DD1E0
:103FB00070BD3D48002108F047FF3B4843F208012F
:103FC00008F042FF38484FF4427108F07BFF39494E
:103FD000354808F061FF38B13348032108F034FF59
:103FE0003449314808F06EFF72B63648364C3349D2
:103FF000364A002303604FF49670236008801380D4
:1040000062B63349334A0B701370BEE7264840F25C
:10401000063108F033FF3048022108F08FFABDE87E
:1040200070402749204808F04DBF1F48032108F081
:104030000BFF1F491C4808F045FF94E71A4802216E
:1040400008F002FF1949184808F03CFF84E71648B9
:10405000012108F0F9FE1349134808F033FF74E713
:10406000194D1E492C681E4E013B1380631C81FBB9
:104070000301DA17C2EB61124FF4967101FB1233A0
:1040800009482B6008F0D6FE104A16491388114DD6
:10409000096826F8140001331380134B01222A709B
:1040A00019607BE7000501000010014000050200D7
:1040B000000503000503030005030500E6030020D7
:1040C00006030600846500208865002080650020C6
:1040D00092280020B9280020000C0240B5814E1B18
:1040E0008C650020C8540120B428002010B50C486D
:1040F0002022072107F09EFE00B910BD09480A4C96
:1041000040F2063108F0AEFE0849054800230B7066
:1041100023702022BDE81040072107F0B1BF00BF87
:104120000064024000100140B8280020B928002097
:104130002DE9F04F9D4B1B78012B8BB000F0628175
:104140008BB1022B0CD172B699489A4C9A499B4A72
:10415000002303604FF4967023600880138062B6DA
:104160000BB0BDE8F08F964B18680028F8D0954D3D
:10417000924A9549954C2E6815880B782468002D35
:1041800033D072B61588013D158062B6DFF820C2C3
:104190008F4ADCF80070A2FB03528E4D35F817E011
:1041A0008D4D0137D20985FB0758C2EB821502EB12
:1041B00085029A1AFD17C5EB6815BEF5807FDFF8FA
:1041C0003C82D2B228BF4FF0000E08F802E04FF454
:1041D000967202FB1572CCF800205A1C0A7072B657
:1041E000754D2A8801322A8062B6002BB8D0A41BF4
:1041F00049F64042B2FBF0F201329442B0D977481E
:104200000288002A00F0CE80013A0280744A754E7E
:10421000106804909A1C00F10108D0B280F07F046D
:10422000714F325D059082F09902388803976F4F85
:1042300001963D5DB65C684C17F802C0CDF81CC015
:10424000754085F00405069500F1010E604D02975A
:1042500000F1020A00F103091FFA8AFA1FFA89F92C
:104260001FFA8EFEA5FB0352A4FB0E5BA4FB0A56AD
:10427000A4FB0057A4FB09C5F6094FF4966CED09A1
:104280000CFB1595D209D8F100094FEADB1B0CFB9A
:1042900016A60CFB1BEE1FFA86FA1FFA85FB08F028
:1042A0001F064F4D09F01F09C2EB821858BFC9F114
:1042B000000602EB8802A3EB02092E60494B069D23
:1042C000079A13F805804A4E484BFF090CFB170765
:1042D000BFB21FFA8EFE82EA0808A522F255059A9F
:1042E00006F80E20A22206F80A2019F0FF0E4FF061
:1042F00004025B5D06F80B2000F088860EEB020AD4
:10430000DFF8F890CDF814E05FFA8AFA19F801BBEB
:104310001518ADB28BEA080EA4FB0587FF090CFB4C
:104320001755ADB2013206F805B0019D15F80E80A3
:10433000D2B283EA0808029B524513F80E30E5D149
:10434000DDF814E00EF106050EF105045FFA85FABA
:10435000E4B25746039DDFF8A890074402440444A2
:104360002F801D4F92B2A4B2A7FB02ECA7FB04E77B
:104370004FEADC1C4FF4966EFF090EFB1C220EFB6D
:10438000174492B2A4B206F802803355B9F800304F
:10439000049A0133A9F80030164B23F81200164B8B
:1043A00003F802A000230B70DAE600BFE40300204C
:1043B0008465002088650020E603002080650020D9
:1043C000E0030020B4280020BA280020C8540120AF
:1043D000A98D84818C650020B5814E1BBC0A00200C
:1043E000A04F01207CEC0108E64A01207CEB01088B
:1043F000E84A0120C44F0120A44F0120BC2800201E
:10440000984F0120484A118800293FF4A9AE72B69E
:1044100011880139118062B6444D45492E68454CDA
:10442000721C81FB0201D017C0EB6110424931F8C8
:1044300016104FF4967606FB10222A602278FAB9FD
:10444000FF2914D8552900F09083C9B2332940F0D0
:10445000B8853A483A49027002253A4825700A70F0
:10446000394C3A49037045F2FF5322700B8072B603
:10447000374A13880133138062B60BB0BDE8F08F62
:10448000013A032AF3D8DFE802F01C6D33022B4B0C
:104490001A78002A40F0A2832C4A2E4C10782E4D18
:1044A000B1F5807F28BF0021C9B248402970245C43
:1044B0000121197029495378095C54704B401370DD
:1044C000D5E71E4B1A78032A00F05485043A052AD2
:1044D000CDD801A050F822F00F4B01082F4B010856
:1044E000E54A01086F440108D7470108F34701086E
:1044F000124B1A78002A00F02A83082A00F06B81F8
:10450000092AB4D1164B0F4A0020187012780F4BAD
:104510005B7832B1B1F5807F28BF01468B4200F055
:10452000888500232370A2E7806500208465002031
:10453000B5814E1B922800208C6500209128002018
:1045400090280020D40100208F280020D8010020CE
:10455000E60300207CEB0108932800207CEC010896
:10456000B9280020B44B1A78002A00F0F082082AFB
:1045700000F03181092A7FF47AAFB04BB04A0020B5
:1045800018701278AF4B5B78002ACAD0B1F5807FE3
:1045900028BF01468B42C4D1AB4AAC4B17781B787D
:1045A000BB42BED9AA4A1388002BBAD0DFF8C4E2B6
:1045B000A84EDFF8BC92013B1380DEF80030069372
:1045C000591CA54B03931A464FF496631288B2FB0D
:1045D000F3FC501C951C80B2ADB2B0FBF3F803FBAA
:1045E0001800B5FBF3F803FB1855D1F1000808F0EB
:1045F0001F0803FB1C2C01F01F011FFA8CFC58BF85
:10460000C8F1000180B2CEF80010A52106F80C1008
:10461000ADB20D213154A121715507EB870109EB92
:104620004108D11C89B204918C4902918C490191B5
:1046300002F1090004991FFA80FAA425CB208446D0
:10464000B1FBF3F003FB101018F801BF80B28BEA46
:10465000050E06F800B00198013110F80E500298CE
:1046600089B2514510F80E008CEA0505E7D105978F
:1046700085F004057840019F049117F805C0029960
:10468000019F4D5D80EA0C0002F10E0817F800C092
:10469000059F085C85EA0C054FF00A0C0CFB079C93
:1046A00085F0F005019FDFF8D09117F805E04D5D2A
:1046B0009CF80710079148409CF808100F468EEAB6
:1046C000000008977D40019F9CF8091017F800C072
:1046D000029F0991385C019F8CEA0505484017F854
:1046E00005C00299019F4D5D8CEA00001FFA88FA0F
:1046F00017F800C0085C019002F10F081FFA88FB50
:1047000002F1100885EA0C051FFA88F84746029561
:10471000B9F80080049902F10A0E02F10B0C02F1C3
:104720000C0502F10D0008F101081FFA8EFE1FFAB8
:104730008CFCADB280B2A9F80080B1FBF3F803FBAA
:1047400018111FFA81F8BEFBF3F103FB11EEBCFB5D
:10475000F3F103FB11CCB5FBF3F103FB1155B0FBF7
:10476000F3F103FB1100BAFBF3F103FB11AABBFB4E
:10477000F3F103FB11BBB7FBF3F103FB117399B228
:10478000069F384B23F81720039B059F11321FFA11
:104790008EFEADB21A801FFA8CFC042206F80820A7
:1047A00080B206F80E70F022079F06F80C201FFA60
:1047B0008AF97755089F3754099A2B4B069F06F8BC
:1047C00009201FFA8BFA029D019806F80A5011225F
:1047D0007054DA55A5E61B4AB1F5807F127828BFE0
:1047E00000218A4202D0164A0021117009221A7053
:1047F0003DE6124B124A00251D701278114B5B7872
:10480000002A3FF48EAEB1F5807F28BF29468B4247
:104810007FF487AE0D4EDFF864A096F800E04FF00D
:10482000FF08BEFBF8F8F04418F0FF0800F02D84F4
:104830000E4FD346F14627E091280020B9280020EA
:10484000D4010020D8010020932800208E260020CB
:10485000BC0A0020E84A0120E64A01207CEB01085E
:104860007CEC0108C44F0120A44F0120991C0020BA
:10487000981C0020A04F0120984F0120982800206C
:104880000135A84500F000843946062258460A370B
:1048900008F00CFC0028F3D1BB4ABC4BBC4916788D
:1048A000BC4804960A2202FB05330A8890F800A04F
:1048B00090F801E0DE715FFA85FB83F808A083F8C9
:1048C00009E0002A00F00781B34BDFF80893039357
:1048D000013A0A801A88D9F800500595501C911C9D
:1048E0004FF4966380B289B20135B0FBF3F803FB55
:1048F0001800B1FBF3F803FB1811D5F1000808F01C
:104900001F08B2FBF3FC03FB1C2CA44E049F05F014
:104910001F051FFA8CFC58BFC8F1000580B2C9F80A
:104920000050A52506F80C5089B20D253554A1205C
:10493000705402F109001FFA80F999480290A425E9
:1049400098480190D11CCB20AC46DFF88C821546EC
:1049500089B202466046049218F8012B82EA000CE4
:10496000B1FBF3F003FB101080B201313254019817
:10497000049A10F80C00424089B21046029A494548
:1049800012F80C20E7D1B946074610462A4687F0B0
:104990000405019FCDF8109002F10A0C1FFA8CF863
:1049A00017F805C0029F80EA0C007D5D019F80EA38
:1049B0000B0017F800C0029F85EA0C0585F0F00592
:1049C00017F800C0019F785D029F89EA0C0C80EA0D
:1049D0000C0017F805C0019F3D5C029F8AEA0C0C91
:1049E000385C019F85EA0C058EEA000017F805C0C7
:1049F000029F8CEA00007D5D019F17F800C0029FB6
:104A000085EA0C05029502F10C051FFA85FC02F1FE
:104A10000D051FFA85F902F10E05385C0190AFB261
:104A200002F10F05ADB2079502F1100502F10B007E
:104A3000ADB280B20895B1FBF3F503FB15118DB251
:104A4000B8FBF3F103FB1188B0FBF3F103FB11009A
:104A5000BCFBF3F103FB11CCB9FBF3F103FB1199A0
:104A6000B7FBF3F103FB1171079F89B20691B7FB06
:104A7000F3F103FB117189B20791089FB7FBF3F1C2
:104A800003FB1173484F99B23B8801333B80474B7E
:104A9000059F23F81720039B113280B21A801FFA5A
:104AA00088F8042272551FFA8CFCF02206F808B030
:104AB0003254049A06F80C201FFA89F9069A06F86F
:104AC00009A006F802E0079A394B029DB5540198F7
:104AD00070541122DA553749374B81F800B0012262
:104AE0001A701EE5354A2B4D10782D4CB1F5807F9C
:104AF00028BF0021C9B2484069702A49245C095C7A
:104B000008201870537854704B401370AFE42B4A50
:104B10001D4D1078224CB1F5807F28BF0021C9B20D
:104B2000484029701F49245C095C0520E9E7234AB5
:104B3000184D10781A4CB1F5807F28BF0021C9B2FA
:104B4000484029701749245C095C0620D9E71B4AB4
:104B5000134C10781A4DB1F5807F28BF0021C9B2DF
:104B600048402970245C0821A3E4164923700320DF
:104B70000870154C154916480A7022700F4A0370C8
:104B800047F67F71118072E496280020981C00205F
:104B9000BC0A002094280020E64A0120E84A0120AF
:104BA0007CEB01087CEC0108984F0120C44F0120E8
:104BB000A44F0120DC030020AC280020D8010020F5
:104BC0009328002091280020902800208F28002082
:104BD000D4010020A04F012098280020013A082A83
:104BE0003FF645AC01A050F822F000BFF74E010897
:104BF000C94E01086F4401086F4401086F44010861
:104C00006F4401087B4E0108D7470108114C010889
:104C1000C14AC24B1778C24EC24AC34DDFF844C3E3
:104C200012789CF801C0A3FB0703C04807EBD3131D
:104C300090F800E0BE4803F0FF03007804904FF0C6
:104C4000000886F8008035F91360BEF1000F3FF4CC
:104C500068ACB1F5807F28BF41468C457FF461ACDC
:104C6000B449097812B2B94225F813207FF659AC3D
:104C7000964200F0FB80B0490A88002A00F0F680D6
:104C800003EB830307930346013A09335FFA83FA80
:104C90000A80AA4BAA4A03921188DFF8D0C2A94819
:104CA000DCF8008002901A468AF07F034FF4966584
:104CB0000192D25CB1FBF5FE4E1C05FB1E1E82F07C
:104CC0009A09B6B21FFA8EFE8A1C92B2CDF814E091
:104CD000B6FBF5FE05FB1E6610F803B0994808F117
:104CE00001031FFA86FEB2FBF5F605FB162296B20B
:104CF0005A4202F01F0203F01F0358BF5342CCF880
:104D000000308E4B069613F809208F4B8F4E8BEA9E
:104D1000020210F809B0079803EB40090598A52393
:104D20003354069806F80EA0A123335401F1090C60
:104D3000CB1C049804919BB21FFA8CFADC4619F83C
:104D400001BF02998BEA020EB3FBF5F205FB1232AA
:104D500092B2013306F802B0019A11F80EB012F8BF
:104D60000E209BB253458CEA0202E7D1824682F0C4
:104D700004020198049910F802C0029887EA0B0E09
:104D80008EEA0C0910F802E00198B3FBF5F201F18C
:104D90000A0C05FB12331FFA8CFC9AB2BCFBF5F32C
:104DA00005FB13CC10F809500298FF23BAFBF3F36C
:104DB000534410F809B0DFF8B09103F0FF0304206A
:104DC0001FFA8CFCB0545A1E06F80C708EEA0505CA
:104DD000049200204FF4966A059313E019F801EB52
:104DE00085EA0E0CB2FBFAF50AFB152292B20130ED
:104DF00006F802E0019A12F80C50029A8BEA0505B7
:104E000012F80CB0049B00F10B02D2B20A44984293
:104E100092B2E3DD059BDFF858C103F10B0051FAB4
:104E200080F04FF4966E80B203F10C02B0FBFEF9F5
:104E30000EFB190051FA82F280B292B23554B2FBE5
:104E4000FEF00EFB102292B20D3306F802B0BCF851
:104E500000200132ACF800203D4A22F81810039AD5
:104E600051FA83F111803B4A02F808303A493B4B32
:104E70000F7001221A70FFF754BB394D274A28786A
:104E8000384C394EA2FB0072B1F5807F00EBD21294
:104E900028BF002102F0FF02C9B2B15422784A4073
:104EA000284901308E5C2549C0B228708D5C204AAB
:104EB0001178627866706A40814222707FF4D7AAC6
:104EC00008221A70FFF7D3BAFF2900F2A480254800
:104ED000174CCAB22270047862401A4CA55C174C79
:104EE000A45C42784570624002700029E8D0072235
:104EF0001A70FFF7BCBA1B4A0A4D1078114CB1F575
:104F0000807F28BF0021C9B2484029700B49245C2A
:104F1000095C0220F5E500BF932800208180808095
:104F2000B92800208F260020DC010020D4010020B9
:104F30008F2800208E260020BC0A00207CEC01086F
:104F4000E64A01207CEB0108981C0020E84A012079
:104F5000C44F0120A44F0120DB030020AB28002018
:104F600090280020D801002090270020A04F012089
:104F7000984F0120384D394A2878394C394EA2FBD8
:104F80000072920802EB4202B1F5807FA0EB420270
:104F900028BF0021D2B2C9B2B154421C207841408E
:104FA0003148D2B22A70455C3048405C6178657007
:104FB0004140062A21707FF45AAA04221A70FFF792
:104FC00056BA5F290FD12A48234902700325294880
:104FD00025700A70284C2249037047F6FF0322709F
:104FE0000B80FFF744BA50297FF441AA20481A49A0
:104FF000027004251F4825700A701F4C1849037061
:1050000047F6BF4322700B80FFF731BA0627BA4636
:105010000524FFF79FB9124A14491078124D095C14
:105020002D5C5078144C5570414011700022227054
:1050300046E7124B1B78FF22B3FBF2F2134403F056
:10504000FF030F4AD15C00293FF46BAAD0540D4AEC
:105050000121D154FFF765BA90280020ABAAAAAA73
:10506000D8010020982800207CEB01087CEC010886
:1050700091280020D40100208F28002093280020B0
:10508000C8370020C8360020CE46984A984B17787B
:10509000984D9949DAF8000095F800B00A2202FB11
:1050A00008330A88C3F80100BAF8040095F801A093
:1050B000DF71A3F8050083F808B083F809A00EF1AA
:1050C00001033370002A00F009818C4BDFF8509205
:1050D0000393013A0A801A88D9F800500595501CAC
:1050E000911C4FF4966380B289B20135B0FBF3F89E
:1050F00003FB1800B1FBF3F803FB1811D5F100080E
:1051000008F01F08B2FBF3FC03FB1C2C7C4E05F0DF
:105110001F051FFA8CFC58BFC8F1000580B2C9F802
:105120000050A52506F80C5089B20D253554A12054
:105130007054D11C89B204917249029102F10900A4
:1051400071490191A425AC461FFA80F9DFF8D4819A
:105150000499CB20154602466046049218F8012BAC
:1051600082EA000CB1FBF3F003FB101080B20131B6
:1051700032540198049A10F80C00424089B210464B
:10518000029A494512F80C20E7D1B8460746104666
:105190002A4687F00405019F049117F805C002997B
:1051A000019F4D5DCDF808808EEA000080EA0C007A
:1051B00017F800C0019F85EA0C0585F0F00511F88D
:1051C00000C0785D019F88EA0C0C80EA0C0011F8A1
:1051D00005C03D5C019F085C8BEA0C0C85EA0C0560
:1051E0008AEA000017F805C0019F4D5D8CEA0000B7
:1051F00017F800C0095C019185EA0C0002F10C0C63
:105200001FFA8CF802F10D0C1FFA8CF902F10E0C4A
:105210001FFA8CF702F10F0C1FFA8CF1079102F1C3
:10522000100C0499069002F10A0502F10B001FFA16
:105230008CFCCDF820C0ADB2B1FBF3FC80B203FB17
:105240001C111FFA81FCB5FBF3F103FB1155B0FBF8
:10525000F3F103FB1100B8FBF3F103FB1188B9FB79
:10526000F3F103FB1199B7FBF3F103FB11718FB25B
:105270000497079FB7FBF3F103FB1171089F89B2F5
:105280000791B7FBF3F103FB1173204F99B23B88F1
:1052900001333B80059F1E4B23F81720039BADB2C3
:1052A000113280B21A80042206F80C201FFA88F806
:1052B00006F805E0F022049D32541FFA89F9029A9B
:1052C00006F8082006F809B006F805A0DDE906058D
:1052D000019A104B705572541122DA550E490F4B3A
:1052E00081F800E001221A70FFF71BB99628002010
:1052F000981C002094280020BC0A0020E64A0120C7
:10530000E84A01207CEB01087CEC0108984F012061
:10531000C44F0120A44F0120DC030020AC28002052
:10532000A04F01209828002010B5824C2DED028B53
:10533000D4ED017A94ED048A94ED057AF4EEC87AFE
:10534000F1EE10FA7FDD38EE078AF4EEC87AF1EE5E
:1053500010FA40F18180B0EE678AC4ED047AB5EEB0
:10536000408AF1EE10FA7ED0F7EE008AB4EE688A39
:10537000F1EE10FA70487CD07022002107F070FC2A
:1053800078EEC88A9FED6D7ADFED6D7A6A48E8EEB7
:10539000877A0021FCEEE77A17EE903A9AB207F08E
:1053A00087FCD4ED087A94ED0B8A94ED0C7AF4EE38
:1053B000C87AF1EE10FA79DD38EE078AF4EEC87A91
:1053C000F1EE10FA7AD5B0EE678AC4ED0B7AB5EE3D
:1053D000408AF1EE10FA78D0F7EE008AB4EE688ACF
:1053E000F1EE10FA544876D15022012107F038FC32
:1053F000D4ED0F7A94ED128A94ED137AF4EEC87A14
:10540000F1EE10FA3ADD38EE078AF4EEC87AF1EEE2
:1054100010FA3BD5B0EE678AC4ED127AB5EE408A39
:10542000F1EE10FA39D0F7EE008AB4EE688AF1EEA8
:1054300010FA414865D1BDEC028B5022BDE8104006
:10544000022107F00DBC8AD538EE478AF4EEC87AFF
:10545000F1EE10FA3FF77FAFB5EE408AF1EE10FAA9
:1054600084ED048A80D134484022002107F0F8FB03
:1054700097E75022002107F0F3FB92E7CED538EEF4
:10548000478AF4EEC87AF1EE10FAC3DCB5EE408A32
:10549000F1EE10FA84ED128AC5D1BDEC028B2648DC
:1054A000BDE810404022022107F0DABB8FD538EE6C
:1054B000478AF4EEC87AF1EE10FA84DCB5EE408A41
:1054C000F1EE10FA84ED0B8A86D11B4840220121AF
:1054D00007F0C6FB8CE77022012107F0C1FB78EED4
:1054E000C88A9FED167ADFED167A1348E8EE877AC0
:1054F0000121FCEEE77A17EE903A9AB207F0D8FB5A
:1055000076E77022022107F0ABFB78EEC88A9FEDA8
:105510000B7ADFED0B7A0848E8EE877ABDEC028B58
:10552000FCEEE77ABDE8104017EE903A02219AB2FD
:1055300007F0BEBB8001002000080040000070445E
:1055400000002042F8B5224D224C234826782F68CF
:105550004FF4807106F0F4FFB0FA80F04009864203
:1055600003D000232070676023721C48267B2F68BD
:10557000102106F0E5FFB0FA80F04009864203D022
:1055800000232073276123751548267E2F68082184
:1055900006F0D6FFB0FA80F04009864204D000231E
:1055A0002076E76184F820300D482E6894F8245066
:1055B000042106F0C5FFB0FA80F04009854205D00D
:1055C000002384F82400A66284F82C30F8BD00BFC4
:1055D000C85401205C1C002000000240000402406E
:1055E000001002402DE9F04F694B6A491B788BB0DF
:1055F00003F003025000019002EB420001EB800532
:105600002D7A9DB98000644E0F5C644835888770A0
:105610004FF001010170511C41706DB951001144EE
:105620000A465C4901EB820101220A72584A0133A1
:1056300013700BB0BDE8F08F013D358041F0A0083C
:10564000574D584815F80860008805977E40471C5C
:10565000BCB2871C019486F0D306BCB2C71C1FFAEB
:1056600087FC071DCDF808C015F806904E4D09942B
:105670001FFA87FC4D4FCDF80CC017F8088017F8BB
:1056800006A0CDF81CA0A5FB0076F6090896019EA1
:10569000049188EA0909A5FB0667A5FB0486029C1C
:1056A000CDF81890A5FB0489039C414900F1050E33
:1056B00000F1060CA5FB04A81FFA8EFE019C0968E8
:1056C00001911FFA8CFCA5FB0EBAFF09A5FB0C5B30
:1056D0004FF4966505FB1747099CF60905FB16462E
:1056E000029C4FEAD91905FB1949039C4FEAD818C7
:1056F00005FB1848089C4FEADA1A4FEADB1B05FB4A
:105700001AEE05FB1BCC05FB14051FFA85FAB5B292
:1057100002951FFA88F5DFF8A880254C03951FFA3B
:1057200087FBB8F80070234D4E1C0137A8F80070B5
:10573000774207F01F0706F01F0658BF7E4226601B
:105740001D4E26F81100174E07303080A52605F8AB
:105750000A60029C0499059F184803264FF001082F
:1057600005F80B601FFA89F905F80480039C05F819
:1057700009101FFA8EFE1FFA8CFC2F55079E069CFF
:10578000019905F80E4005F80C600725455445E7DA
:10579000541C00205C1C0020BC0A0020581C002067
:1057A0007CEC0108E64A0120B5814E1B7CEB010828
:1057B000A04F0120E84A0120C44F0120A44F01203E
:1057C000984F012070B540F6154084B006F088FF70
:1057D0001F4C204B204A1A6001250026204601AAB2
:1057E0000221CDE90156039607F044F932462046DE
:1057F000022107F05DFA20466022022107F030FA0C
:1058000008222046022107F061FA2946204607F0C7
:1058100027F94FF48071204607F01EF9204607F063
:1058200013F904F517342A4629460D2006F000FF27
:105830002046022106F0CCFA20460522022106F07D
:10584000DBFA10220221204606F0E2FA04B070BD15
:10585000000400405C0100203C040040F8B51548FD
:105860002022022106F0E6FA00B9F8BD124E1148D6
:105870002022022106F004FC34883B2CF5D80F4A84
:105880000F4F125D0F4B104DBD6003EB02130FCB9A
:1058900085E80F000D48002107F0DCF805483A467E
:1058A000022106F04BFA01340248022106F09AFA6E
:1058B0003480F8BD00600240381C0020FC1B002032
:1058C0005C0100207CDB01083C1C0020000400403F
:1058D0002DE9F843DFF8CC829C4C98F80030206822
:1058E000002B7DD19A4D9FED9B5ADFED9B5A9FED8A
:1058F0009B7A9FED9B6A9B499B4F84462A4605F104
:10590000F00EC82687FB0C384FEAEC73C3EBA813E4
:1059100006FB13C301EB8303D3ED006A82ED007A2B
:10592000F0EE657AE6EE857A0C320CF10A0C02EDA7
:10593000017A67EE867A964542ED027AE2D18B4B88
:105940001B78002B40F0B880002840F0EB80884B9B
:1059500001221A60874D7E4B9FED876A02442260C8
:10596000AC46D3ED016A93ED007AD3ED027A66EE90
:10597000866A27EE067A67EE867AFCEEE66ABCEE69
:10598000C77AFCEEE77A16EE900A17EE101A17EEB9
:10599000902A0C339E458CF800008CF801108CF88E
:1059A00002200CF1030CDCD12A78744B744C754D39
:1059B000754E03EB02130FCB84E80F0001237348ED
:1059C00033800021AC6007F045F871482A46022177
:1059D00006F0B4F9BDE8F8436D48022106F002BABA
:1059E00007EE900A9FED6B7A9FED5D6A584D9FED33
:1059F000595ADFED595AF8EEE77AF7EE006A67EE8A
:105A0000877A642827EE866A76EEE76A2AD05549B7
:105A1000DFF8548184462A4605F1F00EC82788FB3A
:105A20000C364FEAEC73C3EBA61307FB13C301EB71
:105A3000830393ED007AF0EE657AE7EE057A0C3297
:105A400072450CF10A0C66EE277A26EEA77A42ED33
:105A5000027A02ED037A02ED017AE0D1434B1B7822
:105A600053BB71E73F49DFF800C12A4605F1F00E4C
:105A70000646C827ACFB06939B0907FB136301EBA3
:105A8000830393ED007AF0EE657AE7EE057A0C3247
:105A9000724506F10A0666EE277A26EEA77A42EDEF
:105AA000027A02ED037A02ED017AE3D12F4B1B78E3
:105AB000002288F80020BBB3374E384B3168C1F163
:105AC000090201F10A0783FB02C983FB073CD317D4
:105AD000C3EBE90303EB8303A2EB830303EB430371
:105AE00005EB8302FB17C3EBEC0303EB8303A7EB8C
:105AF000830303EB430305EB83034FF07C584FF024
:105B00007E55C2F80080C2F808805560C3F8008056
:105B1000C3F808805D6051B9214A0123136019441C
:105B2000316011E7C8280CD0114B1A6812E7092917
:105B300002D01B4B1B68F2E7194A4FF0FF3313608A
:105B4000EDE70B4B4FF0FF321A6003E7F41B002028
:105B5000001B0020CDCC4C3FCDCC4C3E00000000C3
:105B60009A99993E5CD801081F85EB51F01B0020E3
:105B700054010020FC1B002000007F437CDB010857
:105B80003C1C00205C010020381C00200004004068
:105B9000006002400AD7233CF81B00206766666657
:105BA000580100205201002070B540F6164084B024
:105BB00006F096FD1F4D204B204A1A600124002656
:105BC000284601AA0321CDE90146039606F052FFBB
:105BD00032462846032107F06BF82846602203214D
:105BE00007F03EF808222846032107F06FF8214607
:105BF000284606F035FF4FF48071284606F02CFF4A
:105C0000284606F021FF05F5B03522462146392009
:105C100006F00EFD2146284606F0DAF82146284611
:105C2000072206F0E9F810222146284606F0F0F88F
:105C300004B070BD000401402C010020400401406C
:105C4000904B2DE9F047D3E9007CFF2F00F2AB81A8
:105C5000FB43DBB28C4D8D4EEA5CF35CDB43DBB285
:105C60008849DFF82CE2C968FF299CBF4B40DBB2B2
:105C70008449F05C0969EB5C4240FF299CBF4A40C3
:105C8000D2B28049B05C4969AA5C4340FF299CBFFD
:105C90004B40DBB27B49F05C8969EB5C4240FF29F9
:105CA0009CBF4A40D2B27749B05CC969AA5C434004
:105CB000FF299CBF4B40DBB27249F05C096AEB5C88
:105CC0004240FF299CBF4A40D2B26E49B05C496A4B
:105CD000AA5C4340FF299CBF4B40DBB26949F05CA2
:105CE000896AEB5C4240FF299CBF4A40D2B26549B9
:105CF000B05CC96AAA5C4340FF299CBF4B40DBB241
:105D00006049F05C096BEB5C4240FF299CBF4A4054
:105D1000D2B25C49B05C496BAA5C4340FF299CBF8E
:105D20004B40DBB25749896BF05CEB5C4240FF298A
:105D30009CBF4A40D2B25349B05CC96BAA5C434095
:105D4000FF299CBF4B40DBB24E49F05C096CEB5C19
:105D50004240FF299CBF4A40D2B24A49B05C496CDC
:105D6000AA5C4340FF299CBF4B40DBB24549F05C35
:105D7000896CEB5C4240FF299CBF4A40D2B241494A
:105D8000B05CC96CAA5C4340FF299CBF4B40DBB2AE
:105D90003C49F05C096DEB5C4240FF299CBF4A40E6
:105DA000D2B23849B05C496DAA5C4340FF299CBF20
:105DB0004B40DBB23349F05C896DEB5C4240FF291C
:105DC0009CBF4A40D2B22F49B05CC96DAA5C434027
:105DD000FF299CBF4B40DBB22A49F05C096EEB5CAB
:105DE0004240FF299CBF4A40D2B22649496EB05C6E
:105DF000AA5C4340FF299CBF4B40DBB22149F05CC9
:105E0000896EEB5C4240FF299CBF4A40D2B21D49DB
:105E1000B05CC96EAA5C4340FF299CBF4B40DBB21B
:105E20001849F05C096FEB5C4240FF299CBF4A4077
:105E3000D2B21449B05C496FAA5C4340FF299CBFB1
:105E40004B40DBB20F49F05C896FEB5C4240FF29AD
:105E50009CBF4A40D2B20B49B05CC96FAA5C4340B8
:105E6000FF299CBF4B40DBB20649F05CD1F88010A3
:105E7000EB5C4240FF299CBF4A40D2B2B15CA85CB7
:105E800008E000BF00000E087CEB01087CEC010874
:105E9000A4030E08464A4B4011685468FF299CBF72
:105EA0004B40DBB2FF2CF15CEB5C81EA000181EA44
:105EB0000400C0B20AD8315C285C0832724583EA1B
:105EC0000103E9D163450AD0BDE8F087745C685CE2
:105ED0000832724583EA0403DED16345F4D1354BC1
:105EE0009B689842F0D1012FEED1334C334A2346C0
:105EF00004F1C805002652F8040C52F8081BFF28CC
:105F000001F1FF3194BF18701E70FE298CBF002173
:105F1000012159700233AB42EDD10023284FDFF845
:105F2000B0C0284EDFF8AC809E46642509E087F8B3
:105F300004E0A7F802E00CF10C0CC44507F11007CF
:105F4000C2D0DCF80020B2F5807F28BF00223A7072
:105F5000DCF80420B2F5807F28BF00227A70DCF8DC
:105F60000820FF2AE3D8D2B2A6FB020149093A7100
:105F700005FB112212F0FF00A7F802E0DBD04FF082
:105F800000094A46591C14F813304B4401321FFAD9
:105F900083F9A6FB01A35B09904205FB1313F1D122
:105FA000A7F80290C7E7084D084EBF23402257E6E6
:105FB00084000E0800000E081C1A002010000E08B5
:105FC0008C0000201F85EB517CEB01087CEC010864
:105FD0002C030E08A4030E08F8B516482022012150
:105FE00005F028FF00B9F8BD134E12482022012108
:105FF00006F046F83488B4F5166FF4D20F4A104F05
:10600000125D104B104DBD6003EB02130FCB85E802
:106010000F000E48002106F01DFD06483A460121FA
:1060200005F08CFE01340348012105F0DBFE3480CD
:10603000F8BD00BF00640240E41A00209C0D00205F
:106040002C0100207CDB0108E81A0020000401403C
:106050002DE9F04F2DED108BDFF83CB3C74FC8484A
:10606000C84B9FEDC9DADFEDC9AADFF83083DFF84E
:1060700030A399B04FF00009CDF84C904D46DE4664
:106080000993CB463E4681467388C14A707896EDA7
:1060900002AA9EED009ADEED01CA0CEE103A3379A9
:1060A000A2FB03426421520901FB123309999EF8B5
:1060B000082091F820400A9213F0FF0C99F8202054
:1060C0000C9401F0DC82139BAD4FCDF850C003EB74
:1060D000830307EBC303129391F821300B9399F8D4
:1060E00021300393CDE9166E431E0024079300EB85
:1060F000400302940093A4460D9001924F46A54B95
:10610000CDF838C013F81520049203EB45039444EE
:106110005B780593002A00F0DD8207EE902AB8EE46
:1061200067EA07EE904A059B1194F8EEE79A012181
:106130003846CDE90FC529EE0EBA6CEE8EBAF1EEF7
:10614000699AF0EE6CFA0F46002B40F096827B1EA7
:106150000FEE103AB5EEC0AAF1EE10FAF8EECFDA73
:1061600040F39782B4EEEDBAF1EE10FA00F24C83F0
:10617000F4EEEDBAF1EE10FACCBF012300230A9A37
:106180009A4200F086820C9B002B00F03F83099B13
:106190000B9A1C78F7EE008A102C2CBFF0EE6ACA1E
:1061A000F0EE68CA38BFF0EE6A8AF2B1D3ED077A32
:1061B00093ED048A93F82330A9EEA78A3BB1B0EEA1
:1061C000480A069007F0E8F8069838EE408AB5EEDF
:1061D000C08AF1EE10FA00F15F87F7EE007AB4EEB4
:1061E000E78AF1EE10FA40F3DF87079B013300F0F6
:1061F0003A8200240897F7EE00CA0746264603981D
:1062000008254FF4166920E0F5EEC07AF1EE10FA99
:1062100040F3F882FCEEE77A0123CDED037A029396
:106220009DF80C3008F80B300BF10103AAFB032B8F
:106230004FEA1B2B09FB1B3B009B03349C4205F1DF
:10624000010506F1020600F00B8218F80B30019AE6
:1062500008EE103AA5F108035AB3E8B1D7ED077A72
:1062600097ED040A97F82320A7EEA90AF0EE40EA7A
:106270003AB10690039307F08FF80698039B7EEEE1
:10628000C0EAF5EEC0EAF1EE10FA05D4F4EEECEA5D
:10629000F1EE10FA40F34986F8EE487A68EEA77AF4
:1062A000F4EECD7AF1EE10FAAEDD0122FF23029278
:1062B000B8E70028F0D097F82320D7ED04EA4AB1D8
:1062C000B0EE6E0A0690039307F066F80698039BFB
:1062D0007EEEC0EAF5EEC0EAF1EE10FADCD4F4EEA0
:1062E000ECEAF1EE10FAD7DC3A78212AD4D801A1F1
:1062F00051F822F04365010899620108996201088A
:10630000996201089962010899620108996201087D
:10631000996201089962010899620108996201086D
:10632000996201089962010899620108996201085D
:1063300099620108E9640108CB65010899620108C6
:10634000996201089962010899620108996201083D
:10635000996201089962010899620108996201082D
:10636000996201089962010899620108996201081D
:106370009962010887640108A56301088C00002068
:106380008C180020FC16002000007F430000000055
:106390001F85EB511C1A0020140000209C0D0020CA
:1063A000B5814E1BDFF8B0C2DFF8B0E29CF80030D8
:1063B0009EF80020D7ED067ADFEDA26A83EA031388
:1063C000DBB282EA5201594081EA4301CBB2B3EE1B
:1063D000097A67EE877A069307EE103A8EF8003056
:1063E000994B1B780393B8EE477A8CF80030974BA3
:1063F00027EE267A1978944B15931970B4EEE77A44
:10640000924BF1EE10FA1A7000F2CA868E4B8CF89D
:1064100000101A708D4B069A1A70039B83EA0313BF
:10642000DBB283EA4303534083EA5203DBB207EE55
:10643000903A8EF80030864B711CA3FB06C2A3FB7A
:1064400001C3D208DB0802EB420203EB4303A1EBDA
:106450008303A6EB8202791CB8EE677A8A5CCB5C78
:1064600027EE267A07EE902A06EE903AF8EE677A43
:10647000F8EE666A76EEE76AE6EE877A67EE8A7A83
:106480006AEE277A0AE797F82430002B40F020863E
:10649000A3F15533A3FB0523DB08129A03EB430357
:1064A000A5EB830313445A7818EE103A9342F8EEA2
:1064B000487A3FF4F3AEB7EE007A97ED066A37EE0E
:1064C0006E7AB4EEC76AF1EE10FA01F27E8006EE43
:1064D000902AF8EE666A76EEE76A66EE866A86EEDF
:1064E000876A77EE867AD9E6594B611CA3FB04C212
:1064F000A3FB01C3D208DB0803EB430302EB420218
:10650000A1EB8301A4EB82027B1C9A5C595C07EE31
:10651000102A97F825201AB1F7EE006A76EEEEEA17
:10652000B8EE477ADFED4B6AAEEE8D7AB4EEE67ADE
:10653000F1EE10FA40F2748507EE901AF8EE677AE1
:106540009EE7434AA2FB0312D20802EB4202A3EBEE
:106550008203129A1344B8EE487A5B7807EE903AB9
:10656000F8EE677A67EE8A7AF4EECD7AF1EE10FAF9
:1065700000F28485F5EEC07AF1EE10FAC0F27E8565
:10658000FCEEE76A18EE102ACDED036A9DF80C3098
:10659000934200F0798597F82230002B7FF47EAE8D
:1065A000F7EE006A97ED066A76EEEE6AB4EEE66AFA
:1065B000F1EE10FA3FF672AE77EEC77A67EE867AA2
:1065C00087EEA66A76EE077A68E6214B611CA3FB8C
:1065D00004C2A3FB01C3D208DB0803EB430302EBB5
:1065E0004202A1EB8301A4EB82027B1C9A5C13F8AC
:1065F00001C007EE102A97F825201AB1F7EE006ABD
:1066000076EEEEEA1FEE102A0E999FED125A0A441A
:1066100005EE902AB8EE4C6AF8EEE55AB8EE477AE5
:10662000C5EE866A76EEAE6AA6EE8D7AB4EEC57ACF
:10663000F1EE10FA40F2CF8707EE90CAF8EE677AD3
:106640001EE700BF8180803B8E0D00208D0D002055
:10665000ABAAAAAA0000004F8F0D00201300002053
:1066600003903846089F049A974207F101032BD004
:106670001F46059B002B3FF46AAD049BDB1B0FEE0E
:10668000103AB5EEC0AAF1EE10FAF8EECFDA3FF705
:1066900069AD079B0133E6D00D9C00234FF41661D2
:1066A0004FF0000208F80B200BF101020133AAFBA6
:1066B000025B4FEA1B2BA34201FB1B2BF0D1049A78
:1066C000974207F10103D3D1DDE90FC5119CF0EE2C
:1066D0006FCA0746AF4A6B1CA2FB0312550964221E
:1066E00002FB1535149B0134A3427FF408ADDDE9AC
:1066F000166EB946337B029A934202D0012332735D
:106700007373039B2BB3D9ED047AD9ED066A99ED27
:10671000057A99F8223077EEA67AF5EEC07AF1EE96
:1067200010FAC0F28387002B00F06387B4EEE77A9B
:106730000123F1EE10FA89F8233000F25F874FF061
:106740007E53C9F8143040F20113C9ED04AAA9F828
:1067500023300B9BEBB1099BD3ED047AD3ED066A92
:1067600093ED057A93F8223077EEA67AF5EEC07AAB
:10677000F1EE10FAC0F26787002B40F04687B4EEC6
:10678000E77AF1EE10FA00F24987099A002382F8BD
:106790002130139B099A013328320A2B139306F1F7
:1067A00010060EF10C0E09F1280909927FF46CAC69
:1067B000BBF5166F06DACBF51662002108EB0B006D
:1067C00006F084FC98F80020734B744C744D754EA1
:1067D00003EB02130FCBAC6084E80F000124724876
:1067E0003480002106F036F9214670482A4605F02B
:1067F000A5FA6E48214619B0BDEC108BBDE8F04FEC
:1068000005F0F0BA00230DE50023B8E4099B0B9ACC
:106810001C78F7EE008A102C2CBFB0EE6A8AB0EE1E
:10682000688A38BFF0EE6A8A002A3FF4DEACD3ED06
:1068300004EA93F823303BB1B0EE6E0A069006F0FE
:10684000ABFD06987EEEC0EAF5EEC0EAF1EE10FA76
:1068500000F11E84F7EE007AF4EEE7EAF1EE10FAAA
:106860003FF7C3AC252C00F29280DFE814F04A0118
:10687000110326006D02B10290009000900090007C
:106880009000900090009000900090009000900088
:1068900017034E012C01E10290009000900090003F
:1068A00090009000900090009000900090008F0267
:1068B000AF00E0004702FD01C801099B93F82430B6
:1068C000002B41F055800E991FEE102AA3F155338D
:1068D0000A4403F1004383FB0231D317C3EB2113B6
:1068E00003EB43031399B2EB431348BF60338D00AE
:1068F0002F49304CA1FB03131399691804EBC10114
:1069000001EBD301DB080693534203F0070302F0C7
:10691000070658BF5E42002E91F801E0B8BF083666
:106920004EFA06F3DA0700F1A286099BDFED226A30
:1069300093ED067A37EE2E7ADFF888C0DFF888907C
:106940009CF8002099F800101C4C82EA0212D2B286
:1069500081EA5103534083EA4203DBB207EE903AE7
:10696000F8EE677A89F8003067EEA67A144B227841
:106970002170F4EEC77A19788CF80010F1EE10FA55
:106980001A7000F12881099B93F821300B93F7EEE0
:10699000008A2AE41F85EB517CDB0108E81A0020FD
:1069A0002C010020E41A0020000401400064024091
:1069B000ABAAAAAAFC1600208180803B8D0D002086
:1069C0008E0D00208F0D002013000020BC4EDFF83C
:1069D000FCC233789CF80010BA4C83EA0313DBB294
:1069E00081EA51025A4082EA4302D5B2099AB64B73
:1069F0008CF8005092F804C02278217019781A702F
:106A0000099B3170DA78AC4507EE902A40F28B8210
:106A10009B78F8EE677A07EE103AF7EE006AB8EE68
:106A2000477A77EEA67AC7EE278AFFF7DEBB099B87
:106A3000DFEDB06ADA78F4EEE6EA07EE902A1A792A
:106A4000F1EE10FA07EE102A00F25582DFEDAA6A85
:106A5000F4EEE6EAF1EE10FAC0F24D82B8EE477AB3
:106A6000974DF0EE6E6AFEEECC6A984C2A7821784B
:106A700016EE903A5E42F6B2DBB258BF7342944EC5
:106A800082EA021206EB8303D3ED006AD2B281EAF6
:106A90005103534083EA4203DBB227EE267A06EE27
:106AA000903AF8EE666A874A2370874B1478117023
:106AB000F4EEC76A1A782A70F1EE10FA1C7040F1F1
:106AC0003182099BA4E7099B93F82530002B00F045
:106AD0002486F7EE007A77EEEE7AB8EE4C7ADFEDA8
:106AE000846A0E9A67EE877A1FEE103AF4EEE67A21
:106AF000F1EE10FA1A4440F2C68700239A42BFF61C
:106B000046AFF0EE6A8AFFF770BB099B93F824301A
:106B1000002B40F021860E991FEE102AA3F1553369
:106B20000A4403F1004383FB0231D317C3EB211363
:106B300003EB43031399B2EB431348BF60338D005B
:106B40006449654CA1FB03131399691804EBC10157
:106B500001EBD301DB080693534203F0070302F075
:106B6000070658BF5E42002E91F801E0B8BF083614
:106B70004EFA06F3DB073FF506AF099BDFED576AD8
:106B800093ED067A37EE2E7ADFF834C1DFF83C91C8
:106B90009CF8002099F800104A4C82EA0212D2B206
:106BA00081EA5103534083EA4203DBB207EE903A95
:106BB000F8EE677A89F8003067EEA67A424B2278C1
:106BC0002170F4EEC77A19788CF80010F1EE10FA03
:106BD0001A7040F14C85139B3F4ADFED418AEB1858
:106BE00002EBC303069A13440122B2404EEA0202AA
:106BF0005A70099B93F821300B93FFF7F6BA099A64
:106C000092F82530D17853B1F6EE007AF4EEE7EA47
:106C1000F1EE10FAD4BF7EEEA7EA7EEEE7EAF8EED8
:106C20004C7A9FED337A0E9A67EEAE7A1FEE103AE9
:106C3000F4EEC77AF1EE10FA1A4407D89FED2B7ADA
:106C4000F4EEC77AF1EE10FA80F22B87002393421C
:106C500033D01CEE104AE31A013B93422DD0099B1E
:106C60005B7807EE901AD4E6099A92F82530D1782D
:106C70001BB1F7EE007A77EEEEEAF8EE4C7A9FED74
:106C8000197A0E9A67EEAE7A1FEE103AF4EEC77AD2
:106C9000F1EE10FA1A44D9D89FED137AF4EEC77AC0
:106CA000F1EE10FAD2DBB6EE007A67EE877AFDEEEF
:106CB000E77A17EE903A9342CBD1099B9B78D0E7C5
:106CC0008F0D00208D0D00208E0D00201300002060
:106CD0005CD40108ABAAAAAAFC1600208180803BE4
:106CE00000007F430000804F000080CF000000CFF5
:106CF0000000004F0000004B000000CB099A92F802
:106D00002530D1781BB1F7EE007A77EEEEEAF8EE97
:106D10004C7A1FED097A0E9A67EEAE7A1FEE103AA2
:106D2000F4EEC77AF1EE10FA1A4407D81FED117A83
:106D3000F4EEC77AF1EE10FA80F29F8600239A42B1
:106D4000099BBBD05B788CE7099B93F82530002B1F
:106D500000F02385F7EE007A77EEEE7AB8EE4C7A03
:106D60005FED1D6A0E9A67EE877A1FEE103AF4EE19
:106D7000E67AF1EE10FA1A4440F2718600239A4244
:106D8000FFF605AEF0EE6A8AFFF72FBA5FED277ABD
:106D9000F4EEE7EAF1EE10FA00F293805FED2A7A62
:106DA000F4EEE7EAF1EE10FAC0F28B80F0EE6E7AC4
:106DB000FEEECC7ABA4A17EE903A5942C9B2DBB22B
:106DC00058BF4B4202EB8302D2ED008AFFF70DBAA7
:106DD000099B93F82530002B00F0FE841CEE103A3E
:106DE000013323F001039BB207EE903AB7EE007A2D
:106DF00037EE6E7AF8EE677ADFEDAA6A0E9A67EEE2
:106E0000877A1FEE103AF4EEE67AF1EE10FA1A44A1
:106E100040F21386002393423FF7B9AD1CEE101ADF
:106E2000CB1A93427FF7B3ADF0EE6A8AFFF7DDB974
:106E3000099B93F82530002B00F0BB851CEE103A1F
:106E4000013323F001039BB207EE903AB7EE007ACC
:106E500037EE6E7AF8EE677ADFED926A0E9A67EE99
:106E6000877A1FEE103AF4EEE67AF1EE10FA1A4441
:106E700040F2D185002393423FF743AE1CEE101A37
:106E8000CB1A93427FF73DAEF7EE008AFFF7ADB91C
:106E9000F7EE008A78EEEE8AFFF7A7B9F0EE6E8A79
:106EA000FFF7A3B9DFED807AB4EEE78AF1EE10FACE
:106EB00007D8DFED7E7AB4EEE78AF1EE10FA80F2C1
:106EC0004386DFED7B8AFFF790B9099BDFED766A99
:106ED000DA78B4EEE68A07EE902A1A79F1EE10FA23
:106EE00007EE102A07D8DFED716AB4EEE68AF1EEFC
:106EF00010FA80F261836F4E6F4C33782178DFF89F
:106F0000CCC16E4D83EA0313DBB281EA51025A40D1
:106F100082EA430222709CF800302A788CF8001034
:106F200032702B70099B5B7873E53A78212A3FF623
:106F3000B3A901A151F822F0436501089962010843
:106F40009962010899620108996201089962010831
:106F50009962010899620108996201089962010821
:106F60009962010899620108996201089962010811
:106F70009962010899620108E9640108C16F01087A
:106F800099620108996201089962010899620108F1
:106F900099620108996201089962010899620108E1
:106FA00099620108996201089962010899620108D1
:106FB000996201089962010887640108A5630108C4
:106FC0003F4B611CA3FB04C2A3FB01C3D208DB0837
:106FD00003EB430302EB4202A1EB8301A4EB820229
:106FE0007B1C9A5C595C07EE102A97F825201AB191
:106FF000F7EE006A76EEEEEAF7EE006A86EE8E6A4B
:10700000B0EE6E0AADEE860AB8EE477ADFED2D6A75
:10701000A0EE0D7AB4EEE67AF1EE10FA3FF68CAA05
:10702000DFED296A07EE901AB4EEE67AF1EE10FA77
:10703000F8EE677AFFF624AA214AA11CA2FB01C23E
:10704000D20802EB4202A1EB8202BDEEC77A9B5C42
:10705000134A06EE903A17EE103A5942C9B2DBB223
:10706000F8EE666A58BF4B4202EB830276EEE76A9F
:1070700092ED007AE7EE267AFFF702BA18EE102AB0
:10708000002393427FF487AAF0EE477AFFF706B910
:10709000F0EE488AFFF7A9B8F0EE6C8AFFF7A5B8C2
:1070A0005CD401080000804F0000004B000000CBC2
:1070B000000000008F0D0020130000208E0D002026
:1070C000ABAAAAAA0000004F000000CF8D0D00203F
:1070D000CF4BD04A1B78DFF85CE39FEDCF6A83EAA1
:1070E00003135FFA83FC711CA2FB0603DB08A2FBFF
:1070F0000102D20803EB4303A6EB830302EB420237
:10710000A1EB820218467B1C9EF80010185C9B5C69
:10711000C24A06EE903A81EA51038CEA030383EAFD
:107120004C03DBB207EE103A07EE900AF8EE666AFF
:10713000F8EE677AB8EE477A76EEE76A27EE067AD7
:107140008EF80030E6EE877AB54B92F800C01170E9
:1071500067EE8A7AAE491A780A70F4EECD7AF1EECB
:1071600010FA83F800C000F22E82F5EEC07AF1EE3C
:1071700010FAC0F22882FCEEE77ACDED037A9DF892
:107180000C20A44BA3FB0513DB08129903EB43036C
:10719000A5EB83030B445A7097F82100FFF784B9DD
:1071A000F8EE487AFFF76CB9252C3FF6F0AB01A357
:1071B00053F824F0036B0108AD750108E174010870
:1071C00071750108877401088F6901088F690108CA
:1071D0008F6901088F6901088F6901088F690108AB
:1071E0008F6901088F6901088F6901088F6901089B
:1071F0008F6901088F690108917001087F73010888
:10720000437301083D7401088F6901088F69010803
:107210008F6901088F6901088F6901088F6901086A
:107220008F6901088F6901088F6901088F6901085A
:107230008F690108A56E0108CD690108CB6E0108B0
:10724000F9720108B17201084D720108099A92F8A9
:107250002530D27807EE902A53B1B6EE007AB4EE1C
:10726000C78AF1EE10FAD4BF38EE078A38EE478AA3
:107270002EEE088A9FED6B7AB4EEC78AF1EE10FA13
:1072800007D89FED697AB4EEC78AF1EE10FA80F262
:10729000658400231FEE102A93423FF412AC049A37
:1072A000D31A1FEE102A013B93427FF43BAE08E451
:1072B000099A92F82530D27807EE902A1BB1B7EEE2
:1072C000007A37EE488A2EEE088A9FED5B7AB4EE9C
:1072D000C78AF1EE10FADCD89FED547AB4EEC78A73
:1072E000F1EE10FAD5DBB6EE007A28EE078ABDEE95
:1072F000C87A17EE103ACDE7099A92F82530D2787D
:1073000007EE902A1BB1B7EE007A37EE488A2EEED0
:10731000088A9FED447AB4EEC78AF1EE10FA07D8D6
:107320009FED417AB4EEC78AF1EE10FA80F2108434
:1073300000231FEE102A9342099B7FF4F4ADFFF760
:1073400067BB099B93F82530002B00F0CD82F7EE48
:10735000007A77EEC87A9FED337A67EE8E7AF4EE94
:10736000C77AF1EE10FA40F2C48300231FEE102A10
:1073700093423FF7C6ABF7EE008AFEF736BF099B94
:1073800093F82430002B40F0A6811FEE102AA3F1C1
:10739000553303F1004383FB02321FEE103ADB1733
:1073A000C3EB22131FEE102A03EB4303B2EB43138C
:1073B000139A48BF60339500164A1D49A2FB032368
:1073C000139AAA1801EBC20202EBD302DB08069360
:1073D0001FEE103A92F801E05B421FEE102A03F014
:1073E000070302F0070658BF5E42002EB8BF0836FA
:1073F0004EFA06F313F0010F099B7FF4C5AA93ED33
:10740000067ADFED056A37EE087AFFF7BDBB00BFED
:107410008F0D0020ABAAAAAA8180803B8D0D002091
:107420008E0D00200000004F000000CF000080CF34
:10743000FC160020130000200000804F099B93F8E9
:107440002530002B00F06B82049B5FED056A013351
:1074500003F4FF7307EE903AB7EE007A37EE487AFE
:10746000F8EE677A67EE877AF4EEE67AF1EE10FAD4
:1074700040F22E8300231FEE102A93423FF741ABC8
:10748000049AD31A89E0099B93F82530002B00F069
:10749000E781049B5FED186A013303F4FF7307EE85
:1074A000903AB7EE007A37EE487AF8EE677A67EEF0
:1074B000877AF4EEE67AF1EE10FA40F23483002394
:1074C0001FEE102A93423FF762AA049AD31A1FEEC6
:1074D000102A93427FF75BAAF0EE6A8AFEF785BE18
:1074E000099B93F82430002B40F0D3801FEE102A24
:1074F000A3F1553303F1004383FB02321FEE103A30
:10750000DB17C3EB22131FEE102A03EB4303B2EB8E
:107510004313139A48BF60339500C84AC849A2FB79
:107520000323139AAA1801EBC20202EBD302DB0871
:1075300006931FEE103A92F801E05B421FEE102A0C
:1075400003F0070302F0070658BF5E42002EB8BFE3
:1075500008364EFA06F313F0010F099B40F08880BD
:1075600093ED067ADFEDB76A37EE087AFFF7E4B9F4
:10757000099B93F82530002B00F09B81F7EE007AF1
:1075800077EEC87A9FEDB27A67EE8E7AF4EEC77A1C
:10759000F1EE10FA40F2BA8200231FEE102A934255
:1075A0007FF7AFAAF7EE008AFEF71FBEF7EE008A5C
:1075B00078EEC88AFEF719BEB8EE477AA24DF0EE13
:1075C000486AFFF750BA0022DBE507EE902AF8EE92
:1075D000677AFEF763BEDFED9F6A07EE90CAB4EEEE
:1075E000E67AF1EE10FAF8EE677ABFF625ADFEF70F
:1075F00047BFB4EEE77AF1EE10FA1FD90023C9EDC8
:10760000047A89F82430FFF7A4B8099AB4EEE77A2F
:107610000123F1EE10FA82F823301CD9099A0023D5
:10762000C2ED047A82F82430FFF7B3B8B4EEE77AFB
:10763000F1EE10FAE2D8002B7FF481A8002389F83C
:107640002130FFF786B8B4EEE77AF1EE10FAE5D80C
:10765000002B3FF49AA8099A4FF07E53536140F2F1
:107660000113C2ED04AAA2F82330FFF792B8099BD8
:1076700093F821300B93F0EE6A8AFEF7B6BD91F8CD
:1076800021300B9399F82130CDF808C00393FFF710
:1076900031B86E4A1FEE103A1FEE101ADB1782FB4C
:1076A0000141C3EB21131FEE101A03EB4303B1EBAF
:1076B000431300F17A82139C614D82FB0312D917A8
:1076C000C1EB620104EB840205EBC2020A44002113
:1076D0005170A50021E75D4A1FEE103A1FEE101A07
:1076E000DB1782FB0141C3EB21131FEE101A03EBE2
:1076F0004303B1EB431300F14882139C504D82FBCE
:107700000312D917C1EB620104EB840205EBC2023C
:107710000A4400215170A5004EE6F8EE4C7A9FED28
:107720004C7A0E9967EEAE7A1FEE102AF4EEC77A05
:10773000F1EE10FA0A440AD89FED467AF4EEC77AC1
:10774000F1EE10FAA4BFFDEEE77A17EE903A9A42F6
:107750007FF71DA9FFF7D5B91FEE103A0E9A3B49E6
:107760009A1881FB0234D317C3EB241303EB4303B2
:10777000B2EB431300F1F881139D314E81FB0341BD
:10778000DC17C4EB610405EB850106EBC101214464
:1077900000244C70AD00FFF7D3B9F8EE4C7A9FEDA2
:1077A0002C7A0E9967EEAE7A1FEE102AF4EEC77AA5
:1077B000F1EE10FA0A440AD89FED267AF4EEC77A61
:1077C000F1EE10FAA4BFFDEEE77A17EE903A9A4276
:1077D0007FF797A9FFF7DBB81CEE102A013222F0E1
:1077E000010292B207EE902AF8EE677A9FED1A7ABC
:1077F0000E9967EEAE7A1FEE102AF4EEC77AF1EE1C
:1078000010FA0A440ED89FED157AF4EEC77AF1EE1D
:1078100010FA07DBB6EE007A67EE877AFDEEE77ABC
:1078200017EE903A9342BFF66CA91CEE101ACB1AD1
:10783000013B93427FF765A9FFF7A9B8ABAAAAAAB3
:10784000FC1600208180803B8F0D0020ABAAAA2A65
:107850000000004F000000CF0000804F000080CFEC
:10786000049A1FED037A013202F4FF7207EE902AA8
:10787000F8EE677A67EE887AF4EEC77AF1EE10FADE
:107880000ED81FED0A7AF4EEC77AF1EE10FA07DB94
:10789000B6EE007A67EE877AFDEEE77A17EE903A59
:1078A0001FEE102A9342BFF62CA9049AD31A013B6B
:1078B00073E62EEE088A5FED1A7AB4EEE78AF1EEEF
:1078C00010FA0AD85FED1D7AB4EEE78AF1EE10FAED
:1078D000A4BFFDEEC87A17EE903A1FEE102A93422D
:1078E000BFF60FA9FFF753B82EEE088A5FED287A8E
:1078F000B4EEE78AF1EE10FA0AD85FED2A7AB4EE18
:10790000E78AF1EE10FAA4BFFDEEC87A17EE903ABE
:107910001FEE102A9342BFF63AA8FFF7F2B8049A76
:107920001FED337A013202F4FF7207EE902AF8EE6F
:10793000677A67EE887AF4EEC77AF1EE10FA0ED81D
:107940001FED3A7AF4EEC77AF1EE10FA07DBB6EEE5
:10795000007A67EE877AFDEEE77A17EE903A1FEE2F
:10796000102A9342BFF613A8049AD31A013BFDE4F0
:107970001FEE103A0E9A95499A1881FB0234D317DC
:10798000C3EB241303EB4303B2EB431300F18F80EB
:10799000139D8F4E81FB0341DC17C4EB610405EBA3
:1079A000850106EBC101214400244C70AD00FEF7B7
:1079B0009FBF1CEE102A013222F0010292B207EEA4
:1079C000902AF8EE677A9FED837A0E9967EEAE7A89
:1079D0001FEE102AF4EEC77AF1EE10FA0A440ED820
:1079E0009FED7D7AF4EEC77AF1EE10FA07DBB6EE82
:1079F000007A67EE877AFDEEE77A17EE903A9342C7
:107A0000BEF6C5AF1CEE101ACB1A013B93427EF7AF
:107A1000BEAFFFF776B89FED707AF4EEC77AF1EE5D
:107A200010FAFFF627AAB6EE007A67EE877AFDEE27
:107A3000E77A17EE903AFFF71EBA9FED677AF4EEF9
:107A4000C77AF1EE10FAFFF6E5A9B6EE007A67EE16
:107A5000877AFDEEE77A17EE903AFFF7DCB99FEDF3
:107A60005F7AF4EEC77AF1EE10FAFFF687A9FDEE21
:107A7000E77A17EE903AFFF782B9FDEEE77A17EE54
:107A8000903AFFF75CB99FED557AF4EEC77AF1EEC4
:107A900010FAFFF632A8FDEEE77A17EE903AFFF7FC
:107AA0002DB8FDEEE77A17EE903AFFF7D0B8139DA8
:107AB0004B49474E6033A1FB031405EB850106EBF0
:107AC000C10101EBD40100244C70AD00FEF710BFE2
:107AD0009FED417AF4EEC77AF1EE10FAFFF6CAACE8
:107AE000B6EE007A67EE877AFDEEE77A17EE903A07
:107AF000C1E49FED3A7AF4EEC77AF1EE10FAFFF6A0
:107B000034ACFDEEE77A17EE903A2FE49FED337A2E
:107B1000F4EEC77AF1EE10FAFFF63EADFDEEE77A2D
:107B200017EE903A39E59FED2C7AF4EEC77AF1EE34
:107B300010FAFFF6C4ACB6EE007A67EE877AFDEE77
:107B4000E77A17EE903ABBE4F0EE487AFFF730B9E7
:107B5000BDEEC87A17EE103AFFF7EBBBBDEEC87A60
:107B600017EE103AFFF796BB139D1D49184E603370
:107B7000A1FB031405EB850106EBC10101EBD40168
:107B800000244C70AD00FEF7DBBF139C144A104D6F
:107B90006033A2FB032104EB840205EBC20202EB7B
:107BA000D10200215170A50006E4139C0C4A084D37
:107BB0006033A2FB032104EB840205EBC20202EB5B
:107BC000D10200215170A500A7E400BFABAAAA2AE8
:107BD000FC1600200000804F000080CF000000CF86
:107BE000ABAAAAAA2DE9F04F2DED108BDFF888C2C1
:107BF000994A9A499A4CDFED9BCADFED9BAADFF8C0
:107C00007C929BB0002312919E46149304931946D4
:107C100066469246608894F804C062780D920CEE35
:107C2000100A924894ED02AA96ED009A96ED01EAA8
:107C3000A0FB0C02307A0A909AF820000190642789
:107C40001298520907FB12C212F0FF0C90F8207034
:107C50000C9701F0D482149A7F4D90F821000B907C
:107C600002EB820205EBC2050D9A9AF821001395EA
:107C700000270090049D1894501E02EB42021996B2
:107C8000039708900292CDF854C0BE4698463C46F1
:107C90008B465646764BCDF838E013F81520069201
:107CA00003EB450396445B780793002A00F0F282C9
:107CB00007EE902AF8EE67DA07EE904A3346F8EEC0
:107CC000E79A46469846079B6A48129F11944FF0E0
:107CD000010ACDE90FE529EE2DBA6EEE2DBAF1EECF
:107CE000699AF0EE4EFACDF810A0002B40F09C827D
:107CF000049B013B0FEE103AB5EEC0AAF1EE10FA6C
:107D0000B8EECFDA40F39D82B4EECDBAF1EE10FAC0
:107D100000F26383F4EECDBAF1EE10FACCBF01238A
:107D200000230A9A9A4200F08C820C9B002B00F0F0
:107D300056833C780B9BB7EE008A102C2CBFB0EE1C
:107D40006AEAB0EE48EA38BFB0EE6A8AEBB1D7ED26
:107D5000077AD7ED048A97F82330E9EEA78A33B182
:107D6000B0EE680A05F018FB424878EEC08AF5EEDE
:107D7000C08AF1EE10FA00F11487F7EE007AF4EE03
:107D8000E78AF1EE10FA40F38087089B013300F098
:107D900040820024F7EE008A0825A246099725E0D4
:107DA000F5EEC07AF1EE10FA40F31583FCEEE77AB7
:107DB0000123CDED057A03939DF8143000F80B30C4
:107DC0009F4218BF01260BF10103A9FB032B4FEAC9
:107DD0001B2B4FF4166202FB1B3B029B03349C429D
:107DE00005F101050AF1020A00F01282019A10F869
:107DF0000B70A5F10803002A42D0009AE2B1D8ED39
:107E0000077A98ED040A98F82320A7EEA90AF0EE65
:107E100040EA32B1059305F0BFFA1648059B7EEEA5
:107E2000C0EAF5EEC0EAF1EE10FA05D4F4EEE8EAA5
:107E3000F1EE10FA40F3FD8507EE907AF8EE677ADE
:107E400068EE277AF4EEEC7AF1EE10FAA8DD012262
:107E5000FF230392B2E700BF8C180020FC1600201D
:107E60008C00002000007F43000000001F85EB51C4
:107E70001C1A00209C0D002014000020B5814E1B10
:107E8000009A002AD8D098F82320D8ED04EA42B10D
:107E9000B0EE6E0A059305F07FFAD548059B7EEE9D
:107EA000C0EAF5EEC0EAF1EE10FAC5D4F4EEE8EA65
:107EB000F1EE10FAC0DC98F80020212ABCD801A10C
:107EC00051F822F0ED800108397E0108397E010861
:107ED000397E0108397E0108397E0108397E0108A2
:107EE000397E0108397E0108397E0108397E010892
:107EF000397E0108397E0108397E0108397E010882
:107F0000397E01089180010875810108397E0108D8
:107F1000397E0108397E0108397E0108397E010861
:107F2000397E0108397E0108397E0108397E010851
:107F3000397E0108397E0108397E0108397E010841
:107F4000397E0108318001084D7F0108A94ADFF818
:107F5000B8E213789EF80010169183EA0313DBB29F
:107F600081EA5101594081EA4301D8ED067ADFF8F0
:107F70009CC2DFEDA16ACBB2B3EE097A67EE877AD5
:107F800007EE103AB8EE477A179327EE267A8EF866
:107F900000309CF8003013700593984B169A1978AE
:107FA0008CF80010B4EEE77AF1EE10FA1A7000F2D5
:107FB0006686904A1170169A8CF80020179A1A70EB
:107FC000059B83EA0313DBB283EA4303534083EA4E
:107FD0005203DBB207EE903A8EF80030884B0AF17C
:107FE0000101A3FB0AC2A3FB01C3D208DB0802EB19
:107FF000420203EB4303A1EB8303AAEB820208F1E5
:108000000101B8EE677A8A5CCB5C27EE267A07EE30
:10801000902A06EE903AF8EE677AF8EE666A76EE07
:10802000E76AE6EE877A67EE8A7A6AEE277A07E7EA
:1080300098F82430002B40F0B885714AA2FB052344
:10804000DB08139A03EB4303A5EB830313445A782D
:1080500007EE907A9742F8EE677A3FF4F1AEB7EE0A
:10806000007A98ED066A37EE6E7AB4EEC76AF1EEE2
:1080700010FA01F2728006EE902AF8EE666A76EE49
:10808000E76A66EE866A86EE876A77EE867AD7E6D4
:108090005B4B611CA3FB04C2A3FB01C3D208DB083A
:1080A00003EB430302EB4202A1EB8301A4EB820248
:1080B00008F101039A5C595C07EE102A98F8252014
:1080C0001AB1F7EE006A76EEEEEAB8EE477ADFED27
:1080D0004D6AAEEEAC7AB4EEE67AF1EE10FA40F20A
:1080E000268507EE901AF8EE677A9EE7444AA2FBCF
:1080F0000312D20802EB4202A3EB8203139A134449
:1081000007EE907A5B78B8EE677A07EE903AF8EE71
:10811000677A67EE8A7AF4EEEC7AF1EE10FA00F202
:108120003485F5EEC07AF1EE10FAC0F22E85FCEE41
:10813000E76ACDED056A9DF81430BB4200F0298551
:1081400098F82230002B7FF47BAEF7EE006A98EDB2
:10815000066A76EEEE6AB4EEE66AF1EE10FA3FF6E3
:108160006FAE77EEC77A67EE867A87EEA66A76EE0E
:10817000077A65E6224B611CA3FB04C2A3FB01C383
:10818000D208DB0803EB430302EB4202A1EB8301BD
:10819000A4EB820208F101039A5C13F801C007EE18
:1081A000102A98F825201AB1F7EE006A76EEEEEA6A
:1081B0001FEE102A0E999FED135A0A4405EE902ADD
:1081C000B8EE4C6AF8EEE55AB8EE477AC5EE866A24
:1081D00076EEAE6AA6EEAC7AB4EEC57AF1EE10FA9F
:1081E00040F2C18707EE90CAF8EE677A1DE700BF3C
:1081F0009C0D00208F0D00208180803B8D0D002084
:10820000ABAAAAAA0000004F130000208E0D002088
:10821000099F049A06998A4202F1010332D004931D
:10822000079B002B3FF464AD069B049A9B1A0FEE4C
:10823000103AB5EEC0AAF1EE10FAB8EECFDA3FF779
:1082400063AD089B0133E4D000230D9D1C464FF421
:10825000166110F80B2000F80B40002A0BF1010208
:1082600003F10103A9FB02CB18BF01264FEA1B2B28
:10827000AB4201FB1B2BECD1049A06998A4202F116
:108280000103CCD1DDE90FE54346119CB046B0EEC9
:108290006FEA1E46964A6B1CA2FB03125509642224
:1082A00002FB1535159B0134A3427FF4F3ACB246B3
:1082B000189C199E049559464346227B0398824296
:1082C00002D0012220736273009A2AB3DAED047A95
:1082D000DAED066A9AED057A9AF8222077EEA67A08
:1082E000F5EEC07AF1EE10FAC0F27C87002A00F0B9
:1082F0004887B4EEE77A0122F1EE10FA8AF82320DB
:1083000000F244874FF07E52CAF8142040F2011266
:10831000CAED04AAAAF823200B9AEAB1129AD2ED68
:10832000047AD2ED066A92ED057A92F8222077EE71
:10833000A67AF5EEC07AF1EE10FAC0F23F87002A75
:1083400040F02B87B4EEE77AF1EE10FA00F22E87B8
:108350001298002280F82120149A129801322830B5
:108360000A2A149204F1100406F10C060AF1280AF4
:1083700012907FF44FACB1F5166F8B4608DA5D486A
:108380000093C1F516625844002104F09FFE009B43
:10839000002B00F0FB87574A574B1278574C584D2B
:1083A000584E03EB02130FCBAC6084E80F0001249E
:1083B00055483480002104F04DFB214653482A469D
:1083C00003F0BCFC514821461BB0BDEC108BBDE84E
:1083D000F04F03F007BD0023F0E40023A1E43C7854
:1083E0000B9BB7EE008A102C2CBFF0EE6A8AF0EEE1
:1083F000488A38BFB0EE6A8A002B3FF4C6AC97F8C3
:108400002330D7ED04EA33B1B0EE6E0A04F0C4FFB6
:1084100038487EEEC0EAF5EEC0EAF1EE10FA00F15F
:10842000BC83F7EE007AF4EEE7EAF1EE10FA3FF7DC
:10843000ACAC252C2AD8DFE814F0E0001F02430280
:108440008E01C301290029002900290029002900E3
:10845000290029002900290029002900B402E4008C
:10846000C3006002290029002900290029002900F1
:1084700029002900290029002900AF012C007700DC
:108480008F02F201590197F821300B93B7EE008A61
:108490007BE4DFF888C01E4C9CF8003021781D4D2D
:1084A00083EA0313DBB281EA51025A4082EA4302B3
:1084B0005FFA82FE184B2A7884F800E03C79297034
:1084C00019781A70FB788CF80010744507EE903A12
:1084D00040F2AD82BB78F8EE677A07EE103AF7EE1D
:1084E000006AB8EE477A77EEA67A87EE278A4CE4E0
:1084F0001F85EB519C0D00207CDB0108E81A002051
:108500002C010020E41A0020000401400064024015
:10851000130000208D0D00208E0D00208F0D0020F7
:108520000000004B000000CBFB785FED036A07EE14
:10853000903AF4EEE6EA3B79F1EE10FA07EE103AE3
:1085400000F25B825FED096AF4EEE6EAF1EE10FA02
:10855000C0F25382B8EE477ADFF848C3F0EE6E6A95
:10856000FEEECC6A9CF80030C64D16EE902A83EAE7
:108570000313D9B25342DBB2D2B258BF5A42C24BF4
:108580002C7803EB8203D3ED006AC04A84EA5403DB
:108590004B4083EA4103DBB227EE267A06EE903A9F
:1085A000F8EE666A2B70BA4B11781470F4EEC76A55
:1085B0001A788CF80020F1EE10FA19708AD436E29D
:1085C00097F82530002B00F02486F7EE007A77EE3E
:1085D000EE7AB8EE4C7ADFEDB56A0E9A67EE877ADE
:1085E0001FEE103AF4EEE67AF1EE10FA1A4441F278
:1085F0006D8000239A42BFF649AFB0EE6A8AFFF75A
:10860000C4BB97F82430002B40F09E861FEE102A42
:108610000E99A3F15533541803F1004383FB043240
:10862000E317C3EB221303EB4303B4EB431301F152
:108630005B80149A4FEA820A964A9749A2FB032369
:10864000149A524401EBC20202EBD302DB080993F5
:1086500053780593634203F0070304F0070C58BFF7
:10866000C3F1000CBCF1000F059BB8BF0CF1080C66
:1086700043FA0CF3DB073FF506AFDFF828E2814C45
:108680009EF80020217897ED067ADFED846A7F4D11
:1086900082EA0212D2B281EA5103534083EA4203D2
:1086A000DBB207EE903AF8EE677A37EE2E7A67EE95
:1086B000A67A2370764B2A782970F4EEC77A197857
:1086C0008EF80010F1EE10FA1A7040F11085149B2C
:1086D000714A0599534402EBC303099A13440122DA
:1086E00002FA0CF21143597000F065BC97F825307E
:1086F000F97853B1F6EE007AF4EEE7EAF1EE10FA0B
:10870000D4BF7EEEA7EA7EEEE7EAF8EE4C7A9FED64
:10871000677A0E9A67EEAE7A1FEE103AF4EEC77AD9
:10872000F1EE10FA1A4407D89FED617AF4EEC77A99
:10873000F1EE10FA81F211800023934200F09A804A
:108740001CEE104AE31A013B934200F093807B78C1
:1087500007EE901ABFE697F82530002B00F0AB86A5
:10876000F7EE007A77EEEE7AB8EE4C7ADFED4F6AEC
:108770000E9A67EE877A1FEE103AF4EEE67AF1EE83
:1087800010FA1A4440F2DB8700239A42FFF67EAECD
:10879000B0EE6A8AFFF7F9BADFED477AF4EEE7EA5E
:1087A000F1EE10FA00F21081DFED447AF4EEE7EA20
:1087B000F1EE10FAC0F20881F0EE6E7A00F05DBFC3
:1087C00097F82530002B00F05B851CEE103A013342
:1087D00023F001039BB207EE903AB7EE007A37EE32
:1087E0006E7AF8EE677ADFED306A0E9A67EE877A76
:1087F0001FEE103AF4EEE67AF1EE10FA1A4440F267
:10880000B887002393423FF741AE1CEE101ACB1AF3
:1088100093427FF73BAEB0EE6A8AFFF7B6BA97F89D
:108820002530F9781BB1F7EE007A77EEEEEAF8EE34
:108830004C7A9FED1D7A0E9A67EEAE7A1FEE103AD3
:10884000F4EEC77AF1EE10FA1A443FF675AF9FEDD9
:10885000147AF4EEC77AF1EE10FAFFF66DAFB6EEC9
:10886000007A67EE877AFDEEE77A17EE903A934248
:108870007FF466AFBB786BE7B7EE008A38EE6E8A9E
:10888000FFF783BA130000205CD401088D0D00208F
:108890008E0D0020ABAAAAAAFC1600208180803B86
:1088A000000080CF8F0D00200000804F0000004F9F
:1088B000000000CF000000000000004B000000CBD3
:1088C00097F82430002B40F015861FEE102A0E99E1
:1088D000A3F15533541803F1004383FB0432E3172B
:1088E000C3EB221303EB4303B4EB431300F15387B1
:1088F000149A4FEA820A00F01DBE97F82530002B2B
:1089000000F0F0841CEE103A013323F001039BB217
:1089100007EE903AB7EE007A37EE6E7AF8EE677AA5
:108920005FED1F6A0E9A67EE877A1FEE103AF4EE3B
:10893000E67AF1EE10FA1A4440F2EF8600239342F1
:108940003FF75BAE1CEE101ACB1A93427FF755AE81
:10895000B7EE008AFFF719BA97F82530F9781BB1FE
:10896000F7EE007A77EEEEEAF8EE4C7A1FED317A08
:108970000E9A67EEAE7A1FEE103AF4EEC77AF1EE79
:1089800010FA1A4407D81FED367AF4EEC77AF1EEE2
:1089900010FA80F2E88600239A427FF4D8AEBB78C2
:1089A000D6E6B0EE6E8AFFF7F0B95FED3D7AF4EEF1
:1089B000E78AF1EE10FA07D85FED407AF4EEE78A25
:1089C000F1EE10FA80F257861FED468AFFF7DDB907
:1089D000FB785FED476A07EE903AF4EEE68A3B7962
:1089E000F1EE10FA07EE103A07D85FED4C6AF4EE9C
:1089F000E68AF1EE10FA80F2A683DFF844C3CC4D8C
:108A00009CF800302978CB4CDFF83CE383EA031371
:108A1000DBB281EA51025A4082EA43022A7023788B
:108A20009EF8002021708CF800208EF800307B78B2
:108A300051E598F80020212A3FF6FEA901A151F83E
:108A400022F000BFED800108397E0108397E01085F
:108A5000397E0108397E0108397E0108397E010816
:108A6000397E0108397E0108397E0108397E010806
:108A7000397E0108397E0108397E0108397E0108F6
:108A8000397E010891800108CD8A0108397E0108EC
:108A9000397E0108397E0108397E0108397E0108D6
:108AA000397E0108397E0108397E0108397E0108C6
:108AB000397E0108397E0108397E0108397E0108B6
:108AC000397E0108318001084D7F01089A4B611CF5
:108AD000A3FB04C2A3FB01C3D208DB0803EB4303DF
:108AE00002EB4202A1EB8301A4EB820208F1010335
:108AF0009A5C595C07EE102A98F825201AB1F7EE17
:108B0000006A76EEEEEAF7EE006A86EEAD6AB0EE47
:108B10006E0AADEE060AB8EE477ADFED8F6AA0EE78
:108B20002C7AB4EEE67AF1EE10FA3FF6DAAADFED2F
:108B3000886A07EE901AB4EEE67AF1EE10FAF8EED3
:108B4000677AFFF672AA7C4AA11CA2FB01C2D20876
:108B500002EB4202A1EB8202BDEEC77A9B5C774931
:108B600006EE903A17EE103A5A42D2B2DBB2F8EE65
:108B7000666A58BF534201EB830176EEE76A91EDD6
:108B8000007AE7EE267AFFF750BA0023BB427FF463
:108B9000D7AAF0EE477AFFF753B9B0EE688AFFF72D
:108BA000F4B8B0EE4E8AFFF7F0B8654B624A1B7816
:108BB0009FED646A0AF1010183EA03135FFA83FE01
:108BC000A2FB0AC3A2FB01C2DB08D20803EB4303EA
:108BD00002EB4202A1EB820208F1010C5449AAEB1C
:108BE000830309781CF803301CF802C0504A07EED2
:108BF000903A81EA51038EEA030383EA4E03DBB223
:108C000006EE90CA07EE103AF8EE677AF8EE666A5A
:108C1000B8EE477A76EEE76A27EE067A1370E6EE4C
:108C2000877A444A484B92F800C0117067EE8A7AFE
:108C300043491A780A70F4EEEC7AF1EE10FA83F8F0
:108C400000C000F28882F5EEC07AF1EE10FAC0F2B0
:108C50008282FCEEE77ACDED007A9DF80020364B5B
:108C6000A3FB0513DB08139903EB4303A5EB830375
:108C70000B445A7098F821300093FFF7E9B907EEDA
:108C8000907AF8EE677AFFF7D0B9252C3FF6FEAB65
:108C900001A353F824F000BFFB850108FD900108F3
:108CA000CB8E010809910108C58F01088D84010848
:108CB0008D8401088D8401088D8401088D8401084C
:108CC0008D8401088D8401088D8401088D8401083C
:108CD0008D8401088D8401088D8401089B8B010817
:108CE0001D900108918E0108498E01088D840108AC
:108CF0008D8401088D8401088D8401088D8401080C
:108D00008D8401088D8401088D8401088D840108FB
:108D10008D8401088D840108AB89010893840108C2
:108D2000D1890108078E0108C18D01085D8D0108F8
:108D3000130000208D0D0020ABAAAAAA5CD4010864
:108D40008F0D00208180803B8E0D0020000080CFA1
:108D5000000000CF0000804F0000004FFA7897F825
:108D6000253007EE902A53B1B6EE007AF4EEC78AAA
:108D7000F1EE10FAD4BF78EE878A78EEC78A6DEEEE
:108D8000A88A1FED0B7AF4EEC78AF1EE10FA07D825
:108D90001FED117AF4EEC78AF1EE10FA80F27D84AD
:108DA00000231FEE102A93423FF494AB069AD31A85
:108DB000013B1FEE102A93427FF439AEFFF78ABBC6
:108DC000FA7897F8253007EE902A1BB1B7EE007AB3
:108DD00077EE688A6DEEA88A1FED227AF4EEC78AD4
:108DE000F1EE10FADCD81FED277AF4EEC78AF1EE27
:108DF00010FAD5DBB6EE007A68EE878ABDEEE87A27
:108E000017EE103ACDE7FA7897F8253007EE902A5A
:108E10001BB1B7EE007A77EE688A6DEEA88A1FED77
:108E2000327AF4EEC78AF1EE10FA00F28A811FED71
:108E3000387AF4EEC78AF1EE10FAC0F28281BDEE04
:108E4000E87A17EE103AB4E797F82530002B00F0D7
:108E5000E082069B5FED416A013303F4FF7307EE86
:108E6000903AB7EE007A37EE687AF8EE677A67EEF6
:108E7000877AF4EEE67AF1EE10FA40F2CD83002321
:108E80001FEE102A93423FF7B8AB069AD31A4FE170
:108E900097F82530002B00F07483F7EE007A77EE18
:108EA000E87A1FED537A67EEAD7AF4EEC77AF1EE09
:108EB00010FA40F2A48300231FEE102A93423FF7DA
:108EC0009CABB7EE008AFEF760BF97F82430002B0A
:108ED00040F061821FEE102AA3F1553303F10043E5
:108EE00083FB02321FEE103ADB17C3EB22131FEE97
:108EF000102A03EB4303B2EB4313149A48BF6033C9
:108F00004FEA820AD24AD349A2FB0323149A52445D
:108F100001EBC20202EBD302DB0805931FEE103A0D
:108F200092F801E05B421FEE102A03F0070302F003
:108F3000070C58BFC3F1000CBCF1000FB8BF0CF117
:108F4000080C4EFA0CF3DC0700F1D18097ED067A9D
:108F5000DFEDC16A37EE287AC04BC14C1A78217810
:108F6000C04D82EA0212D2B281EA5103534083EA31
:108F70004203DBB207EE903AF8EE677A237067EEB1
:108F8000A67AB94BB54C2A782970F4EEC77A1978CD
:108F90002170F1EE10FA1A707FF575AA149BAD4A94
:108FA000534402EBC303059A1344012202FA0CF264
:108FB0004EEA02025A7097F821309FEDAC8A0B936B
:108FC000FEF7E3BE97F82530002B00F04B82069B9E
:108FD000DFEDA96A013303F4FF7307EE903AB7EEB1
:108FE000007A37EE687AF8EE677A67EE877AF4EE01
:108FF000E67AF1EE10FA40F22D8300231FEE102ADC
:1090000093423FF743AA069AD31A1FEE102A9342BF
:109010007FF73CAAB0EE6A8AFEF7B7BE97F8243015
:10902000002B40F0C9821FEE102AA3F1553303F143
:10903000004383FB02321FEE103ADB17C3EB22130F
:109040001FEE102A03EB4303B2EB4313149A48BFFD
:1090500060334FEA820A7E4A7E49A2FB0323149AB8
:10906000524401EBC20202EBD302DB0805931FEE70
:10907000103A92F801E05B421FEE102A03F007035A
:1090800002F0070C58BFC3F1000CBCF1000FB8BFD1
:109090000CF1080C4EFA0CF3D9073FF5F4A96F4B0D
:1090A0006F4C1A78217897ED067ADFED6B6A6D4D7B
:1090B00082EA0212D2B281EA5103534083EA4203A8
:1090C000DBB207EE903AF8EE677A37EE287A67EE71
:1090D000A67A2370644B614C2A782970F4EEC77A23
:1090E00019782170F1EE10FA1A703FF557AF97F822
:1090F00021300B93B0EE6A8AFEF747BEB7EE008AC6
:1091000038EE688AFEF741BE97F82530002B00F054
:109110006581F7EE007A77EEE87A9FED557A67EE93
:10912000AD7AF4EEC77AF1EE10FA40F286820023AF
:109130001FEE102A93427FF760AAB7EE008AFEF76F
:1091400024BE002335E6B8EE477ADFF810C1F0EE12
:10915000686AFFF705BA002281E507EE902AF8EE6B
:10916000677AFEF76DBEDFED436A07EE90CAB4EE94
:10917000E67AF1EE10FAF8EE677ABFF6E4ACFEF7A5
:1091800054BFB4EEE77AF1EE10FA33D90022CAEDFB
:10919000047A8AF82420FFF7BFB81298B4EEE77A71
:1091A0000122F1EE10FA80F823200FD91298002244
:1091B000C0ED047A80F82420FFF7CEB8B4EEE77A49
:1091C000F1EE10FAF2D8002A3FF4C2A812984FF03C
:1091D0007E52426140F20112C0ED04AAA0F82320A1
:1091E000FFF7BAB8B4EEE77AF1EE10FACED8002A5B
:1091F0007FF488A800228AF82120FFF78DB890F824
:1092000021200B929AF82120CDF80CC00092FFF794
:1092100054B8F8EE4C7A9FED167A0E9967EEAE7A56
:109220001FEE102AF4EEC77AF1EE10FA0A440AD8BB
:109230009FED107AF4EEC77AF1EE10FAA4BFFDEEBE
:10924000E77A17EE903A9A427FF720A9FFF7D5B94F
:10925000ABAAAAAAFC1600208180803B8F0D0020BB
:10926000130000208D0D00208E0D002000007F4394
:109270000000004F000000CF0000804F000080CFB2
:109280001CEE102A013222F0010292B207EE902A5F
:10929000F8EE677A1FED087A0E9967EEAE7A1FEE48
:1092A000102AF4EEC77AF1EE10FA0A440ED81FED38
:1092B0000D7AF4EEC77AF1EE10FA07DBB6EE007A1B
:1092C00067EE877AFDEEE77A17EE903A9342BFF6A3
:1092D00094A91CEE101ACB1A013B93427FF78DA97B
:1092E000FFF7D4B81CEE102A013222F0010292B22C
:1092F00007EE902AF8EE677A1FED217A0E9967EE55
:10930000AE7A1FEE102AF4EEC77AF1EE10FA0A4494
:109310000ED81FED267AF4EEC77AF1EE10FA07DBCD
:10932000B6EE007A67EE877AFDEEE77A17EE903AAE
:109330009342BFF6ABA81CEE101ACB1A013B934226
:109340007FF7A4A8FFF759B91FEE103A0E9AD64935
:109350009C1881FB0432E317C3EB221303EB430396
:10936000B4EB431300F1438281FB0312149DD91720
:10937000C1EB620CCD4905EB850201EBC2026244F0
:10938000002151704FEA850AFFF756B91BB0BDECBA
:10939000108BBDE8F08FC44C1FEE103A1FEE102A60
:1093A000DB1784FB0212C3EB22131FEE102A03EB20
:1093B0004303B2EB431300F1088284FB0312149CB5
:1093C000BA4DD917C1EB620104EB840205EBC2026E
:1093D0000A44002151704FEA840A93E56DEEA88A91
:1093E000DFEDB37AF4EEE78AF1EE10FA0AD8DFED9A
:1093F000B67AF4EEE78AF1EE10FAA4BFFDEEE87A51
:1094000017EE903A1FEE102A9342BFF6F6A8FFF728
:109410003DB8069A9FEDA77A013202F4FF7207EE7B
:10942000902AF8EE677A67EEA87AF4EEC77AF1EE42
:1094300010FA0ED89FEDA07AF4EEC77AF1EE10FA8A
:1094400007DBB6EE007A67EE877AFDEEE77A17EE75
:10945000903A1FEE102A9342BFF618A8069AD31A24
:10946000013B29E5069A9FED937A013202F4FF72DF
:1094700007EE902AF8EE677A67EEA87AF4EEC77ADC
:10948000F1EE10FA0ED89FED8C7AF4EEC77AF1EE79
:1094900010FA07DBB6EE007A67EE877AFDEEE77A20
:1094A00017EE903A1FEE102A9342BFF6A6A8069A2E
:1094B000D31A013B3CE6F8EE4C7A9FED7D7A0E998B
:1094C00067EEAE7A1FEE102AF4EEC77AF1EE10FACC
:1094D0000A440AD89FED7C7AF4EEC77AF1EE10FACE
:1094E000A4BFFDEEE77A17EE903A9A427FF785A87F
:1094F000FEF7CCBF1FEE103A0E9A6B499C1881FB09
:109500000432E317C3EB221303EB4303B4EB43131F
:1095100000F1488181FB0312149DD917C1EB620C45
:10952000624905EB850201EBC202624400215170E1
:109530004FEA850A614A5D49A2FB0323149A52440B
:1095400001EBC20202EBD302DB080593634203F096
:10955000070304F0070C58BFC3F1000C92F801E0B8
:10956000BCF1000FB8BF0CF1080C4EFA0CF3DA078F
:109570003FF5BDAD97ED067ADFED516A37EE2E7AF5
:10958000EAE46DEEA88ADFED4A7AF4EEE78AF1EEBE
:1095900010FA0AD8DFED4C7AF4EEE78AF1EE10FA11
:1095A000A4BFFDEEE87A17EE903A1FEE102A934220
:1095B000BEF66CAFFFF721B83B4C1FEE103A1FEE22
:1095C000102ADB1784FB0212C3EB22131FEE102AB2
:1095D00003EB4303B2EB431300F18E8084FB0312D1
:1095E000149C324DD917C1EB620104EB840205EBE8
:1095F000C2020A44002151704FEA840A2BE59FED14
:10960000327AF4EEC77AF1EE10FAFFF654ACFDEEC2
:10961000E77A17EE903A4FE49FED277AF4EEC77A97
:10962000F1EE10FAFFF62BACB6EE007A67EE877A11
:10963000FDEEE77A17EE903A22E49FED237AF4EEFE
:10964000C77AF1EE10FAFFF672ADFDEEE77A17EE8B
:10965000903A6DE59FED187AF4EEC77AF1EE10FAC4
:10966000FFF6CBACB6EE007A67EE877AFDEEE77ACE
:1096700017EE903AC2E4F0EE687AFEEECC7A114A28
:1096800017EE903A5942C9B2DBB258BF4B4202EBD7
:10969000830292ED008AFEF778BBBDEEE87A17EE02
:1096A000103AFFF77EBB00BFABAAAA2AFC16002027
:1096B0000000004F0000804F000080CFABAAAAAA94
:1096C0008180803B5CD40108000000CF1FED027A4E
:1096D000F4EEC77AF1EE10FAFEF68BAFFDEEE77A04
:1096E00017EE903AFEF786BF03F16001149B4FEA34
:1096F000830A0B46FEF7A0BF149C474A474D6033D0
:10970000A2FB032104EB840205EBC20202EBD102AF
:10971000002151704FEA840A9DE49FED417AF4EEF6
:10972000C77AF1EE10FAFFF609A9B6EE007A67EEF5
:10973000877AFDEEE77A17EE903AFFF700B99FEDD2
:10974000397AF4EEC77AF1EE10FAFFF61DA8FDEEB5
:10975000E77A17EE903AFFF718B8FDEEE77A17EEC2
:10976000903AFEF7EABFFDEEE77A17EE903AFFF780
:1097700013B99FED2B7AF4EEC77AF1EE10FAFFF6EB
:1097800040A8B6EE007A67EE877AFDEEE77A17EE2C
:10979000903AFFF737B803F16001149B4FEA830A50
:1097A0000B46C7E603F16001149D1B4B1B4AA3FB4C
:1097B000013C05EB850302EBC30303EBDC03002252
:1097C0005A704FEA850A0B46B4E6149C124A134DB0
:1097D0006033A2FB032104EB840205EBC20202EB1F
:1097E000D102002151704FEA840AFFF78BBB03F1CD
:1097F0006001149D084B094AA3FB013C05EB85035E
:1098000002EBC30303EBDC0300225A704FEA850A24
:109810000B46FEF711BF00BFABAAAAAAFC16002098
:10982000000080CF000000CF6749684A0B682DE92F
:10983000F04F02EB031085B0447B74B901336448E8
:10984000DA1780FB0340C2EBA00202EB8202A3EB1B
:1098500042030B6005B0BDE8F08F5E4D2C881E0101
:1098600024B90133324400205073E8E790F80C80AB
:109870005948DFF880910088013C2C8000F1010AF2
:10988000D9F80050554C01951FFA8AFAA4FB0A57E3
:10989000A4FB005C019D4FF4966E0135FF090EFBA1
:1098A00017A7D5F1000A4FEADC1C0AF01F0A05F0E1
:1098B0001F050EFB1C0C58BFCAF100051FFA8CFCDB
:1098C000C9F80050464DBFB24FF0A50905F80C90FD
:1098D0004FF0020C05F807C0B8F1000F5BD1871CF0
:1098E000BFB2A4FB07C4E4090EFB1477BFB2402447
:1098F0000133EC55FF2B4FF0E8044FF0B20802940F
:109900004FF073074FF0610C5AD8DCB203948CEA25
:109910000404DFF8E4C01CF8048087EA0808314F2B
:109920003C5D02942D4C00F1030E1FFA8EFE00F1F7
:10993000040C471DA4FB0EA9BFB21FFA8CFCA4FBAC
:109940000CBA4FEAD919A4FB07B44FF4966B4FEA4F
:10995000DA1AE4090BFB19EE0BFB14740BFB1ACC9F
:109960001FFA8EFE039F05F80E70A4B21FFA8CFC3E
:10997000029F05F80C802F551B4D019F1B4C25F8AD
:109980001700154D063028802088013020801848A7
:109990000624C45566E700EB0C07BFB2A4FB07C45E
:1099A000E4090EFB1477BFB241240133EC554FF0AC
:1099B000B3087824FF2B029447464FF0A00CA4D99B
:1099C00000240394AEE700BF940D00208C0000201B
:1099D00067666666BC0A0020E64A0120B5814E1B18
:1099E000E84A01207CEB0108C44F0120984F012078
:1099F000A44F0120A04F01207CEC01082DE9F0418B
:109A0000A448012103F094F970B1A34B1B78022BF9
:109A10000CD01BB3012B3BD0032B6AD0BDE8F04127
:109A20009C48012103F08EB9BDE8F0819B4C23785E
:109A3000022B24D0032B54D0042BEFD1984D2B783C
:109A4000612B22D19748082102F07AFD002800F00E
:109A50004881002205232A702370DFE78F4C23788A
:109A6000002BDBD18E4D904F2E783B7846B39E4233
:109A700000F0FC80082E20D001362E70CEE7884DF5
:109A80002B783BB3302B00F0EA8001332B70C5E715
:109A9000824C2378012BC1D1814D2B78D3B1012B7E
:109AA00000F01881022B00F02281082BEDD17F4BB2
:109AB0001B78082B01D10C23237000232B70ADE7FA
:109AC000DFF8E88198F80060072E40F2B5800523A2
:109AD0002370A3E77348082102F030FD01232B70A7
:109AE0009CE76F4A1378372B00F0C5800133137061
:109AF00094E76A4C2378022BC1D00B2B8ED801A29D
:109B000052F823F01F9C01081D9A01081D9A0108B4
:109B1000E39A0108019C01081D9A01081D9A010899
:109B2000DF9B0108BB9B0108839B0108659B010823
:109B3000359B01085E495F480A7803785E4D5B00FB
:109B40000132DBB2D2B20A700370297823B9013135
:109B5000C9B2012329700370082900F0FE80072391
:109B600023705BE74E4D2B78002BB3D04E4A16780E
:109B70009E427BD0082B88D100220B232A702370B1
:109B80004CE74E4A4E4B11781E78002900F0C280F7
:109B9000002E9CD1484B474A1B784A484A491278C4
:109BA00003F007030126C55C0E702A430121C2544D
:109BB0000A2323703C4B197030E7394D2B78002B6A
:109BC00088D0012B00F08680022B00F0EC80082B5F
:109BD0007FF45BAF002209232A7023701EE7304D0B
:109BE0002B78002B3FF476AF012B73D0022B00F0C3
:109BF000E680082B7FF449AF00222A7023700DE71E
:109C0000274D2B78612B7FF440AF2648082102F0C6
:109C100097FC002865D000232B702370FEE6204DB2
:109C2000214F2E783B78002E7FF421AFDFF87C8027
:109C300098F80060072E92D81A48082102F07EFC9E
:109C4000224B1B78334113F0010F0CBF0723012374
:109C500001363B70012388F800602B70DEE6114866
:109C6000082102F069FC03232370D7E60D48082180
:109C700002F062FC00E70B48082102F061FC10B919
:109C800004232370CAE6124A01210E2311702370A7
:109C9000C4E600BF00140040770B00200200002043
:109CA000740B0020000402401E0B00201D0B00203E
:109CB0000E0B00200B0B00200C0B0020100B0020C3
:109CC0000F0B0020140B0020090B00201F0B00209D
:109CD000080B00203D48082102F02EFC02232B70C7
:109CE0009CE63B4A02210E231170237096E6082160
:109CF0003648384C02F024FC22783749031E18BF3E
:109D0000012393400132227003222A700A78134300
:109D10000B7083E6314B324A1B783248127803F0DD
:109D20000703C55C002E37D12F49304E09783678AD
:109D3000B14234D22A4214BF012600262C4F3E7075
:109D4000002E7FF432AF2B4E0829317001D82A4EF5
:109D5000317025EA0202072129E7402A10D9254B54
:109D6000224A1B78137013B9244B01221A701D4B21
:109D7000234A1B780121117043B10D2323704DE656
:109D80001F4A184B12781B78002AF5D1104A03217C
:109D90000E231170237041E6154E3170D9E70CBFC8
:109DA00001260026CAE70821084802F0C9FB154928
:109DB000031E18BF012303220B702A702EE6082110
:109DC000024802F0BDFB1049F2E700BF0004024068
:109DD000080B00201D0B00201F0B00200C0B002087
:109DE0000B0B0020140B00200E0B0020130B002087
:109DF000090B00200D0B0020110B0020120B00207E
:109E00000A0B00200F0B0020100B00202DE9F04F53
:109E10008A4B1A78052A97B00ED0063A092A37D805
:109E2000DFE812F043003600360036003600360018
:109E300056004C016E00AB0181480188002900F0FA
:109E4000BE81804D804C2A68804E01390180501CB3
:109E500084FB0014C117C1EBA40102EB420201EB29
:109E60004101A0EBC100B11828608C78487878498E
:109E7000B25C0A707749087077490C705AB9774C10
:109E8000774920700A701A70764A1388013313805C
:109E900017B0BDE8F08F012A00F0BE81032A00F060
:109EA0009B81022AF0D11A70EEE76F4A127812BB3A
:109EB0006E486F4C02706F486F4D22700121017027
:109EC0006E4C674829700221227002701970DFE71A
:109ED00061496B4A097861486A4D0078A2FB0142EA
:109EE000520802EBC2028A1A5A4CD2B208292678CA
:109EF000A85400F0BD8105221A7017B0BDE8F08F9C
:109F00006148624A624C018812786270002900F050
:109F10008980247802940139018084F0FB095D482E
:109F2000DFF88CE110F809405B495C4D1EF80990A0
:109F3000DFF880C10F6829880197544084F021041C
:109F40008D1C10F804A01EF804E0CDF80CE089EA9E
:109F50000A0ECDF810E0481CACFB01E401F1030847
:109F60000F1DE4091FFA88F8BFB280B2ADB24E1DD2
:109F70000594B6B2ACFB004AACFB0549ACFB08E467
:109F8000ACFB07BEE409ACFB06BC4FEADE1E4FF497
:109F9000966B0BFB14840BFB1E7EDFF81C81019F6C
:109FA0004FEAD9190BFB19551FFA84F97C1CB8F834
:109FB00000700137A8F80070674207F01F0704F02F
:109FC0001F0458BF7C42344F4FEADC1C0BFB1C6C57
:109FD0003C60059E324C019F4FEADA1A24F81710B4
:109FE0000BFB16162D4C0BFB1A0006311FFA85FAD7
:109FF000B6B22C4D218080B2A524AC551FFA8EFE3E
:10A0000002242C542849029C049805F80A401FFA9F
:10A010008CFC05F80920039C05F80E00062005F8C5
:10A020000C40C855013A012A02D8204A002111707B
:10A030000F221A7017B0BDE8F08F00BF0200002099
:10A04000200B0020240B0020ABAAAA2A2C0B0020F6
:10A05000770B0020760B0020750B00201F0B0020D3
:10A060001D0B002000000020120B00200D0B002013
:10A070000C0B00200B0B00200E0B00200A0B002005
:10A08000398EE3387C0D0020BC0A0020080B00202C
:10A09000040000207CEC0108A04F0120E64A0120CA
:10A0A000C44F0120E84A0120A44F01207A0D00206E
:10A0B0007CEB0108B5814E1B984F01205A4D5B483F
:10A0C0002C7800F10806002210F8011F57084A40BA
:10A0D000D20748BF87F08C0787EA510C7A081CF03A
:10A0E000010F1CBF82F08C02D2B282EA9107FF07F7
:10A0F0004FEA520244BF82F08C02D2B282EAD10708
:10A10000FF074FEA520244BF82F08C02D2B282EAC9
:10A110001117FF074FEA520244BF82F08C02D2B2FD
:10A1200082EA5117FF074FEA520244BF82F08C02C5
:10A13000D2B282EA9117FF074FEA520244BF82F07F
:10A140008C02D2B282EAD111C9074FEA520244BF4F
:10A1500082F08C02D2B28642B6D1002A36D1344A7D
:10A16000117828294AD0334A1278A2423FF4C3AE6C
:10A17000013406222C701A708AE62F480188F1B14A
:10A180002E4C0139226801802D48511C80FB015062
:10A1900002EB42022B4DAD5CCA17C2EBA00202EBF0
:10A1A0004202A1EBC201AA1E012A21603FF66CAE59
:10A1B000254A032D15700FD002221A7064E6234839
:10A1C000012117B0BDE8F04F02F0ACBD20490320DB
:10A1D0000E2208701A705BE61E481549124D1E4C7F
:10A1E000002202701D482A70C1E900221C49027039
:10A1F0002270F020062208701A7045E6194F1A4E98
:10A2000092E803003A7802F03F0C06EBCC060132EC
:10A2100086E803003A70A6E7114C14481A70002132
:10A220002170017030E600BF1C0B0020130B0020D2
:10A23000140B0020760B0020200B0020240B0020A4
:10A24000ABAAAA2A2C0B0020770B00200014004098
:10A25000080B0020130B0020110B0020120B002014
:10A260001F0B00207A0D0020780B00201D0B002012
:10A27000681E05F10804002210F8011F57084A4023
:10A28000D20748BF87F08C0787EA510C7A081CF088
:10A29000010F1CBF82F08C02D2B282EA9107FF0745
:10A2A0004FEA520244BF82F08C02D2B282EAD10756
:10A2B000FF074FEA520244BF82F08C02D2B282EA18
:10A2C0001117FF074FEA520244BF82F08C02D2B24C
:10A2D00082EA5117FF074FEA520244BF82F08C0214
:10A2E000D2B282EA9117FF074FEA520244BF82F0CE
:10A2F0008C02D2B282EAD111C9074FEA520244BF9E
:10A3000082F08C02D2B28442B6D1002A7FF4F3AD3F
:10A31000CB4C2A8806F03F0604EBC60402EB82020F
:10A3200003CC02EB820212B2C64C002A20606160AC
:10A330001146B8BFD11C504200F0030002F00302E6
:10A3400058BF42428910002ABCBF01F1FF318AB2D6
:10A35000BD4CBE48A8BF8AB24FEA1222B8BF09B2AC
:10A360000292A2720288C9B201916172002A3FF47E
:10A37000C2AD257894F801C0DFF8ECB2CDF834C056
:10A380002E4686F03B01B24D0996013A02806A5C86
:10A390006046424094F802C01BF80100CDF838C076
:10A3A00082F027026646A95C94F803C0CDF81CC071
:10A3B000704041401BF80200624650406A5C94F8CD
:10A3C00004C0CDF828C042401BF801006146484057
:10A3D000A95C94F805C0CDF82CC041401BF80200E0
:10A3E0009C4A6646128870406E5C86EA000C961C99
:10A3F000B0B20490D01C1FFA80FA101D1FFA80F929
:10A40000501D1FFA80F8901D1FFA80FED01DCDF858
:10A4100014E01FFA80FECDF830C0CDF818E01BF82C
:10A4200001C094F806E08C488C49006803908EEADD
:10A430000C0C571CCDF820E0CDF854C0A1FB02C095
:10A44000BFB2C0090F90A1FB07C0C009064604981F
:10A45000A1FB00C0C0091190A1FB0AC0C009129065
:10A46000A1FB09C0C0091390A1FB08C0C00914904A
:10A470000598A1FB000E0698A1FB000C30464FF496
:10A48000966606FB1070109037461198049E07FBE5
:10A490001066129807FB10AA139807FB10991498DE
:10A4A00007FB108805984FEADE1E07FB1E0E069874
:10A4B0004FEADC1C07FB1C0C0F9807FB1020BDF8B3
:10A4C000407006970C9F80B2B6B205900F96159813
:10A4D000EE5D1BF8077004971FFA8CFCCDF840C0A6
:10A4E00086EA000C0398461C77425B4807F01F077A
:10A4F00006F01F0658BF7E420660594E0598A527F4
:10A50000375406980B2737540F98099F37541FFA72
:10A510008AFA0D9F06F80A701FFA89F90E9F06F84D
:10A5200009701FFA88F8079F06F808701FFA8EFE58
:10A530000A9F109806F80E7094F8089094F807E0B7
:10A540000B9F049C375415F80C701BF80CC0029834
:10A550008EEA04047C408CEA090715F804C01BF855
:10A5600004408CEA070C15F80C707C40019F674092
:10A570001BF80C4015F807C01BF8077044408CEA24
:10A5800004042D5D1BF8044004947D4002F10A0789
:10A590001FFA87F802F10B071FFA87FA02F10C077E
:10A5A0001FFA87FB059502F10D0702F108051FFA56
:10A5B00087FCADB202F10E07CDF818C01FFA87FC78
:10A5C000A1FB0507FF094FF4966000FB175502F148
:10A5D0000904ADB2089F7755A4B2A1FB0475ED093B
:10A5E00000FB1544A4B2019F06F804E0A1FB085447
:10A5F000E40900FB1484A4B2864606F80490A1FB8B
:10A600000A54E40900FB14A4A4B23755A1FB0B546F
:10A61000E40900FB14B4069F0298A4B23055A1FBD4
:10A620000754E409A1FB0C510EFB1474A0B2C90934
:10A63000059D35540EFB11C10A4D049C039815E08D
:10A64000780B00200900002008000020BC0A002030
:10A650007CEC0108E64A0120A04F0120B5814E1B89
:10A66000E84A0120984F01207CEB010889B274541C
:10A670002988064C01312980054921F810200F3224
:10A68000044922800F220A5435E400BFE64A012023
:10A69000C44F0120A44F01202DE9F0434FF0E022E8
:10A6A000D849D94BD94850614FF0F008002407260B
:10A6B00081F8238094611661D3F8201AD3F8100A28
:10A6C000D3F8145AD3F8189AD14F85B06FF03A02E4
:10A6D0004FF6FF73EDF76AFD4846294691461D4641
:10A6E0006FF03A024FF6FF73EDF760FD6B4089EAB9
:10A6F00002023B71C7493A601B0A4FF000607B7150
:10A7000001F0E2FF62B640F6034001F0E9FF2146A6
:10A71000C1484023022201F099FE40232246BE4850
:10A72000022101F0E1FD31464022BB4801F00EFF5D
:10A7300040F6034001F0D4FF2146B748202302220F
:10A7400001F084FE20232246B348022101F0CCFD13
:10A750003146B148202201F0F9FEB04BB04A1A60F0
:10A7600040F6154001F0BCFF22462146262001F0AC
:10A770005FFF22460121112001F05AFF41F2110032
:10A7800001F0AEFFA748042102F04EFBA5480821C6
:10A7900002F044FBA34840F2053102F063FBA148FC
:10A7A0004FF4A06102F05EFB4FF442719D4802F04D
:10A7B00059FB9C4802F02CFB9B4B3868B988C3F8C6
:10A7C00001001A46012502F8018B964891804FF44A
:10A7D00080789649A3F807805D7202F0B7FA2146A7
:10A7E0009048934F02F004FB21468E4802F008FB8C
:10A7F00021468C4802F0F4FA40F6024001F070FF66
:10A8000021468C488023022201F020FE802322462C
:10A810008848022101F068FD80220821854801F066
:10A8200095FE40F6024001F05BFF2146814840233F
:10A83000022201F00BFE402322467E48022101F055
:10A8400053FD08217B48402201F080FE7A4B7B4A71
:10A850001A6040F6164001F043FF22462146472089
:10A8600001F0E6FE22462946452001F0E1FE41F2D4
:10A87000051001F035FF7248042102F0D5FA704846
:10A88000082102F0CBFA6E4840F2053102F0EAFAF4
:10A890006B484FF4A06102F0E5FA4FF4427168484A
:10A8A00002F0E0FA664802F0B3FA40F6014001F027
:10A8B00017FF214663484FF48043022201F0C6FD92
:10A8C00022464FF4804329465E4801F00DFD4FF4C7
:10A8D00080415C4801F032FE40F6024001F000FF8A
:10A8E000214654484FF40063022201F0AFFD4FF4BB
:10A8F000006322464F48022101F0F6FC4FF400624B
:10A9000008214C4801F022FE40F6024001F0E8FE2A
:10A91000214648484FF48063022201F097FD4FF42E
:10A92000806322464348022101F0DEFC08214148B1
:10A930004FF4806201F00AFE434B444A1A6040F62D
:10A94000154001F0CDFE22462146342001F070FE74
:10A95000224629460F2001F06BFE41F2130001F060
:10A96000BFFE3B48042102F05FFA3948082102F09B
:10A9700055FA374840F2053102F074FA34484FF482
:10A98000A06102F06FFA4FF44271314802F06AFAA6
:10A990002F4802F03DFA40F6024001F0A1FE2146A8
:10A9A00024484FF48053022201F050FD22464FF418
:10A9B000805329461F4801F097FC4FF480511D48F1
:10A9C00001F0BCFD40F6034001F08AFE214612482A
:10A9D0004FF40073022201F039FD4FF40073224658
:10A9E0000D48022101F080FC31464FF400720A4804
:10A9F00001F0ACFD40F6034001F072FE43462146F3
:10AA000028E000BF00ED00E00070FF1F3E0D0300D6
:10AA1000C054012000800008000C0240C00A002041
:10AA20000444004000440040DC4A012040420F0042
:10AA3000E80A002000080240900A002004140140A7
:10AA4000001401400004024058080020044C00405B
:10AA5000004C0040D848022201F0F8FC4346224650
:10AA6000D548022101F040FC31464246D24801F06F
:10AA70006DFDD24BD24A1A6040F6154001F030FE0F
:10AA800022462146272001F0D3FD224629460E20EA
:10AA900001F0CEFD41F2120001F022FEC94804216E
:10AAA00002F0C2F9C748082102F0B8F9C54840F2DF
:10AAB000053102F0D7F9C3484FF4A06102F0D2F992
:10AAC0004FF44271BF4802F0CDF9BE4802F0A0F940
:10AAD00040F6014001F004FE2146BB484FF400431C
:10AAE000022201F0B3FC22464FF400432946B64847
:10AAF00001F0FAFB4FF40041B34801F01FFD40F6AE
:10AB0000014001F0EDFD2146AF488023022201F013
:10AB10009DFC80232246AC48022101F0E5FB314632
:10AB20008022A94801F012FD40F6014001F0D8FD55
:10AB30002146A5484023022201F088FC40232246FA
:10AB4000A148022101F0D0FB31469F489F4E402290
:10AB500001F0FCFC9E4B9F4A1A6040F6164001F043
:10AB6000BFFD22462146252001F062FD22462946EE
:10AB7000462001F05DFD41F2041001F0B1FD964860
:10AB8000042102F051F99448082102F047F9924853
:10AB900040F2053102F066F98F484FF4A06102F0EF
:10ABA00061F94FF442718C4802F05CF98A4802F076
:10ABB0002FF940F6034001F093FD02231A46214687
:10ABC0007D4801F043FC2246022329467A4801F0E1
:10ABD0008BFB0221784801F0B1FC4FF0807001F04E
:10ABE000A9FD41F2020001F07BFD7C4801F028FE46
:10ABF0003B687A48ADF80240A6FB03239B0C013B5F
:10AC0000B3F5803F28BF23466946ADF8003040F2D7
:10AC1000E733029301948DF80C4001F0E1FE6F4898
:10AC200001F012FF40F6034001F05AFD2146624850
:10AC30004FF48053022201F009FC4FF48053224666
:10AC40005D48022101F050FB5B484FF48052022125
:10AC500001F07CFC6A46214660480294CDE900542C
:10AC600001F008FF224621465C4802F021F8214607
:10AC70005A48402201F0F4FF22462146574802F08C
:10AC800025F82946554801F0EBFE544801F0DCFE5A
:10AC900040F6034001F024FD214647484FF400539D
:10ACA000022201F0D3FB4FF4005322464248022116
:10ACB00001F01AFB40484FF40052022101F046FC1B
:10ACC0006A46294645480294CDE9005401F0D2FE77
:10ACD00022462946414801F0EBFF29463F484022E1
:10ACE00001F0BEFF224629463C4801F0EFFF29460D
:10ACF0003A4801F0B5FE394801F0A6FE40F603409F
:10AD000001F0EEFC21462C484FF48043022201F072
:10AD10009DFB4FF4804322462748022101F0E4FACC
:10AD200025484FF48042022101F010FC6A462B486E
:10AD300002940221CDE9005401F09CFE22462748EE
:10AD4000022101F0B5FF25480221402201F088FFD1
:10AD500022462248022101F0B9FF29461F4801F08E
:10AD60007FFE1E4801F070FE4FF4406001F0B8FC19
:10AD7000434621461A48022201F068FB43462A4610
:10AD800021461748DFF85C8001F0AEFA40F601403A
:10AD900001F0A6FC21460C481023022201F056FBCC
:10ADA0002A4621461023084801F09EFA40F6044046
:10ADB00001F096FC214617E0000C0240200600201E
:10ADC00004480040004800400004024083DE1B436A
:10ADD000E80300200410014000100140000800407A
:10ADE00000000240893BE65569480823022201F031
:10ADF0002DFB2A4621460823654801F075FA40F6E6
:10AE0000044001F06DFC214661480423022201F058
:10AE10001DFB2A46214604235D4801F065FA41F2F4
:10AE2000010001F05DFC5B4801F00AFD3B685948F8
:10AE3000ADF80240A8FB03235B0E013BB3F5803F56
:10AE400028BF234669464FF07709ADF800300194DA
:10AE50008DF80C40CDF8089001F0C2FD4D4801F08E
:10AE6000F3FD40F6014001F03BFC2B4621464A48E9
:10AE7000022201F0EBFA2B4622464748022101F05C
:10AE800033FA2A460221444801F060FBFAF79AFCA3
:10AE9000FAF71EFD41F2011001F022FC3F4801F0DB
:10AEA000CFFC3B683D48CDF80890A8FB03835B0EC0
:10AEB000013BB3F5803F28BF23466946ADF800301B
:10AEC000ADF8024001948DF80C4001F089FD334843
:10AED00001F0BAFD40F6024001F002FC2146304884
:10AEE0004FF40073022201F0B1FA4FF400732246CE
:10AEF0002B48022101F0F8F94FF400720321284891
:10AF000001F024FBFAF750FEFAF79AFEFBF7A0F8DF
:10AF100040F6014001F0E4FB29461F4808230222C5
:10AF200001F094FA2246294608231B4801F0DCF977
:10AF300041F2050001F0D4FB1A4801F081FC3B68A6
:10AF40001848ADF80240A6FB03639B0C013BB3F528
:10AF5000803F28BF2346092269460292ADF800309F
:10AF600001948DF80C4001F03BFD0E4801F06CFDA2
:10AF70000948082101F0E0FA21462246372001F075
:10AF800057FB0848294605B0BDE8F04301F0C6BEAE
:10AF90000010024000040040000402400004014090
:10AFA00000080240001400402DE9F04F2DED028B07
:10AFB000A1B000209FED578A574FDFF880B107906E
:10AFC000069004900290059001900390824680467E
:10AFD00081463C68039A42F20F73A21A9A4200F229
:10AFE0002E84019BE51A272D00F2AA80544500F01B
:10AFF000D9844A4B1A789BF80030022A00F0E0848A
:10B00000474A1278022A00F05E842646454A1278A2
:10B01000022A40F0AC8093BB434B1A88C2F308026B
:10B020006AB3424B02EB820203EB820209E0F1EECB
:10B0300010FA58BFF0EE467AC3ED027A1433934209
:10B040001DD0D3ED007A93ED027AD3ED036AF4EECE
:10B05000C77A37EE266AF1EE10FAF4EEC67AE6DC2D
:10B0600037EE667AEAD5F4EEC77AF1EE10FAD8BF79
:10B07000F0EE477AC3ED027A14339342E1D1272DE3
:10B0800077D854453CD02A4B9BF800201B78022BE4
:10B0900076D1002A74D1274B1A88C2F308026AB30A
:10B0A000254B02EB820203EB820209E0F1EE10FA7B
:10B0B00058BFF0EE467AC3ED027A143393421DD0A6
:10B0C000D3ED007A93ED027AD3ED036AF4EEC77AFA
:10B0D00037EE266AF1EE10FAF4EEC67AE6DC37EEC9
:10B0E000667AEAD5F4EEC77AF1EE10FAD8BFF0EE40
:10B0F000477AC3ED027A14339342E1D154453FD1EC
:10B10000B246059BE31A092B41D9FAF71BFA0594BD
:10B110003DE000BF00007F43C85401208C0A00209E
:10B12000540800201C060020168400201C840020E7
:10B13000E4030020CA380020D0380020E40A0020B0
:10B14000A44B1B78022B00F0CC84544500F0998569
:10B15000A14B1B78022B00F06E85264601949F4B75
:10B160001B78022B00F0EC83544500F00F84272D50
:10B1700089D99B4B1B78022B00F00D845445BFD01E
:10B18000FAF7D2F8059BE31A092BB246BDD8272D52
:10B1900003D9FAF79DFBFCF725FD029BE51A632D09
:10B1A00005D9904B1B78002B40F006840294049B39
:10B1B000E31A4A2B00F23D83A4EB08034B2B06D97C
:10B1C000894B1B780BB1F4F763F8A4F12408069BB4
:10B1D000E21A43F697239A4200F21A83A4EB09027B
:10B1E00045F207239A4211D9804B1B7853B1804B0B
:10B1F0001B88002B40F0AA847E4A002313707E4AED
:10B2000001231370A4F5BB59A9F11009632D04D9CA
:10B21000794B1B780BB1F4F7D5F9079BE21A41F291
:10B2200087339A4205D99BF800300BB9F4F702FD39
:10B230000794724B1B880BB1EDF718F8704B1B7815
:10B2400023B9704B1B880BB1F1F72CF86E483A68A4
:10B250000368D31A012B0FD972B66C496C4C0023CA
:10B260000B606C490B6065490B804FF4967121802F
:10B2700062B6694902600B70F5F768F9554B674A89
:10B280001B78674912780978012B00F09B82654A88
:10B290009BF8003012785BB9002A40F0E582F1F7A4
:10B2A00061FA4C4B9BF800201B78022B00F039848C
:10B2B000F6F748FB484B5C4A1B785C4912780978E2
:10B2C000012B00F059825A4A9BF8003012785BB982
:10B2D000002A40F0D182F1F7C7FF3F4B9BF80020D6
:10B2E0001B78022B00F02484F7F728FD3B4B514AD2
:10B2F0001B78514912780978012B00F0DC814F4A04
:10B300009BF8003012785BB9002A40F0BD82F2F75A
:10B310000BFD324B9BF800201B78022B00F00F84B2
:10B32000F8F706FF2E4B464A1B78464912780978F3
:10B33000012B00F09881444A9BF800301278002BD2
:10B3400040F08C81002A00F0A782254B1B78022B4D
:10B3500000F0B1823D4B3E4A19783E4C0891A2FB69
:10B36000013202F0FE0303EB5203CB1ADBB2C3EB54
:10B37000C30104EB8102D8000A90107E09930028D3
:10B3800040F0688192ED017AD2ED027A167B14F8D2
:10B390002120314931480D9227EE087A67EE887AEC
:10B3A000BCEEC77AFCEEE77A8DED0B7ACA705A1CB8
:10B3B000D4B2CDED0C7A02889DF82C009DF8305067
:10B3C0008E706FF02F030B704C70034608714D7137
:10B3D00046E000BF8C0A0020540800201C06002014
:10B3E000E40300209A0D0020990D00207A0D002022
:10B3F00000000020790D0020780D00205C52012013
:10B40000D84A0120984F0120D44A012060520120DF
:10B41000BE0A002064520120D14A01209D0A012069
:10B420009C0A01208E0A012051BF002050BF00203D
:10B4300042BF00200574002004740020F673002031
:10B44000B9280020B8280020AA2800208C1C002041
:10B45000ABAAAAAA80010020901C0020BC0A0020F0
:10B46000002A00F0EF80A8491594013A0A80A74904
:10B4700016960A88A649179384F06300A54C095CC8
:10B48000245C0D981895714081F0DF01A04E444076
:10B49000705C60409F4C645C315C5C4061409D4CE2
:10B4A000205C23469A4C645C684084EA00050C9555
:10B4B0005D5C1995511C8DB2911C2B468DB2D11C2F
:10B4C0002E468DB2111D0E958DB2511D0F958DB268
:10B4D000911D10958DB2D11D8F4811958DB202F13D
:10B4E000080112958DB202F109018C4C13958DB2B1
:10B4F00001680B9124F81120894C1495A4FB0201DA
:10B50000C8091A90A4FB0301C8091B90A4FB0610EC
:10B51000C5090E981C95A4FB0010C5091D961E9523
:10B520000F98A4FB001E10991198A4FB011CA4FB0A
:10B5300000161299A4FB01101399C5092046A4FB1B
:10B54000011414991F951B9DA0FB01104FF49661E7
:10B5500001FB15351B95DDE91C5301FB15351C95C9
:10B560000E9B1E9D01FB15350F9B1D954FEADE1EA0
:10B5700001FB1E3E109B1F9D4FEADC1C01FB1C3C87
:10B58000119BF60901FB1636129B01FB1535139B27
:10B59000E40901FB1434149BC00901FB10301A9B11
:10B5A00080B201FB1321BDF86C300E931290BDF8F0
:10B5B000703056480F93A4B2BDF8743010930A321D
:10B5C000119402800B9A52480C9C199B005D514CBF
:10B5D00058400C9BE45C534B0C941C8801320134A2
:10B5E0001C8054424C4B04F01F0402F01F0289B22D
:10B5F00058BF62424C4C1A600E9BA5226254062230
:10B60000E2540F9B6FF02F01E1542246109B159CD2
:10B610001699D4541FFA8EFE1FFA8CFC02F80E10F5
:10B62000B6B20D9902F80C10119C17999155ADB254
:10B63000129B189E565510550C9CD4540B993B4B9D
:10B640000A225A54DDE90932D31A394A02EB83033C
:10B6500001221A76089B374A01331370F9F7C2FFAB
:10B66000FEF7D4FBB5E4002A40F0FA80002940F050
:10B67000F780F2F7C7FE304B3A6819782F4B012953
:10B680001B687FF458AED31A012B7FF654AE72B606
:10B690002B492C4800230B602B490B602B490B8056
:10B6A0004FF49671018062B624490A60284A1370EB
:10B6B000284A13703FE6002A40F0C680002940F077
:10B6C000C380F2F73FF9244B3A681978234B0129DC
:10B6D0001B687FF414AED31A012B7FF610AE72B63E
:10B6E0001F49204800230B601F490B601F490B8036
:10B6F0004FF49671018062B618490A601C4A1370B3
:10B700001C4A1370FBE500BFBC0A0020E64A01207A
:10B710007CEC01087CEB0108A04F0120C44F012004
:10B72000B5814E1B984F0120E84A0120A44F01200B
:10B73000800100208C1C0020E4030020B42800209D
:10B7400084650020E60300208865002080650020D5
:10B7500092280020B92800201C0600200074002038
:10B76000D0B000201E060020D4B00020CCB00020B5
:10B77000DE73002005740020002A69D1002967D1FA
:10B78000F1F75EFBA94B3A681978A94B01291B68B0
:10B790007FF499ADD31A012B7FF695AD72B6A5490A
:10B7A000A54800230B60A5490B60A5490B804FF409
:10B7B0009671018062B69E490A60A24A1370A24A3D
:10B7C000137080E5002A47D1002945D1F0F7DAFD52
:10B7D0009E4B3A6819789E4B01291B687FF457AD40
:10B7E000D31A012B7FF653AD72B69A499A480023BB
:10B7F0000B609A490B609A490B804FF49671018057
:10B8000062B693490A60974A1370974A13703EE5EF
:10B81000964B97491A8800230B70002A40F03A8112
:10B82000A4EB090245F207239A4206943FF6EAACDC
:10B83000ECE4FDF7F9FFA4F123030493BCE4F4F76F
:10B840001DFC0394FFF7CDBB8A4B3A681B6842E7A7
:10B85000774B3A681B689DE77D4B3A681B68BFE7EA
:10B86000854B3A681B680EE7784B1B78022B7FF4F8
:10B870001FADF1F78BF91BE56C4B1B78022B7FF4A6
:10B8800033ADF1F705FF2FE57C4B1B78022B7FF4DE
:10B8900047ADF2F75DFC43E5F2F7A2FF784B1A786B
:10B8A0009BF80030022A03D0002B3FF453ADD5E6BD
:10B8B000002B7FF4D3AEF3F7A5F99BF80030002BF3
:10B8C0003FF448ADCAE69BBB6E4B1A88C2F3080230
:10B8D0006AB36D4B02EB820203EB820209E0F1EEE8
:10B8E00010FA58BFF0EE467AC3ED027A1433934251
:10B8F0001DD0D3ED007A93ED027AD3ED036AF4EE16
:10B90000C77A37EE266AF1EE10FAF4EEC67AE6DC74
:10B9100037EE667AEAD5F4EEC77AF1EE10FAD8BFC0
:10B92000F0EE477AC3ED027A14339342E1D100235B
:10B93000272D13D9514B1B78022B26467FF414ACCC
:10B94000F2F788FB544521D09BF80030FFF75EBB2F
:10B95000364B1B78022B18BF0023B5D05445264622
:10B960007FF454ABB246FFF7CCBB272DF0D92F4B59
:10B970001B78022BDED1F1F70DFE544540F05E81BD
:10B9800026463E4B1B78022B00F0C3803C4B1B78B5
:10B99000022B7FF4B5ABF3F7B9F854457FF473ABE2
:10B9A000FFF7AEBB059BE31A092B7FF6F6ABF9F761
:10B9B000C9FD0594FFF7F1BBF3F77EFAFFF7F6BB7D
:10B9C000002B40F04F81314B1A88C2F30802002A45
:10B9D000BED02F4B02EB820203EB820209E0F1EEB4
:10B9E00010FA58BFF0EE467AC3ED027A1433934250
:10B9F000BBD0D3ED007A93ED027AD3ED036AF4EE77
:10BA0000C77A37EE266AF1EE10FAF4EEC67AE6DC73
:10BA100037EE667AEAD5F4EEC77AF1EE10FAD8BFBF
:10BA2000F0EE477AC3ED027AE0E700BF5408002049
:10BA30004CBF00201CFC00205608002020FC0020E9
:10BA400018FC00202ABF002051BF00208C0A0020D3
:10BA5000980A0120704701208E0A002074470120B7
:10BA60006C470120760A01209D0A01200000002079
:10BA70007A0D002000740020B42800201C0600204D
:10BA8000E403002062CF002068CF0020AE1A01201E
:10BA9000BC1A012082498348013A0A80824A8349BC
:10BAA0001268561C81FB061CF117C1EBAC0101EBBF
:10BAB0004101A6EBC1067C490E607D4902EB4202C2
:10BAC00001EB020C4FF603768E5201218CF8023006
:10BAD00001F024F9774A0694138801331380FFF7A5
:10BAE0007DBBF0F7D5FF544500F0CB80724B1A7840
:10BAF0009BF80030022A40F0B380002B40F0B08069
:10BB00006E4B1A88C2F30802002A00F0A980019443
:10BB10005FE7F2F79FFA6A4B1B78022B7FF4F0AADB
:10BB200039E7002A7FF4C4ABF1F730F8FFF7C0BB68
:10BB3000002A7FF4D9ABF1F7ABFDFFF7D5BB002AA4
:10BB40007FF4EEABF2F704FBFFF7EABB5449574E24
:10BB50005448013B0B80544B1B68591C86FB012643
:10BB6000CA17C2EBA60202EB4202A1EBC201504E81
:10BB70004D4A03EB43031160F2180221F1524FF0DA
:10BB80000009012182F8029001F0C8F849484449AF
:10BB90000388013303800B88002B3FF42DAB424A0E
:10BBA000424E4048013B0B801368591C86FB012C18
:10BBB000CA17C2EBAC0202EB4202A1EBC2013A4A45
:10BBC00011603B4903EB43030E46CA184FF44C4146
:10BBD000F152012182F8029001F0A0F83548304975
:10BBE0000388013303800B88002B3FF405AB2E4AFA
:10BBF0002E4E2C48013B0B801368591C86FB012CF0
:10BC0000CA17C2EBAC0202EB4202A1EBC201284E02
:10BC1000254A03EB43031160F2184FF48841F152B7
:10BC2000012182F8029001F079F8224A1388013349
:10BC30001380FFF7E1BAF1F7ADFC0194214B1A78BC
:10BC40009BF80030022A3FF43EAE1F4B1B78022BBC
:10BC500002D02646FFF78BBAF2F7FCF9264673E6C8
:10BC6000019484E6174A1278022A3FF477AE164B05
:10BC70001B78022BEDD1272D26463FF67AAAFFF737
:10BC800000BA104B1B78022B04D05646CDF804A006
:10BC9000FFF765BAF1F77EFC5646CDF804A070E6D2
:10BCA0000000002000140040280B0020ABAAAA2AA4
:10BCB0002C0B0020200B00208C0A0020AE1A012043
:10BCC000E4030020540800201C06002008B5FEF7FD
:10BCD000E3FCFFF769F900BF01EB410C00EBCC037B
:10BCE00003291A6922F001021A614FF000021A6159
:10BCF0005A619A61DA611A625A620BD849084FEAAE
:10BD00004C0C82680CEB810C3D2303FA0CF31343BB
:10BD1000836070470439CBB203EB4303C1F34001A6
:10BD20005B0010B403EB8103C4683D2202FA03F305
:10BD30002343C3605DF8044B704700BF01EB410132
:10BD400000EBC10030B4436A23F00403436213687C
:10BD500083619368C361D36943611469136A01699C
:10BD60009569234321F45E312B4321F0C00143EA5E
:10BD700084030B43036153688BB9036943F4007375
:10BD80000361D368B3B9036943F480630361536902
:10BD9000BBB9036943F4807330BC03617047012B66
:10BDA00003690CBF23F4007343F400430361D368B9
:10BDB000002BE8D0036923F4806303615369002BEF
:10BDC000E7D0036923F4807330BC0361704700BF80
:10BDD00001EB4101C90010300B5823F480730B5064
:10BDE000704700BF01EB4101C90010300B5843F010
:10BDF00001030B50704700BF01EB4101C900103037
:10BE00000B5823F0606343EA42630B50704700BF56
:10BE100001EB4101802A4FEAC10104D010300B58D8
:10BE200013430B50704724300B5843F080030B50E2
:10BE3000704700BF032910B418D8013A1F2A11D83F
:10BE4000DFE802F07A10108A1010109A101010100B
:10BE5000101010AA10101010101010101010101048
:10BE6000101010BA00205DF8044B70470B1F013A08
:10BE7000DBB21F2AF6D80FF2080C5CF822F000BFE4
:10BE8000D9BF010865BE010865BE010803C00108ED
:10BE900065BE010865BE010865BE01082DC0010828
:10BEA00065BE010865BE010865BE010865BE0108E2
:10BEB00065BE010865BE010865BE010857C00108DE
:10BEC00065BE010865BE010865BE010865BE0108C2
:10BED00065BE010865BE010865BE010865BE0108B2
:10BEE00065BE010865BE010865BE010865BE0108A2
:10BEF00065BE010865BE010865BE010801BF0108F5
:10BF000001EB41014468C3F34002103003EB4303EB
:10BF1000C9004FEA430C0CEB820C20230A5803FAA9
:10BF20000CF0204002F0100300289CD0181E18BF0F
:10BF300001205DF8044B704701EB410350F8244B9E
:10BF40005A00DB0049081B5802EB81020120904097
:10BF5000204003F08003E7E701EB410350F8104B6A
:10BF60005A00DB0049081B5802EB81020420904074
:10BF7000204003F00203D7E701EB410350F8104BD8
:10BF80005A00DB0049081B5802EB81020820904050
:10BF9000204003F00403C7E701EB410350F8104BC6
:10BFA0005A00DB0049081B5802EB81021020904028
:10BFB000204003F00803B7E701EB410350F8104BB2
:10BFC0005A00DB0049081B5802EB810220209040F8
:10BFD000204003F01003A7E701EB41014468C3F3DD
:10BFE0004002243003EB4303C9004FEA430C0CEB3F
:10BFF000820C01230A5803FA0CF0204002F080035F
:10C0000092E701EB41014468C3F34002103003EBB7
:10C010004303C9004FEA430C0CEB820C04230A587B
:10C0200003FA0CF0204002F002037DE701EB41012E
:10C030004468C3F34002103003EB4303C9004FEAE6
:10C04000430C0CEB820C08230A5803FA0CF0204036
:10C0500002F0040368E701EB41014468C3F34002C6
:10C06000103003EB4303C9004FEA430C0CEB820C86
:10C0700010230A5803FA0CF0204002F0080353E79B
:10C0800003290BD84FEA510C01EB41014B0003EBA4
:10C090008C0381689A400A43826070470439CBB2AE
:10C0A00003EB4303C1F340015B0003EB8103C16871
:10C0B0009A400A43C2607047054BD3F8102C002AFF
:10C0C00005DA0449044AC3F8041CC3F8042C704779
:10C0D0000030024023016745AB89EFCD034AD2F817
:10C0E000103C43F00043C2F8103C7047003002405F
:10C0F0003E496FF03043D1F80C2C12F4803F4BD105
:10C1000012F4807F4CD112F0800F4ED112F0400F0C
:10C1100050D112F0100F58D192075DD4012B3DD0B1
:10C12000D1F8103C23F0F80310B4C1F8103CD1F85A
:10C13000103C2E4C034343F00203C1F8103CD1F8ED
:10C14000103C43F480336FF03042C1F8103CD4F817
:10C150000C0CC10333D4C30502F1FF3233D40406FF
:10C1600038D441063DD4C3063DD410F0020018BFB8
:10C170000620002A08BF07201C4B5DF8044BD3F8AB
:10C18000102C22F00202C3F8102CD3F8102C22F04D
:10C19000F802C3F8102C7047013BACD10720704760
:10C1A000012B14BF022007207047012B14BF03206E
:10C1B00007207047012B14BF042007207047013A65
:10C1C000C5D10720D8E70220D3E7012B14BF0520F3
:10C1D000072070470320CCE7012B14BF062007205F
:10C1E00070470420C5E70520C3E700BF00300240C8
:10C1F00030B4394C6FF03043D4F80C2CD5033FD415
:10C20000D50542D4150646D4550649D4D50652D490
:10C21000920757D4012B35D0D4F8103C2E4D23F47F
:10C220004073C4F8103CD4F8103C43F40073C4F8D5
:10C23000103CD4F8103C43F00103C4F8103C6FF0FC
:10C2400030420160D5F80C0CC3032ED4C50502F1B1
:10C25000FF322ED4040633D4410638D4C30638D472
:10C2600010F0020018BF0620002A08BF07201A4A53
:10C27000D2F8103C23F0010330BCC2F8103C7047E8
:10C28000013BB9D1072030BC7047012B14BF0220FD
:10C29000072030BC7047012B14BF03200720F2E7B2
:10C2A000012B14BF04200720EDE7013ACAD1072073
:10C2B000DDE70220D8E7012B14BF05200720E2E7C5
:10C2C0000320D1E7012B14BF06200720DBE7042061
:10C2D000CAE70520C8E700BF00300240014BC3F8A1
:10C2E0000C0C70470030024013F0010F30B40568A9
:10C2F000C46806D025F0030C24F003044CEA0105C1
:10C30000144313F0020F07D025F00C0C24F00C049A
:10C310004CEA810544EA820413F0040F07D025F0AB
:10C32000300C24F030044CEA011544EA021413F0F6
:10C33000080F07D025F0C00C24F0C0044CEA81158A
:10C3400044EA821413F0100F07D025F4407C24F443
:10C3500040744CEA012544EA022413F0200F07D070
:10C3600025F4406C24F440644CEA812544EA82249C
:10C3700013F0400F07D025F4405C24F440544CEAFD
:10C38000013544EA023413F0800F07D025F4404C05
:10C3900024F440444CEA813544EA823413F4807F2B
:10C3A00007D025F4403C24F440344CEA014544EAEB
:10C3B000024413F4007F07D025F4402C24F44024D9
:10C3C0004CEA814544EA824413F4806F07D025F497
:10C3D000401C24F440144CEA015544EA025413F47E
:10C3E000006F07D025F4400C24F440044CEA81553A
:10C3F00044EA825413F4805F07D025F0407C24F097
:10C4000040744CEA016544EA026413F4005F07D00B
:10C4100025F0406C24F040644CEA816544EA826473
:10C4200013F4804F07D025F0405C24F040544CEAD0
:10C43000017544EA02741B0444BF61F39F7562F303
:10C440009F740560C46030BC704700BF012941681B
:10C450000CBF194399434160816813F0010F1CBF61
:10C4600021F00301114313F0020F1CBF21F00C0156
:10C4700041EA820113F0040F1CBF21F0300141EAB0
:10C48000021113F0080F1CBF21F0C00141EA821114
:10C4900013F0100F1CBF21F4407141EA022113F088
:10C4A000200F1CBF21F4406141EA822113F0400FAC
:10C4B0001CBF21F4405141EA023113F0800F1CBF30
:10C4C00021F4404141EA823113F4807F1CBF21F402
:10C4D000403141EA024113F4007F1CBF21F44021A6
:10C4E00041EA824113F4806F1CBF21F4401141EAFC
:10C4F000025113F4006F1CBF21F4400141EA825144
:10C5000013F4805F1CBF21F0407141EA026113F413
:10C51000005F1CBF21F0406141EA826113F4804F4B
:10C520001CBF21F0405141EA02711B0448BF62F375
:10C530009F718160704700BF816170478162704761
:10C5400003690B4214BF01200020704710B4046A35
:10C55000436A12F0010F1CBF24F00F040C4312F0C9
:10C56000020F1CBF24F0F00444EA011412F0040F7F
:10C570001CBF24F4706444EA012412F0080F1CBFAD
:10C5800024F4704444EA013412F0100F1CBF24F468
:10C59000702444EA014412F0200F1CBF24F47004FC
:10C5A00044EA015412F0400F1CBF24F0706444EAC6
:10C5B000016412F0800F18BF61F31F7412F4807FC2
:10C5C0001CBF23F00F030B4312F4007F1CBF23F0AA
:10C5D000F00343EA011312F4806F1CBF23F470636D
:10C5E00043EA012312F4006F1CBF23F4704343EAB3
:10C5F000013312F4805F1CBF23F4702343EA01432C
:10C6000012F4005F1CBF23F4700343EA015312F4D9
:10C61000804F1CBF23F0706343EA0163120448BFDC
:10C6200061F31F7304625DF8044B4362704700BFFF
:10C6300010B4224CE36803F4E063B3F5E06F32D04A
:10C64000E36803F4E063B3F5C06F17D0E36803F465
:10C65000E063B3F5A06F0DD0E36803F4E063B3F5D6
:10C66000806F24D0E36803F4E063B3F5407F22D009
:10C67000134BE36002F00302022302E002F0070220
:10C680000323104C9940114323180901C9B283F8C0
:10C6900000134209012300F01F00834044F82230B8
:10C6A0005DF8044B704702F00F020423E9E702F043
:10C6B00001020123E5E700221346E2E700ED00E076
:10C6C0000005FA0500E100E021F06041034B21F094
:10C6D0007F0101439960BFF34F8F704700ED00E089
:10C6E000830903F1804303F50E3300F01F0019683E
:10C6F000012282400A431A60704700BF830903F198
:10C70000804303F50E3300F01F00196801228240B8
:10C710000A431A60704700BF830903F1804303F5A1
:10C720000E3300F01F001A680121814022EA010245
:10C730001A607047064A6FF080739842D2F88C38BE
:10C740000CBF23F080730343C2F88C38704700BFDE
:10C750000030024010B5364C844694E80F0088B093
:10C760000DF1200E10340EE90F0094E803006B4623
:10C7700083E8030002AB83E803002E4AD2F80838AE
:10C78000C3F38103012B4ED0022B43D1D2F804080E
:10C79000D2F80418D2F80438D2F80428264CC3F38F
:10C7A000014312F4800F03F10103C1F388124FEA31
:10C7B000430300F03F01214818BF2046B0FBF1F0D1
:10C7C00002FB00F0B0FBF3F01A4BD3F80818D3F8D3
:10C7D0000828D3F80838C1F3031120316944C2F3A3
:10C7E0008222C3F342332032203311F8101C6A44F2
:10C7F0006B4412F8202C13F8183C20FA01F1BCF11C
:10C80000030F12D8DFE80CF0040C020821FA02F042
:10C8100008B010BD0948D7E721FA03F008B010BDF1
:10C82000084608B010BD0448CEE70020F0E700BF7E
:10C8300044D401080030024040787D010024F40017
:10C8400008B5634B98427CD017D8A3F58053984223
:10C8500000F0818036D95F4B984200F0868003F566
:10C860008063984220D140F60600FFF747FFBDE8FD
:10C87000084040F60600FFF74FBF574B98427ED066
:10C8800032D9564B984200F0848003F58063984279
:10C8900040F0898040F61210FFF730FFBDE80840F5
:10C8A00040F61210FFF738BFA3F5006398427AD123
:10C8B00040F60400FFF722FFBDE8084040F6040000
:10C8C000FFF72ABFA3F5006398426DD003F580639C
:10C8D00098421BD140F60200FFF710FFBDE8084068
:10C8E00040F60200FFF718BFA3F58043984265D0D9
:10C8F00003F58063984216D140F60110FFF7FEFE63
:10C90000BDE8084040F60110FFF706BFB0F1804FC8
:10C9100049D14FF40060FFF7F1FEBDE808404FF445
:10C920000060FFF7F9BEA3F5644398423BD140F69F
:10C930000800FFF7E3FEBDE8084040F60800FFF7F7
:10C94000EBBE40F60700FFF7D9FEBDE8084040F611
:10C950000700FFF7E1BE40F60300FFF7CFFEBDE89A
:10C96000084040F60300FFF7D7BE40F60500FFF78A
:10C97000C5FEBDE8084040F60500FFF7CDBE4FF408
:10C980001160FFF7BBFEBDE808404FF41160FFF7F0
:10C99000C3BE40F61110FFF7B1FEBDE8084040F6F7
:10C9A0001110FFF7B9BE08BD40F60100FFF7A6FE63
:10C9B000BDE8084040F60100FFF7AEBE4FF410603E
:10C9C000FFF79CFEBDE808404FF41060FFF7A4BEDF
:10C9D000001C0040001400400040014000440140A1
:10C9E000174B0A88826220F4806C9C451BD020F48F
:10C9F0004063B3F1804F16D0124B8A68C2629C45E7
:10CA00000CD00268CB8822F44072026002681343A3
:10CA10000B4A0360944504BF0B7B0363436943F0F7
:10CA200001034361704702684B8822F07002026084
:10CA300002681343036002688B8813430360DBE7DB
:10CA40000000014000100040036843F00103036050
:10CA5000704700BF41627047C3681943C1607047A7
:10CA6000436C01290CBF43F4004323F400434364A7
:10CA7000704700BF10B403291DD8DFE801F0028819
:10CA8000461F036A118823F00103036284699388B7
:10CA900024F003048461046A21430162016A6F4C3B
:10CAA00021F002010162016A0B4320F48061A1427E
:10CAB000036200F0AF805DF8044B7047036A118891
:10CAC000948823F480530362C36923F44073C361E1
:10CAD000036A43EA01330362036A604923F40053A3
:10CAE0000362036A43EA043320F480648C420362E5
:10CAF000E1D1436812895DF8044B23F4804343601D
:10CB0000436843EA821343607047036A118894883C
:10CB100023F480730362C36923F00303C361036AD0
:10CB200043EA01230362036A4C4923F4007303625E
:10CB3000036A43EA042320F480648C420362BAD17E
:10CB4000036A5488D18823F480630362036A43EA4A
:10CB500004230362036A5DF8044B23F40063036259
:10CB6000036A43EA0123036243681189528923F46B
:10CB700080534360436843EA01134360436823F4EE
:10CB800000534360436843EA021343607047036AFB
:10CB90001188948823F010030362836923F440739F
:10CBA0008361036A43EA01130362036A2B4923F09A
:10CBB00020030362036A43EA041320F480648C4276
:10CBC00003627FF478AF036A5488D18823F040036E
:10CBD0000362036A43EA04130362036A5DF8044BC9
:10CBE00023F080030362036A43EA0113036243688C
:10CBF0001189528923F480634360436843EA8103C7
:10CC00004360436823F400634360436843EA82035C
:10CC100043607047036A518823F004030362046A87
:10CC2000D38821430162016A21F008010162016A8F
:10CC30000B4303624368118923F4807343604468A3
:10CC400053892143416042685DF8044B22F400722D
:10CC50004260426813434360704700BF00000140D8
:10CC600003290BD8DFE801F01C130B02C36923F47E
:10CC7000E043C361C36943EA0223C3617047C369E8
:10CC800023F07003C361C3691343C36170478369B1
:10CC900023F4E0438361836943EA0223836170479D
:10CCA000836923F070038361836913438361704751
:10CCB000032904D8DFE801F0080604020264704783
:10CCC000C2637047826370474263704703290BD881
:10CCD000DFE801F01C130B02C36923F40063C36196
:10CCE000C36943EA0223C3617047C36923F00803A1
:10CCF000C361C3691343C3617047836923F400634D
:10CD00008361836943EA022383617047836923F067
:10CD1000080383618369134383617047C3680B43CE
:10CD2000C3607047C36823EA0103C360704700BF54
:10CD3000C3680069084003D00B4214BF01200020E3
:10CD4000704700BFC9430161704700BF38B5214B30
:10CD5000984204460D4608D02ED8A3F53053984289
:10CD600003D015D91C4B98421AD10220FFF7F2FCD0
:10CD7000E3681B0419D56B084FF6F07103EB400311
:10CD8000B3FBF5F3C3F342020B401343A36038BD7A
:10CD9000A3F500639842E8D003F580639842E4D09D
:10CDA000E3681B044FF00000E5D400EB5500B0FB36
:10CDB000F5F080B2A06038BD084B20F480629A4242
:10CDC00004D0A3F514439842CFD0E9E70320FFF73E
:10CDD000C1FCCDE700780040005000400010014049
:10CDE000C36823F4C063C360C3680B43C360704768
:10CDF000C36823F48053C360C3680B43C3607047A8
:10CE0000036923F44053036103690B4303617047D3
:10CE1000C36843F40053C360704700BFC36823F086
:10CE200008030B43C3607047C36823F004030B433C
:10CE3000C36070474068C0F308007047436923F03F
:10CE400080030B43436170474FEA911C01225CF859
:10CE5000003001F01F018A4023EA02034CF8003041
:10CE6000704700BF8A0910B401F01F011458012354
:10CE70008B40234313505DF8044B70474FEA911CDD
:10CE800001225CF8003001F01F018A4023EA02030E
:10CE90004CF80030704700BFC1F389138A0D30B4DD
:10CEA0001D581458C1F30443012202FA03F0204034
:10CEB00006D001F01F018A402A4214BF0120002041
:10CEC00030BC70474FEA915C01225CF80030C1F33E
:10CED00004418A4023EA02034CF80030704700BF47
:10CEE000002103E00A4B5B584350043109480A4BC8
:10CEF00042189A42F6D3094A02E000231360043232
:10CF0000074B9A42F9D300F00FF8FEF7DFFE7047A7
:10CF10008CED010800000020EC0A0020EC0A002043
:10CF2000CC540120FEE700005B495C4AD1F8883010
:10CF300010B443F47003C1F88830D2F8003843F0DD
:10CF4000010383B0C2F80038D2F800389907FBD546
:10CF5000D2F80838002143F08003C2F80838019164
:10CF6000019B4F2B05D8019B01330193019B4F2B54
:10CF7000F9D94A4AD2F80838002143F09003C2F8A0
:10CF800008380191019B4F2B05D8019B0133019378
:10CF9000019B4F2BF9D94149414CD1F8083823F076
:10CFA0000303C1F80838D1F8002822F0847222F473
:10CFB0008032C1F80028D1F80028002022F4802215
:10CFC000C1F80028C1F80808D1F80828C1F80448B9
:10CFD000C1F80C08D1F8002842F480324FF6FF73F4
:10CFE000C1F8002801E0013B03D0D1F800289203EA
:10CFF000F9D52A4BD3F8002894034CD5D3F8402810
:10D000002849294842F08052C3F840280A6842F46F
:10D0100040420A60D3F80828C3F80828D3F8082843
:10D0200042F40042C3F80828D3F8082842F4A0527A
:10D03000C3F80828C3F80408D3F8002842F0807227
:10D04000C3F80028D3F800289001FBD5154A1368CF
:10D0500043F4803313605368D903FCD51368114936
:10D0600043F4003313604B689A03FCD50B4AD2F8A3
:10D07000083823F00303C2F80838D2F8083843F020
:10D080000203C2F80838D2F808381B07FBD503B0F2
:10D090005DF8044B7047FEE700ED00E00030024011
:10D0A00010300024007000401964400910B50139A7
:10D0B0000244904201D1002005E0037811F8014FAD
:10D0C000A34201D0181B10BD0130F2E70244034611
:10D0D000934200D1704703F8011BF9E72DE9F047AF
:10D0E000089D0C46002B4ED194468C458646B2FADC
:10D0F00082F262D94AB1C2F12003914020FA03F3CF
:10D100000CFA02FC194300FA02FE4FEA1C471FFA10
:10D110008CF6B1FBF7F44FEA1E4307FB141143EA08
:10D12000014304FB06F199420AD91CEB030304F105
:10D13000FF3080F01381994240F21081023C634439
:10D14000591A1FFA8EF3B1FBF7F007FB101143EAEF
:10D15000014300FB06F69E420AD91CEB030300F1D3
:10D16000FF3180F0FD809E4240F2FA806344023835
:10D170009B1B40EA044000211DB1D3400022C5E9B9
:10D180000032BDE8F0878B4205D90DB1C5E9000139
:10D1900000210846F5E7B3FA83F1002946D1A342FE
:10D1A00002D39042C0F0F180861A64EB03030120A1
:10D1B000002DE6D0C5E90063E3E7002A40F0918046
:10D1C000A1EB0C044FEA1C481FFA8CF70121B4FBB9
:10D1D000F8F64FEA1E4308FB164443EA044307FBF4
:10D1E00006F0984208D91CEB030306F1FF3402D283
:10D1F000984200F2CE8026461C1A1FFA8EF3B4FB2A
:10D20000F8F008FB104443EA044300FB07F79F4291
:10D2100008D91CEB030300F1FF3402D29F4200F255
:10D22000B1802046DB1B40EA0640A5E7C1F120069D
:10D230008B4022FA06F71F4320FA06FC04FA01F39A
:10D2400043EA0C03F44000FA01F8380C4FEA1349A2
:10D25000B4FBF0FE1FFA87FC00FB1E4449EA0444BD
:10D260000EFB0CF9A14502FA01F20AD93C190EF1A4
:10D27000FF3A80F08580A14540F28280AEF1020E37
:10D280003C44A4EB09041FFA83F9B4FBF0F300FB60
:10D29000134449EA044403FB0CFCA44507D93C1998
:10D2A00003F1FF3068D2A44566D9023B3C4443EA0F
:10D2B0000E40A0FB0293A4EB0C049C42CE469C467D
:10D2C00052D34FD055B1B8EB0E0364EB0C0404FA03
:10D2D00006F6CB40CC401E43C5E900640021BDE802
:10D2E000F087C2F1200320FA03F10CFA02FC24FAC1
:10D2F00003F394400C434FEA1C4800FA02FE1FFA65
:10D300008CF7B3FBF8F008FB1031230C43EA014320
:10D3100000FB07F1994208D91CEB030300F1FF362B
:10D320002CD299422AD9023863445B1AA4B2B3FBC7
:10D33000F8F108FB113344EA034401FB07F3A3426D
:10D3400008D91CEB040401F1FF3613D2A34211D912
:10D3500002396444E41A41EA004138E70446EFE642
:10D36000084605E7C845ADD2B9EB020E63EB070CE2
:10D370000138A7E73146EDE7034698E73046D4E7A2
:10D38000D6467EE7634402384CE706462346084605
:10D390000EE7023E63442FE710EE102AC2F3C75394
:10D3A0007F3B162B22F0004129DC002B104618DBB6
:10D3B0001A4919410A4221D0DFED197A70EE277A15
:10D3C000F5EEC07AF1EE10FA18DD002A04DA4FF417
:10D3D000000242FA03F3184420EA010300EE103A77
:10D3E0007047DFED0F7A70EE277AF5EEC07AF1EE36
:10D3F00010FA03DD002A08DB9FED0A0A7047B1F13D
:10D40000FF4FFBD330EE000A7047DFED077A0029AB
:10D41000BFEE000A08BFB0EE670A7047FFFF7F004B
:10D42000CAF249710000000000000080F8B500BF9A
:10D43000F8BC08BC9E467047F8B500BFF8BC08BCF5
:04D440009E4670474D
:10D4440000000000000000000102030406070809B0
:10D4540000000000010203040000000000E81D3980
:10D4640000E21D3A0093B13A80C91D3B006E763B41
:10D474000055B13B0036F13B40681D3C600C473C15
:10D484000081753C905F943C505FB03C90BBCE3CB7
:10D49400806FEF3C103B093D10E51B3DD0B22F3DA2
:10D4A40040A1443D38AD5A3D48D3713DEC07853D1C
:10D4B40098AF913DB4DE9E3D3C93AC3D0CCBBA3D60
:10D4C400F883C93DB8BBD83DF46FE83D409EF83DB4
:10D4D4000EA2043E7C2F0D3E1AF6153E8CF41E3E21
:10D4E4006E29283E5693313ECE303B3E5E00453E8B
:10D4F40080004F3EAC2F593E4E8C633ECA146E3EA4
:10D5040088C7783E6DD1813E8C52873E46E68C3E7C
:10D51400C08B923E1C42983E76089E3EECDDA33EB4
:10D5240096C1A93E8FB2AF3EE8AFB53EB6B8BB3E9A
:10D534000ECCC13EFBE8C73E910ECE3ED83BD43E56
:10D54400DF6FDA3EB2A9E03E59E8E63EE12AED3E5D
:10D554004D70F33EACB7F93E0000003F2B24033F6F
:10D56400DA47063F906A093FD48B0C3F27AB0F3F45
:10D5740011C8123F15E2153FB8F8183F830B1C3F42
:10D58400FA191F3FA623223F0D28253FB926283F1D
:10D59400361F2B3F0A112E3FC6FB303FF3DE333FCD
:10D5A40020BA363FDE8C393FBB563C3F4A173F3FDB
:10D5B4001ECE413FCE7A443FEE1C473F15B4493F4F
:10D5C400E03F4C3FEABF4E3FCC33513F2B9B533F90
:10D5D400A6F5553FDE42583F7A825A3F22B45C3F5B
:10D5E4007ED75E3F38EC603F02F2623F8AE8643FD8
:10D5F40082CF663F9EA6683F996D6A3F2A246C3F9E
:10D604000DCA6D3F035F6F3FCCE2703F2C55723FF4
:10D61400ECB5733FD404753FB041763F4F6C773F10
:10D624008484783F248A793F067D7A3F045D7B3F7A
:10D63400FC297C3FCFE37C3F608A7D3F941D7E3F85
:10D64400569D7E3F92097F3F36627F3F37A77F3FDB
:10D6540088D87F3F22F67F3F0000803F22F67F3F3D
:10D6640088D87F3F36A77F3F36627F3F92097F3F4E
:10D67400569D7E3F941D7E3F5F8A7D3FCEE37C3F77
:10D68400FC297C3F045D7B3F057D7A3F248A793FFA
:10D694008484783F4E6C773FAF41763FD304753F27
:10D6A400ECB5733F2C55723FCCE2703F025F6F3F85
:10D6B4000CCA6D3F2A246C3F986D6A3F9EA6683F52
:10D6C40081CF663F89E8643F01F2623F37EC603FF7
:10D6D4007CD75E3F20B45C3F78825A3FDE42583F9D
:10D6E400A4F5553F2C9B533FCD33513FE8BF4E3FEC
:10D6F400DF3F4C3F14B4493FEB1C473FCB7A443FD8
:10D704001FCE413F4A173F3FBA563C3FDC8C393F5E
:10D714001FBA363FF0DE333FC3FB303F0B112E3FC1
:10D72400351F2B3FB926283F0B28253FA323223F33
:10D73400F7191F3F800B1C3FB9F8183F14E2153F3F
:10D7440010C8123F26AB0F3FD28B0C3F8E6A093FA5
:10D75400D747063F2B24033F0000003FA9B7F93EFB
:10D764004A70F33EDC2AED3E54E8E63EACA9E03EC6
:10D77400E06FDA3ED73BD43E8E0ECE3EF8E8C73E8D
:10D7840009CCC13EB2B8BB3EE2AFB53E8EB2AF3EAD
:10D7940096C1A93EEADDA33E72089E3E1742983E1A
:10D7A400BB8B923E40E68C3E8C52873E6CD1813ED0
:10D7B40084C7783EC6146E3E468C633EA22F593E03
:10D7C40082004F3E5E00453ECC303B3E5293313E9C
:10D7D4006829283E84F41E3E12F6153E7E2F0D3E27
:10D7E4000EA2043E3C9EF83DEC6FE83DB0BBD83D34
:10D7F400EC83C93D00CBBA3D3C93AC3DB4DE9E3DC9
:10D8040094AF913DE407853D38D3713D28AD5A3D31
:10D8140030A1443DD0B22F3D08E51B3D103B093DEE
:10D82400706FEF3C70BBCE3C405FB03C705F943C8B
:10D834000081753C600C473C20681D3C0036F13B80
:10D84400C054B13B006E763B00C91D3B0093B13A16
:10D8540000E21D3A00E81D3900000000005881393B
:10D864000052813A006D113B4031813BC0B6C93B47
:10D87400401A113C204A453CF0AE803C10A3A23C27
:10D88400F078C83C0027F23C58D10F3D4070283D49
:10D8940008EA423DF0375F3DE8527D3DA4998E3D54
:10D8A40080689F3DC811B13D0C91C33D9CE1D63DBC
:10D8B40090FEEA3DE0E2FF3D9EC40A3E1AF6153EA4
:10D8C4000A83213E88682D3E8EA3393E0C31463EA4
:10D8D400D00D533E9C36603E1CA86D3EEC5E7B3EF4
:10D8E400CAAB843E47C78B3E2000933E84549A3E85
:10D8F40097C2A13E7848A93E43E4B03E0A94B83E9C
:10D90400DC55C03EC427C83EC707D03EE9F3D73E26
:10D9140029EADF3E84E8E73EF6ECEF3E77F5F73E92
:10D924000000003F4505043F8509083FBE0B0C3F3E
:10D93400EB0A103F0C06143F1CFC173F1EEC1B3F68
:10D9440012D51F3FFBB5233FDE8D273FC45B2B3F22
:10D95400B41E2F3FBED5323FF07F363F5C1C3A3FAA
:10D964001BAA3D3F4528413FF995443F59F2473FA3
:10D974008C3C4B3FBD734E3F1C97513FDEA5543F3B
:10D984003E9F573F7A825A3FD84E5D3FA403603F83
:10D994002EA0623FCC23653FDE8D673FC7DD693F24
:10D9A400F0126C3FCC2C6E3FD22A703F810C723F38
:10D9B40060D1733FFC78753FEA02773FC86E783FC9
:10D9C40038BC793FE8EA7A3F88FA7B3FD8EA7C3F63
:10D9D40097BB7D3F926C7E3F9EFD7E3F936E7F3F63
:10D9E40057BF7F3FD5EF7F3F0000803FD4EF7F3F9D
:10D9F40057BF7F3F936E7F3F9DFD7E3F926C7E3F7E
:10DA040096BB7D3FD7EA7C3F88FA7B3FE7EA7A3FC3
:10DA140038BC793FC86E783FEA02773FFC78753F9F
:10DA24005FD1733F810C723FD02A703FCC2C6E3F84
:10DA3400F0126C3FC7DD693FDE8D673FCD23653F44
:10DA44002EA0623FA403603FD84E5D3F7A825A3FC6
:10DA54003D9F573FDEA5543F1C97513FBC734E3F3B
:10DA64008C3C4B3F58F2473FF895443F4428413F94
:10DA74001AAA3D3F5D1C3A3FEE7F363FBDD5323F8B
:10DA8400B31E2F3FC45B2B3FDD8D273FF9B5233FEA
:10DA940012D51F3F1EEC1B3F1AFC173F0906143F0B
:10DAA400EB0A103FBD0B0C3F8309083F4405043FBC
:10DAB400FFFFFF3E75F5F73EF0ECEF3E82E8E73EF0
:10DAC40027EADF3EE7F3D73EC807D03EC127C83E6A
:10DAD400D955C03E0A94B83E44E4B03E7548A93EC8
:10DAE40093C2A13E84549A3E2000933E43C78B3E8A
:10DAF400CAAB843EEA5E7B3E1AA86D3E9236603E17
:10DB0400CC0D533E0831463E8CA3393E8A682D3EE7
:10DB14000683213E16F6153E9CC40A3EE4E2FF3D10
:10DB24008CFEEA3D90E1D63D1891C33DC011B13D54
:10DB340078689F3D9C998E3DF8527D3DE8375F3D66
:10DB4400F8E9423D4870283D60D10F3DE026F23CA3
:10DB5400E078C83C20A3A23CF0AE803C004A453C9F
:10DB6400601A113C00B7C93B4031813B806C113BCA
:10DB74000052813A005C81391E001E001E001E0006
:10DB84001E001E001E001E001E001E001E001E00A1
:10DB94001E001E001E005A001E001E001E001E0055
:10DBA4001E001E005A001E001E001E001E001E0045
:10DBB4001E001E005A005A001E001E001E001E00F9
:10DBC4001E005A001E001E001E001E001E001E0025
:10DBD4001E005A001E005A001E001E001E001E00D9
:10DBE4001E005A005A001E001E001E001E001E00C9
:10DBF4001E005A005A005A001E001E001E001E007D
:10DC04005A001E001E001E001E001E001E001E00E4
:10DC14005A001E001E005A001E001E001E001E0098
:10DC24005A001E005A001E001E001E001E001E0088
:10DC34005A001E005A005A001E001E001E001E003C
:10DC44005A005A001E001E001E001E001E001E0068
:10DC54005A005A001E005A001E001E001E001E001C
:10DC64005A005A005A001E001E001E001E001E000C
:10DC74005A005A005A005A001E001E001E005A0084
:10DC84001E001E001E001E001E001E001E005A0064
:10DC94001E001E001E005A001E001E001E005A0018
:10DCA4001E001E005A001E001E001E001E005A0008
:10DCB4001E001E005A005A001E001E001E005A00BC
:10DCC4001E005A001E001E001E001E001E005A00E8
:10DCD4001E005A001E005A001E001E001E005A009C
:10DCE4001E005A005A001E001E001E001E005A008C
:10DCF4001E005A005A005A001E001E001E005A0040
:10DD04005A001E001E001E001E001E001E005A00A7
:10DD14005A001E001E005A001E001E001E005A005B
:10DD24005A001E005A001E001E001E001E005A004B
:10DD34005A001E005A005A001E001E001E005A00FF
:10DD44005A005A001E001E001E001E001E005A002B
:10DD54005A005A001E005A001E001E001E005A00DF
:10DD64005A005A005A001E001E001E001E005A00CF
:10DD74005A005A005A005A001E001E005A001E0083
:10DD84001E001E001E001E001E001E005A001E0063
:10DD94001E001E001E005A001E001E005A001E0017
:10DDA4001E001E005A001E001E001E005A001E0007
:10DDB4001E001E005A005A001E001E005A001E00BB
:10DDC4001E005A001E001E001E001E005A001E00E7
:10DDD4001E005A001E005A001E001E005A001E009B
:10DDE4001E005A005A001E001E001E005A001E008B
:10DDF4001E005A005A005A001E001E005A001E003F
:10DE04005A001E001E001E001E001E005A001E00A6
:10DE14005A001E001E005A001E001E005A001E005A
:10DE24005A001E005A001E001E001E005A001E004A
:10DE34005A001E005A005A001E001E005A001E00FE
:10DE44005A005A001E001E001E001E005A001E002A
:10DE54005A005A001E005A001E001E005A001E00DE
:10DE64005A005A005A001E001E001E005A001E00CE
:10DE74005A005A005A005A001E001E005A005A0046
:10DE84001E001E001E001E001E001E005A005A0026
:10DE94001E001E001E005A001E001E005A005A00DA
:10DEA4001E001E005A001E001E001E005A005A00CA
:10DEB4001E001E005A005A001E001E005A005A007E
:10DEC4001E005A001E001E001E001E005A005A00AA
:10DED4001E005A001E005A001E001E005A005A005E
:10DEE4001E005A005A001E001E001E005A005A004E
:10DEF4001E005A005A005A001E001E005A005A0002
:10DF04005A001E001E001E001E001E005A005A0069
:10DF14005A001E001E005A001E001E005A005A001D
:10DF24005A001E005A001E001E001E005A005A000D
:10DF34005A001E005A005A001E001E005A005A00C1
:10DF44005A005A001E001E001E001E005A005A00ED
:10DF54005A005A001E005A001E001E005A005A00A1
:10DF64005A005A005A001E001E001E005A005A0091
:10DF74005A005A005A005A001E005A001E001E0081
:10DF84001E001E001E001E001E005A001E001E0061
:10DF94001E001E001E005A001E005A001E001E0015
:10DFA4001E001E005A001E001E005A001E001E0005
:10DFB4001E001E005A005A001E005A001E001E00B9
:10DFC4001E005A001E001E001E005A001E001E00E5
:10DFD4001E005A001E005A001E005A001E001E0099
:10DFE4001E005A005A001E001E005A001E001E0089
:10DFF4001E005A005A005A001E005A001E001E003D
:10E004005A001E001E001E001E005A001E001E00A4
:10E014005A001E001E005A001E005A001E001E0058
:10E024005A001E005A001E001E005A001E001E0048
:10E034005A001E005A005A001E005A001E001E00FC
:10E044005A005A001E001E001E005A001E001E0028
:10E054005A005A001E005A001E005A001E001E00DC
:10E064005A005A005A001E001E005A001E001E00CC
:10E074005A005A005A005A001E005A001E005A0044
:10E084001E001E001E001E001E005A001E005A0024
:10E094001E001E001E005A001E005A001E005A00D8
:10E0A4001E001E005A001E001E005A001E005A00C8
:10E0B4001E001E005A005A001E005A001E005A007C
:10E0C4001E005A001E001E001E005A001E005A00A8
:10E0D4001E005A001E005A001E005A001E005A005C
:10E0E4001E005A005A001E001E005A001E005A004C
:10E0F4001E005A005A005A001E005A001E005A0000
:10E104005A001E001E001E001E005A001E005A0067
:10E114005A001E001E005A001E005A001E005A001B
:10E124005A001E005A001E001E005A001E005A000B
:10E134005A001E005A005A001E005A001E005A00BF
:10E144005A005A001E001E001E005A001E005A00EB
:10E154005A005A001E005A001E005A001E005A009F
:10E164005A005A005A001E001E005A001E005A008F
:10E174005A005A005A005A001E005A005A001E0043
:10E184001E001E001E001E001E005A005A001E0023
:10E194001E001E001E005A001E005A005A001E00D7
:10E1A4001E001E005A001E001E005A005A001E00C7
:10E1B4001E001E005A005A001E005A005A001E007B
:10E1C4001E005A001E001E001E005A005A001E00A7
:10E1D4001E005A001E005A001E005A005A001E005B
:10E1E4001E005A005A001E001E005A005A001E004B
:10E1F4001E005A005A005A001E005A005A001E00FF
:10E204005A001E001E001E001E005A005A001E0066
:10E214005A001E001E005A001E005A005A001E001A
:10E224005A001E005A001E001E005A005A001E000A
:10E234005A001E005A005A001E005A005A001E00BE
:10E244005A005A001E001E001E005A005A001E00EA
:10E254005A005A001E005A001E005A005A001E009E
:10E264005A005A005A001E001E005A005A001E008E
:10E274005A005A005A005A001E005A005A005A0006
:10E284001E001E001E001E001E005A005A005A00E6
:10E294001E001E001E005A001E005A005A005A009A
:10E2A4001E001E005A001E001E005A005A005A008A
:10E2B4001E001E005A005A001E005A005A005A003E
:10E2C4001E005A001E001E001E005A005A005A006A
:10E2D4001E005A001E005A001E005A005A005A001E
:10E2E4001E005A005A001E001E005A005A005A000E
:10E2F4001E005A005A005A001E005A005A005A00C2
:10E304005A001E001E001E001E005A005A005A0029
:10E314005A001E001E005A001E005A005A005A00DD
:10E324005A001E005A001E001E005A005A005A00CD
:10E334005A001E005A005A001E005A005A005A0081
:10E344005A005A001E001E001E005A005A005A00AD
:10E354005A005A001E005A001E005A005A005A0061
:10E364005A005A005A001E001E005A005A005A0051
:10E374005A005A005A005A005A001E001E001E007D
:10E384001E001E001E001E005A001E001E001E005D
:10E394001E001E001E005A005A001E001E001E0011
:10E3A4001E001E005A001E005A001E001E001E0001
:10E3B4001E001E005A005A005A001E001E001E00B5
:10E3C4001E005A001E001E005A001E001E001E00E1
:10E3D4001E005A001E005A005A001E001E001E0095
:10E3E4001E005A005A001E005A001E001E001E0085
:10E3F4001E005A005A005A005A001E001E001E0039
:10E404005A001E001E001E005A001E001E001E00A0
:10E414005A001E001E005A005A001E001E001E0054
:10E424005A001E005A001E005A001E001E001E0044
:10E434005A001E005A005A005A001E001E001E00F8
:10E444005A005A001E001E005A001E001E001E0024
:10E454005A005A001E005A005A001E001E001E00D8
:10E464005A005A005A001E005A001E001E001E00C8
:10E474005A005A005A005A005A001E001E005A0040
:10E484001E001E001E001E005A001E001E005A0020
:10E494001E001E001E005A005A001E001E005A00D4
:10E4A4001E001E005A001E005A001E001E005A00C4
:10E4B4001E001E005A005A005A001E001E005A0078
:10E4C4001E005A001E001E005A001E001E005A00A4
:10E4D4001E005A001E005A005A001E001E005A0058
:10E4E4001E005A005A001E005A001E001E005A0048
:10E4F4001E005A005A005A005A001E001E005A00FC
:10E504005A001E001E001E005A001E001E005A0063
:10E514005A001E001E005A005A001E001E005A0017
:10E524005A001E005A001E005A001E001E005A0007
:10E534005A001E005A005A005A001E001E005A00BB
:10E544005A005A001E001E005A001E001E005A00E7
:10E554005A005A001E005A005A001E001E005A009B
:10E564005A005A005A001E005A001E001E005A008B
:10E574005A005A005A005A005A001E005A001E003F
:10E584001E001E001E001E005A001E005A001E001F
:10E594001E001E001E005A005A001E005A001E00D3
:10E5A4001E001E005A001E005A001E005A001E00C3
:10E5B4001E001E005A005A005A001E005A001E0077
:10E5C4001E005A001E001E005A001E005A001E00A3
:10E5D4001E005A001E005A005A001E005A001E0057
:10E5E4001E005A005A001E005A001E005A001E0047
:10E5F4001E005A005A005A005A001E005A001E00FB
:10E604005A001E001E001E005A001E005A001E0062
:10E614005A001E001E005A005A001E005A001E0016
:10E624005A001E005A001E005A001E005A001E0006
:10E634005A001E005A005A005A001E005A001E00BA
:10E644005A005A001E001E005A001E005A001E00E6
:10E654005A005A001E005A005A001E005A001E009A
:10E664005A005A005A001E005A001E005A001E008A
:10E674005A005A005A005A005A001E005A005A0002
:10E684001E001E001E001E005A001E005A005A00E2
:10E694001E001E001E005A005A001E005A005A0096
:10E6A4001E001E005A001E005A001E005A005A0086
:10E6B4001E001E005A005A005A001E005A005A003A
:10E6C4001E005A001E001E005A001E005A005A0066
:10E6D4001E005A001E005A005A001E005A005A001A
:10E6E4001E005A005A001E005A001E005A005A000A
:10E6F4001E005A005A005A005A001E005A005A00BE
:10E704005A001E001E001E005A001E005A005A0025
:10E714005A001E001E005A005A001E005A005A00D9
:10E724005A001E005A001E005A001E005A005A00C9
:10E734005A001E005A005A005A001E005A005A007D
:10E744005A005A001E001E005A001E005A005A00A9
:10E754005A005A001E005A005A001E005A005A005D
:10E764005A005A005A001E005A001E005A005A004D
:10E774005A005A005A005A005A005A001E001E003D
:10E784001E001E001E001E005A005A001E001E001D
:10E794001E001E001E005A005A005A001E001E00D1
:10E7A4001E001E005A001E005A005A001E001E00C1
:10E7B4001E001E005A005A005A005A001E001E0075
:10E7C4001E005A001E001E005A005A001E001E00A1
:10E7D4001E005A001E005A005A005A001E001E0055
:10E7E4001E005A005A001E005A005A001E001E0045
:10E7F4001E005A005A005A005A005A001E001E00F9
:10E804005A001E001E001E005A005A001E001E0060
:10E814005A001E001E005A005A005A001E001E0014
:10E824005A001E005A001E005A005A001E001E0004
:10E834005A001E005A005A005A005A001E001E00B8
:10E844005A005A001E001E005A005A001E001E00E4
:10E854005A005A001E005A005A005A001E001E0098
:10E864005A005A005A001E005A005A001E001E0088
:10E874005A005A005A005A005A005A001E005A0000
:10E884001E001E001E001E005A005A001E005A00E0
:10E894001E001E001E005A005A005A001E005A0094
:10E8A4001E001E005A001E005A005A001E005A0084
:10E8B4001E001E005A005A005A005A001E005A0038
:10E8C4001E005A001E001E005A005A001E005A0064
:10E8D4001E005A001E005A005A005A001E005A0018
:10E8E4001E005A005A001E005A005A001E005A0008
:10E8F4001E005A005A005A005A005A001E005A00BC
:10E904005A001E001E001E005A005A001E005A0023
:10E914005A001E001E005A005A005A001E005A00D7
:10E924005A001E005A001E005A005A001E005A00C7
:10E934005A001E005A005A005A005A001E005A007B
:10E944005A005A001E001E005A005A001E005A00A7
:10E954005A005A001E005A005A005A001E005A005B
:10E964005A005A005A001E005A005A001E005A004B
:10E974005A005A005A005A005A005A005A001E00FF
:10E984001E001E001E001E005A005A005A001E00DF
:10E994001E001E001E005A005A005A005A001E0093
:10E9A4001E001E005A001E005A005A005A001E0083
:10E9B4001E001E005A005A005A005A005A001E0037
:10E9C4001E005A001E001E005A005A005A001E0063
:10E9D4001E005A001E005A005A005A005A001E0017
:10E9E4001E005A005A001E005A005A005A001E0007
:10E9F4001E005A005A005A005A005A005A001E00BB
:10EA04005A001E001E001E005A005A005A001E0022
:10EA14005A001E001E005A005A005A005A001E00D6
:10EA24005A001E005A001E005A005A005A001E00C6
:10EA34005A001E005A005A005A005A005A001E007A
:10EA44005A005A001E001E005A005A005A001E00A6
:10EA54005A005A001E005A005A005A005A001E005A
:10EA64005A005A005A001E005A005A005A001E004A
:10EA74005A005A005A005A005A005A005A005A00C2
:10EA84001E001E001E001E005A005A005A005A00A2
:10EA94001E001E001E005A005A005A005A005A0056
:10EAA4001E001E005A001E005A005A005A005A0046
:10EAB4001E001E005A005A005A005A005A005A00FA
:10EAC4001E005A001E001E005A005A005A005A0026
:10EAD4001E005A001E005A005A005A005A005A00DA
:10EAE4001E005A005A001E005A005A005A005A00CA
:10EAF4001E005A005A005A005A005A005A005A007E
:10EB04005A001E001E001E005A005A005A005A00E5
:10EB14005A001E001E005A005A005A005A005A0099
:10EB24005A001E005A001E005A005A005A005A0089
:10EB34005A001E005A005A005A005A005A005A003D
:10EB44005A005A001E001E005A005A005A005A0069
:10EB54005A005A001E005A005A005A005A005A001D
:10EB64005A005A005A001E005A005A005A005A000D
:10EB74005A005A005A005A0000C0C101C30302C21D
:10EB8400C60607C705C5C404CC0C0DCD0FCFCE0EE9
:10EB94000ACACB0BC90908C8D81819D91BDBDA1A59
:10EBA4001EDEDF1FDD1D1CDC14D4D515D71716D6C9
:10EBB400D21213D311D1D010F03031F133F3F23239
:10EBC40036F6F737F53534F43CFCFD3DFF3F3EFEA9
:10EBD400FA3A3BFB39F9F83828E8E929EB2B2AEA19
:10EBE400EE2E2FEF2DEDEC2CE42425E527E7E62689
:10EBF40022E2E323E12120E0A06061A163A3A262F9
:10EC040066A6A767A56564A46CACAD6DAF6F6EAE68
:10EC1400AA6A6BAB69A9A86878B8B979BB7B7ABAD8
:10EC2400BE7E7FBF7DBDBC7CB47475B577B7B67648
:10EC340072B2B373B17170B05090915193535292B8
:10EC440096565797559594549C5C5D9D5F9F9E5E28
:10EC54005A9A9B5B99595898884849894B8B8A4A98
:10EC64004E8E8F4F8D4D4C8C448485458747468608
:10EC7400824243834181804000C1814001C0804180
:10EC840001C0804100C1814001C0804100C1814078
:10EC940000C1814001C0804101C0804100C1814068
:10ECA40000C1814001C0804100C1814001C0804158
:10ECB40001C0804100C1814001C0804100C1814048
:10ECC40000C1814001C0804100C1814001C0804138
:10ECD40001C0804100C1814000C1814001C0804128
:10ECE40001C0804100C1814001C0804100C1814018
:10ECF40000C1814001C0804101C0804100C1814008
:10ED040000C1814001C0804100C1814001C08041F7
:10ED140001C0804100C1814000C1814001C08041E7
:10ED240001C0804100C1814001C0804100C18140D7
:10ED340000C1814001C0804100C1814001C08041C7
:10ED440001C0804100C1814001C0804100C18140B7
:10ED540000C1814001C0804101C0804100C18140A7
:10ED640000C1814001C0804100C1814001C0804197
:08ED740001C0804100C1814093
:08ED7C0060E3FF7F01000000CD
:04ED840049820008B8
:04ED880021820008DC
:10ED8C0018000500C6000000C600000000000000CE
:10ED9C0000000001000000000000803F00000000A7
:10EDAC00000000000000803F000000000000000098
:10EDBC000000803F00000000000000000000803FC9
:10EDCC0000000000000000000000803F0000000078
:10EDDC00000000000000803F000000000000000068
:10EDEC000000803F00000000000000000000803F99
:10EDFC0000000000000000000000803F0000000048
:10EE0C00000000000000803F000000000000000037
:10EE1C00000000000000003F0001000000000000A6
:10EE2C00000000000000003F000100000000000096
:10EE3C00000000000000003F000100000000000086
:10EE4C00000000000000003F000100000000000076
:10EE5C00000000000000003F000100000000000066
:10EE6C00000000000000003F000100000000000056
:10EE7C00000000000000003F000100000000000046
:10EE8C00000000000000003F000100000000000036
:10EE9C00000000000000003F000100000000000026
:10EEAC00000000000000003F000100000000000016
:10EEBC00010000000000000000000000000800003D
:10EECC0001000000400000000C00000000000300E6
:10EEDC00FA00010001000000010000000000000029
:10EEEC00010000000000000000000000000800000D
:10EEFC0001000000400000000C00000000000300B6
:10EF0C0000000000000000000000000001000000F4
:10EF1C0000000000000000000000000000000000E5
:10EF2C0000000000000000000200000000000000D3
:10EF3C0000000000000000000000000000000000C5
:10EF4C0000000000030000000000000000000000B2
:10EF5C000000000001000000FFFF0000FFFFFFFFAA
:10EF6C00FFFFFFFFFFFFFFFFFFFFFFFFFFFFFFFFA5
:10EF7C00FFFFFFFFFFFFFFFFFFFFFFFFFFFFFFFF95
:10EF8C00FFFFFFFFFFFFFFFFFFFFFFFFFFFFFFFF85
:10EF9C00FFFFFFFFFFFFFFFFFFFFFFFFFFFFFFFF75
:10EFAC00FFFFFFFFFFFFFFFFFFFFFFFFFFFFFFFF65
:10EFBC00FFFFFFFFFFFFFFFFFFFFFFFFFFFFFFFF55
:10EFCC00FFFFFFFFFFFFFFFFFFFFFFFFFFFFFFFF45
:10EFDC00FFFFFFFFFFFFFFFFFFFFFFFFFFFFFFFF35
:10EFEC00FFFFFFFFFFFFFFFFFFFFFFFFFFFFFFFF25
:10EFFC00FFFFFFFFFFFFFFFFFFFFFFFFFFFFFFFF15
:10F00C00FFFFFFFFFFFFFFFFFFFFFFFFFFFFFFFF04
:10F01C00FFFFFFFFFFFFFFFFFFFFFFFFFFFFFFFFF4
:10F02C00FFFFFFFFFFFFFFFFFFFFFFFFFFFFFFFFE4
:10F03C00FFFFFFFFFFFFFFFFFFFFFFFFFFFFFFFFD4
:10F04C00FFFFFFFFFFFFFFFFFFFFFFFFFFFFFFFFC4
:10F05C00FFFFFFFFFFFFFFFFFFFFFFFFFFFFFFFFB4
:10F06C00FFFFFFFFFFFFFFFFFFFFFFFFFFFFFFFFA4
:10F07C00FFFFFFFFFFFFFFFFFFFFFFFFFFFFFFFF94
:10F08C00FFFFFFFFFFFFFFFFFFFFFFFFFFFFFFFF84
:10F09C00FFFFFFFFFFFFFFFFFFFFFFFFFFFFFFFF74
:10F0AC00FFFFFFFFFFFFFFFFFFFFFFFFFFFFFFFF64
:10F0BC00FFFFFFFFFFFFFFFFFFFFFFFFFFFFFFFF54
:10F0CC00FFFFFFFFFFFFFFFFFFFFFFFFFFFFFFFF44
:10F0DC00FFFFFFFFFFFFFFFFFFFFFFFFFFFFFFFF34
:10F0EC00FFFFFFFFFFFFFFFFFFFFFFFFFFFFFFFF24
:10F0FC00FFFFFFFFFFFFFFFFFFFFFFFFFFFFFFFF14
:10F10C00FFFFFFFFFFFFFFFFFFFFFFFFFFFFFFFF03
:10F11C00FFFFFFFFFFFFFFFFFFFFFFFFFFFFFFFFF3
:10F12C00FFFFFFFFFFFFFFFFFFFFFFFFFFFFFFFFE3
:10F13C00FFFFFFFFFFFFFFFFFFFFFFFFFFFFFFFFD3
:10F14C00FFFFFFFFFFFFFFFFFFFFFFFFFFFFFFFFC3
:10F15C00FFFFFFFFFFFFFFFFFFFFFFFFFF0540006B
:10F16C0040420F0003002C010000000001000000D1
:10F17C00000000000000000000080000010000007A
:10F18C00400000000000000000000300010000002F
:10F19C00FFFF0000FFFFFFFFFFFFFFFFFFFFFFFF71
:10F1AC00FFFFFFFFFFFFFFFFFFFFFFFFFFFFFFFF63
:10F1BC00FFFFFFFFFFFFFFFFFFFFFFFFFFFFFFFF53
:10F1CC00FFFFFFFFFFFFFFFFFFFFFFFFFFFFFFFF43
:10F1DC00FFFFFFFFFFFFFFFFFFFFFFFFFFFFFFFF33
:10F1EC00FFFFFFFFFFFFFFFFFFFFFFFFFFFFFFFF23
:10F1FC00FFFFFFFFFFFFFFFFFFFFFFFFFFFFFFFF13
:10F20C00FFFFFFFFFFFFFFFFFFFFFFFFFFFFFFFF02
:10F21C00FFFFFFFFFFFFFFFFFFFFFFFFFFFFFFFFF2
:10F22C00FFFFFFFFFFFFFFFFFFFFFFFFFFFFFFFFE2
:10F23C00FFFFFFFFFFFFFFFFFFFFFFFFFFFFFFFFD2
:10F24C00FFFFFFFFFFFFFFFFFFFFFFFFFFFFFFFFC2
:10F25C00FFFFFFFFFFFFFFFFFFFFFFFFFFFFFFFFB2
:10F26C00FFFFFFFFFFFFFFFFFFFFFFFFFFFFFFFFA2
:10F27C00FFFFFFFFFFFFFFFFFFFFFFFFFFFFFFFF92
:10F28C00FFFFFFFFFFFFFFFFFFFFFFFFFFFFFFFF82
:10F29C00FFFFFFFFFFFFFFFFFFFFFFFFFFFFFFFF72
:10F2AC00FFFFFFFFFFFFFFFFFFFFFFFFFFFFFFFF62
:10F2BC00FFFFFFFFFFFFFFFFFFFFFFFFFFFFFFFF52
:10F2CC00FFFFFFFFFFFFFFFFFFFFFFFFFFFFFFFF42
:10F2DC00FFFFFFFFFFFFFFFFFFFFFFFFFFFFFFFF32
:10F2EC00FFFFFFFFFFFFFFFFFFFFFFFFFFFFFFFF22
:10F2FC00FFFFFFFFFFFFFFFFFFFFFFFFFFFFFFFF12
:10F30C00FFFFFFFFFFFFFFFFFFFFFFFFFFFFFFFF01
:10F31C00FFFFFFFFFFFFFFFFFFFFFFFFFFFFFFFFF1
:10F32C00FFFFFFFFFFFFFFFFFFFFFFFFFFFFFFFFE1
:10F33C00FFFFFFFFFFFFFFFFFFFFFFFFFFFFFFFFD1
:10F34C00FFFFFFFFFFFFFFFFFFFFFFFFFFFFFFFFC1
:10F35C00FFFFFFFFFFFFFFFFFFFFFFFFFFFFFFFFB1
:10F36C00FFFFFFFFFFFFFFFFFFFFFFFFFFFFFFFFA1
:10F37C00FFFFFFFFFFFFFFFFFFFFFFFFFFFFFFFF91
:10F38C00FFFFFFFFFFFFFFFFFFFFFFFFFFFFFFFF81
:10F39C00FFFFFFFFFF05400040420F0003002C0160
:10F3AC000000000001000000000000000000000050
:10F3BC0000080000010000004000000000000000F8
:10F3CC000000030001000000FFFF0000FFFFFFFF33
:10F3DC00FFFFFFFFFFFFFFFFFFFFFFFFFFFFFFFF31
:10F3EC00FFFFFFFFFFFFFFFFFFFFFFFFFFFFFFFF21
:10F3FC00FFFFFFFFFFFFFFFFFFFFFFFFFFFFFFFF11
:10F40C00FFFFFFFFFFFFFFFFFFFFFFFFFFFFFFFF00
:10F41C00FFFFFFFFFFFFFFFFFFFFFFFFFFFFFFFFF0
:10F42C00FFFFFFFFFFFFFFFFFFFFFFFFFFFFFFFFE0
:10F43C00FFFFFFFFFFFFFFFFFFFFFFFFFFFFFFFFD0
:10F44C00FFFFFFFFFFFFFFFFFFFFFFFFFFFFFFFFC0
:10F45C00FFFFFFFFFFFFFFFFFFFFFFFFFFFFFFFFB0
:10F46C00FFFFFFFFFFFFFFFFFFFFFFFFFFFFFFFFA0
:10F47C00FFFFFFFFFFFFFFFFFFFFFFFFFFFFFFFF90
:10F48C00FFFFFFFFFFFFFFFFFFFFFFFFFFFFFFFF80
:10F49C00FFFFFFFFFFFFFFFFFFFFFFFFFFFFFFFF70
:10F4AC00FFFFFFFFFFFFFFFFFFFFFFFFFFFFFFFF60
:10F4BC00FFFFFFFFFFFFFFFFFFFFFFFFFFFFFFFF50
:10F4CC00FFFFFFFFFFFFFFFFFFFFFFFFFFFFFFFF40
:10F4DC00FFFFFFFFFFFFFFFFFFFFFFFFFFFFFFFF30
:10F4EC00FFFFFFFFFFFFFFFFFFFFFFFFFFFFFFFF20
:10F4FC00FFFFFFFFFFFFFFFFFFFFFFFFFFFFFFFF10
:10F50C00FFFFFFFFFFFFFFFFFFFFFFFFFFFFFFFFFF
:10F51C00FFFFFFFFFFFFFFFFFFFFFFFFFFFFFFFFEF
:10F52C00FFFFFFFFFFFFFFFFFFFFFFFFFFFFFFFFDF
:10F53C00FFFFFFFFFFFFFFFFFFFFFFFFFFFFFFFFCF
:10F54C00FFFFFFFFFFFFFFFFFFFFFFFFFFFFFFFFBF
:10F55C00FFFFFFFFFFFFFFFFFFFFFFFFFFFFFFFFAF
:10F56C00FFFFFFFFFFFFFFFFFFFFFFFFFFFFFFFF9F
:10F57C00FFFFFFFFFFFFFFFFFFFFFFFFFFFFFFFF8F
:10F58C00FFFFFFFFFFFFFFFFFFFFFFFFFFFFFFFF7F
:10F59C00FFFFFFFFFFFFFFFFFFFFFFFFFFFFFFFF6F
:10F5AC00FFFFFFFFFFFFFFFFFFFFFFFFFFFFFFFF5F
:10F5BC00FFFFFFFFFFFFFFFFFFFFFFFFFFFFFFFF4F
:10F5CC00FFFFFFFFFFFFFFFFFFFFFFFFFF054000F7
:10F5DC0040420F0003002C0100000000010000005D
:10F5EC000000000000000000000800000100000006
:10F5FC0040000000000000000000030001000000BB
:10F60C00FFFF0000FFFFFFFFFFFFFFFFFFFFFFFFFC
:10F61C00FFFFFFFFFFFFFFFFFFFFFFFFFFFFFFFFEE
:10F62C00FFFFFFFFFFFFFFFFFFFFFFFFFFFFFFFFDE
:10F63C00FFFFFFFFFFFFFFFFFFFFFFFFFFFFFFFFCE
:10F64C00FFFFFFFFFFFFFFFFFFFFFFFFFFFFFFFFBE
:10F65C00FFFFFFFFFFFFFFFFFFFFFFFFFFFFFFFFAE
:10F66C00FFFFFFFFFFFFFFFFFFFFFFFFFFFFFFFF9E
:10F67C00FFFFFFFFFFFFFFFFFFFFFFFFFFFFFFFF8E
:10F68C00FFFFFFFFFFFFFFFFFFFFFFFFFFFFFFFF7E
:10F69C00FFFFFFFFFFFFFFFFFFFFFFFFFFFFFFFF6E
:10F6AC00FFFFFFFFFFFFFFFFFFFFFFFFFFFFFFFF5E
:10F6BC00FFFFFFFFFFFFFFFFFFFFFFFFFFFFFFFF4E
:10F6CC00FFFFFFFFFFFFFFFFFFFFFFFFFFFFFFFF3E
:10F6DC00FFFFFFFFFFFFFFFFFFFFFFFFFFFFFFFF2E
:10F6EC00FFFFFFFFFFFFFFFFFFFFFFFFFFFFFFFF1E
:10F6FC00FFFFFFFFFFFFFFFFFFFFFFFFFFFFFFFF0E
:10F70C00FFFFFFFFFFFFFFFFFFFFFFFFFFFFFFFFFD
:10F71C00FFFFFFFFFFFFFFFFFFFFFFFFFFFFFFFFED
:10F72C00FFFFFFFFFFFFFFFFFFFFFFFFFFFFFFFFDD
:10F73C00FFFFFFFFFFFFFFFFFFFFFFFFFFFFFFFFCD
:10F74C00FFFFFFFFFFFFFFFFFFFFFFFFFFFFFFFFBD
:10F75C00FFFFFFFFFFFFFFFFFFFFFFFFFFFFFFFFAD
:10F76C00FFFFFFFFFFFFFFFFFFFFFFFFFFFFFFFF9D
:10F77C00FFFFFFFFFFFFFFFFFFFFFFFFFFFFFFFF8D
:10F78C00FFFFFFFFFFFFFFFFFFFFFFFFFFFFFFFF7D
:10F79C00FFFFFFFFFFFFFFFFFFFFFFFFFFFFFFFF6D
:10F7AC00FFFFFFFFFFFFFFFFFFFFFFFFFFFFFFFF5D
:10F7BC00FFFFFFFFFFFFFFFFFFFFFFFFFFFFFFFF4D
:10F7CC00FFFFFFFFFFFFFFFFFFFFFFFFFFFFFFFF3D
:10F7DC00FFFFFFFFFFFFFFFFFFFFFFFFFFFFFFFF2D
:10F7EC00FFFFFFFFFFFFFFFFFFFFFFFFFFFFFFFF1D
:10F7FC00FFFFFFFFFFFFFFFFFFFFFFFFFFFFFFFF0D
:10F80C00FFFFFFFFFF05400040420F0003002C01EB
:10F81C0000000000010000000000000000000000DB
:10F82C000008000001000000400000000000000083
:10F83C000000030001000000FFFF010020002C016C
:10F84C0000000000010000000000000000000000AB
:10F85C000008000001000000400000000000000053
:0CF86C00000003000100000000C2EB0BD4
:040000050801CEE13F
:00000001FF
