:020000040800F2
:1000000010020020891F0008D51F0008D51F000816
:10001000D51F0008D51F0008D51F000800000000EC
:10002000000000000000000000000000D51F0008D4
:10003000D51F000800000000D51F0008CD010008F2
:1000400000000000D51F0008D51F0008D51F0008BC
:10005000D51F0008D51F0008D51F0008D51F0008B0
:10006000D51F0008D51F0008D51F0008D51F0008A0
:10007000D51F0008D51F0008D51F0008D51F000890
:10008000D51F0008D51F000800000000D51F00087C
:10009000D51F0008D51F0008D51F0008D51F000870
:1000A000D51F0008D51F0008D51F0008D51F000860
:1000B000E903000800000000D51F00080000000050
:1000C000D51F000800000000D51F0008D51F00083C
:1000D000D51F000800000000000000000000000024
:1000E0000000000000000000D51F00080000000014
:1000F0000000000000000000000000000000000000
:10010000D51F00080000000000000000D51F0008F7
:1001100000000000000000000000000000000000DF
:1001200000000000000000000000000000000000CF
:1001300000000000000000000000000000000000BF
:10014000000000000000000000000000D51F0008B3
:1001500053B94AB9002908BF00281CBF4FF0FF312E
:100160004FF0FF3000F00CB8ADF1080C6DE904CE93
:1001700002F03EF8DDF804E0DDE9022304B0704748
:10018000704700BF074B591E1A5C095C41EA022107
:100190009A1E033B125C185C42EA012240EA0220EC
:1001A000704700BF2F0200204FF0E023054A5A613C
:1001B000054AF02182F8231000229A6107221A6171
:1001C000704700BF1E48010000ED00E0024A1368BE
:1001D00001331360704700BF68090020F8B5144B65
:1001E0006FF03A02D3F8E017D3F8AC07D3F8B06752
:1001F000D3F8B4774FF6FF73FFF7AAFF38461446DB
:100200001D466FF03A024FF6FF733146FFF7A0FF2D
:10021000084862406B400021013100F8012B06299B
:100220004FEA122242EA03624FEA1323F4D1F8BDE7
:1002300000F0FF1F6009002008B540F2115001F0E6
:10024000EBFC0823032200214FF0904001F02AFC30
:100250000823002202214FF0904001F001FCBDE88C
:100260000840082201214FF0904001F056BC08B52B
:1002700040F2115001F0D0FC0423032200214FF082
:10028000904001F00FFC0423002202214FF0904027
:1002900001F0E6FBBDE80840042201214FF0904048
:1002A00001F03BBC08B500221C20114601F066FCA1
:1002B000BDE8084040F2117001F0AEBC10B540F24C
:1002C000115001F0A9FC1023032200214FF09040AF
:1002D00001F0E8FBBDE810401023002201214FF09F
:1002E000904001F0BDBB10214FF0904001F013BCD5
:1002F000037810B55940044C044B5A5C4378615C58
:1003000042704B40037010BDC6250008C62400088B
:1003100073B5124C2246552102F8011B104908689A
:100320008988C4F8010091800122227262720D4A0C
:1003300000251288E571ADF80420264614F8011B4B
:1003400001A80135FFF7D4FF0A2DF7D19DF804303D
:10035000B3729DF80530F37202B070BD1802002030
:1003600060090020AC24000837B50C4B0C4C1D78FC
:100370000C4B65701B88ADF804305F2101A821701B
:10038000FFF7B6FF2946FFF7B3FF9DF80430A370CF
:100390009DF80530E37003B030BD00BF06000020BB
:1003A00028020020AC24000837B50C4B0C4C1D78FB
:1003B0000C4B65701B88ADF80430332101A8217007
:1003C000FFF796FF2946FFF793FF9DF80430A370CF
:1003D0009DF80530E37003B030BD00BF060000207B
:1003E00024020020AC240008F8B56549654801F0F6
:1003F000A1FD064640B1634840F2017101F07DFD68
:100400005F49604801F0ACFD5F495E4801F092FD34
:10041000074640B15B4840F2027101F06EFD5A4957
:10042000584801F09DFD5949564801F083FD0546A5
:1004300040B1544840F2037101F05FFD5349514807
:1004400001F08EFD52494F4801F074FD044640B161
:100450004C484FF4E06101F050FD4D49494801F02E
:100460007FFD4C49474801F065FDD0B1454840F259
:10047000037101F042FD4749424801F071FD72B637
:10048000454A00231360454A1360454A4FF4807182
:100490001180444A138062B6434A1370434A137072
:1004A00005E03E4335432C43E4B2002CE7D14049FC
:1004B000344801F03FFD10B3394A1388DBB13749A6
:1004C00030480C68013B1380631C5A42D2B2DBB245
:1004D00058BF53420B6001F00CFD364B23F814005B
:1004E000324B01221A70344B1A68344B1A602D4A71
:1004F0001388013313802E49224801F031FD304921
:10050000204801F017FDC0B12E4D2F4B2C881B88C1
:10051000A34226D94FF49672B4FBF2F302FB1343C5
:100520009BB22A4A174832F81310013401F0DDFC5F
:100530002C802349134801F013FD2549114801F08F
:10054000F9FCE0B10F48062101F0E9FC10214FF061
:10055000904001F0E0FABDE8F8401D49094801F07B
:10056000FFBC0848072101F0DAFC0648062101F02B
:10057000CCFC0E4A00231370164A1370D9E7F8BD5D
:1005800000020107004400400002020700020307C6
:100590000800000705000307580700205C0700203B
:1005A0000A000020540700202E0300203D030020F5
:1005B00005000507600700206809002038030020B7
:1005C00007000707FA040020F8040020FC040020BC
:1005D000060006073C03002010B5174C204601F02A
:1005E00005FC2046042101F078FC2046082101F09A
:1005F0006CFC2046052101F088FC20464FF4007178
:1006000001F083FC2046082101F07FFC20460B49C5
:1006100001F008FC2046002101F03AFC20460021B0
:1006200001F042FC2046002101F026FC2046BDE8F6
:10063000104001F045BC00BF0044004040420F00A4
:100640002DE9F04F764B1A8885B0002A31D072B66A
:100650001A88013A1A8062B67248734F01684B1CBF
:100660005A42D2B2DBB258BF534203606F4B33F8E9
:1006700011403B78002B58D1FF2C14D8AA2CE1B2A2
:100680001AD16B49032008706A496B480B706B499B
:100690000B706B4B01221A70FF233A70037043708A
:1006A0002146FFF725FE72B6664A13880133138090
:1006B00062B605B0BDE8F08FCC290FD102223A70A6
:1006C0005B4A13705B4A5C4813705C4A13705C4B66
:1006D00001221A70FF2303704370E2E7AF2901D1B2
:1006E0000322ECE7A02901D10422E8E7552905D12E
:1006F00005223A704E4A0B201070E3E7332904D1EB
:1007000005223A7003204A4AF6E75F2906D10523FD
:100710003B70474B03221A700023D3E75029C2D104
:1007200006233B700222424BF5E7013B052BBAD86A
:10073000DFE813F03805C705F3040600E505EE050C
:100740003B4D2978B9B9404BFF2C1E7809D93A485E
:10075000FFF7CEFD16B13A4B00221A7001232B7021
:10076000A1E7E4B234482146FFF7C2FDA642F5D026
:10077000FF2CF3D0EFE70139082994D801A353F8EF
:1007800021F000BFA9070008C1070008A70600085C
:10079000A7060008A7060008A7060008EB07000840
:1007A0001312000855080008B4F5807F274B224833
:1007B00028BF0024E1B21970FFF79AFD0223CEE7AB
:1007C000FF2C1E4B08D900211B481970FFF790FD24
:1007D000174B08221A7066E7E1B217481970FFF745
:1007E00087FD002CF4D00723B9E712480378B4F54D
:1007F000807F28BF0024FF22B3FBF2F21A440133AA
:10080000DDB2E1B202F0FF02114C05700A48A154BA
:10081000FFF76EFD094B1B78AB427FF444AFD7E77F
:1008200054070020580700202E03002060070020F6
:100830002D0300202C030020010000202B030020AA
:10084000000000200A000020060000201602002000
:100850002C020020D14BD24A4FF0000883F80080D0
:100860001278D04B5B78002A00F0C381B4F5807F0A
:1008700028BF44469C4240F0BC81CB4BCB49CC4A7C
:100880001B780978B2F900200091002B00F0AB81B1
:100890008A4200F0A881C74C94F80090B9F1F50F96
:1008A00040F0AA81C44B93F800B0BBF1FF0F00F0F9
:1008B0009A81C24A1388002B00F09581C049C14E2D
:1008C000D1F800A0013B13800AF10103B8EB030249
:1008D00002F01F0203F01F0358BF53420B60BA4BD4
:1008E000BA4A1D881288ADF80C204FF4967403A8FC
:1008F0005021FFF7FDFCB5FBF4F204FB125292B25B
:100900005021B1545946FFF7F3FC6A1C92B2B2FB76
:10091000F4F104FB112292B206F802B0DFF8C0B283
:100920009BF800100191FFF7E3FCAA1C92B2B2FB06
:10093000F4FC04FB1C22019992B2B15401318BF8F2
:1009400000101321FFF7D4FCEA1C92B2B2FBF4F1C1
:1009500004FB112292B21321B1544946FFF7C8FC9F
:100960002A1D92B2B2FBF4F104FB112292B20121D2
:1009700006F80290FFF7BCFC6A1D92B2B2FBF4F1DC
:1009800004FB112292B24FF00109414606F8029091
:10099000FFF7AEFCAA1D92B2B2FBF4F104FB1122E8
:1009A00092B23D2106F80280FFF7A2FCEA1D92B246
:1009B000B2FBF4F104FB112292B23D21B1540D219E
:1009C000FFF796FC05F1080292B2B2FBF4F104FBCA
:1009D000112292B20D21B1544946FFF789FC05F16D
:1009E000090292B2B2FBF4F104FB112292B2414629
:1009F00006F80290FFF77CFC05F10A0292B2B2FB06
:100A0000F4F104FB112292B2672106F80280FFF78D
:100A10006FFC05F10B0292B2B2FBF4F104FB112260
:100A200092B26721B1546421FFF762FC05F10C0218
:100A300092B2B2FBF4F104FB112292B26421B154E0
:100A40003321FFF755FC05F10D0292B2B2FBF4F130
:100A500004FB112292B24FF03308322106F80280D3
:100A6000FFF746FC05F10E0292B2B2FBF4F104FB73
:100A7000112292B23221B1546621FFF739FC05F1FF
:100A80000F0292B2B2FBF4F104FB112292B2662182
:100A9000B1544146FFF72CFC05F1100292B2B2FBB3
:100AA000F4F104FB112292B2414606F80280FFF7EE
:100AB0001FFC05F1110292B2B2FBF4F104FB11220A
:100AC00092B2302106F80280FFF712FC05F1120203
:100AD00092B2B2FBF4F104FB112292B23021B15474
:100AE0006B21FFF705FC05F1130292B2B2FBF4F1A2
:100AF00004FB112292B26B21B1543821FFF7F8FBAD
:100B000005F1140292B2B2FBF4F104FB112292B28D
:100B10003821B1547521FFF7EBFB05F1150292B2B4
:100B2000B2FBF4F104FB112292B27521B1543621CB
:100B3000FFF7DEFB05F1160292B2B2FBF4F104FB03
:100B4000112292B23621B15405F1170292B2B2FBD2
:100B5000F4F104FB112292B29DF80C10B15405F18E
:100B6000180292B2B2FBF4F104FB112292B2164BBE
:100B70009DF80D10B15405F119021A80144B23F899
:100B80001A50144B192203F80A20134B102203F8B1
:100B90000A20124A13884B4424E000BF3D03002082
:100BA00000000020010000202B030020160200207E
:100BB000040000202C020020060000200800002075
:100BC00074040020400300203E030020AC240008F1
:100BD000B804002098040020780400206C04002051
:100BE000170200201380B94B01221A70B84B009AEB
:100BF0001A8000233B7056E5B9F1FB0FF3D1012BAE
:100C00000BD1BFF34F8FB349B34BCA6802F4E06214
:100C10001343CB60BFF34F8FFEE7072BE3D9B4F844
:100C20000110002940F01181182BDCD1AB4BE27987
:100C30001970B4F80510A37AB1F5745FD3D10D2AF9
:100C4000D1D1012BCFD194F80CB094F80DA094F829
:100C50000E9094F80F8094F810E094F811C0A67CE0
:100C6000E57C207D617DA27DE37DBBF1670FBAD17C
:100C7000BAF1640FB7D1B9F1330FB4D1B8F1320F73
:100C8000B1D1BEF1660FAED1BCF1330FABD1332E73
:100C9000A9D1302DA7D16B28A5D13829A3D1752A88
:100CA000A1D1362B9FD172B600F06AFE202000F051
:100CB0007DFE102000F07AFE042000F077FE8848C8
:100CC00000F098FE202000F071FE102000F06EFE73
:100CD000042000F06BFE00F061FE62B6B4F8033051
:100CE000804A5BBA1380804B4FF00209A3F8009052
:100CF0007E4B93F800A0BAF1FF0F00F0A2807C4A6F
:100D00001388002B00F09D807A49DFF804B2D1F8F7
:100D10000080BBF80050784E013B138008F10103BE
:100D20005A4202F01F0203F01F0358BF53420B60E8
:100D3000724B4FF4967403A81B88ADF80C30502109
:100D4000FFF7D6FAB5FBF4F304FB13539BB2502222
:100D50005146F254FFF7CCFA6B1C9BB2B3FBF4F292
:100D600004FB12339BB206F803A0DFF8A8A19AF89F
:100D700000100191FFF7BCFA05EB09039BB2B3FB2E
:100D8000F4F204FB123301999BB2F15401318AF859
:100D900000100321FFF7ACFAEB1C9BB2B3FBF4F29B
:100DA00004FB12339BB20322FB21F254FFF7A0FA9B
:100DB0002B1D9BB2B3FBF4F204FB12339BB2FB225C
:100DC0000021F254FFF794FA6B1D9BB2B3FBF4F2CF
:100DD00004FB12339BB200224946F254FFF788FA13
:100DE000AB1D9BB2B3FBF4F204FB12339BB206F8CB
:100DF0000390EB1D9BB2B3FBF4F204FB12339BB2E6
:100E00009DF80C20F25405F108039BB2B3FBF4F2F9
:100E100004FB12339BB29DF80D20F25405F1090337
:100E2000ABF80030364B23F81850364B092203F844
:100E30000820354B102203F80820344A1388013368
:100E40001380264B01221A70CDE6274E4DBA328808
:100E5000ADB2AA427FF4C7AED4F803801F48DC1FAE
:100E60000022C4F38504B1F5807F027098FA88F8F7
:100E700004F1FF3450D1154624E04FEA850909F109
:100E80000700FFF77FF9064672B600F079FD2020D3
:100E900000F08CFD102000F089FD042000F086FD9C
:100EA000314609EB080000F0C1FD202000F07EFD76
:100EB000102000F07BFD042000F078FD00F06EFDB6
:100EC00062B60135A542D8DD8DE600BF31030020B2
:100ED0000400002000ED00E00400FA0510020020EC
:100EE0000028000814020020120200200600002042
:100EF000080000207404002040030020AC240008F7
:100F0000B804002098040020780400206C0400201D
:100F10003E03002017020020C8F30903D3B972B6BC
:100F200000F02EFD202000F041FD102000F03EFDDD
:100F3000042000F03BFD404600F05CFD202000F066
:100F400035FD102000F032FD042000F02FFD00F0F0
:100F500025FD62B64FF00009A14540F3B780B44BC0
:100F60001B88AB42B34B93F800A01ABF0135ADB25A
:100F70000125BAF1FF0F35803FF463AFAE4A138805
:100F8000002B3FF45EAFAD49DFF8E8B2D1F8009036
:100F9000BBF80060DFF8E082013B138009F1010338
:100FA0005A4202F01F0203F01F0358BF53420B6066
:100FB000A34B4FF4967403A81B88ADF80C30502156
:100FC000FFF796F9B6FBF4F304FB13639BB25022D0
:100FD000514608F80320FFF78BF9731C9BB2B3FB53
:100FE000F4F204FB12339BB208F803A0DFF88CA2E2
:100FF0009AF800100191FFF77BF9B31C9BB2B3FB89
:10100000F4F204FB123301999BB208F8031001318A
:101010008AF800100321FFF76BF9F31C9BB2B3FBB6
:10102000F4F204FB12339BB20322FB2108F80320E5
:10103000FFF75EF9331D9BB2B3FBF4F204FB1233EE
:101040009BB24FEA152AFB22514608F80320FFF70E
:101050004FF9731D9BB2B3FBF4F204FB12339BB246
:10106000EDB2294608F803A0FFF742F9B31D9BB281
:10107000B3FBF4F204FB12339BB208F80350F31DE8
:101080009BB2B3FBF4F204FB12339BB29DF80C202D
:1010900008F8032006F108039BB2B3FBF4F204FB4B
:1010A00012339BB29DF80D2008F8032006F10903C6
:1010B000ABF80030634B23F81960634B092203F847
:1010C0000920624B102203F80920B6E64FEA890B8B
:1010D0000BF10700FFF756F8824672B600F050FC9D
:1010E000202000F063FC102000F060FC042000F0E1
:1010F0005DFC51460BEB080000F098FC202000F04E
:1011000055FC102000F052FC042000F04FFC00F0D1
:1011100045FC62B609F101091EE74D4B1978C9B9C2
:10112000444BFF2C1D7805D94A48FFF7E1F865B913
:10113000FFF74EBBE4B247482146FFF7D9F8A54276
:101140003FF446ABFF2C3FF443AB434B00221A70F5
:10115000FFF73EBB082907D13E4BB4F5807F1B78D3
:1011600028BF0024A3425BE009297FF49CAA3B4BE3
:10117000394900221A700978364B5B7800293FF410
:1011800038ADB4F5807F28BF14469C427FF431AD62
:10119000334B197800293FF42CAD324901200870F7
:1011A0001A7026E52A4E3378032B23D12E4F294877
:1011B0003D780622B5FBF2F302FB1353DBB22B4A58
:1011C000B4F5807FD35C28BF0024E1B28B4218BF06
:1011D000214B05F1010518BF0022EDB218BF1A70AE
:1011E000FFF786F8062D3D707FF45DAA002333706B
:1011F000FFF759BA5BB9B4F5807F1D4B154828BF7E
:101200000024E1B21970FFF773F80823EFE7082B09
:1012100036D1104BB4F5807F1B7828BF00249C4248
:101220001EBF0D4B00221A70094B0922FFF7D2BADC
:101230001402002006000020080000207404002092
:10124000AC240008B8040020980400207804002092
:101250002D03002001000020000000203D0300209D
:101260002F030020300300202C0300206009002001
:10127000160200203E030020400300201702002039
:10128000092B7FF410AA2A4B2A4A00251D701278D8
:10129000294B5B78002A3FF4ACACB4F5807F28BFC3
:1012A0002C469C427FF4A5AC244B1A78244B1A7030
:1012B000FFF75AF8FFF778F8224B01221D70224BF6
:1012C0006EE7224B197800293FF42AAF0829A0D0F5
:1012D00009297FF4E8A9164B00221A70154A164B0B
:1012E00012785B78002A3FF484ACB4F5807F28BF85
:1012F00000249C427FF47DAC114BFF2250E7134A3F
:101300001378012B7FF675AC013B1370FFF7CBB957
:101310000E4A1378012BF7D8FF2C98BF02344FF0F8
:10132000050394BFE4B202243B701470FFF7BBB90D
:101330003D030020000000200100002016020020D4
:1013400006000020310300200C0000202D030020A7
:10135000714B2DE9F74F1B78704F3C78002B40F014
:10136000AD80002C40F0AA806D4B6E4D1B786E4E08
:10137000FF2B00F0B9806D4B1A78E2B110214FF0CD
:1013800090401C7000F0C5FB694A6A4B11781980C7
:10139000517859809178D2789980DA80664B674885
:1013A00004221A80664B07211C8000F0AEFD3368D2
:1013B0002B6001233B70D6F800A02B68AAEB030337
:1013C000012B58D95F490B88002B54D05E4ADFF8B7
:1013D00098B114681BF80490B9F1000F7FD05B48F6
:1013E00030F8140001905A4890F80080B8F1000FCE
:1013F00014D04FF0000C013B01340B8080F800C08A
:10140000BCEB040303F01F0304F01F0458BF5C424D
:101410001460504A1388013313802CE04E4B4FF078
:1014200090401B5D0093102100F073FB424BDFF8EE
:1014300004C1A3F80080009BDFF830E15A1E4FF48E
:10144000967043469A423CDAB8F1000F02D03A4B0C
:10145000009A1A803A4B3948002207211A8009F174
:10146000FF3900F052FD3D4A0BF804900123137040
:10147000C5F800A03B7033682A689B1AB3F57A7FE1
:101480001CD910214FF0904000F043FB344A294B07
:1014900011781980517859809178D278DA809980C2
:1014A000254B04221A80264B2448002207211A804B
:1014B00000F02BFD33682B6001233B7003B0BDE8C7
:1014C000F08F01995918B1FBF0F800FB18114FF09B
:1014D00001081EF801102CF813100133B2E7013B8C
:1014E00001340B8063428DE733682A689B1AB3F599
:1014F0007A7FE3D910214FF0904000F00AFB194A9F
:101500000C49234612F8010B21F8130001330C2B70
:10151000F8D1094A1380C6E73D0300203C030020B0
:101520000600002034030020680900203103002059
:1015300028020020FC040020F804002000440040A1
:10154000FA0400206C04002070040020B80400207D
:101550003003002008000020980400202F03002002
:1015600024020020180200207804002040030020FC
:101570000D4B0E4A19681368CB1A012B10B511D9FF
:1015800072B60B48002303600A4803600A484FF410
:10159000807404800948038062B6094811600370B2
:1015A0000848037010BD00BF680900203803002000
:1015B000580700205C0700200A0000205407002084
:1015C0002E0300203D0300204B4B1B782DE9F347F1
:1015D000002B00F08E80494B93F80090B9F1FF0F7B
:1015E00000F08780464A1388002B00F0828045492E
:1015F000DFF830810F68B8F80050434E013B13808C
:101600007B1C5A4202F01F0203F01F0358BF5342D3
:101610000B603E4B4FF4967401A81B88ADF8043064
:101620005021FEF765FEB5FBF4F304FB13539BB2A8
:1016300050224946F254FEF75BFE6B1C9BB2B3FB93
:10164000F4F204FB12339BB206F80390DFF8D89053
:1016500099F800A05146FEF74BFEAB1C9BB2B3FBC2
:10166000F4F204FB12339BB2012106F803A00AF145
:10167000010A89F800A0FEF73BFEEB1C9BB2B3FB0E
:10168000F4F204FB12339BB20122F254204B93F884
:1016900000904946FEF72CFE2B1D9BB2B3FBF4F2E3
:1016A00004FB12339BB206F803906B1D9BB2B3FB95
:1016B000F4F204FB12339BB29DF80420F254AB1DEC
:1016C0009BB2B3FBF4F204FB12339BB29DF80520EE
:1016D000F254EB1DA8F800300E4B23F817500E4BB8
:1016E0000722DA550D4B1022DA550D4A13880133C3
:1016F000138002B0BDE8F0870C0000200600002037
:10170000080000207404002040030020AC240008DE
:1017100007000020B804002098040020780400206E
:101720006C0400203E03002017020020064BD3F873
:101730000028013207D072B6D3F8002882F3088857
:10174000D3F8043818477047002000085A4B1B781C
:101750002DE9F74F002B00F0AC80584B93F800A018
:10176000BAF1FF0F00F0A580554A1388002B00F056
:10177000A0805449DFF86C81B1F800905249B8F864
:1017800000500F68514E013B13807B1C5A4202F0FF
:101790001F0203F01F0358BF53420B604C4B4FF422
:1017A000967401A81B88ADF804305021FEF7A0FD07
:1017B000B5FBF4F304FB13539BB250225146F25491
:1017C000FEF796FD6B1C9BB2B3FBF4F204FB1233E5
:1017D0009BB206F803A0DFF810A19AF800B05946B2
:1017E000FEF786FDAB1C9BB2B3FBF4F204FB123395
:1017F0009BB2032106F803B00BF1010B8AF800B08D
:10180000FEF776FDEB1C9BB2B3FBF4F204FB123344
:101810009BB20322FB21F254FEF76AFD2B1D9BB203
:10182000B3FBF4F204FB12339BB24FEA192AFB22FA
:101830005146F254FEF75CFD6B1D9BB2B3FBF4F214
:1018400004FB12339BB25FFA89F9494606F803A0FC
:10185000FEF74EFDAB1D9BB2B3FBF4F204FB12335B
:101860009BB206F80390EB1D9BB2B3FBF4F204FBB2
:1018700012339BB29DF80420F25405F108039BB289
:10188000B3FBF4F204FB12339BB29DF80520F25433
:1018900005F10903A8F800300E4B23F817500E4B42
:1018A0000922DA550D4B1022DA550D4A13880133FF
:1018B000138003B0BDE8F08F100200200600002066
:1018C00008000020120200207404002040030020C1
:1018D000AC240008B80400209804002078040020FC
:1018E0006C0400203E0300201702002008B5FEF71C
:1018F0005BFCFEF773FCFEF79FFCFEF7B8FCFEF7FF
:10190000D1FCFEF7DBFCFEF7EEFCFEF701FDFEF777
:101910002BFDFEF749FDBDE80840FEF75DBE000067
:101920002DE9F0470025DFF848802F462E4644F683
:101930001F6940F6B73AD8F80040A31BB3F5FA6F19
:1019400002D3FFF741FE2646E31B4B4502D9FFF7C2
:10195000EDFE2746631B534502D9FFF7F7FE2546E8
:10196000FEF76EFEFFF7F4FCFFF702FEE3E700BFB1
:101970006809002008B5FFF7B9FFFFF7D1FF0000A5
:10198000044B1A69120641BF034A5A6002F18832B9
:101990005A6070470020024023016745024A1369DC
:1019A00043F080031361704700200240014BD86070
:1019B000704700BF00200240074BDA68D10707D408
:1019C000DA68D20606D4D868C0F3800040007047B9
:1019D00001207047032070470020024010B50446E4
:1019E000FFF7EAFF012804F1FF3402D1002CF7D100
:1019F000042010BD38B505464FF47020FFF7EEFF08
:101A000088B9094C236943F00203236165612369A6
:101A100043F0400323614FF47020FFF7DFFF236999
:101A200023F00203236138BD0020024070B5054653
:101A30004FF470200E46FFF7D1FF68B9074C2369B9
:101A400043F0010323614FF470202E60FFF7C6FFBF
:101A5000236923F00103236170BD00BF0020024011
:101A60002DE9F0430568C46800264FF0010E4FF0E1
:101A700003080EFA06F71F420DD0770008FA07FC9C
:101A800001FA07F925EA0C0524EA0C0402FA07F723
:101A900049EA05053C430136102EEAD10560C460D1
:101AA000BDE8F08301294168F0B50CBF19439943A3
:101AB0004FF6FF744160A242816815D1C46B0022C9
:101AC00001274FF0030C07FA02F61E421CBF550017
:101AD0000CFA05F502F101021CBF29433443102A18
:101AE000F1D18160C463F0BD002401274FF0030CE5
:101AF00007FA04F51D4207D065000CFA05F621EA45
:101B0000060102FA05F529430134102CF0D1816059
:101B1000E9E78161704781627047F0B5066A456AFE
:101B200000234FF0010C4FF00F0E0CFA03F4144297
:101B300007D09C000EFA04F726EA070601FA04F41F
:101B400026430133082BF0D100234FF0010C4FF056
:101B50000F0E03F108040CFA04F4144207D09C00A1
:101B60000EFA04F725EA070501FA04F425430133C8
:101B7000082BEED106624562F0BD000010B51D4C89
:101B8000E36803F4E063B3F5A06F08D020D8B3F5A1
:101B9000407F26D0B3F5806F26D0174BE360022339
:101BA0001C46C4F10404A140C3F104040F23E34024
:101BB0001340124A0B431B011118DBB281F80033AA
:101BC0004109012300F01F00834042F8213010BD7D
:101BD000B3F5C06F0BD0B3F5E06FDED10423002462
:101BE000DFE700230424DCE701230324D9E70323F0
:101BF0000124D6E700ED00E00005FA0500E100E071
:101C000021F06041034B21F07F0101439960BFF354
:101C10004F8F704700ED00E0830903F1804303F527
:101C2000043300F01F001968012282400A431A6041
:101C30007047830903F1804303F5043300F01F006C
:101C40001A680121814022EA01021A607047FFF7F9
:101C5000E3BFFFF7EEBF0000F0B55D4B89B005466E
:101C600004AC03F110061F4618685968224603C2E7
:101C70000833B3421446F7D1716838696B4603C321
:101C800003C354494B68C3F38103022B44D14A6810
:101C90004868CB6A0601C2F383424FEAD37334D457
:101CA000002B30D102324B68C86ADC0332D5CB6AD4
:101CB000400003F00F0354BF474848480133B0FBCE
:101CC000F3F35A434B68C3F3031320336B4413F805
:101CD000104C4B68C3F3022320336B4422FA04F404
:101CE00013F8206C4B68C3F3C22320336B4413F802
:101CF000183C24FA03F0062D10D8DFE805F0641232
:101D0000141017464F002132CDE70BB91132CAE744
:101D10003132C8E7324BD4E72F4AD3E7002009B06D
:101D2000F0BD2046FBE724FA06F0F8E70B6BDA0576
:101D300007D40B6B2B4813F4803F2B4B08BF18467E
:101D4000EDE74A680B6BC2F38132022A4FEAD37384
:101D50000FD0032A14D0012A06D00BB94008DEE7C1
:101D60000320B4FBF0F0DAE70BB98008D7E70520D1
:101D7000F7E71BB90623B0FBF3F0D0E70720F0E745
:101D80000BB9C008CBE70920EBE70B6B13F0400F52
:101D900048F2120018BF4FF40040C0E70B6B9B07DE
:101DA000BDD00B6B03F00303012B0CD00B6B03F0C6
:101DB0000303022B09D00B6B074803F00303032B2B
:101DC00018BF0020ABE71046A9E74FF40040A6E794
:101DD000AE2400080010024000127A00006CDC0201
:101DE00000093D00003FAB01809FD50008B50C4BBA
:101DF00098420DD003F57443984210D140F20E3052
:101E0000FFF725FF40F20E30BDE80840FFF721BF85
:101E100040F21140FFF71BFF40F21140F4E708BD0C
:101E20000044004038B5134B984204460D4618D084
:101E300003F57443984216D10620FFF70DFF226880
:101E400012044FEA550310D503EB4003B3FBF5F141
:101E5000C1F3420321F00F010904090C0B43E360B5
:101E600038BD0220E9E70020E9E70344B3FBF5F3BE
:101E70009BB2F4E700440040036823F001030360D1
:101E8000036823F4C063036003680B430360704777
:101E9000036823F001030360036823F480530360A5
:101EA00003680B4303607047036823F0010303607A
:101EB000436823F44053436043680B4343607047D7
:101EC000036843F0010303607047036823F00803CD
:101ED000036003680B4303607047036823F0040347
:101EE000036003680B4303607047C1F3080181621C
:101EF0007047406AC0F308007047026A01F01F0192
:101F000001238B401343036270478A0910B501F027
:101F10001F01145801238B402343135010BD10B5EB
:101F20008C090122235801F01F018A4023EA020391
:101F3000235010BDC1F3891310B51C588B0D1A58CE
:101F4000C1F30440012303FA00F0104006D001F071
:101F50001F018B40234214BF0120002010BD000050
:101F6000084B994206D1D0F8D03023F40043C0F892
:101F7000D0307047026AC1F3044101238B40134300
:101F80000362704709340F34DFF830D0002103E0DA
:101F90000B4B5B58435004310A480B4B42189A4292
:101FA000F6D30A4A02E0002342F8043B084B9A4267
:101FB000F9D300F011F8FFF7DDFC704710020020A4
:101FC000D826000800000020100000201002002089
:101FD0006C090020FEE700007E4BDA6902F0060281
:101FE000062A82B047D0DA69900444D57A4A7B4900
:101FF00059605A6099609A601A6942F020021A6129
:102000001A6942F040021A61DA68D107FCD41A69F1
:1020100022F020021A611A6942F010021A61DA698C
:1020200012F0060F6E4A40F0C780A5231380694B5B
:102030006B4AD969090A01F0DF015180D969C1F3FE
:1020400007419180D969090ED180196AC9B21181FD
:10205000196AC1F307215181DA68D207FCD41A69E1
:1020600022F010021A611A6922F400721A611A69C8
:1020700042F080021A615B4AD2F8883043F4700360
:10208000C2F88830584B1A6842F001021A601A6888
:102090009007FCD55A6842F080025A6000220192F3
:1020A000019A4F2A40F290805A6842F090025A609A
:1020B00000220192019A4F2A40F289805A6822F048
:1020C00003025A601A6822F0867222F480321A6083
:1020D0005968464A0A405A605A6822F0084222F477
:1020E00074125A60DA6A22F0404222F00F02DA6279
:1020F0001A6B22F4817222F001021A631A6B22F425
:1021000080321A631A6B22F000421A635A6B22F073
:1021100001025A63D3F8C02022F48032C3F8C020F1
:1021200000229A60C3F8CC201A6842F480321A6008
:102130004FF400621968890301D4013AFAD11A6890
:10214000900333D55A685A605A6842F400525A6074
:102150005A6842F480625A605A6822F0036222F49C
:1021600070225A60DA6A22F0404222F00F02DA62EC
:102170005A6842F0016242F480325A60DA6A42F0F0
:102180000102DA62DA6ADA621A6842F080721A6070
:102190001A689101FCD55A6822F003025A605A6805
:1021A00042F002025A605A681207FCD500214FF033
:1021B000006002B0FFF724BDDB6903F00603022BC9
:1021C0007FF435AFBB2331E7019A013267E7019A0B
:1021D00001326EE700200240AB89EFCD2301674555
:1021E00000F8FF1F00ED00E0001002400C00FF08A7
:1021F0002DE9F047089D0C46002B4ED194468C45A6
:102200008646B2FA82F262D94AB1C2F12003914005
:1022100020FA03F30CFA02FC194300FA02FE4FEA1B
:102220001C471FFA8CF6B1FBF7F44FEA1E4307FB7D
:10223000141143EA014304FB06F199420AD91CEB4D
:10224000030304F1FF3080F01381994240F21081C2
:10225000023C6344591A1FFA8EF3B1FBF7F007FBF7
:10226000101143EA014300FB06F69E420AD91CEB1B
:10227000030300F1FF3180F0FD809E4240F2FA80BE
:10228000634402389B1B40EA044000211DB1D34047
:102290000022C5E90032BDE8F0878B4205D90DB1B7
:1022A000C5E9000100210846F5E7B3FA83F10029EA
:1022B00046D1A34202D39042C0F0F180861A64EB6B
:1022C00003030120002DE6D0C5E90063E3E7002AFF
:1022D00040F09180A1EB0C044FEA1C481FFA8CF7E8
:1022E0000121B4FBF8F64FEA1E4308FB164443EA0B
:1022F000044307FB06F0984208D91CEB030306F1E0
:10230000FF3402D2984200F2CE8026461C1A1FFAF1
:102310008EF3B4FBF8F008FB104443EA044300FBDF
:1023200007F79F4208D91CEB030300F1FF3402D2E8
:102330009F4200F2B1802046DB1B40EA0640A5E741
:10234000C1F120068B4022FA06F71F4320FA06FC53
:1023500004FA01F343EA0C03F44000FA01F8380CE4
:102360004FEA1349B4FBF0FE1FFA87FC00FB1E4442
:1023700049EA04440EFB0CF9A14502FA01F20AD91C
:102380003C190EF1FF3A80F08580A14540F2828031
:10239000AEF1020E3C44A4EB09041FFA83F9B4FB2E
:1023A000F0F300FB134449EA044403FB0CFCA4458E
:1023B00007D93C1903F1FF3068D2A44566D9023B26
:1023C0003C4443EA0E40A0FB0293A4EB0C049C4265
:1023D000CE469C4652D34FD055B1B8EB0E0364EBBA
:1023E0000C0404FA06F6CB40CC401E43C5E9006459
:1023F0000021BDE8F087C2F1200320FA03F10CFAB6
:1024000002FC24FA03F394400C434FEA1C4800FA00
:1024100002FE1FFA8CF7B3FBF8F008FB1031230C17
:1024200043EA014300FB07F1994208D91CEB03037F
:1024300000F1FF362CD299422AD9023863445B1A44
:10244000A4B2B3FBF8F108FB113344EA034401FBE7
:1024500007F3A34208D91CEB040401F1FF3613D2A1
:10246000A34211D902396444E41A41EA004138E731
:102470000446EFE6084605E7C845ADD2B9EB020EC3
:1024800063EB070C0138A7E73146EDE7034698E711
:102490003046D4E7D6467EE7634402384CE706462A
:1024A000234608460EE7023E63442FE7FFFF000085
:1024B00000000000000001020304060708090000F4
:1024C00000000102030400C0C101C30302C2C6062A
:1024D00007C705C5C404CC0C0DCD0FCFCE0E0ACA5C
:1024E000CB0BC90908C8D81819D91BDBDA1A1EDEAC
:1024F000DF1FDD1D1CDC14D4D515D71716D6D2125C
:1025000013D311D1D010F03031F133F3F23236F66B
:10251000F737F53534F43CFCFD3DFF3F3EFEFA3A1B
:102520003BFB39F9F83828E8E929EB2B2AEAEE2EAB
:102530002FEF2DEDEC2CE42425E527E7E62622E21B
:10254000E323E12120E0A06061A163A3A26266A66B
:10255000A767A56564A46CACAD6DAF6F6EAEAA6ADB
:102560006BAB69A9A86878B8B979BB7B7ABABE7E2B
:102570007FBF7DBDBC7CB47475B577B7B67672B2DB
:10258000B373B17170B0509091519353529296566B
:102590005797559594549C5C5D9D5F9F9E5E5A9A9B
:1025A0009B5B99595898884849894B8B8A4A4E8E2B
:1025B0008F4F8D4D4C8C448485458747468682429B
:1025C00043834181804000C1814001C0804101C0FE
:1025D000804100C1814001C0804100C1814000C1F3
:1025E000814001C0804101C0804100C1814000C1E3
:1025F000814001C0804100C1814001C0804101C0D3
:10260000804100C1814001C0804100C1814000C1C2
:10261000814001C0804100C1814001C0804101C0B2
:10262000804100C1814000C1814001C0804101C0A2
:10263000804100C1814001C0804100C1814000C192
:10264000814001C0804101C0804100C1814000C182
:10265000814001C0804100C1814001C0804101C072
:10266000804100C1814000C1814001C0804101C062
:10267000804100C1814001C0804100C1814000C152
:10268000814001C0804100C1814001C0804101C042
:10269000804100C1814001C0804100C1814000C132
:1026A000814001C0804101C0804100C1814000C122
:1026B000814001C0804100C1814001C0804101C012
:0826C000804100C181400000CF
:0426C800F8B500BFA2
:0426CC00F8B500BF9E
:0826D00020FBFF7F0100000068
:1026D80001FFFF00FFFFFFF22000000101000000E2
:0400000508001F8947
:020000040800F2
:102800006003002059AC0008A5AC0008A5AC000886
:10281000A5AC0008A5AC0008A5AC000800000000AD
:10282000000000000000000000000000A5AC00084F
:10283000A5AC000800000000A5AC0008B9290008FC
:1028400000000000A5AC0008A5AC0008A5AC00087D
:10285000A5AC0008A5AC0008A5AC0008A5AC000814
:10286000A5AC0008A5AC0008A99B0008A5AC000811
:10287000A5AC0008A5AC0008A5AC0008A5AC0008F4
:10288000A5AC0008A5AC000800000000A5AC00083D
:10289000A5AC000895540008A5AC0008015200083A
:1028A000A5AC0008A5AC0008A5AC0008A5AC0008C4
:1028B000E92B000800000000A5AC000800000000A3
:1028C0005953000800000000A5AC0008A5AC0008A2
:1028D000A5AC00080000000000000000000000009F
:1028E0000000000000000000A5AC0008000000008F
:1028F00000000000000000000000000000000000D8
:10290000A5AC00080000000000000000A5AC000815
:1029100000000000000000000000000000000000B7
:1029200000000000000000000000000000000000A7
:102930000000000000000000000000000000000097
:10294000000000000000000000000000A5AC00082E
:1029500053B94AB9002908BF00281CBF4FF0FF3106
:102960004FF0FF3000F00CB8ADF1080C6DE904CE6B
:1029700008F0A6FADDF804E0DDE9022304B07047B0
:10298000704700BF02440346934200D1704703F8EA
:10299000011BF9E74FF0E023054A5A61054AF0218F
:1029A00082F8231000229A6107221A61704700BF43
:1029B0001E48010000ED00E0024A13680133136075
:1029C000704700BF78190020F8B5144B6FF03A0239
:1029D000D3F8E017D3F8AC07D3F8B067D3F8B477DF
:1029E0004FF6FF73FFF7B4FF384614461D466FF0ED
:1029F0003A024FF6FF733146FFF7AAFF08486240DC
:102A00006B400021013100F8012B06294FEA122208
:102A100042EA03624FEA1323F4D1F8BD00F0FF1F2E
:102A20007019002008B503494FF0006007F0DAFC88
:102A300062B608BD0028000808B540F2115007F042
:102A4000DDFC0823032200214FF0904007F00EFB2D
:102A50000823002202214FF0904007F0E5FABDE87C
:102A60000840082201214FF0904007F040BB08B514
:102A700040F2115007F0C2FC0423032200214FF062
:102A8000904007F0F3FA0423002202214FF0904017
:102A900007F0CAFABDE80840042201214FF0904037
:102AA00007F025BB08B500221C20114607F058FC92
:102AB000BDE8084040F2117007F0A0BC10B540F22C
:102AC000115007F09BFC1023032200214FF090408F
:102AD00007F0CCFABDE810401023002201214FF08E
:102AE000904007F0A1BA10214FF0904007F0F7BADC
:102AF000037810B55940044C044B5A5C4378615C30
:102B000042704B40037010BD3CBF00083CBE000843
:102B100073B5124C2246552102F8011B1049086872
:102B20008988C4F8010091800122227262720D4AE4
:102B300000251288E571ADF80420264614F8011B23
:102B400001A80135FFF7D4FF0A2DF7D19DF8043015
:102B5000B3729DF80530F37202B070BD27120020E9
:102B60007019002010B2000837B50C4B0C4C1D78C2
:102B70000C4B65701B88ADF804305F2101A82170F3
:102B8000FFF7B6FF2946FFF7B3FF9DF80430A370A7
:102B90009DF80530E37003B030BD00BF5401002044
:102BA0003712002010B2000837B50C4B0C4C1D78C2
:102BB0000C4B65701B88ADF80430332101A82170DF
:102BC000FFF796FF2946FFF793FF9DF80430A370A7
:102BD0009DF80530E37003B030BD00BF5401002004
:102BE0003312002010B20008F8B56549654808F0B6
:102BF00009F8064640B1634840F2017107F0E5FF6D
:102C00005F49604808F014F85F495E4807F0FAFF32
:102C1000074640B15B4840F2027107F0D6FF5A49BF
:102C2000584808F005F85949564807F0EBFF0546A3
:102C300040B1544840F2037107F0C7FF534951486F
:102C400007F0F6FF52494F4807F0DCFF044640B159
:102C50004C484FF4E06107F0B8FF4D49494807F090
:102C6000E7FF4C49474807F0CDFFD0B1454840F257
:102C7000037107F0AAFF4749424807F0D9FF72B62F
:102C8000454A00231360454A1360454A4FF480715A
:102C90001180444A138062B6434A1370434A13704A
:102CA00005E03E4335432C43E4B2002CE7D14049D4
:102CB000344807F0A7FF10B3394A1388DBB137490E
:102CC00030480C68013B1380631C5A42D2B2DBB21D
:102CD00058BF53420B6007F074FF364B23F81400C3
:102CE000324B01221A70344B1A68344B1A602D4A49
:102CF0001388013313802E49224807F099FF304989
:102D0000204807F07FFFC0B12E4D2F4B2C881B8829
:102D1000A34226D94FF49672B4FBF2F302FB13439D
:102D20009BB22A4A174832F81310013407F045FFC6
:102D30002C802349134807F07BFF2549114807F0F1
:102D400061FFE0B10F48062107F051FF10214FF05D
:102D5000904007F0C4F9BDE8F8401D49094807F064
:102D600067BF0848072107F042FF0648062107F021
:102D700034FF0E4A00231370164A1370D9E7F8BDCA
:102D8000000201070044004000020207000203079E
:102D90000800000705000307681700206C170020D3
:102DA00058010020641700203D1300204D1300201F
:102DB000050005077017002078190020481300202F
:102DC000070007070A150020081500200C15002031
:102DD000060006074C13002010B5174C204607F0DC
:102DE0006DFE2046042107F0E0FE2046082107F092
:102DF000D4FE2046052107F0F0FE20464FF4007176
:102E000007F0EBFE2046082107F0E7FE20460B49BD
:102E100007F070FE2046002107F0A2FE20460021A8
:102E200007F0AAFE2046002107F08EFE2046BDE8EE
:102E3000104007F0ADBE00BF0044004040420F000C
:102E40002DE9F04F974B1A888BB0002A31D072B61B
:102E50001A88013A1A8062B6934801684B1C5A429C
:102E6000D2B2DBB258BF53420360904A904B33F862
:102E700011401378002B58D1FF2C14D8AA2CE1B2A2
:102E80001AD1012111708B4A032010708A4A8B4895
:102E900013708B4A13708B4B1970FF2303704370B0
:102EA0002146FFF725FE72B6874A13880133138047
:102EB00062B60BB0BDE8F08FCC290FD102201070A4
:102EC0007C4A13707C4A7D4813707D4A13707D4B99
:102ED00001221A70FF2303704370E2E7AF2901D18A
:102EE0000320ECE7A02901D10420E8E7552905D10A
:102EF000052010706F4A0B201070E3E7332904D1CE
:102F0000052010706B4A0320F6E75F2906D10523E0
:102F10001370684B03221A700023D3E75029C2D1E3
:102F200006231370634B0222F5E7013B052BBAD849
:102F3000DFE813F0B60B0E0C4A0B0600340C3D0C08
:102F40005C4D2978B9B9614BFF2C1E7809D95B48D3
:102F5000FFF7CEFD16B15B4B00221A7001232B70D8
:102F6000A1E7E4B255482146FFF7C2FDA642F5D0DD
:102F7000FF2CF3D0EFE70139082994D801A353F8C7
:102F800021F000BFA92F0008C12F0008A72E0008BC
:102F9000A72E0008A72E0008A72E0008EB2F000878
:102FA0004546000821300008B4F5807F484B43486F
:102FB00028BF0024E1B21970FFF79AFD0223CEE783
:102FC000FF2C3F4B08D900213C481970FFF790FDBA
:102FD000384B08221A7066E7E1B238481970FFF7DB
:102FE00087FD002CF4D00723B9E733480378B4F504
:102FF000807F28BF0024FF22B3FBF2F21A44013382
:10300000DDB2E1B202F0FF02324C05702B48A15450
:10301000FFF76EFD2A4B1B78AB427FF444AFD7E736
:103020002D4B284A00271F701278244B5B78002A0A
:1030300034D0B4F5807F28BF3C46A3422ED1204B2C
:10304000234A1C78254B1278B3F900300592FCB165
:1030500093421DD01F4B93F80080B8F1F40F4DD16F
:103060001F4B1F721F7583F8207083F82C701D4B47
:103070001F701D4B1F601D4B01221A701C4B5A7391
:1030800001370A2F03F11003F9D11A4B00221A60FD
:10309000194B01221A70114B059A1A80034B00221A
:1030A00098E700BF64170020681700203D13002038
:1030B000701700203C1300203B130020500100201B
:1030C0003A1300204F010020580100205401002035
:1030D000251200203B1200204D1300205201002039
:1030E000680F002070030020680300207103002097
:1030F0007C0000206C03002040130020B8F1480F32
:1031000011D8B8F13F0FC3D9A8F14108B8F1070FA2
:1031100072D8DFE818F02D00B80095023E03E404F1
:103120006F0558062F07B8F1F50F01F0CF80B8F101
:10313000FB0F01F03D82B8F1F20FA9D10B2CA7D102
:103140008549864A9FED867A002311F8010F07EE24
:10315000900AF8EE677A013367EE877A0A2BC2EDA0
:10316000027A02F11002F0D17E4B00221A708FE732
:10317000022C8DD15B78013BDBB2092B88D87A4ACF
:103180007A4CDFF8FCE10C2101FB0322282000FB34
:1031900003F7002100264FF07E551160556016722E
:1031A0004FF0200CE21904F807C0DFF8D8C1C2F8CC
:1031B00020E011615561C2F818C0D16182F8256024
:1031C000012210FB03231A19E6544FF0FF10FF23CE
:1031D000A2F80130C2F80300D371654A1320D31955
:1031E000D05540F2011219615D61C3F818C0D96170
:1031F0001A6283F825604BE7022C7FF449AF5B78B5
:10320000013BDBB2092B3FF643AF574A574EDFF87D
:1032100074E10C2101FB0322282000FB03F50021AF
:103220004FF07E5400271160546017724FF0200C4D
:10323000721906F805C0DFF848C1C2F820C04FF087
:10324000010C10FB03C311615461C2F818E0D16195
:1032500082F825709A19F7544FF0FF10FF23A2F857
:103260000130C2F80300D371414A0320531950556D
:1032700040F2011219615C61C3F818E0D9611A6269
:1032800083F825C004E7083CE4B20C2C3FF600AFFD
:103290005A780192511EC9B209293FF6F9AE01EBE5
:1032A0008107DA7831480292FF001A7993F8069084
:1032B00093F8078093F802A003927E1C5A79049237
:1032C00035180023835107442A4E6B60AB603846A3
:1032D000A342B8BFF55C03F10103A8BF00250C2B86
:1032E00000F8015FF4D1DDED027A9FED237A1F48EB
:1032F000049AF8EE677AF7EE006A77EEA67A282449
:1033000087EE276A4C430319161E055D00F804A0DA
:1033100018BF0126012483F8214083F82060DDEDE9
:10332000037A83ED066AB8EE677ADFED147A37EE3A
:10333000677A27EE067A83ED077AB9F1000F23D179
:1033400083F82290B8F1000F00F0368183F82390C3
:1033500040F2011432E100BF3B1200207C0000204B
:103360008180803B5A01002004000020FC0C0020DA
:103370006C0B0020431200200AD7233E00000043BC
:10338000010101000AD7233DB8F1000618BF01264C
:10339000AA4583F825605C8483F8244040F00F81BF
:1033A0009B4B93F800B0BBF1FF0F3FF471AE99490E
:1033B0000B88002B3FF46CAE974C984E013B0B8072
:1033C00023680793591C484200F01F0001F01F01B9
:1033D00058BF4142924B216092491D880988ADF83F
:1033E00024104FF4967409A85021FFF781FBB5FB18
:1033F000F4F104FB115189B24FF0500C06F801C0F2
:103400005946FFF775FB691C89B2B1FBF4FC04FB5C
:103410001C1189B206F801B0DFF820B29BF8001049
:103420000691FFF765FB05F1020C1FFA8CFCBCFB53
:10343000F4FE04FB1ECC06991FFA8CFC06F80C1057
:1034400001318BF800101421FFF752FBE91C89B2FF
:10345000B1FBF4FC04FB1C1189B24FF0140C06F80C
:1034600001C04221FFF744FB291D89B2B1FBF4FCE6
:1034700004FB1C1189B24FF0420C06F801C00199FF
:10348000FFF736FB691D89B2B1FBF4FC04FB1C118C
:1034900089B2019B73545146FFF72AFBA91D89B2DB
:1034A000B1FBF4FC04FB1C1189B206F801A00299DF
:1034B000FFF71EFBEA1D92B2B2FBF4F104FB1122EE
:1034C00092B2029B0399B354FFF712FB05F1080275
:1034D00092B2B2FBF4F104FB112292B2039B049965
:1034E000B354FFF705FB05F1090292B2B2FBF4F108
:1034F00004FB112292B2049BB3544946FFF7F8FA39
:1035000005F10A0292B2B2FBF4F104FB112292B26D
:10351000414606F80290FFF7EBFA05F10B0292B272
:10352000B2FBF4F104FB112292B205F10C0906F88A
:103530000280079B05F118081FFA89F91FFA88F81D
:1035400017F801AF0193514609A8FFF7D1FAB9FB6B
:10355000F4F204FB129209F1010992B21FFA89F9FF
:10356000C84506F802A0019BEAD1B8FBF4F204FBBF
:1035700012881FFA88F89DF8242006F8082005F123
:10358000190292B2B2FBF4F104FB112292B29DF83F
:103590002510B154224905F11A020A80224A22F864
:1035A0001350224A1A21D154214A1021D154214AC0
:1035B0001388013313806BE583F823809C841E4BB2
:1035C00003EB011300241B7907EE903AF8EE677ABB
:1035D000282377EEE67A67EE877AF5EEC07AF1EE89
:1035E00010FA07DD03FB010377EEA67A1C61C3ED39
:1035F000057AD5E651BF03FB010003FB0103C3EDD0
:10360000047AC3ED056A5CBF0461C0ED056AC7E6D4
:103610005401002056010020841400205013002083
:103620004E13002010B20008C8140020A814002077
:10363000881400207C1400207C000020261200202A
:10364000022C7FF425AD93F8019009F1FF33DBB232
:10365000092B3FF61DAD924A282101FB03230022CE
:1036600083F821208F4B93F800A0BAF1FF0F3FF4AD
:103670000FAD8D4A1388002B3FF40AAD8B49DFF85C
:1036800058B2D1F80080BBF80060894F013B13802D
:1036900008F101035A4202F01F0203F01F0358BF52
:1036A00053420B60834B4FF4967509A81B88ADF805
:1036B00024305021FFF71CFAB6FBF5F305FB13632A
:1036C0009BB250225146FA54FFF712FA731C9BB278
:1036D000B3FBF5F205FB12339BB207F803A0DFF84A
:1036E000FCA19AF800100191FFF702FAB31C9BB2FB
:1036F000B3FBF5F205FB123301999BB2F95401318A
:103700008AF800102146FFF7F3F9F31C9BB2B3FBD4
:10371000F5F205FB12339BB24321FC54FFF7E8F9A5
:10372000331D9BB2B3FBF5F205FB12339BB2432270
:10373000FA544946FFF7DCF9731D9BB2B3FBF5F26F
:1037400005FB12339BB207F80390B31D9BB2B3FB8A
:10375000F5F205FB12339BB29DF82420FA54F31DB9
:103760009BB2B3FBF5F205FB12339BB29DF825200B
:10377000FA5406F10803ABF800304F4B23F81860F9
:103780004E4B082203F808204D4B102203F8082066
:103790000DE7083CE4B20C2C3FF67AAC5A78019263
:1037A000511EC9B209293FF673AC01EB8107DA78E3
:1037B00044480292FF001A7993F8069093F8078024
:1037C00093F802A003927E1C5A79049235180023C4
:1037D000835107443C4E6B60AB6038469C42C8BF87
:1037E000F55C03F10103D8BF00250C2B00F8015F45
:1037F000F4D1DDED027A9FED357A3248049AF8EE85
:10380000677AF7EE006A77EEA67A282487EE276AB1
:103810004C430319161E055D00F804A018BF0126CD
:10382000012483F8214083F82060DDED037A83EDE5
:10383000066AB8EE677ADFED267A37EE677A27EE0A
:10384000067A83ED077AB9F1000F49D183F8229007
:10385000B8F1000F1ED183F823809C841D4B03EB2D
:10386000011300241B7907EE903AF8EE677A2823BB
:1038700077EEE67A67EE877AF5EEC07AF1EE10FA27
:1038800040F31F8103FB010377EEA67A1C61C3EDB1
:10389000057A30E083F8239040F20114DDE700BFA1
:1038A000FC0C00205401002056010020841400204C
:1038B0005013002010B20008C8140020A8140020E3
:1038C000881400206C0B0020431200200AD7233EEE
:1038D000000000437C0000204E1300202612002030
:1038E000B8F1000618BF0126AA4583F825605C845C
:1038F00083F82440B2D1B64B93F800B0BBF1FF0F70
:103900003FF4C6ABB3490B88002B3FF4C1ABB24CBC
:10391000B24E013B0B8023680793591C484200F0CC
:103920001F0001F01F0158BF4142AD4B2160AD495E
:103930001D880988ADF824104FF4967409A8502109
:10394000FFF7D6F8B5FBF4F104FB115189B24FF043
:10395000500C06F801C05946FFF7CAF8691C89B235
:10396000B1FBF4FC04FB1C1189B206F801B0DFF8CE
:103970007CB29BF800100691FFF7BAF805F1020C33
:103980001FFA8CFCBCFBF4FE04FB1ECC06991FFA4C
:103990008CFC06F80C1001318BF800101421FFF795
:1039A000A7F8E91C89B2B1FBF4FC04FB1C1189B235
:1039B0004FF0140C06F801C04421FFF799F8291DB7
:1039C00089B2B1FBF4FC04FB1C1189B24FF0440C2A
:1039D00006F801C00199FFF78BF8691D89B2B1FBA8
:1039E000F4FC04FB1C1189B2019B73545146FFF790
:1039F0007FF8A91D89B2B1FBF4FC04FB1C1189B24C
:103A000006F801A00299FFF773F8EA1D92B2B2FB23
:103A1000F4F104FB112292B2029B0399B354FFF715
:103A200067F805F1080292B2B2FBF4F104FB11222F
:103A300092B2039B0499B354FFF75AF805F10902B7
:103A400092B2B2FBF4F104FB112292B2049BB35484
:103A50004946FFF74DF805F10A0292B2B2FBF4F1C4
:103A600004FB112292B2414606F80290FFF740F89B
:103A700005F10B0292B2B2FBF4F104FB112292B2F7
:103A800005F10C0906F80280079B05F118081FFADA
:103A900089F91FFA88F817F801AF0193514609A870
:103AA000FFF726F8B9FBF4F204FB129209F10109C1
:103AB00092B21FFA89F9C84506F802A0019BEAD123
:103AC00053E551BF03FB010003FB0103C3ED047A7F
:103AD000C3ED056A5CBF0461C0ED056A0BE7022C0B
:103AE0007FF4D6AA93F8019009F1FF33DBB2092BDA
:103AF0003FF6CEAA3C4A282101FB0323002283F88B
:103B00002120334B93F800A0BAF1FF0F3FF4C0AA75
:103B1000304A1388002B3FF4BBAA2F49DFF8C0B00E
:103B2000D1F80080BBF800602C4F013B138008F1F6
:103B300001035A4202F01F0203F01F0358BF534211
:103B40000B60284B4FF4967509A81B88ADF82430FC
:103B50005021FEF7CDFFB6FBF5F305FB13639BB2D7
:103B600050225146FA54FEF7C3FF731C9BB2B3FBBD
:103B7000F5F205FB12339BB207F803A0DFF86CA047
:103B80009AF800100191FEF7B3FFB31C9BB2B3FB90
:103B9000F5F205FB123301999BB2F95401318AF811
:103BA00000102146FEF7A4FFF31C9BB2B3FBF5F215
:103BB00005FB12339BB24521FC54FEF799FF331DE0
:103BC0009BB2B3FBF5F205FB12339BB24522AFE586
:103BD00054010020560100208414002050130020BE
:103BE0004E13002010B200086C0B0020261200209B
:103BF0008180803B052C7FF44BAA93F801A00AF149
:103C0000FF32D2B2092A3FF643AA93F802901FED81
:103C1000087AD97893F80480C94B019107EE909AFD
:103C2000F8EE677A0C2167EE877A01FB0233C3ED69
:103C3000007ADDED017AF8EE677AB8F1000267EEFE
:103C4000877A18BF0122C3ED017A1A72BD4B93F82F
:103C500000B0BBF1FF0F3FF41BAABB4A1388002B37
:103C60003FF416AAB948BA4F013B13800368039387
:103C70005A1C514201F01F0102F01F0258BF4A4274
:103C80000260B449B44A09881688ADF824104FF48C
:103C9000967509A85021FEF72BFFB6FBF5F105FB41
:103CA000116189B24FF0500C07F801C05946FEF778
:103CB0001FFF711C89B2B1FBF5FC05FB1C1189B219
:103CC00007F801B0DFF8A8B29BF800100291FEF7E8
:103CD0000FFF06F1020C1FFA8CFCBCFBF5FE05FB86
:103CE0001ECC02991FFA8CFC07F80C1001318BF8DE
:103CF00000102146FEF7FCFEF11C89B2B1FBF5FC79
:103D000005FB1C1189B27C544621FEF7F1FE311DE2
:103D100089B2B1FBF5F405FB141189B246247C5439
:103D20005146FEF7E5FE711D89B2B1FBF5F405FBC6
:103D3000141189B207F801A04946FEF7D9FEB11D5A
:103D400089B2B1FBF5F405FB141189B207F80190B3
:103D50000199FEF7CDFEF11D89B2B1FBF5F405FB2B
:103D6000141189B2019B7B544146FEF7C1FE06F156
:103D7000080189B2B1FBF5F005FB101189B2764A52
:103D800007F8018006F1090189B2B1FBF5F005FBE6
:103D9000101189B29DF82400785406F10A0189B205
:103DA000B1FBF5F005FB101189B29DF825007854A0
:103DB00006F10B011180039B684A0B2122F8136066
:103DC000674AFFF7F0BB032C7FF462A993F80190D8
:103DD00009F1FF32D2B2092A3FF65AA993F80280BC
:103DE0009FED607A604B07EE908AF8EE677A03EBFE
:103DF000021367EE877AC3ED027A524B93F800A064
:103E0000BAF1FF0F3FF444A94F4A1388002B3FF447
:103E10003FA94E494E4FD1F800B0013B13800BF142
:103E200001035A4202F01F0203F01F0358BF53421E
:103E30000B60494B474A1E881288ADF824204FF486
:103E4000967509A85021FEF753FEB6FBF5F205FB67
:103E5000126292B25021B9545146FEF749FE721CCB
:103E600092B2B2FBF5F105FB112292B207F802A063
:103E7000DFF8FCA09AF800100191FEF739FEB21CA1
:103E800092B2B2FBF5FC05FB1C22019992B2B95427
:103E900001318AF800102146FEF72AFEF21C92B288
:103EA000B2FBF5F105FB112292B24721BC54FEF79B
:103EB0001FFE321D92B2B2FBF5F105FB112292B248
:103EC0004721B9544946FEF713FE721D92B2B2FB68
:103ED000F5F105FB112292B2414607F80290FEF778
:103EE00007FEB21D92B2B2FBF5F105FB112292B2B0
:103EF000194B07F80280F21D92B2B2FBF5F105FBF7
:103F0000112292B29DF82410B95406F1080292B21F
:103F1000B2FBF5F105FB112292B29DF82510B954C0
:103F200006F109021A800D4B23F81B600C4B092285
:103F300003F80B200D4B102203F80B20FFF737BBC3
:103F400004000020540100205601002084140020A9
:103F50005013002010B200084E130020C814002097
:103F6000A81400208180803B7C0000208814002061
:103F700026120020032C7FF68BA858780138C0B297
:103F800009283FF685A8997893F803908B1E012B9A
:103F900040F2D3800B1F5A425A419200BE4B03EBB2
:103FA00000154FEA001C6A70002203F80C10154639
:103FB00011469B461E798842A8BF2A4601313544E6
:103FC0000A29EDB203F11003F4D10BEB0C031B79BA
:103FD0009945C0F0B480994500F2EB806421B2FBB2
:103FE000F1F301FB13234A44D2B2013AE34492FBBA
:103FF000F1F601FB1622A949A74EDFF8CCC28BF8D7
:104000000490DDB201EB45010027042306EB001606
:104010004FF0FF0EAA42778001F1020180F20A817F
:104020009F4B01221A709F4B1D78FF2D3FF430A843
:104030009D4A1388002B3FF42BA89C499C4FD1F834
:104040000080013B138008F101035A4202F01F0275
:1040500003F01F0358BF53420B60964B1E88964BCC
:104060004FF4967B1B88ADF8243009A85021FEF749
:104070003FFDB6FBFBF20BFB126292B25021B9542A
:104080002946FEF735FD721C92B2B2FBFBF10BFB29
:10409000112292B2BD54894D95F800A05146FEF709
:1040A00027FDB21C92B2B2FBFBF10BFB112292B2C4
:1040B000214607F802A00AF1010A85F800A0FEF7E0
:1040C00017FDF21C92B2B2FBFBF10BFB112292B274
:1040D0004FF0000ABC54FF22B4FBF2F2144404F087
:1040E000FF04631E01930AF10405019B56FA85F54E
:1040F000ADB25345B5FBFBF10BFB1155ADB280F2F0
:10410000B5809DF824207A55621D56FA82F292B24B
:10411000B2FBFBF10BFB112292B29DF82530BB5490
:104120000634644A56FA84F31380654B23F818600A
:10413000644B03F80840FFF727BB03222EE709EB87
:1041400002016426C9B2B1FBF6F706FB1711A3EB17
:104150000907FFB2039709F16307FF1AFFB2B7FB24
:10416000F6F806FB1877DFF834815FFA81FE08EB7A
:104170004E015FFA87FA01910199F24501F10201BE
:104180000191FFF628AF039F7744B7FBF6F106FBDA
:104190001171029108EB4101019F497807F8011C58
:1041A000029918F8117001990EF1010E01F8027CC4
:1041B000E2E7C5F16405A9EB0301EDB2C9B2A9427A
:1041C00005D91D445FFA85F94B45BFF407AF03F1EC
:1041D0006301A9EB030EA1EB090113446425C9B2E5
:1041E000DBB2B1FBF5F6DFF8B480B3FBF5F705FB06
:1041F000161105FB1733CEB2DBB25FFA8EFE0193C8
:1042000008EB4601019BB342A1F102013FF7E6AE84
:10421000CF7806EB0E0A3B46BAFBF5F705FB17A76E
:1042200008EB470A013E8AF8013091F802A008F82D
:1042300017A0E7E71CF80300003818BF012001F8B9
:10424000010C581C90FBFEF8C8EB0828A0EB0800F6
:1042500002331CF8000001F8020C384487B293FBCB
:10426000FEF0C0EB00201B1A0135D3E6BAF1030FB4
:1042700008D1494609A8FEF73BFC494679550AF1A1
:10428000010A30E7104B09A813F80A100291FEF753
:104290002FFC0299F2E700BF7C0000208C0E00206A
:1042A00072030020540100205601002084140020D5
:1042B000501300204E13002010B2000826120020D8
:1042C000C8140020A81400203B120020CD4B93F806
:1042D00000A0BAF1FF0F3EF4DBAECB4A1388002BEF
:1042E0003EF4D6AEC949DFF850B3D1F80090BBF820
:1042F0000050C74E013B138009F101035A4202F0FE
:104300001F0203F01F0358BF53420B60C14B4FF411
:10431000967409A81B88ADF824305021FEF7E8FBFD
:10432000B5FBF4F304FB13539BB250225146F254F5
:10433000FEF7DEFB6B1C9BB2B3FBF4F204FB123303
:104340009BB206F803A0DFF8F4A29AF800100191DE
:10435000FEF7CEFBAB1C9BB2B3FBF4F204FB1233B3
:1043600001999BB2F15401318AF800101321FEF734
:10437000BFFBEB1C9BB2B3FBF4F204FB12339BB20A
:1043800013224146F254FEF7B3FB2B1D9BB2B3FB45
:10439000F4F204FB12339BB2394606F80380FEF7B1
:1043A000A7FB6B1D9BB2B3FBF4F204FB12339BB271
:1043B0003946F754FEF79CFBAB1D9BB2B3FBF4F2FE
:1043C00004FB12339BB23D21F754FEF791FBEB1D2A
:1043D0009BB2B3FBF4F204FB12339BB23D220D21DE
:1043E000F254FEF785FB05F108039BB2B3FBF4F230
:1043F00004FB12339BB20D220421F254FEF778FB2A
:1044000005F109039BB2B3FBF4F204FB12339BB238
:1044100004220E21F254FEF76BFB05F10A039BB256
:10442000B3FBF4F204FB12339BB20E226721F25469
:10443000FEF75EFB05F10B039BB2B3FBF4F204FB4A
:1044400012339BB267226421F254FEF751FB05F14F
:104450000C039BB2B3FBF4F204FB12339BB2642255
:104460003321F254FEF744FB05F10D039BB2B3FB7D
:10447000F4F204FB12339BB233273221F754FEF7D8
:1044800037FB05F10E039BB2B3FBF4F204FB1233CE
:104490009BB232226621F254FEF72AFB05F10F038C
:1044A0009BB2B3FBF4F204FB12339BB26622394693
:1044B000F254FEF71DFB05F110039BB2B3FBF4F2BF
:1044C00004FB12339BB23946F754FEF711FB05F19A
:1044D00011039BB2B3FBF4F204FB12339BB2302105
:1044E000F754FEF705FB05F112039BB2B3FBF4F2A0
:1044F00004FB12339BB230226B21F254FEF7F8FA20
:1045000005F113039BB2B3FBF4F204FB12339BB22D
:104510006B223821F254FEF7EBFA05F114039BB23B
:10452000B3FBF4F204FB12339BB238227521F25430
:10453000FEF7DEFA05F115039BB2B3FBF4F204FBC0
:1045400012339BB275223621F254FEF7D1FA05F1EF
:1045500016039BB2B3FBF4F204FB12339BB2362278
:10456000F25405F117039BB2B3FBF4F204FB1233D0
:104570009BB29DF82420F25405F118039BB2B3FBC3
:10458000F4F204FB12339BB29DF82520F25405F19E
:104590001903ABF80030204B23F819501F4B192298
:1045A00003F809201E4B102203F80920FEF7FFBF75
:1045B000BFF34F8F1B491C4BCA6802F4E0621343E0
:1045C000CB60BFF34F8FFEE7184B1978002937D126
:1045D0000C4BFF2C1D7805D91548FEF789FA65B9F3
:1045E000FEF7F6BCE4B212482146FEF781FAA54276
:1045F0003EF4EEACFF2C3EF4EBAC0E4B00221A70F6
:10460000FEF7E6BC5401002056010020841400206F
:104610005013002010B20008C8140020A814002075
:104620008814002000ED00E00400FA053C1300208F
:10463000500100204F0100204E13002026120020C0
:1046400008290ED1644BB4F5807F1B7828BF002465
:104650009C421EBF614B00221A70614B0922FEF77B
:10466000B9BC09297EF41FAC5E4B5C4900221A706C
:104670000978594B5B7800293EF410ADB4F5807F82
:1046800028BF14469C427EF409AD574B1978002987
:104690003EF404AD5549012008701A70FEF7FEBCC7
:1046A0004F4E3378032B23D1514F4B483D78062290
:1046B000B5FBF2F302FB1353DBB24E4AB4F5807F35
:1046C000D35C28BF0024E1B28B4218BF434B05F1F5
:1046D000010518BF0022EDB218BF1A70FEF708FAE4
:1046E000062D3D707EF4DFAB00233370FEF7DBBB9D
:1046F0005BB9B4F5807F404B374828BF0024E1B256
:104700001970FEF7F5F90823EFE7082B9AD0092B6B
:104710007EF4C9AB334B314A00251D7012782E4B05
:104720005B78002A3EF4BAACB4F5807F28BF2C46F3
:104730009C427EF4B3AC304B1A78304B1A70FEF7C3
:1047400013FAFEF731FA2E4B01221D702D4BA4E710
:10475000234B197800293FF43BAF082907D11E4BA2
:10476000B4F5807F1B7828BF0024A34271E7092994
:104770007EF499AB1B4B00221A70184A164B127824
:104780005B78002A3EF48AACB4F5807F28BF002411
:104790009C427EF483AC194BFF227EE7104A1378CB
:1047A000012B7EF67BAC013B1370FEF77CBB0C4902
:1047B0000B78012B03D9013B0B70FEF774BBFF2C68
:1047C00098BF02344FF0050394BFE4B20224137083
:1047D0000C70FEF768BB00BF500100204F010020A5
:1047E0003C1300204D1300203E1300203F130020F7
:1047F0003B130020701900202512002054010020D6
:10480000401300205A010020714B2DE9F74F1B780F
:10481000704F3C78002B40F0AD80002C40F0AA8017
:104820006D4B6E4D1B786E4EFF2B00F0B9806D4BBB
:104830001A78E2B110214FF090401C7005F04DFC49
:10484000694A6A4B11781980517859809178D278E9
:104850009980DA80664B674804221A80664B0721EC
:104860001C8006F0BAF933682B6001233B70D6F840
:1048700000A02B68AAEB0303012B58D95F490B88D2
:10488000002B54D05E4ADFF898B114681BF80490EE
:10489000B9F1000F7FD05B4830F8140001905A48FE
:1048A00090F80080B8F1000F14D04FF0000C013BDD
:1048B00001340B8080F800C0BCEB040303F01F033D
:1048C00004F01F0458BF5C421460504A138801333F
:1048D00013802CE04E4B4FF090401B5D0093102155
:1048E00005F0FBFB424BDFF804C1A3F80080009BFE
:1048F000DFF830E15A1E4FF4967043469A423CDA94
:10490000B8F1000F02D03A4B009A1A803A4B39485E
:10491000002207211A8009F1FF3906F05EF93D4AAD
:104920000BF8049001231370C5F800A03B703368A6
:104930002A689B1AB3F57A7F1CD910214FF090405A
:1049400005F0CBFB344A294B1178198051785980F6
:104950009178D278DA809980254B04221A80264BF0
:104960002448002207211A8006F037F933682B60AB
:1049700001233B7003B0BDE8F08F01995918B1FBDA
:10498000F0F800FB18114FF001081EF801102CF888
:1049900013100133B2E7013B01340B8063428DE712
:1049A00033682A689B1AB3F57A7FE3D910214FF058
:1049B000904005F092FB194A0C49234612F8010B6E
:1049C00021F8130001330C2BF8D1094A1380C6E7F4
:1049D0004D1300204C1300205401002044130020EC
:1049E0007819002040130020371200200C150020F9
:1049F00008150020004400400A1500207C14002007
:104A000080140020C81400203F130020560100200D
:104A1000A81400203E13002033120020271200208B
:104A200088140020501300200D4B0E4A196813689B
:104A3000CB1A012B10B511D972B60B4800230360B5
:104A40000A4803600A484FF48074048009480380D0
:104A500062B60948116003700848037010BD00BFBA
:104A60007819002048130020681700206C170020D8
:104A700058010020641700203D1300204D13002032
:104A80004B4B1B782DE9F347002B00F08E80494BF0
:104A900093F80090B9F1FF0F00F08780464A138821
:104AA000002B00F082804549DFF830810F68B8F8AC
:104AB0000050434E013B13807B1C5A4202F01F0200
:104AC00003F01F0358BF53420B603E4B4FF49674E4
:104AD00001A81B88ADF804305021FEF709F8B5FB9A
:104AE000F4F304FB13539BB250224946F254FDF7F2
:104AF000FFFF6B1C9BB2B3FBF4F204FB12339BB2BF
:104B000006F80390DFF8D89099F800A05146FDF719
:104B1000EFFFAB1C9BB2B3FBF4F204FB12339BB26E
:104B2000012106F803A00AF1010A89F800A0FDF7A7
:104B3000DFFFEB1C9BB2B3FBF4F204FB12339BB21E
:104B40000122F254204B93F800904946FDF7D0FF24
:104B50002B1D9BB2B3FBF4F204FB12339BB206F89D
:104B600003906B1D9BB2B3FBF4F204FB12339BB2B8
:104B70009DF80420F254AB1D9BB2B3FBF4F204FB8E
:104B800012339BB29DF80520F254EB1DA8F80030BB
:104B90000E4B23F817500E4B0722DA550D4B1022FF
:104BA000DA550D4A13880133138002B0BDE8F0874F
:104BB0005A010020540100205601002084140020D6
:104BC0005013002010B2000855010020C814002026
:104BD000A8140020881400207C1400204E1300200C
:104BE0002612002008B540F2115005F007FC4FF4E2
:104BF0008063032200214FF0904005F037FA4FF414
:104C00008063002202214FF0904005F00DFABDE8CC
:104C100008404FF4806204214FF0904005F067BADD
:104C200008B540F2115005F0E9FB4FF40073032280
:104C300000214FF0904005F019FA4FF40073002264
:104C400002214FF0904005F0EFF9BDE808404FF425
:104C5000007204214FF0904005F049BA10B50F4C96
:104C600040F2157005F0CAFB20460D49002205F000
:104C70006FFA00231A461946204605F0EBFA204643
:104C800005F007FB00221146172005F069FBBDE87F
:104C9000104001220021202005F062BB005400409A
:104CA000801A060010B5124B124C1A78124B1A706B
:104CB000124A01231360124A80211170114A1370A5
:104CC000114B0022204640F209111A8005F0F5FA36
:104CD00020464FF4857105F0F0FA20464FF48471B8
:104CE00005F0EBFA2046BDE8104005F0D7BA00BF4A
:104CF0004E01002000540040221200201C1200200F
:104D000023120020241200202012002010B5124B84
:104D1000124C1A78124B1A70124A01231360124A6D
:104D200080211170114A1370114B0022204640F26D
:104D300009111A8005F0C1FA20464FF4857105F07B
:104D4000BCFA20464FF4847105F0B7FA2046BDE85E
:104D5000104005F0A3BA00BF4D01002000540040F0
:104D6000221200201C1200202312002024120020F6
:104D700020120020134A002310B51370124A134C5E
:104D800002211160124A80211170124A1370124AD6
:104D900020464FF48061138005F067FA204640F208
:104DA000091105F08AFA20464FF4857105F085FA5D
:104DB00020464FF4847105F080FA2046BDE810408B
:104DC00005F06CBA141200201C12002000540040A0
:104DD0002312002024120020201200202DE9F04F81
:104DE000654B1B7885B0002B00F0C380634ADFED74
:104DF000646AC0231370634B1B885BBA23F0030300
:104E00009BB207EE903AB8EE677ADFED5F7AE7EE95
:104E1000267A9FED5E7A67EE877AF5EEC07AF1EE3C
:104E200010FAA9BFFCEEE77A002317EE903A9BB286
:104E300053701B0A9370564B1E78FF2E00F099801A
:104E4000544A1388002B00F094805349534FD1F8F3
:104E500000903D88DFF86081DFF820B1013B1380CE
:104E600009F101035A4202F01F0203F01F0358BF69
:104E700053420B604A4B4FF4967403A81B88ADF85D
:104E80000C305021FDF734FEB5FBF4F304FB135353
:104E90009BB25022314608F80320FDF729FE6B1C17
:104EA0009BB2B3FBF4F204FB12339BB208F803602D
:104EB0003C4E96F800A05146FDF71AFEAB1C9BB283
:104EC000B3FBF4F204FB12339BB2032108F803A0F6
:104ED0000AF1010A86F800A0FDF70AFEEB1C9BB25E
:104EE000B3FBF4F204FB12339BB2032205F1040A74
:104EF000EE1D08F803201FFA8AFAB6B21BF8011B50
:104F0000019103A8FDF7F4FDBAFBF4F304FB13A32E
:104F10000AF1010A9BB21FFA8AFA019908F80310F4
:104F20005645EBD1B6FBF4F304FB1366B6B29DF81D
:104F30000C3008F8063005F108039BB2B3FBF4F21D
:104F400004FB12339BB29DF80D2008F8032005F1F5
:104F500009033B80144B23F81950144B092203F822
:104F60000920134B102203F80920124A1388013339
:104F7000138005B0BDE8F08F141200201512002038
:104F800052B82F3B1812002066663BC20000C84290
:104F90005401002056010020841400204E130020EC
:104FA00010B2000826120020C8140020A814002007
:104FB000881400207C1400205013002010B5124BE0
:104FC000124C1A78124B1A70124A01231360124ABB
:104FD00080211170114A1370114B0022204640F2BB
:104FE00009111A8005F069F920464FF4857105F022
:104FF00064F920464FF4847105F05FF92046BDE85E
:10500000104005F04BB900BF4C0100200054004097
:10501000221200201C120020231200202412002043
:10502000201200202DE9F04F654B1B7885B0002B36
:1050300000F0C380634ADFED646AC2231370634BE0
:105040001B885BBA23F003039BB207EE903AB8EEDD
:10505000677AF9EE087AE7EE267A9FED5D7A67EED9
:10506000877AF5EEC07AF1EE10FAA9BFFCEEE77A86
:10507000002317EE903A9BB253701B0A9370554B66
:105080001E78FF2E00F09980534A1388002B00F001
:1050900094805249524FD1F800903D88DFF85C81EE
:1050A000DFF820B1013B138009F101035A4202F0FD
:1050B0001F0203F01F0358BF53420B60494B4FF4CC
:1050C000967403A81B88ADF80C305021FDF710FD35
:1050D000B5FBF4F304FB13539BB25022314608F89E
:1050E0000320FDF705FD6B1C9BB2B3FBF4F204FB40
:1050F00012339BB208F803603B4E96F800A051466D
:10510000FDF7F6FCAB1C9BB2B3FBF4F204FB1233CD
:105110009BB2032108F803A00AF1010A86F800A057
:10512000FDF7E6FCEB1C9BB2B3FBF4F204FB12337D
:105130009BB2032205F1040AEE1D08F803201FFAB2
:105140008AFAB6B21BF8011B019103A8FDF7D0FC47
:10515000BAFBF4F304FB13A30AF1010A9BB21FFA92
:105160008AFA019908F803105645EBD1B6FBF4F31F
:1051700004FB1366B6B29DF80C3008F8063005F152
:1051800008039BB2B3FBF4F204FB12339BB29DF80D
:105190000D2008F8032005F109033B80134B23F889
:1051A0001950134B092203F80920124B102203F85F
:1051B0000920114A13880133138005B0BDE8F08F30
:1051C00014120020151200200000FA3A18120020D4
:1051D0000000C84254010020560100208414002021
:1051E0004E13002010B2000826120020C814002020
:1051F000A8140020881400207C14002050130020E4
:10520000494B4A491B784A4870B5002B3DD005F000
:1052100069F840B16FF00102464B45481978BDE886
:10522000704005F02EB84449414805F05BF828B1BC
:1052300041493F48BDE8704005F07EB83F493C48D1
:1052400005F050F860B13E4D3E4B2C881B68A342E0
:1052500007DD3D4B36481978013405F029F82C80DC
:1052600070BD334805F01FF831484FF4847105F0E4
:105270002EF82F484FF4857105F029F8BDE87040ED
:105280002B4840F2091105F022B805F02BF804462E
:1052900008B10122C0E7284925482A4E05F022F826
:1052A000054638B13368012BC2D12148214604F0AC
:1052B000DCFFBDE725491E48346805F013F80028D7
:1052C000CED0022C16D11A48294604F0CEFF1C4D30
:1052D0001748013C34602C8804F0ECFF04F0010313
:1052E0001B4A1A49D054012C04BF1A4B1C700134BC
:1052F0002C809EE7012CEAD10D4804F0D4FF29460A
:105300000B4804F0B8FF0A484FF4847104F0DFFF43
:1053100007484FF4857104F0DAFF054840F209119F
:1053200004F0D5FFD3E700BF2412002009010005D7
:10533000005400402312002009010105090107055E
:10534000201200201C120020221200200901060554
:10535000181200201412002010B50F4C0F492046DF
:1053600004F0EAFF20460E4904F0E6FF20460D490E
:1053700004F0E2FF20460C4904F0DEFF20460B4912
:1053800004F0DAFF20460A4904F0D6FF2046094916
:10539000BDE8104004F0D0BF0054004008010A05E9
:1053A00008010F0508010E0508010B050801090594
:1053B0000801080508010C0510B540F2115005F070
:1053C0001DF84FF40043032201214FF0904004F0F8
:1053D0004DFEBDE810404FF40043002201214FF084
:1053E000904004F021BE00001FB540F2116005F0AE
:1053F00005F8104805F0ECF80F4B104A1B68B3FB9A
:10540000F2F3013B0022B3F5803F28BF1346ADF80D
:105410000030694609230748ADF802200192029343
:105420008DF80C2005F028F9024805F0B5F905B013
:105430005DF804FB004401405C01002040420F0085
:105440004FF400414FF0904004F047BE30B5421E8B
:10545000C31D002012F8014F082145086040C00715
:105460004CBF85F08C00284601394FEA5404F4D132
:105470009A42EFD130BD000008B500221146152038
:1054800004F06EFFBDE808400148012105F08BB92A
:10549000004401402DE9F041A748012105F08CF9B5
:1054A000002800F00182A54B1B78022B4ED1A44DA1
:1054B0002B78022B1DD1A34A137873B94FF4004106
:1054C0004FF0904004F00BFE9E4B01221A70BDE895
:1054D000F0419948012105F078B9302B40F0CA809D
:1054E0004FF400414FF0904004F0F7FD944B03223D
:1054F000ECE7032B13D1934A1378372B40F0BA8093
:105500004FF400414FF0904004F0EBFD8C4B08B994
:105510000422DBE78C4A012111700E22D6E7042B0E
:10552000D5D1884C2378612B7BD14FF400414FF0CB
:10553000904004F0D6FD20B10023237005232B708A
:10554000C5E7814B02221A707D4BE6E7002B32D172
:105550007B4B1B78002BBAD17A4D7C4F2C783B7853
:10556000CCB97B4E3478072C12D84FF400414FF061
:10557000904004F0B4FD774B1B78234113F0010FEA
:105580000CBF0723012301343B7034700123D6E79D
:105590006B4B05229AE79C4208D14FF400414FF033
:1055A000904004F09AFD01342C7090E7082CFAD159
:1055B000644B00228AE7012B35D1614A1378012B15
:1055C00085D1604C2378002B3FF478AF012B08D1B4
:1055D0004FF400414FF0904004F07FFD594B022200
:1055E00074E7022B14D14FF400414FF0904004F0C7
:1055F00078FD574A574913780D78003818BF0120B5
:1056000098402843013313700870032323705EE72A
:10561000082B06D14E4B1B78082BC9D10C231370D5
:10562000C6E70133F2E7032B7FF451AF444C2378F4
:10563000022B3FF440AF0B2B3FF649AF01A252F8CB
:1056400023F000BF9F560008CF540008CF54000835
:10565000F75400087B560008CF540008CF540008C8
:10566000FF5600085D570008935700081B580008B4
:105670004D5800080133137029E7324D2B78612B08
:105680000BD14FF400414FF0904004F02AFD002868
:105690003FF457AF00232B70B8E701334FE7294E93
:1056A000DFF8A880357898F80030D5B9284F3D78D4
:1056B000072D14D84FF400414FF0904004F00FFD37
:1056C000244B1B782B4113F0010F0CBF0723012340
:1056D00088F80030013501233D703370F7E6072369
:1056E00094E79D4208D14FF400414FF0904004F000
:1056F000F4FC01353570EAE6082DFAD158E7114D72
:105700002B78002B3FF4DAAE012B3FF461AF022B74
:105710000CD14FF400414FF0904004F0E2FC0E4BEE
:10572000003818BF01201870032308E7082BB4D1F4
:1057300000222A706AE700BF0044014007100020E1
:105740003E01002004100020980F0020AE0F002022
:10575000AD0F0020AF0F0020A00F0020534D2B787D
:10576000002B3FF4ABAE012B3FF432AF022B0AD13A
:105770004FF400414FF0904004F0B3FC00384C4B24
:1057800018BF0120CFE7082B87D100232B700923F6
:105790003CE7484B1878464B1D78C0B1002D7FF48C
:1057A000F7AE454B454A1978454B1B7803F0070384
:1057B000D25C444D287043480078002829D00A4321
:1057C00001213E48C254404B19700A231EE73A4B50
:1057D0003A4A19783A4B1B7803F00703D25C002D44
:1057E000E7D13A483A4D00782D78A8420DD21142BF
:1057F00014BF01250025334E3570002DDBD1354D0A
:1058000008282870D7D8344DD4E70CBF01250025CF
:10581000F1E722EA01020721D3E7244D2B78002B80
:105820003FF44CAE284A16789E4208D14FF400410E
:105830004FF09040013604F050FC2E7047E6082BE4
:105840007FF42BAF00232B700B23DFE61A481F4E8B
:10585000027833781A4901335200DBB2D2B20D78A4
:10586000337002701AB96A1C0A70012202700A7839
:10587000082A7FF434AF402B184B09D9154A144934
:1058800012780A7012B9164A0121117001221A7099
:105890000A4A1B78127803B122B9124B03221A70FC
:1058A0000E23B3E60D23B1E6BDE8F081041000201D
:1058B0009F0F0020A00F00209B0F0020A40F0020AE
:1058C0009C0F0020990F0020AE0F00209E0F00209B
:1058D000A30F00209D0F0020A10F00209A0F002091
:1058E000A20F0020980F002030B5421E00F10803DF
:1058F000002012F8014F082145086040C0074CBF46
:1059000085F08C00284601394FEA5404F4D19A42BC
:10591000EFD130BD2DE9F04FAB4D2B78052B85B085
:105920004BD1AA4A1388002B40D0A949013B1380D0
:105930000B6818205A1C92FBF0F400FB14220A603A
:10594000A44A03EB4303D118D35C88784A78A24970
:105950000B70A2490A70A24908702BB9A1490A70BC
:10596000A14A13702B701CE0012B05D19D49002228
:105970000A709D490A70F5E7032B10D19B4A00235A
:10598000136053609A4A13709A4A13709A4A1370BC
:105990009A4A1370934BF0221A700623E2E7022B07
:1059A000E0D0974A1388013313801AE0954801210B
:1059B00005B0BDE8F04F04F0FABE063B092B10D845
:1059C000DFE813F00A000F000F000F000F000F00B8
:1059D00021004A0171011F02884B1B7823B1052366
:1059E0002B7005B0BDE8F08F874901220A70874906
:1059F0000B7087490B7087490A70874A13707A4A7F
:105A000013700223ECE7754B76491C78744B834E78
:105A10001A7809780923B2FBF3F303EBC303D31A13
:105A2000DBB2082AF154DAD13046FFF75DFF0028D7
:105A3000D5D17B497B4A04F03F0301EBC30051F809
:105A400033301360436853603388774C03EB830330
:105A500003EB83031BB2002B1A46B8BFDA1C594272
:105A600001F0030103F0030358BF4B42002B6F4BBF
:105A70004FEAA202B8BF02F1FF3293F800B0B8BFFC
:105A800012B26272BBF1FF0FC2F30722A272A6D05C
:105A9000674A1388002BA2D06649DFF8B081D1F89D
:105AA00000A0B8F80070DFF8A891013B13800AF15C
:105AB00001035A4202F01F0203F01F0358BF534272
:105AC0000B605D4B4FF4967603A81B88ADF80C3045
:105AD0005021FDF70DF8B7FBF6F306FB13739BB2ED
:105AE0005022594609F80320FDF702F87B1C9BB2AF
:105AF000B3FBF6F206FB12339BB209F803B0DFF8F2
:105B000054B19BF800100091FCF7F2FFBB1C9BB254
:105B1000B3FBF6F206FB123300999BB209F80310AF
:105B200001318BF800100B21FCF7E2FFFB1C9BB24C
:105B3000B3FBF6F206FB12339BB20B2209F80320EB
:105B400007F10F0B22463C1DA4B21FFA8BFB12F883
:105B5000011B03A8CDE90012FCF7CAFFB4FBF6F362
:105B600006FB134301349BB2A4B2009909F8031059
:105B70005C45019AEBD1B4FBF6F306FB1344A4B2E7
:105B80009DF80C3009F8043007F110039BB2B3FB09
:105B9000F6F206FB12339BB29DF80D2009F80320A4
:105BA00007F11103A8F80030244B23F81A70244B96
:105BB000112203F80A20234B102203F80A20224A5C
:105BC0001388013313800AE73E010020B00F002044
:105BD000B40F0020BC0F002007100020061000208A
:105BE00005100020AF0F0020AD0F0020A40F0020F3
:105BF000AC0F0020A30F0020A10F0020A20F002057
:105C00003C010020004401409E0F00209D0F002019
:105C10009C0F00209B0F00209A0F00200B120020E9
:105C20000810002042010020410100205401002002
:105C3000560100208414002010B20008C81400206F
:105C4000A8140020881400207C1400204E1300208B
:105C50005013002026120020794E7A4F30463C78AF
:105C6000FFF7F4FBD0B93378282B0ED1764977486B
:105C70000B78326803F03F0C00EBCC0E40F83C2070
:105C800001337268CEF804200B70714B1B78A3426D
:105C90003FF4A5AE01343C700623A1E66D4B032210
:105CA0001A700E239CE66B4B6B4A93F800806B4B8B
:105CB00082F8018093F800B0BBF1FF0F00F09780ED
:105CC00067490B88002B00F092806648DFF8C0A17E
:105CD000D0F80090BAF80060634F013B0B8009F1E7
:105CE0000103594201F01F0103F01F0358BF4B424B
:105CF00003605E4B4FF4967403A81B88ADF80C301C
:105D00005021FCF7F5FEB6FBF4F304FB13639BB2E2
:105D10005021F9545946FCF7EBFE731C9BB2B3FBC0
:105D2000F4F104FB11339BB207F803B0DFF864B160
:105D30009BF800100091FCF7DBFEB31C9BB2B3FB99
:105D4000F4FC04FB1C3300999BB2F95401318BF82D
:105D500000100221FCF7CCFEF31C3F4A9BB2B3FBC0
:105D6000F4F104FB113392F800B09BB20221F95414
:105D70005946FCF7BDFE331D9BB2B3FBF4F204FBA6
:105D800012339BB2414607F803B0FCF7B1FE731D16
:105D90009BB2B3FBF4F204FB12339BB207F803800F
:105DA000B31D9BB2B3FBF4F204FB12339BB29DF81C
:105DB0000C20FA54F31D9BB2B3FBF4F204FB123334
:105DC0009BB29DF80D20FA5406F10803AAF80030A2
:105DD000274B23F81960274B082203F80920264B8C
:105DE000102203F80920254A13880133138008F193
:105DF000FF38B8F1010F9EBF134B00221A700F231A
:105E0000EEE51F4A1388002B3FF4D0AD1D49013B3E
:105E100013800B6818205A1C92FBF0F400FB14222C
:105E20000A6003EB4303184AD35C9A1E012A3FF62B
:105E3000B8AD164A032B13703FF4A0AD022391E5D1
:105E4000A40F0020AC0F00200A1200200810002030
:105E500006100020980F00203F0100205401002070
:105E600056010020841400205013002010B20008B6
:105E7000C8140020A8140020881400207C140020DE
:105E8000B00F0020B40F0020BC0F0020071000202E
:105E90004E1300202612002038B5114A114B002164
:105EA00019701388DBB11048013B13800368182474
:105EB0005A1C92FBF4F504FB152202600B4803EB1D
:105EC0004303C2180324C4549170FF23084853703D
:105ED000012104F068FC074A13880133138038BDA0
:105EE0003C0100200A120020B80F0020BC0F002047
:105EF00000440140B00F002038B5334B1B78002B15
:105F000060D0324C2388DBB13149013B23800B68E0
:105F100018205A1C92FBF0F500FB15220A602D494F
:105F200003EB4303CA180220C85400232A485370C5
:105F30000121937004F037FC284A13880133138041
:105F40002388DBB12249013B23800B6818205A1CAF
:105F500092FBF0F500FB15221E480A6003EB430399
:105F6000C2180021C1549170CC231B4853700121E9
:105F700004F019FC194A1388013313802388DBB11C
:105F80001349013B23800B6818205A1C92FBF0F444
:105F900000FB14220F480A6003EB4303C2180021E0
:105FA000C154917044230C485370012104F0FBFB51
:105FB0000A4A138801331380094B00221A70094BD7
:105FC00001221A7038BD00BF0A1200203C010020D7
:105FD000B80F0020BC0F002000440140B00F00208B
:105FE00009120020081200202DE9F74FDFF8AC91CC
:105FF00099F80030002B00F0BF80614B614C1B789A
:10600000DFF89CA1019323889AF80050DBB15E4928
:10601000013B23800B6818205A1C92FBF0F600FB12
:1060200016220A60594903EB4303CA180220C854D8
:106030000023574853700121937004F0B4FB554A74
:106040001388013313802388DBB14F49013B238040
:106050000B6818205A1C92FBF0F600FB16224B48E6
:106060000A6003EB4303C2180021C1549170552309
:1060700047485370012104F096FB464A13880133C8
:106080001380454ADFF800B105F03F0702EBC7086F
:106090003E4A00262388F3B1013B2380DBF8003021
:1060A00018F806C0591C182003EB430391FBF0FEBF
:1060B00000FB1E11CBF80010D1180020D0548870BE
:1060C00081F801C03248012104F06DFB31492F4AAB
:1060D0000B8801330B800136082EDBD12388DBB11E
:1060E0002949013B23800B6818205A1C92FBF0F6CB
:1060F00000FB162225480A6003EB4303C218002167
:10610000C1549170BE2322485370012104F04BFB0F
:10611000204A1388013313805FFA87FBDFF86C8015
:10612000194F1B4800262388D3B1013B23803B68CD
:1061300018215A1C03EB430392FBF1FC01FB1C22C8
:106140003A6008EB0302012108F8031082F801B05D
:10615000967004F028FB0F4A0D4813880133138012
:106160000136092EDFD1019BAB428BBF01350023E5
:106170008AF8005089F8003003B0BDE8F08F00BF06
:106180000A1200203C010020B80F0020BC0F0020A4
:1061900000440140B00F0020081000200812002029
:1061A0000912002010B540F2115004F027F9202305
:1061B000032200214FF0904003F058FFBDE810404B
:1061C0002023012200214FF0904003F02DBF10B595
:1061D00040F2115004F012F94023032200214FF045
:1061E000904003F043FFBDE810404023012200210E
:1061F0004FF0904003F018BF10B5094C40F2125018
:1062000004F0FCF8204601230322002103F02EFFB6
:10621000012320461A46BDE81040002103F004BFC8
:106220000004004810B5094C40F2125004F0E6F8A2
:10623000204602230322002103F018FF20460223F8
:10624000BDE810400122002103F0EEBE000400482A
:10625000F8B5264C264D27782E6820214FF0904027
:1062600003F03FFFB0FA80F0400987421CBF0023D3
:1062700020704FF040014FF0904018BF2372277BF1
:1062800018BF66602E6803F02CFFB0FA80F040095A
:1062900087421CBF002320734FF0010115481CBF2B
:1062A00023752661277E2E6803F01BFFB0FA80F06D
:1062B000400987421CBF002320764FF002010D48A1
:1062C0001CBFE66184F820302D6894F8246003F048
:1062D00008FFB0FA80F0400986421FBF002384F80F
:1062E0002400A56284F82C30F8BD00BF680F0020A0
:1062F00078190020000400482DE9F04F604BDFF8CA
:10630000B0A11B7887B003F0030B01930C2303FBB0
:106310000BF30AEB0301097A002940F0A980594FD9
:106320001AF80330BB70584B1E7801213970FF2ECC
:106330005944797000F0968054490B88002B00F086
:106340009180534CDFF86C81013B0B8023680293F2
:10635000591C484200F01F0001F01F0158BF414284
:106360004C4B21604C491D880988ADF814104FF43E
:10637000967405A85021FCF7BBFBB5FBF4F104FBB8
:10638000115189B24FF0500C08F801C03146FCF7AA
:10639000AFFB691C89B2B1FBF4FC04FB1C1189B290
:1063A00008F801603D4E96F800904946FCF7A0FBC6
:1063B000A91C89B2B1FBF4FC04FB1C1189B208F8DA
:1063C000019009F10109032186F80090FCF790FB88
:1063D000E91C89B2B1FBF4F004FB101189B203206F
:1063E000B946EE1D2F1D08F80100029BBFB2B6B2E0
:1063F00019F8011B039305A80291FCF779FBB7FB81
:10640000F4F004FB1070013780B2BFB2029908F8B3
:106410000010BE42039BEBD1B6FBF4F104FB116606
:10642000B6B29DF8141008F8061005F1080189B2FB
:10643000B1FBF4F004FB101189B29DF81500154A68
:1064400008F8010005F109011180154921F81350E0
:1064500014490920C85414491020C85413490B8802
:1064600001330B800C2303FB0BAA01238AF80830AD
:10647000019B034A0133137007B0BDE8F08F00BFE2
:10648000620F0020630F00205401002056010020FD
:10649000841400204E13002010B2000826120020A1
:1064A000C8140020A8140020881400207C140020A8
:1064B000680F0020501300201FB50C4C40F20170F3
:1064C00003F09CFF204604F083F800236422694611
:1064D0002046CDE9003302928DF80C3004F0CCF860
:1064E000204604F059F904B010BD00BF000400407C
:1064F00008B540F2115003F081FF802303220021F0
:106500004FF0904003F0B2FD8023002202214FF0B3
:10651000904003F089FDBDE80840802201214FF042
:10652000904003F0E4BD000030B54FF4A06085B0AA
:1065300003F064FF1B4B1C4A1A601C4B1C4C0FCB16
:106540006D4685E80F002A462046012104F04EF9E9
:1065500020460022012104F07DFA2046602201211C
:1065600004F052FA08222046012104F081FA204664
:10657000012104F031F94FF48071204604F028F92C
:10658000204604F009F9012211460A2003F0E8FE32
:10659000022003F037FC0221084603F095FC05B009
:1065A00030BD00BF1C0100203804004014B20008B8
:1065B000000400404E4B4F4A2DE9F341D3F8006CE4
:1065C0001288D3F8048CD3F8087CADF80420FF2E91
:1065D00094BF31460021C9B201A8FCF789FA464CA4
:1065E000464D2168B1F5807F28BF002101A8C9B2BE
:1065F000FCF77EFA6168B1F5807F28BF0021C9B23F
:10660000FCF776FAA168B1F5807F28BF0021C9B2F6
:106610000C34FCF76DFAAC42E3D1394D2168B1F589
:10662000807F28BF0021C9B201A8FCF761FA616828
:10663000B1F5807F28BF0021C9B20834FCF758FAB1
:10664000AC42EBD19DF80430434542D19DF8053072
:10665000BB423ED1012E3CD12A4B274A2A481E4636
:106660001168B1F5807F28BF002119705168013988
:10667000FE2902F108028CBF0021012182425970DB
:1066800003F10203ECD12149002064271368B3F51C
:10669000807F28BF00230B705368B3F5807F28BF2D
:1066A00000234B709368B3F5807F28BF0023DBB2D3
:1066B0000B71B3FBF7F407FB1433DBB20024013B8F
:1066C000A4469C454C8007DD0C32AA4201F1100122
:1066D000DCD102B0BDE8F08116F810E0013074445E
:1066E000A4B2B0FBF7FE0CF1010C07FB1E00E8E7BB
:1066F00000F0000810B200080CFC000884FC000840
:10670000A4FF00088C0E00202CFF00087C00002055
:106710002DE9F04F2DED108B95B0AA4B0593AA4BA8
:106720000893AA4B009303F1010AA94CDFEDA9DA03
:106730000023029309939B46059B5B780B93059B73
:106740005B8809EE103A059BD3ED029A089B93ED06
:1067500000BAD3ED01BA1B7A0E93009B93F8203058
:106760000F9394F820301093059B1B796422B3FBA0
:10677000F2F102FB1133DBB2013B944A1193002387
:106780000AEE103A06930393282303FB0B23079387
:106790001AEE102A119B9A423BDD059B069A1B7B41
:1067A000934205D0059A012353731346069A1A7330
:1067B000009B93F82130002B01F00C82009A009B83
:1067C000D2ED047AD2ED066A93F8223092ED057A82
:1067D00077EEA67AF5EEC07AF1EE10FAC1F2EE810C
:1067E000002B01F0DF81B4EEE77A0123F1EE10FA1D
:1067F00082F8233001F2DB81009A002313614FF00D
:106800007E535361012382F8233082F8243001F053
:10681000E1B9714B099A13F812200192099ADDED42
:10682000017A03EB4203039A5B781293019BB8EE63
:1068300067DA13440D932BEE0DCA01236BEE8DCA5C
:106840000A93F7EE008A0A9B03F1FF39019B9945F1
:106850000FDB099A64230132B2FBF3F103FB11232E
:1068600009931AEE103A01330AEE103A0D9B039386
:106870008EE7129B1BB1019B0A9AA3EB020907EE5C
:10688000909AF5EEC09AF1EE10FAF8EEE7AA60DD04
:10689000B4EEEACAF1EE10FA59D8F4EEEACAF1EE13
:1068A00010FACCBF012300230E9A934251D0109AC4
:1068B000267894F82130002A61D19FED48EA102E05
:1068C00028BFB0EE68EA002B00F0298194F823304D
:1068D00094ED048A2BB1B0EE480A04F04FFC38EE78
:1068E000408AB5EEC08AF1EE10FA67D4B4EEE88AB9
:1068F000F1EE10FA00F31381252E00F26881DFE833
:1069000016F0130225032803A403DA0366016601C7
:10691000660166016601660166016601660166013F
:106920006601660156062C049F04ED0466016601AB
:10693000660166016601660166016601660166011F
:1069400066013E0560058205DB0500062E06002374
:10695000AAE70B9B4FF4FF62581E0023834200F30B
:10696000F080029D1E494FF000064E552946013128
:10697000B1FBF2F602FB161102910133EEE79FED37
:1069800017EA102E28BFB0EE68EA002B00F0C7808F
:1069900094ED077A94ED048A94F82330F8EECA7ADD
:1069A000A7EEC78A2BB1B0EE480A04F0E7FB38EE39
:1069B000408AB5EEC08AF1EE10FA13D538EECEEA71
:1069C000ADE000BF7C00002004000020FC0C002093
:1069D0006C0B002000007F438C0E002000000000A4
:1069E00073030020B4EEE88AF1EE10FA00F397800A
:1069F000252E00F2EC80DFE816F09701A9022600B0
:106A0000B700ED00EA00EA00EA00EA00EA00EA0066
:106A1000EA00EA00EA00EA00EA00EA00DA053701E3
:106A2000A901F301EA00EA00EA00EA00EA00EA004C
:106A3000EA00EA00EA00EA00EA00C204E40406050B
:106A40003D025F028602602399FBF3F203FB129280
:106A500094F82430002B00F08480002AC94B4FF0BA
:106A60000C0172DB92FBF1F0282101FB0B31014498
:106A700000234B700C23B2FBF3F2C24B282101FB25
:106A80000B33134409F007015E78D9F1000303F0DA
:106A9000070358BF59420029B8BF083146FA01F32D
:106AA000DF0700F14181DFF8F082DFF8F0C2B64F76
:106AB0009CF8003098F8000004933B788CF8003084
:106AC00080EA0010C0B283EA5303434083EA4003E4
:106AD000DBB207EE903A94ED067ADFEDAC6ADFF8B0
:106AE000C0E23B70F8EE677A37EE087A67EEA67A76
:106AF0009EF8005088F80050F4EEC77A049D8EF896
:106B00000050F1EE10FA62D59E4B282000FB0B33AB
:106B1000134401228A4032435A709FED9DEA0B9B39
:106B2000B8EECA8A013B139300260823B0460493AB
:106B3000B1EE488A049BA3F10807139B9F4240F3E0
:106B40003A850A9B01330A937DE602F16000B0FBAF
:106B5000F1F1282000FB0B330B4400215970603207
:106B600088E7002A86DAFAE794F82530DFED8F7A95
:106B7000C3B138EEC88A28EE0D8AB4EEE78AF1EE8A
:106B800010FA0DD8DFED8A7AB4EEE78AF1EE10FA4A
:106B900006DBFDEEC87A17EE903A4B4517DCC3E0F2
:106BA0000023FAE72DEE088AB4EEE78AF1EE10FA38
:106BB0000AD8DFED7F7AB4EEE78AF1EE10FAA4BFCF
:106BC000FDEEC87A17EE903A4B4580F2AD80B7EEF5
:106BD00000EAA4E7019B9FED737A013303F4FF738E
:106BE00007EE903A94F82530F8EE677A03B338EE62
:106BF000C88A28EE278AB4EEC78AF1EE10FA15D8B3
:106C0000DFED697AB4EEE78AF1EE10FA0EDBF6EE0C
:106C1000007A28EE278AFDEEC87A17EE903A4B45A7
:106C2000D5DC019AD31A4B45D1DD7DE00023F6E790
:106C300068EE277AF4EEC77AF1EE10FA0ED89FEDDF
:106C40005A7AF4EEC77AF1EE10FAA1BFB6EE007AE6
:106C500067EE877AFDEEE77A17EE903A4B4563DAF6
:106C6000019AD31A013B98E7602399FBF3F203FBE7
:106C7000129294F82430002B65D0002A414B4FF03B
:106C80000C0154DB92FBF1F0282101FB0B31014494
:106C900000234B700C23B2FBF3F23A4B282101FB8B
:106CA0000B33134409F007015E78D9F1000303F0B8
:106CB000070358BF59420029B8BF083146FA01F30B
:106CC000DD0784D4DFF8D080DFF8D0C02E4F9CF8E9
:106CD000003098F8000004933B788CF8003080EA8C
:106CE0000010C0B283EA5303434083EA4003DBB29F
:106CF00007EE903A94ED067ADFED246ADFF8A0E023
:106D00003B70F8EE677A37EE087A67EEA67A9EF85F
:106D1000005088F80050F4EEC77A049D8EF80050B9
:106D2000F1EE10FA3FF5F0AE9FED1AEAF7E602F148
:106D30006000B0FBF1F1282000FB0B330B44002175
:106D400059706032A6E7002AA4DAFAE794F82530F1
:106D5000DFED167A73B338EEC88A28EE0D8AB4EEEA
:106D6000E78AF1EE10FA0BD8DFED117AB4EEE78A7C
:106D7000F1EE10FA04DBFDEEC87A17EE903A52E716
:106D8000002350E76C0B0020000000208180803B36
:106D900000007F4300000000640300206203002025
:106DA000630300200000804F000080CF0000004FF0
:106DB000000000CF2DEE088AB4EEE78AF1EE10FA5B
:106DC0000AD85FED057AB4EEE78AF1EE10FAA4BFB7
:106DD000FDEEC87A17EE903A4B45BFF6F8AEA3E742
:106DE000019B1FED107A013303F4FF7307EE903A15
:106DF00094F82530F8EE677AFBB138EEC88A28EEB1
:106E0000278AB4EEC78AF1EE10FA14D85FED1A7A29
:106E1000B4EEE78AF1EE10FA0DDBF6EE007A28EE1A
:106E2000278AFDEEC87A17EE903A4B453FF77CAFC4
:106E3000019AD31AB1E60023F7E768EE277AF4EE59
:106E4000C77AF1EE10FA0ED81FED297AF4EEC77A60
:106E5000F1EE10FAA1BFB6EE007A67EE877AFDEE8A
:106E6000E77A17EE903A4B45BFF6B1AE019AD31AC6
:106E7000013BD8E6E37807EE903A94F825300BB161
:106E800038EEC88A2DEE088A1FED387AB4EEC78A2C
:106E9000F1EE10FA0ED81FED3A7AB4EEC78AF1EE91
:106EA00010FA07DBBDEEC87A17EE103A4B4540F0FA
:106EB000F482A6E20023F9E7E37807EE903A94F82B
:106EC00025300BB138EEC88A2DEE088A1FED4B7ABB
:106ED000B4EEC78AF1EE10FA36D81FED4D7AB4EE53
:106EE000C78AF1EE10FA2FDBB6EE007A28EE078A99
:106EF000BDEEC87A17EE103A4B4500F08282019A37
:106F0000D31A013BD2E7E37807EE903A94F82530A4
:106F100053B1B6EE007AB4EEC78AF1EE10FAD4BFE0
:106F200038EE078A38EE478A2DEE088A1FED617A1F
:106F3000B4EEC78AF1EE10FA06D81FED637AB4EE0C
:106F4000C78AF1EE10FAD3DA0023D5E738EEC8EAA3
:106F5000E5E5039B03EB0902602392FBF3F103FBDE
:106F6000112194F82430002B6CD00029C54B4FF030
:106F70000C005BDB91FBF0F6282000FB0B3030446B
:106F8000002343700C23B1FBF3F1BE4B282000FB20
:106F90000B330B445E78534203F0070302F0070201
:106FA00058BF5A42002AB8BF083246FA02F3D8073F
:106FB0003FF5BAAEDFF8DC82DFF8DCC2B24F9CF8F6
:106FC000003098F8000004933B788CF8003080EA99
:106FD0000010C0B283EA5303434083EA4003DBB2AC
:106FE00007EE103AD4ED067ADFEDA86ADFF8ACE2DE
:106FF0003B70B8EE477A77EE887A27EE267A9EF8CD
:10700000005088F80050B4EEE77A049D8EF80050E6
:10701000F1EE10FA7FF5DBAD9A4B282000FB0B3325
:107020000B44012191403143597076E501F160062E
:10703000B6FBF0F0282606FB0B3303440020587003
:1070400060319FE700299DDAFAE7039BDFED906A44
:1070500003EB090294F82530B8EE497ABBB178EE1B
:10706000C87A67EE877AF4EEE67AF1EE10FA0CD879
:107070009FED8B7AF4EEC77AF1EE10FA05DBFDEEA8
:10708000E77A17EE903A934288E50023FBE768EE33
:10709000077AF4EEE67AF1EE10FA0AD89FED807ADC
:1070A000F4EEC77AF1EE10FAA4BFFDEEE77A17EE20
:1070B000903A934289E519EE103A013323F0010327
:1070C0009BB200EE103A039B9FED767A03EB090228
:1070D00094F82530B8EE400A0BB378EEC87A67EE24
:1070E000807AF4EEC77AF1EE10FA16D89FED6E7A38
:1070F000F4EEC77AF1EE10FA0FDBB6EE007A67EE27
:10710000877AFDEEE77A17EE903A93423FF75FAD4C
:1071100019EE101ACB1A934286E50023F5E728EE04
:10712000000AB4EEC70AF1EE10FA0ED8DFED5E7A6F
:10713000B4EEE70AF1EE10FAA1BFF6EE007A20EE07
:10714000270AFDEEC07A17EE903A9342BFF6ECADF7
:1071500019EE101ACB1A013B95E7039B03EB0902CA
:10716000602392FBF3F103FB112194F82430002BF0
:1071700063D00029434B4FF00C0052DB91FBF0F63B
:10718000282000FB0B303044002343700C23B1FB5C
:10719000F3F13C4B282000FB0B330B445E78534249
:1071A00003F0070302F0070258BF5A42002AB8BF93
:1071B000083246FA02F3DB073FF509ADDFF8D48069
:1071C000DFF8D4C0304F9CF8003098F800000493EA
:1071D0003B788CF8003080EA0010C0B283EA530399
:1071E000434083EA4003DBB207EE103AD4ED067A5F
:1071F000DFED266ADFF8A4E03B70B8EE477A77EE61
:10720000887A27EE267A9EF8005088F80050B4EE6F
:10721000E77A049D8EF80050F1EE10FA7FF584AD08
:10722000FAE601F16006B6FBF0F0282606FB0B3308
:107230000344002058706031A8E70029A6DAFAE775
:10724000039BDFED136A03EB090294F82530B8EED7
:10725000497A7BB378EEC87A67EE877AF4EEE67AFD
:10726000F1EE10FA0BD89FED0E7AF4EEC77AF1EE3C
:1072700010FA04DBFDEEE77A17EE903A4BE70023B5
:1072800049E700BF6C0B0020000000208180803B9C
:107290000000004F6403002062030020630300200D
:1072A000000000CF0000804F000080CF0000004BA6
:1072B000000000CB68EE077AF4EEE67AF1EE10FA01
:1072C0000AD81FED097AF4EEC77AF1EE10FAA4BFDE
:1072D000FDEEE77A17EE903A93427EE519EE103A0A
:1072E000013323F001039BB200EE103A039B1FED24
:1072F000137A03EB090294F82530B8EE400A03B381
:1073000078EEC87A67EE807AF4EEC77AF1EE10FA7A
:1073100015D81FED1B7AF4EEC77AF1EE10FA0EDBEA
:10732000B6EE007A67EE877AFDEEE77A17EE903ACE
:1073300093423FF7F9AC19EE101ACB1AA3E60023DB
:10734000F6E728EE000AB4EEC70AF1EE10FA0ED8FE
:107350005FED2B7AB4EEE70AF1EE10FAA1BFF6EE7C
:10736000007A20EE270AFDEEC07A17EE903A93429B
:10737000BFF62DAC19EE101ACB1A013BCBE65FED30
:10738000357AB4EEE78AF1EE10FA18D85FED387A64
:10739000B4EEE78AF1EE10FA11DBF0EE487AFEEE79
:1073A000CC7A17EE903A5A42D2B2DBB258BF53426F
:1073B000B04A02EB830292ED00EAFFF7B0BB002374
:1073C000F6E7AD4FE378AD493A78AD48AD4E90F869
:1073D00000E094F804C096F8008087F8008007EE7B
:1073E000903A0B78037082EA0212D2B283EA530316
:1073F000534083EA4203DBB29C4586F800E00B7001
:107400004BD9A3784AE0E378DFED9F6A07EE903A24
:10741000B4EEE68A2379F1EE10FA07EE103A49D875
:10742000DFED9A6AB4EEE68AF1EE10FA42DBF0EE96
:10743000486AFEEECC6A16EE903A5A42D2B2DBB2FD
:1074400058BF53428B4A8C4F8C498D488D4E90F8D3
:1074500000C096F800E086F800C002EB830292EDCF
:10746000006A3A780B78037082EA0212D2B283EA99
:107470005303534083EA4203DBB206EE903AB8EE80
:10748000477AF8EE666A27EE067A87F800E0F4EEAF
:10749000C76AF1EE10FA0B70B3D4637807EE103AB6
:1074A000F8EE677AB8EE477A77EEA87A87EE27EAA1
:1074B000FFF735BB0023C5E7E37807EE903A94F871
:1074C00025300BB138EEC88AB8EE490A9FED737AC1
:1074D000039B20EE080A03EB0902B4EEC70AF1EEA3
:1074E00010FA0CD89FED6E7AB4EEC70AF1EE10FADE
:1074F00005DBBDEEC07A17EE103A9A42D7E40023BE
:10750000FBE7E37807EE903A94F825300BB138EEBC
:10751000C88AB8EE490A9FED5E7A039B20EE080AFE
:1075200003EB0902B4EEC70AF1EE10FA3DD89FED65
:10753000597AB4EEC70AF1EE10FA36DBB6EE007AED
:1075400020EE070ABDEEC07A17EE103A93423FF4E0
:1075500058AF19EE101ACB1A013B9342A7E4E37817
:1075600007EE903A94F8253053B1B6EE007AB4EEB7
:10757000C78AF1EE10FAD4BF38EE078A38EE478A90
:10758000B8EE490A9FED457A039B20EE080A03EB0B
:107590000902B4EEC70AF1EE10FA06D89FED407A60
:1075A000B4EEC70AF1EE10FACCDA0023CEE7B0EE63
:1075B00048EAFFF7B4BA029A374B9B5C0F9A0FEE7A
:1075C000103A009B93F82130002A00F02781002B0D
:1075D0004DD0009A009BD2ED077A92ED040A93F801
:1075E0002330A8EE270AF0EE40EA1BB103F0C6FDF7
:1075F0007EEEC0EAF5EEC0EAF1EE10FA37D4F4EE12
:10760000E8EAF1EE10FA32DC009B1B78112B49D02E
:1076100028D8002B00F09081102B28D10C23B6FB2A
:10762000F3F203FB1262711C1AF8022007EE102A13
:10763000B1FBF3F203FB1212B11C1AF8022007EEA1
:10764000902AB1FBF3F203FB1212009B1AF802100E
:1076500093F825300BB178EEEEEAB8EE477AAEEE4D
:10766000AD7A48E0202B00F00B82212B6ED0F8EE93
:107670004F7A9CE13CB20008640300200000002027
:1076800062030020630300200000004B000000CBD9
:107690000000804F000080CF730300200000004FE7
:1076A000000000CF0C23B6FBF3F203FB1262711C47
:1076B0001AF8022007EE102AB1FBF3F203FB1212B4
:1076C000B11C1AF8022007EE902AB1FBF3F203FB7B
:1076D0001212009B1AF8021093F825300BB178EEC5
:1076E000EEEAC8EE8D6AB0EE6E0AAAEEA60AB8EE11
:1076F000477AA0EE2D7A5FED176AB4EEE67AF1EEE6
:1077000010FA00F2AD815FED1A6AB4EEE67AF1EE9E
:1077100010FAC0F2A581BDEEC77A17EE103A5A42B0
:10772000D2B2DBB258BF534207EE101ACD4AF8EE80
:10773000677AB8EE477A02EB830237EE677AD2EDCA
:10774000006AE7EE267A69EEA77A30E1C64ADFF8EA
:1077500028E3DFF828C310789EF80010C34F0C917F
:107760009CF800103B78137080EA0010C0B281EAE8
:107770005102424082EA4002D2B207EE902A0098BB
:107780009FEDBB6A0C9D3D70B8EE677AD0ED067A2E
:107790008EF80010F3EE096A27EE067A67EEA67AF5
:1077A0008CF80020B4EEE77AF1EE10FA00F2F081E6
:1077B0000C27B8FBF7F007FB108083EA03131AF8D5
:1077C00000508EF8002008F10100DBB207EE905A5D
:1077D000B0FBF7F583EA430307FB150053401AF8A3
:1077E0000050A24FA048397083EA5203DBB206EE84
:1077F000905A07EE103AF8EE677AF8EE666AB8EE3D
:10780000477A76EEE76A27EE067A0C9D0570E6EE7B
:10781000877A8CF8003067EEA97A94E7002B3FF462
:1078200026AF009BD3ED04EA93F823302BB1B0EEE2
:107830006E0A03F0A3FC7EEEC0EAF5EEC0EAF1EEBC
:1078400010FA3FF514AFF4EEE8EAF1EE10FA3FF764
:107850000EAF009B1B78112B00F0D2807FF6D9AEC3
:10786000202B00F00D81212B7FF401AF7E4ADFF841
:1078700008E2DFF808C210789EF800107B4F0C91E8
:107880009CF800103B78137080EA0010C0B281EAC7
:107890005102424082EA4002D2B207EE902A00989A
:1078A0009FED736A0C9D3D70B8EE677AD0ED067A55
:1078B0008EF80010F3EE096A27EE067A67EEA67AD4
:1078C0008CF80020B4EEE77AF1EE10FA00F2608155
:1078D0000C27B8FBF7F007FB108083EA03131AF8B4
:1078E00000508EF8002008F10100DBB207EE905A3C
:1078F000B0FBF7F583EA430307FB150053401AF882
:1079000000505A4F5848397083EA5203DBB206EEF2
:10791000905A07EE103AF8EE677AB8EE477AF8EE2A
:10792000666A27EE067A76EEE76A0C9D0570E7EE4A
:10793000267A8CF800306EE70C21B7FBF1F201FBE0
:10794000127207990A44B8EE4F7A527807EE902ADD
:10795000F8EE677A67EEA97AF4EEED7AF1EE10FAB6
:107960000AD8F5EEC07AF1EE10FAA2BFFCEEE76A93
:10797000CDED0C6A9DF830301FEE102A934200F0D6
:107980000A81009B93F822308BB9009B38EEEE0AF7
:10799000D3ED066AF4EEC06AF1EE10FA07D877EE7E
:1079A000C77A67EEA67AC7EE806A76EE877A6EEEC1
:1079B000277AF4EEED7AF1EE10FA00F3EF80F5EEAF
:1079C000C07AF1EE10FA40F3EB80FCEEE77ACDEDF1
:1079D000067A9DF81830012206920299254A5354DE
:1079E0004A1C4FF4FF63B2FBF3F103FB1123029334
:1079F000049B0133049308F102080336FFF79AB899
:107A00000C23B6FBF3F203FB1262711C1AF802207E
:107A100007EE102AB1FBF3F203FB1212B11C1AF8A5
:107A2000022007EE902AB1FBF3F203FB1212009B37
:107A30001AF8021093F825300BB178EEEEEA039BAA
:107A40004B4406EE103AF8EE495AB8EEC66AB8EE64
:107A5000477AC6EE256A76EEAE6AA6EEAD7A4AE6BB
:107A6000002361E63CB200086403002063030020A9
:107A70008180803B7303002062030020000000200F
:107A8000009B93F82430002B58D00C23B8FBF3F262
:107A900003FB128208F101011AF80220DFF84CC240
:107AA00088489FED896A90F800E0884F07EE102A19
:107AB000B1FBF3F203FB121285491AF802309CF86D
:107AC00000203D788CF8005006EE903A0B78037059
:107AD00082EA0212D2B283EA5303534083EA42039A
:107AE000DBB207EE903AB8EE477AF8EE666AF8EE47
:107AF000677A76EEC76A67EE867A87F800E0A6EEC8
:107B0000A77A0B7027EE297AB4EEED7AF1EE10FA2F
:107B10003CD8B5EEC07AF1EE10FA37DBFCEEC77A4E
:107B2000CDED0C7A9DF830200498049B0C21B3FB1A
:107B3000F1F301FB130307990B445A700499049B5A
:107B40000C22B3FBF2F302FB1313079A13441FEE4C
:107B5000102A5B789A42F8EE4F7A3FF428AF009AE9
:107B600038EEEE0AD2ED066A07EE103AF4EEC06A7D
:107B7000F1EE10FAB8EE477A0DD837EE677A27EEB5
:107B8000267AC7EE006A77EEA67A10E70022CBE7E6
:107B9000F8EE4F7AD7E5F0EE477A08E7FF231AE7C9
:107BA00000231AE7B4EEE77AF1EE10FA0ED9009B43
:107BB000009AC3ED047A0023FEF727BEB4EEE77AFD
:107BC000F1EE10FAF3D8002B7EF416AE009A0023E3
:107BD00082F8213094F82130ABB3D4ED047AD4ED9F
:107BE000066A94F8223094ED057A77EEA67AF5EEDF
:107BF000C07AF1EE10FA1CDB43B9B4EEE77AF1EE8D
:107C000010FA1DD9C4ED047A00230FE0B4EEE77A30
:107C10000123F1EE10FA84F82330F3D80023236116
:107C20004FF07E536361012384F8233084F82430BD
:107C300009E0B4EEE77AF1EE10FAE3D8002BEDD1CB
:107C4000002384F82130059B10330593089B0C33E7
:107C50000893009B0BF1010B2833BBF10A0F009333
:107C600004F128040AF1280A7EF466AD029B194C3F
:107C7000B3F5FF6FC3F5FF6204EB0300C8BF00223A
:107C80000021FAF77FFE144B2178144C01221A8050
:107C9000134A144B02EBC10052F831201A604268BB
:107CA00011485A600021E36002F07BFD214602206A
:107CB00002F0C6F8022015B0BDEC108BBDE8F04F05
:107CC00002F0AAB8620300208180803B6303002099
:107CD0000000002073030020540F00201C0100202E
:107CE0003CB60008560F002000040040640300204A
:107CF0002DE9F04F2DED108B97B0AE4B0693AE4BA8
:107D00000A93AE4B019303F1010AAD4C9FEDADEA2E
:107D10000023079304930B939B46069B5B780D937C
:107D2000069B5B8809EE103A069BD3ED029A0A9BEC
:107D3000D3ED00BA93ED01CA1B7A1093019B93F81F
:107D40002030119394F820301293069B1B79642203
:107D5000B3FBF2F102FB1133DBB2013B13930023BF
:107D60000AEE103A08930393944B282202FB0B333C
:107D700009931AEE102A139B9A423BDD069B089A40
:107D80001B7B934205D0069A012353731346089A2E
:107D90001A73019B93F82130002B01F0FF81019AA7
:107DA000019BD2ED047AD2ED066A93F8223092ED6F
:107DB000057A77EEA67AF5EEC07AF1EE10FAC1F206
:107DC000E181002B01F0D281B4EEE77A0123F1EEDC
:107DD00010FA82F8233001F2CE81019A0023136158
:107DE0004FF07E535361012382F8233082F8243010
:107DF00001F0D4B9744B0B9A9FED74BA13F81220AA
:107E000002920B9ADDED027A03EB4203F8EE67DA99
:107E10005B781493DDE9023213440F936BEEADCA25
:107E200001232CEE2DDA0C93F7EE008A0C9B03F164
:107E3000FF39029B99450FDB0B9A64230132B2FB99
:107E4000F3F103FB11230B931AEE103A01330AEE00
:107E5000103A0F9B03938CE7149B1BB1029B0C9A67
:107E6000A3EB020907EE909AF5EEC09AF1EE10FA34
:107E7000F8EEE7AA60DDF4EEEACAF1EE10FA59D89E
:107E8000B4EEEADAF1EE10FACCBF01230023109A27
:107E9000934251D0129A267894F82130002A66D164
:107EA000102E2CBFF0EE68EAF0EE4BEA002B00F04B
:107EB0002E8194F8233094ED048A2BB1B0EE480A59
:107EC00003F05CF938EE408AB5EEC08AF1EE10FAA4
:107ED0006CD4B4EEE88AF1EE10FA00F31881252E86
:107EE00000F26D81DFE816F018022A032D03A903C2
:107EF000DF036B016B016B016B016B016B016B01AC
:107F00006B016B016B016B016B015E063104A40414
:107F1000F2046B016B016B016B016B016B016B0177
:107F20006B016B016B016B01430565058705E0057E
:107F3000050633060023AAE70D9B581E00231E46A4
:107F40004FF4FF62834200F3F480214F0499795C7F
:107F50000029079918BF0121079104997E54013126
:107F6000B1FBF2F702FB171104910133EAE7102E7F
:107F70002CBFF0EE68EAF0EE4BEA002B00F0C78071
:107F800094ED077A94ED048A94F82330F8EECA7AD7
:107F9000A7EEC78A2BB1B0EE480A03F0EFF838EE2F
:107FA000408AB5EEC08AF1EE10FA13D578EEEEEA0B
:107FB000ADE000BF7C00002004000020FC0C00208D
:107FC0006C0B002000007F438C0E0020000000009E
:107FD00073030020B4EEE88AF1EE10FA00F3978004
:107FE000252E00F2EC80DFE816F09701A9022600AA
:107FF000B700ED00EA00EA00EA00EA00EA00EA0061
:10800000EA00EA00EA00EA00EA00EA00DD053701DA
:10801000A901F301EA00EA00EA00EA00EA00EA0046
:10802000EA00EA00EA00EA00EA00C204E404060505
:108030003D025F028602602399FBF3F203FB12927A
:1080400094F82430002B00F08480002AC94B4FF0B4
:108050000C0172DB92FBF1F0282101FB0B31014492
:1080600000234B700C23B2FBF3F2C24B282101FB1F
:108070000B33134409F007015E78D9F1000303F0D4
:10808000070358BF59420029B8BF083146FA01F327
:10809000DF0700F14181DFF8F082DFF8F0C2B64F70
:1080A0009CF8003098F8000005933B788CF800307D
:1080B00080EA0010C0B283EA5303434083EA4003DE
:1080C000DBB207EE903A94ED067ADFEDAC6ADFF8AA
:1080D000C0E23B70F8EE677A37EE087A67EEA67A70
:1080E0009EF8005088F80050F4EEC77A059D8EF88F
:1080F0000050F1EE10FA62D59E4B282000FB0B33A6
:10810000134401228A4032435A70DFED9DEA0D9BF1
:10811000B8EECA8A013B159300260823B0460593A2
:10812000B1EE488A059BA3F10807159B9F4240F3D7
:108130003D850C9B01330C9378E602F16000B0FBA7
:10814000F1F1282000FB0B330B4400215970603201
:1081500088E7002A86DAFAE794F82530DFED8F7A8F
:10816000C3B138EEC88A28EE2D8AB4EEE78AF1EE64
:1081700010FA0DD8DFED8A7AB4EEE78AF1EE10FA44
:1081800006DBFDEEC87A17EE903A4B4517DCC3E0EC
:108190000023FAE72DEE888AB4EEE78AF1EE10FAB2
:1081A0000AD8DFED7F7AB4EEE78AF1EE10FAA4BFC9
:1081B000FDEEC87A17EE903A4B4580F2AD80F7EEAF
:1081C00000EAA4E7029B9FED737A013303F4FF7387
:1081D00007EE903A94F82530F8EE677A03B338EE5C
:1081E000C88A28EE278AB4EEC78AF1EE10FA15D8AD
:1081F000DFED697AB4EEE78AF1EE10FA0EDBF6EE07
:10820000007A28EE278AFDEEC87A17EE903A4B45A1
:10821000D5DC029AD31A4B45D1DD7DE00023F6E789
:1082200068EE277AF4EEC77AF1EE10FA0ED89FEDD9
:108230005A7AF4EEC77AF1EE10FAA1BFB6EE007AE0
:1082400067EE877AFDEEE77A17EE903A4B4563DAF0
:10825000029AD31A013B98E7602399FBF3F203FBE0
:10826000129294F82430002B65D0002A414B4FF035
:108270000C0154DB92FBF1F0282101FB0B3101448E
:1082800000234B700C23B2FBF3F23A4B282101FB85
:108290000B33134409F007015E78D9F1000303F0B2
:1082A000070358BF59420029B8BF083146FA01F305
:1082B000DD0784D4DFF8D080DFF8D0C02E4F9CF8E3
:1082C000003098F8000005933B788CF8003080EA85
:1082D0000010C0B283EA5303434083EA4003DBB299
:1082E00007EE903A94ED067ADFED246ADFF8A0E01D
:1082F0003B70F8EE677A37EE087A67EEA67A9EF85A
:10830000005088F80050F4EEC77A059D8EF80050B2
:10831000F1EE10FA3FF5F0AEDFED1AEAF7E602F102
:108320006000B0FBF1F1282000FB0B330B4400216F
:1083300059706032A6E7002AA4DAFAE794F82530EB
:10834000DFED167A73B338EEC88A28EE2D8AB4EEC4
:10835000E78AF1EE10FA0BD8DFED117AB4EEE78A76
:10836000F1EE10FA04DBFDEEC87A17EE903A52E710
:10837000002350E76C0B0020000000208180803B30
:1083800000007F430000000064030020620300201F
:10839000630300200000804F000080CF0000004FEA
:1083A000000000CF2DEE888AB4EEE78AF1EE10FAD5
:1083B0000AD85FED057AB4EEE78AF1EE10FAA4BFB1
:1083C000FDEEC87A17EE903A4B45BFF6F8AEA3E73C
:1083D000029B1FED107A013303F4FF7307EE903A0E
:1083E00094F82530F8EE677AFBB138EEC88A28EEAB
:1083F000278AB4EEC78AF1EE10FA14D85FED1A7A24
:10840000B4EEE78AF1EE10FA0DDBF6EE007A28EE14
:10841000278AFDEEC87A17EE903A4B453FF77CAFBE
:10842000029AD31AB1E60023F7E768EE277AF4EE52
:10843000C77AF1EE10FA0ED81FED297AF4EEC77A5A
:10844000F1EE10FAA1BFB6EE007A67EE877AFDEE84
:10845000E77A17EE903A4B45BFF6B1AE029AD31ABF
:10846000013BD8E6E37807EE903A94F825300BB15B
:1084700038EEC88A2DEE888A1FED387AB4EEC78AA6
:10848000F1EE10FA0ED81FED3A7AB4EEC78AF1EE8B
:1084900010FA07DBBDEEC87A17EE103A4B4540F0F4
:1084A000F482A6E20023F9E7E37807EE903A94F825
:1084B00025300BB138EEC88A2DEE888A1FED4B7A35
:1084C000B4EEC78AF1EE10FA36D81FED4D7AB4EE4D
:1084D000C78AF1EE10FA2FDBB6EE007A28EE078A93
:1084E000BDEEC87A17EE103A4B4500F08282029A30
:1084F000D31A013BD2E7E37807EE903A94F825309F
:1085000053B1B6EE007AB4EEC78AF1EE10FAD4BFDA
:1085100038EE078A38EE478A2DEE888A1FED617A99
:10852000B4EEC78AF1EE10FA06D81FED637AB4EE06
:10853000C78AF1EE10FAD3DA0023D5E778EEC8EA5D
:10854000E5E5039B03EB0902602392FBF3F103FBD8
:10855000112194F82430002B6CD00029C54B4FF02A
:108560000C005BDB91FBF0F6282000FB0B30304465
:10857000002343700C23B1FBF3F1BE4B282000FB1A
:108580000B330B445E78534203F0070302F00702FB
:1085900058BF5A42002AB8BF083246FA02F3D80739
:1085A0003FF5BAAEDFF8DC82DFF8DCC2B24F9CF8F0
:1085B000003098F8000005933B788CF8003080EA92
:1085C0000010C0B283EA5303434083EA4003DBB2A6
:1085D00007EE903A94ED067ADFEDA86ADFF8ACE298
:1085E0003B70F8EE677A37EE087A67EEA67A9EF867
:1085F000005088F80050F4EEC77A059D8EF80050C0
:10860000F1EE10FA7FF5DBAD9A4B282000FB0B331F
:108610000B44012191403143597076E501F1600628
:10862000B6FBF0F0282606FB0B33034400205870FD
:1086300060319FE700299DDAFAE7039BDFED906A3E
:1086400003EB090294F82530B8EE497ABBB178EE15
:10865000C87A67EE877AF4EEE67AF1EE10FA0CD873
:108660009FED8B7AF4EEC77AF1EE10FA05DBFDEEA2
:10867000E77A17EE903A934288E50023FBE768EE2D
:10868000077AF4EEE67AF1EE10FA0AD89FED807AD6
:10869000F4EEC77AF1EE10FAA4BFFDEEE77A17EE1A
:1086A000903A934289E519EE103A013323F0010321
:1086B0009BB200EE103A039B9FED767A03EB090222
:1086C00094F82530B8EE400A0BB378EEC87A67EE1E
:1086D000807AF4EEC77AF1EE10FA16D89FED6E7A32
:1086E000F4EEC77AF1EE10FA0FDBB6EE007A67EE21
:1086F000877AFDEEE77A17EE903A93423FF75FAD47
:1087000019EE101ACB1A934286E50023F5E728EEFE
:10871000000AB4EEC70AF1EE10FA0ED8DFED5E7A69
:10872000B4EEE70AF1EE10FAA1BFF6EE007A20EE01
:10873000270AFDEEC07A17EE903A9342BFF6ECADF1
:1087400019EE101ACB1A013B95E7039B03EB0902C4
:10875000602392FBF3F103FB112194F82430002BEA
:1087600063D00029434B4FF00C0052DB91FBF0F635
:10877000282000FB0B303044002343700C23B1FB56
:10878000F3F13C4B282000FB0B330B445E78534243
:1087900003F0070302F0070258BF5A42002AB8BF8D
:1087A000083246FA02F3DB073FF509ADDFF8D48063
:1087B000DFF8D4C0304F9CF8003098F800000593E3
:1087C0003B788CF8003080EA0010C0B283EA530393
:1087D000434083EA4003DBB207EE903A94ED067A19
:1087E000DFED266ADFF8A4E03B70F8EE677A37EE3B
:1087F000087A67EEA67A9EF8005088F80050F4EEEA
:10880000C77A059D8EF80050F1EE10FA7FF584AD21
:10881000FAE601F16006B6FBF0F0282606FB0B3302
:108820000344002058706031A8E70029A6DAFAE76F
:10883000039BDFED136A03EB090294F82530B8EED1
:10884000497A7BB378EEC87A67EE877AF4EEE67AF7
:10885000F1EE10FA0BD89FED0E7AF4EEC77AF1EE36
:1088600010FA04DBFDEEE77A17EE903A4BE70023AF
:1088700049E700BF6C0B0020000000208180803B96
:108880000000004F64030020620300206303002007
:10889000000000CF0000804F000080CF0000004BA0
:1088A000000000CB68EE077AF4EEE67AF1EE10FAFB
:1088B0000AD81FED097AF4EEC77AF1EE10FAA4BFD8
:1088C000FDEEE77A17EE903A93427EE519EE103A04
:1088D000013323F001039BB200EE103A039B1FED1E
:1088E000137A03EB090294F82530B8EE400A03B37B
:1088F00078EEC87A67EE807AF4EEC77AF1EE10FA75
:1089000015D81FED1B7AF4EEC77AF1EE10FA0EDBE4
:10891000B6EE007A67EE877AFDEEE77A17EE903AC8
:1089200093423FF7F9AC19EE101ACB1AA3E60023D5
:10893000F6E728EE000AB4EEC70AF1EE10FA0ED8F8
:108940005FED2B7AB4EEE70AF1EE10FAA1BFF6EE76
:10895000007A20EE270AFDEEC07A17EE903A934295
:10896000BFF62DAC19EE101ACB1A013BCBE65FED2A
:10897000357AB4EEE78AF1EE10FA18D85FED387A5E
:10898000B4EEE78AF1EE10FA11DBF0EE487AFEEE73
:10899000CC7A17EE903A5A42D2B2DBB258BF534269
:1089A0009E4A02EB8302D2ED00EAFFF7B0BB002340
:1089B000F6E79B4FE3789B493A789B489B4E90F8AB
:1089C00000E094F804C096F8008087F8008007EE75
:1089D000903A0B78037082EA0212D2B283EA530310
:1089E000534083EA4203DBB29C4586F800E00B70FB
:1089F0004BD9A3784AE0E378DFED8D6A07EE903A31
:108A0000B4EEE68A2379F1EE10FA07EE103A49D86F
:108A1000DFED886AB4EEE68AF1EE10FA42DBF0EEA2
:108A2000486AFEEECC6A16EE903A5A42D2B2DBB2F7
:108A300058BF5342794A7A4F7A497B487B4E90F827
:108A400000C096F800E086F800C002EB830292EDC9
:108A5000006A3A780B78037082EA0212D2B283EA93
:108A60005303534083EA4203DBB206EE903AB8EE7A
:108A7000477AF8EE666A27EE067A87F800E0F4EEA9
:108A8000C76AF1EE10FA0B70B3D4637807EE103AB0
:108A9000F8EE677AB8EE477A77EEA87AC7EE27EA5B
:108AA000FFF735BB0023C5E7E37807EE903A94F86B
:108AB00025300BB138EEC88AB8EE497ADFED5E6A30
:108AC000039B27EE087A03EB0902B4EEE67AF1EE97
:108AD00010FA0CD8DFED596AB4EEE67AF1EE10FA2E
:108AE00005DBBDEEC77A17EE103A9A42D7E40023B1
:108AF000FBE7E37807EE903A94F825300BB138EEB7
:108B0000C88AB8EE490A9FED4E7A039B20EE080A08
:108B100003EB0902B4EEC70AF1EE10FA40D89FED5C
:108B2000497AB4EEC70AF1EE10FA39DBB6EE007AF4
:108B300020EE070ABDEEC07A17EE103A93423FF4DA
:108B400058AF19EE101ACB1A013B9342A7E4E37811
:108B500007EE903A94F8253053B1B6EE007AB4EEB1
:108B6000C78AF1EE10FAD4BF38EE078A38EE478A8A
:108B7000B8EE497ADFED306A039B27EE087A03EB03
:108B80000902B4EEE67AF1EE10FA09D8DFED2B6AAD
:108B9000B4EEE67AF1EE10FA02DBBDEEC77ACBE76F
:108BA0000023CBE7F0EE48EAFFF7B1BA049A264B70
:108BB0009B5C119A0FEE103A019B93F82130002A2A
:108BC00000F08E8133B3019A019BD2ED077A92EDCA
:108BD000040A93F82330A8EE270AF0EE40FA1BB1FE
:108BE00002F0CCFA7FEEC0FAF5EEC0FAF1EE10FA20
:108BF00010D4F4EEE8FAF1EE10FA0BDC019B1B78CE
:108C0000112B00F0908021D8002B00F0E181102B77
:108C100000F04A82F8EE4F7A15E200BF3CB200083D
:108C20006403002000000020620300206303002092
:108C30000000004B000000CB0000004F000000CF00
:108C40000000804F000080CF73030020202B00F035
:108C5000BE80212BDED1D64ADFF86CE3DFF86CC38F
:108C600010789EF80010D34F0E919CF800103B78BE
:108C7000137080EA0010C0B281EA5102424082EAD9
:108C80004002D2B207EE902A01989FEDCB6A0E9D6A
:108C90003D70B8EE677AD0ED067A8EF80010F3EEEC
:108CA000096A27EE067A67EEA67A8CF80020B4EE01
:108CB000E77AF1EE10FA00F24F820C27B8FBF7F0DA
:108CC00007FB108083EA03131AF80050DBB208F1A7
:108CD000010007EE905AB0FBF7F583EA430307FB68
:108CE000150053401AF80050B24FB148397083EA6A
:108CF0005203DBB206EE905A07EE103AF8EE677AAE
:108D0000F8EE666AB8EE477A76EEE76A27EE067AFC
:108D10000E9D0570E6EE877A8EF800208CF8003004
:108D200067EEA97A50E00C23B6FBF3F203FB126264
:108D3000711C1AF8022007EE102AB1FBF3F203FBB4
:108D40001212B11C1AF8022007EE902AB1FBF3F2BE
:108D500003FB1212019B1AF8021093F825300BB195
:108D600078EEEFFAC8EEAD6AB0EE6F0AAAEEA60A88
:108D7000B8EE477AA0EE0E7ADFED906AB4EEE67AAE
:108D8000F1EE10FA00F2E481DFED8D6AB4EEE67ADE
:108D9000F1EE10FAC0F2DC81BDEEC77A17EE103AA0
:108DA0005A42D2B2DBB258BF534207EE101A854A7C
:108DB000F8EE677AB8EE477A02EB830237EE677A0D
:108DC000D2ED006AE7EE267A69EEA77A3BE1019BD5
:108DD00093F82430002B5AD00C23B8FBF3F203FB9A
:108DE000128208F101011AF80220DFF8C4C17648A6
:108DF0009FED716A90F800E06E4F07EE902AB1FB8C
:108E0000F3F203FB121271491AF802309CF80020A9
:108E10003D788CF8005006EE903A0B78037082EAA9
:108E20000212D2B283EA5303534083EA4203DBB215
:108E300007EE103AF8EE677AB8EE477AF8EE666A0F
:108E400027EE067A76EEE76A87F800E0E7EE267A04
:108E50000B7067EEA97AF4EECE7AF1EE10FA00F21A
:108E60007981F5EEC07AF1EE10FAC0F27381FCEE72
:108E7000E77ACDED0E7A9DF838200598059B0C21F8
:108E8000B3FBF1F301FB130309990B445A700599E5
:108E9000059B0C22B3FBF2F302FB1313099A134454
:108EA0001FEE102A5B789A42F8EE4F7A00F0CB80E2
:108EB000019A38EEEF0AD2ED066A07EE103AF4EEA8
:108EC000C06AF1EE10FAB8EE477A00F2488137EE48
:108ED000677A27EE267AC7EE006A77EEA67AB2E0C6
:108EE000002B3FF497AE019BD3ED04FA93F82330A7
:108EF0002BB1B0EE6F0A02F041F97FEEC0FAF5EE49
:108F0000C0FAF1EE10FA3FF585AEF4EEE8FAF1EEB4
:108F100010FA3FF77FAE019B1B78112B00F0E88021
:108F20007FF672AE202B7FF494AE019B93F8243031
:108F3000002BACD00C23B8FBF3F203FB128208F138
:108F400001011AF80220DFF868C01F489FED1A6A75
:108F500090F800E0174F07EE902AB1FBF3F203FB05
:108F600012121A491AF802309CF800203D788CF849
:108F7000005006EE903A0B78037082EA0212D2B2E9
:108F800083EA5303534083EA4203DBB207EE103A0D
:108F9000F8EE677AF8EE666AB8EE477A76EEE76A38
:108FA00027EE067A87F800E0E6EE877A0B7050E746
:108FB00064030020630300208180803B0000004F99
:108FC000000000CF3CB20008620300200000002037
:108FD0000C21B7FBF1F201FB127209990A44B8EEB9
:108FE0004F7A527807EE902AF8EE677A67EEA97A00
:108FF000F4EECE7AF1EE10FA0AD8F5EEC07AF1EE80
:1090000010FAA2BFFCEEE76ACDED0E6A9DF838308B
:109010001FEE102A934200F0A280019B93F82230A9
:109020008BB9019B38EEEF0AD3ED066AF4EEC06A05
:10903000F1EE10FA07D877EEC77A67EEA67AC7EE98
:10904000806A76EE877A6EEEA77AF4EECE7AF1EE4B
:1090500010FA00F38780F5EEC07AF1EE10FA40F3D3
:109060008380FCEEE77ACDED087A9DF8203001226E
:1090700008920499894A5354079A1FEE101A8B429A
:1090800018BF0122049B07925A1C4FF4FF63B2FBE6
:10909000F3F103FB11230493059B0133059308F1BE
:1090A00002080336FFF73EB80C23B6FBF3F203FBCE
:1090B0001262711C1AF8022007EE102AB1FBF3F2BB
:1090C00003FB1212B11C1AF8022007EE902AB1FB22
:1090D000F3F203FB1212019B1AF8021093F82530E9
:1090E0000BB178EEEFFAB8EE477AAFEE8E7A43E640
:1090F0000C23B6FBF3F203FB1262711C1AF8022078
:1091000007EE102AB1FBF3F203FB1212B11C1AF89E
:10911000022007EE902AB1FBF3F203FB1212019B2F
:109120001AF8021093F825300BB178EEEFFA039B92
:109130004B4406EE103AF8EE495AB8EEC66AB8EE5D
:10914000477AC6EE256A76EEAF6AA6EE8E7A13E609
:1091500000232AE6002290E6F8EE4F7A34E6F0EE9D
:10916000477A70E7FF2382E7002382E7B4EEE77ACD
:10917000F1EE10FA0ED9019B019AC3ED047A002397
:10918000FEF734BEB4EEE77AF1EE10FAF3D8002B16
:109190007EF423AE019A002382F8213094F8213026
:1091A000ABB3D4ED047AD4ED066A94F8223094ED92
:1091B000057A77EEA67AF5EEC07AF1EE10FA1CDBAE
:1091C00043B9B4EEE77AF1EE10FA1DD9C4ED047A92
:1091D00000230FE0B4EEE77A0123F1EE10FA84F8F1
:1091E0002330F3D8002323614FF07E5363610123C2
:1091F00084F8233084F8243009E0B4EEE77AF1EE05
:1092000010FAE3D8002BEDD1002384F82130069B1F
:10921000103306930A9B0C330A93019B0BF1010B4D
:109220002833BBF10A0F019304F128040AF1280A3C
:109230007EF473AD049B194CB3F5FF6FC3F5FF6269
:1092400004EB0300C8BF00220021F9F79BFB079B3A
:10925000F3B1134B2178134C01221A80124A134B9D
:1092600002EBC10052F831201A60426810485A607F
:109270000021E36001F095FA2146022000F0E0FDB4
:10928000022017B0BDEC108BBDE8F04F00F0C4BD5C
:1092900017B0BDEC108BBDE8F08F00BF730300204A
:1092A000540F00201C0100203CB60008560F00207F
:1092B000000400402DE9F743A84F3B78002B00F055
:1092C000388172B600F040FE202000F053FE1020DE
:1092D00000F050FE042000F04DFEA14800F06EFEAC
:1092E000202000F047FE102000F044FE042000F093
:1092F00041FE00F037FE62B672B600F025FE202077
:1093000000F038FE102000F035FE042000F032FEA0
:109310000121934800F06EFE202000F02BFE10206B
:1093200000F028FE042000F025FE00F01BFE62B6CF
:109330008C4B8D4D1B88ADF80430012101A8F9F745
:10934000D7FB8A4CDFF838922E7801A83146F9F71E
:10935000CFFB72B600F0F8FD202000F00BFE1020CD
:1093600000F008FE042000F005FE3146204600F023
:1093700041FE202000F0FEFD102000F0FBFD042047
:1093800000F0F8FD00F0EEFD62B66E7804F104081E
:10939000002E00F0D180012101A8F9F7A9FB72B6D7
:1093A00000F0D2FD202000F0E5FD102000F0E2FDED
:1093B000042000F0DFFD0121404600F01BFE2020CC
:1093C00000F0D8FD102000F0D5FD042000F0D2FD03
:1093D00000F0C8FD62B608344C4505F10205B3D172
:1093E000634D2E7801A83146F9F782FB72B600F082
:1093F000ABFD202000F0BEFD102000F0BBFD0420DE
:1094000000F0B8FD3146204600F0F4FD202000F0C9
:10941000B1FD102000F0AEFD042000F0ABFD00F027
:10942000A1FD62B66E7801A83146F9F761FB72B60C
:1094300000F08AFD202000F09DFD102000F09AFD34
:10944000042000F097FD3146201D00F0D3FD2020C0
:1094500000F090FD102000F08DFD042000F08AFD4A
:1094600000F080FD62B62E7901A83146F9F740FB85
:1094700072B600F069FD202000F07CFD102000F0A5
:1094800079FD042000F076FD314604F1080000F07B
:10949000B1FD202000F06EFD102000F06BFD0420D7
:1094A00000F068FD00F05EFD62B6324B0C349C4269
:1094B00005F1100595D19DF8044072B600F044FD09
:1094C000202000F057FD102000F054FD042000F093
:1094D00051FD2146284800F08DFD202000F04AFD76
:1094E000102000F047FD042000F044FD00F03AFD9C
:1094F00062B69DF8054072B600F026FD202000F00F
:1095000039FD102000F036FD042000F033FD214627
:109510001A4800F06FFD202000F02CFD102000F014
:1095200029FD042000F026FD00F01CFD62B600239A
:109530003B7003B0BDE8F083314601A8F9F7D8FAD3
:1095400072B600F001FD202000F014FD102000F0A4
:1095500011FD042000F00EFD31462DE772030020BE
:1095600000FC000810B200088C0E00200CFC000863
:109570007C000020A4FF000804FC000808FC000890
:109580002CFF00082DE9F04F6B4B6C4F1D6885B028
:1095900007EB05122B010093537B002B00F0BC80DE
:1095A000674B93F80090B9F1FF0F00F0B180654967
:1095B0000B88002B00F0AC806348DFF8A8B1D0F82E
:1095C0000080BBF800400192013B0B8008F10103D1
:1095D000594201F01F0103F01F0358BF4B420360C3
:1095E0005A4B5B4E1B88ADF80C304FF4967A03A8AB
:1095F0005021F9F77DFAB4FBFAF10AFB114189B267
:109600004FF0500C06F801C04946F9F771FA611C99
:1096100089B2B1FBFAFC0AFB1C1189B206F8019071
:10962000DFF8449199F800100091F9F761FA04F11C
:10963000020C1FFA8CFCBCFBFAFE0AFB1ECC009944
:109640001FFA8CFC06F80C10013189F80010022179
:10965000F9F74EFAE11C89B2019AB1FBFAFC0AFB58
:109660001C1189B204F104091FFA89F94FF0020CA8
:10967000137B06F801C0B9FBFAF10AFB11991FFA36
:1096800089F9002B53D04121F9F732FA412306F82A
:10969000093005F10109B9F5807F28BF4FF00009B5
:1096A0005FFA89F9494603A8F9F722FA631D4FF4D6
:1096B00096729BB2B3FBF2F102FB11339BB206F838
:1096C0000390A31D9BB2B3FBF2F102FB11339BB2DB
:1096D0009DF80C10F154E31D9BB2B3FBF2F102FBB9
:1096E00011339BB29DF80D20F25404F10803ABF83E
:1096F0000030184B23F81840174B082203F80820B5
:10970000164B102203F80820154A138801331380E2
:109710002B011F4400237B730A23013595FBF3F2D1
:1097200003FB1255044B1D6005B0BDE8F08F4021CE
:10973000F9F7DEF94023AAE76C0300207C00002043
:1097400054010020560100208414002010B20008AB
:1097500050130020C8140020A814002088140020F2
:109760007C1400204E130020261200202DE9F04F1B
:10977000924B1A7887B0002A00F0E480904A127861
:10978000092A00F217818F4B93F800A002F101081B
:10979000BAF1FF0F5FFA88F800F0D1808A4801889B
:1097A000002900F0CC8001390180DFF848B28748F9
:1097B000874DD0F8009013010BEB02124FF4967610
:1097C0001779019309F10102514201F01F0102F0E2
:1097D0001F0258BF4A4202607E4A14887E4A05A88A
:1097E0001288ADF814205021F9F782F9B4FBF6F293
:1097F00006FB124292B25021A9545146F9F778F96A
:10980000621C92B2B2FBF6F106FB112292B205F88D
:1098100002A0DFF8E4A19AF800100091F9F768F9C6
:10982000A21C92B2B2FBF6FC06FB1C22009992B27B
:10983000A95401318AF8001007F1020A4FEA4A0AD6
:109840005FFA8AFA5146F9F753F9E21C92B2B2FB79
:10985000F6F106FB112292B2482105F802A0F9F7B1
:1098600047F9221D92B2B2FBF6F106FB112292B229
:109870004821A9544146F9F73BF9019B621D92B278
:109880001BF803A0B2FBF6F106FB112292B251467F
:1098900005F80280F9F72CF9A31D9BB2B3FBF6F291
:1098A00006FB12339BB2394605F803A0F9F720F9FD
:1098B000E31D9BB2B3FBF6F206FB12339BB24FF0F3
:1098C000000AEF546423B7FBF3F203FB1277FBB2F9
:1098D0000093013B029304F108031FFA83FB029BF0
:1098E0004FF496715345BBFBF1F701FB17B7BFB2BD
:1098F0002BDA009A9DF81430EB5504325200D2B2A4
:10990000531C54FA83F39BB2B3FBF1F001FB103309
:109910009BB29DF81510E954931CDBB22D4A19191E
:1099200011802E4A22F819402D4A02F809302D4B99
:10993000102203F809202C4A138801331380204B8E
:1099400083F8008007B0BDE8F08F284B1E68284BD5
:1099500013F81620019203EB4602517821B301213E
:1099600005A8F9F7C5F80121E95505A80199F9F706
:10997000BFF80BF101024FF4967192B2B2FBF1F015
:1099800001FB102292B2019BAB540136174B6422AB
:1099900096FBF2F102FB11661E600BF102030AF165
:1099A000010A1FFA83FB9AE705A80391F9F7A0F8CB
:1099B0000399D9E700221A70C4E700BF71030020A1
:1099C0007003002054010020560100208414002060
:1099D000501300204E13002010B20008C8140020BD
:1099E000A8140020881400207C14002068030020A4
:1099F0008C0E00207C000020261200202DE9F74F5D
:109A0000DFF898915B4D0023F42289F8002089F853
:109A100001301A4619460C24012604FB01F0285C8B
:109A200020B106FA01F31A43D2B2034601310429E8
:109A3000F3D10BB189F801204F4B93F800A0BAF194
:109A4000FF0F00F093804D4A1388002B00F08E80AA
:109A50004B49DFF84C810F68B8F80050494E013B84
:109A600013807B1C5A4202F01F0203F01F0358BFF1
:109A700053420B60444B4FF4967401A81B88ADF819
:109A800004305021F9F734F8B5FBF4F304FB135319
:109A90009BB250225146F254F9F72AF86B1C9BB244
:109AA000B3FBF4F204FB12339BB206F803A0DFF819
:109AB000F4A09AF800B05946F9F71AF8AB1C9BB21B
:109AC000B3FBF4F204FB12339BB2022106F803B09D
:109AD0000BF1010B8AF800B0F9F70AF8EB1C9BB206
:109AE000B3FBF4F204FB12339BB20222F421F254D2
:109AF000F8F7FEFF2B1D9BB299F80190B3FBF4F22F
:109B000004FB12339BB2F4224946F254F8F7F0FFFB
:109B10006B1D9BB2B3FBF4F204FB12339BB206F84D
:109B20000390AB1D9BB2B3FBF4F204FB12339BB268
:109B30009DF80420F254EB1D9BB2B3FBF4F204FB3E
:109B400012339BB29DF80520F25405F10803A8F8E2
:109B500000300E4B23F817500D4B0822DA550D4BF1
:109B60001022DA550C4A13880133138003B0BDE884
:109B7000F08F00BF680F0020540100205601002024
:109B8000841400205013002010B20008C8140020D4
:109B9000A8140020881400207C14002060030020FA
:109BA0004E13002026120020022170B5084600F056
:109BB00095F910B3114D0121022000F0C3F92C8852
:109BC000B4F5FF6F19D20E4A0E4B115D0E4A0F4EBF
:109BD00002EBC10052F831201A6042680C485A600A
:109BE0000021F36000F0DDFD3146022000F028F98D
:109BF0000134022000F010F92C8070BD540F0020B9
:109C000073030020560F00203CB600081C01002002
:109C10000004004008B5F8F7BDFEF8F7D5FEF8F7E8
:109C200001FFF8F709FFF8F722FFF8F73BFFF8F715
:109C300045FFF8F758FFF8F76BFFF8F795FFF8F7CF
:109C4000B3FFF9F7C9F8FAF7CDFFFAF7E9FFFBF729
:109C500005F8FBF7B1FBFBF7C7FBFBF7F1FBFBF7E5
:109C60000BFCFCF79FFAFCF7B2FAFCF7C5FAFCF71D
:109C7000D9FAFCF721FCFCF73BFCFCF755FCFCF7A0
:109C800099FCBDE80840FCF743BD00002DE9F04F0A
:109C900000258BB0CDE90855CDE90655CDE9045531
:109CA000CDE90255CDE90055A946A8462F462E46D6
:109CB00043F6972A4F4B1C68009BE31AB3F5FA6FE3
:109CC00002D3FAF7DDFE0094019BA4EB030BD3450E
:109CD00002D9FAF7E7FF0194029BE31AB3F57A5F22
:109CE00004D3FBF713F8A4F57A730293039B43F6AE
:109CF000D962E31A934204D9FBF73CF8A4F2424339
:109D00000393049BE21A43F6E3639A4204D9FBF7F8
:109D100065F8A4F24C430493059BE21A44F26723CE
:109D20009A4204D9FBF74AF9A4F5FA630593069B16
:109D3000E21A44F28F239A4204D9FBF71BF8A4F5E8
:109D4000FF630693079BE21A44F299239A4204D9CF
:109D5000FBF768F9A4F602030793D34501D9FCF792
:109D60009BF8A21B45F207239A4204D9FCF7C4F8DA
:109D7000A4F5BB56103E089BA4EB030BBBF1630F8D
:109D800002D9FCF731F90894099BE31A092B02D98F
:109D9000FCF75EFA0994E31B272B02D9FDF7A8FF15
:109DA0002746BBF1630F01D9FFF784FAA4EB080340
:109DB0004A2B03D9FFF7E6FBA4F12308A4EB090320
:109DC0004B2B03D9FFF7D2FCA4F12409621B41F20B
:109DD00087339A4202D9FFF711FE2546F9F730F88A
:109DE000FAF712FDFAF720FEFBF794FDFCF784FA70
:109DF00060E700BF7819002008B5FFF70BFFFFF7F9
:109E000045FF00001423034A5843835823F02003DE
:109E100083507047080002401423034A5843835874
:109E200043F0010383507047080002401423034AA3
:109E30005843835823F001038350704708000240C1
:109E400038B50446FFF7F2FF142303FB04F0184B68
:109E50000A68C2500433CA68C250083B0A8BC25019
:109E6000043B0D694A68C4582A43CD6924F47C54E4
:109E70002A432243C2500A7A012AC2580CBF42F038
:109E8000400222F04002C2500A7D012AC2580CBF93
:109E900042F0800222F08002C2504A7D22B9C258AC
:109EA00022F01002C25038BDC25842F01002F9E749
:109EB00010000240034B80005A68814011435960F2
:109EC000704700BF000002401423034A58438358E0
:109ED0000B438350704700BF08000240042913D091
:109EE00008291DD0022927D1144B82001B689140FC
:109EF00019401423124A4343985800F00200D9B184
:109F0000003818BF012070470C4B82001B6891403D
:109F1000194014230A4A4343985800F00400EEE71E
:109F2000064B82001B689140194014235843044B90
:109F3000C05800F00800E2E700207047000002402F
:109F400008000240FFF7B6BF044B1A69120641BF72
:109F5000034A5A6002F188325A607047002002407A
:109F600023016745024A136943F080031361704778
:109F700000200240014BD860704700BF0020024023
:109F8000074BDA68D10707D4DA68D20606D4D86856
:109F9000C0F38000400070470120704703207047E5
:109FA0000020024010B50446FFF7EAFF012804F143
:109FB000FF3402D1002CF7D1042010BD38B505467E
:109FC0004FF47020FFF7EEFF88B9094C236943F086
:109FD000020323616561236943F0400323614FF469
:109FE0007020FFF7DFFF236923F00203236138BDF0
:109FF0000020024070B505464FF470200E46FFF772
:10A00000D1FF68B9074C236943F0010323614FF482
:10A0100070202E60FFF7C6FF236923F00103236140
:10A0200070BD00BF002002402DE9F0430568C46800
:10A0300000264FF0010E4FF003080EFA06F71F42FC
:10A040000DD0770008FA07FC01FA07F925EA0C059C
:10A0500024EA0C0402FA07F749EA05053C430136F5
:10A06000102EEAD10560C460BDE8F0830129416883
:10A07000F0B50CBF194399434FF6FF744160A242FB
:10A08000816815D1C46B002201274FF0030C07FA39
:10A0900002F61E421CBF55000CFA05F502F1010242
:10A0A0001CBF29433443102AF1D18160C463F0BD41
:10A0B000002401274FF0030C07FA04F51D4207D0D6
:10A0C00065000CFA05F621EA060102FA05F52943B6
:10A0D0000134102CF0D18160E9E781617047816221
:10A0E000704703690B4214BF012000207047F0B590
:10A0F000066A456A00234FF0010C4FF00F0E0CFA70
:10A1000003F4144207D09C000EFA04F726EA07066F
:10A1100001FA04F426430133082BF0D100234FF059
:10A12000010C4FF00F0E03F108040CFA04F4144272
:10A1300007D09C000EFA04F725EA070501FA04F49B
:10A1400025430133082BEED106624562F0BD0000C5
:10A1500070B5044602200D46164600F06FF9394AE4
:10A160003949B0FBF1F1904294BF0B463F2362683E
:10A1700022F03F021A436260344A954216D80131F8
:10A180003E290DD93F2323626D00B0FBF5F5042D68
:10A19000E36938BF0425C5F30B051D43E56170BDB8
:10A1A000022901D80223EEE72162EDE7284A954211
:10A1B0004FF47A7124D84FF496725343B3FBF1F302
:10A1C00001332362A6B9E26922F4804205EB45031C
:10A1D000B0FBF3F3E261C3F30B020AB943F00103EE
:10A1E000E26942F40042E261E2691343E361D6E7C7
:10A1F000E26919236B4342F48042B0FBF3F3E9E7D1
:10A2000078225343B3FBF1F30133236296B9E36938
:10A2100023F4804305EB4505B0FBF5F0E361E3690A
:10A2200043F40043E361E3690343E3610123C4F8BA
:10A230009030B4E719235D43E369B0FBF5F043F4D4
:10A240008043EBE7BF4DC10340420F00A0860100F1
:10A25000801A060010B50468C3F3090324F0020451
:10A260000C4313430460836010BD036823F48063D0
:10A270000B4303607047036823F400630B430360E0
:10A28000704702320CBF21F0010141F00101016170
:10A290007047036843F0010303607047036843F4A9
:10A2A000807303607047036843F400730360704772
:10A2B000016170470069C0B270478A0910B501F0AA
:10A2C0001F01145801238B402343135010BD10B5B8
:10A2D0008C090122235801F01F018A4023EA02035E
:10A2E000235010BDC1F3891330B501F01F0244683B
:10A2F0001D58012303FA02F22A408D0D2D58C1F397
:10A30000044003FA00F00B4B21F48031994200EA3B
:10A31000050007D152B114F4806409D0003818BF89
:10A32000012030BD0028FCD0101EF8E71046F8E7E9
:10A330002046F6E709010605084B994210B502D1FF
:10A340004369836910BD8C0D01222358C1F3044178
:10A350008A4023EA02032350F4E700BF0901010504
:10A3600010B51D4CE36803F4E063B3F5A06F08D0AB
:10A3700020D8B3F5407F26D0B3F5806F26D0174B99
:10A38000E36002231C46C4F10404A140C3F10404A9
:10A390000F23E3401340124A0B431B011118DBB299
:10A3A00081F800334109012300F01F00834042F887
:10A3B000213010BDB3F5C06F0BD0B3F5E06FDED127
:10A3C00004230024DFE700230424DCE70123032423
:10A3D000D9E703230124D6E700ED00E00005FA05E4
:10A3E00000E100E021F06041034B21F07F010143D7
:10A3F0009960BFF34F8F704700ED00E0830903F1D0
:10A40000804303F5043300F01F00196801228240E5
:10A410000A431A607047830903F1804303F504334C
:10A4200000F01F001A680121814022EA01021A602F
:10A430007047FFF7E3BFFFF7EEBF0000F0B55D4BDD
:10A4400089B0054604AC03F110061F461868596828
:10A45000224603C20833B3421446F7D17168386903
:10A460006B4603C303C354494B68C3F38103022BF8
:10A4700044D14A684868CB6A0601C2F383424FEA76
:10A48000D37334D4002B30D102324B68C86ADC035A
:10A4900032D5CB6A400003F00F0354BF4748484809
:10A4A0000133B0FBF3F35A434B68C3F30313203378
:10A4B0006B4413F8104C4B68C3F3022320336B44F6
:10A4C00022FA04F413F8206C4B68C3F3C223203340
:10A4D0006B4413F8183C24FA03F0062D10D8DFE87B
:10A4E00005F06412141017464F002132CDE70BB966
:10A4F0001132CAE73132C8E7324BD4E72F4AD3E7EB
:10A50000002009B0F0BD2046FBE724FA06F0F8E78A
:10A510000B6BDA0507D40B6B2B4813F4803F2B4BE6
:10A5200008BF1846EDE74A680B6BC2F38132022A76
:10A530004FEAD3730FD0032A14D0012A06D00BB9E7
:10A540004008DEE70320B4FBF0F0DAE70BB980083F
:10A55000D7E70520F7E71BB90623B0FBF3F0D0E7F8
:10A560000720F0E70BB9C008CBE70920EBE70B6B3E
:10A5700013F0400F48F2120018BF4FF40040C0E73C
:10A580000B6B9B07BDD00B6B03F00303012B0CD0AF
:10A590000B6B03F00303022B09D00B6B074803F08E
:10A5A0000303032B18BF0020ABE71046A9E74FF4C5
:10A5B0000040A6E724B200080010024000127A0012
:10A5C000006CDC0200093D00003FAB01809FD5001C
:10A5D00008B5274B98421ED00BD8A3F59433984268
:10A5E0002AD003F5E05398422DD0B0F1804F1CD013
:10A5F00008BD204B98422DD003F58063984230D09F
:10A60000A3F500639842F3D14FF44470FFF711FFB4
:10A610004FF4447005E040F20B30FFF70AFF40F2C0
:10A620000B30BDE80840FFF706BF4FF48060FFF72E
:10A6300000FF4FF48060F4E740F20140FFF7F9FEBD
:10A6400040F20140EDE74FF48160FFF7F2FE4FF476
:10A650008160E6E740F21130FFF7EBFE40F2113087
:10A66000DFE740F21230FFF7E4FE40F21230D8E7A5
:10A67000002C0140004401400B8810B58362424B1E
:10A6800098421BD020F48063B3F1804F16D08B68C2
:10A69000C3623E4B98423CD003F5903398424FD072
:10A6A0003B4A904255D002F5806290425ED0A3F5BD
:10A6B000A053984228D10B7B036325E0036823F065
:10A6C0007003036002684B881343036002688B8841
:10A6D000134303608B68C3622B4B984222D0B0F1C6
:10A6E000804F16D0A3F594339842D2D14FF08043D7
:10A6F000D3F8002422F44072C3F80024D3F80044B5
:10A70000CA882243C3F80024436943F0010343612C
:10A7100010BD036823F4407303600268CB881343C1
:10A720000360F1E71B4BD3F8002C22F44072C3F80E
:10A73000002CD3F8004CCA882243C3F8002CBAE797
:10A74000036823F4407303600268CB8813430360FB
:10A75000B1E7D3F8002422F44072C3F80024D3F800
:10A760000044CA882243C3F80024A4E7D3F8002891
:10A7700022F44072C3F80028D3F80048CA88224364
:10A78000C3F8002897E700BF002C014000200040DC
:10A790000044014000200140036843F001030360CE
:10A7A000704741627047C3680B43C3607047C3681A
:10A7B00023EA0103C3607047C3680069084003D0FF
:10A7C0000B4214BF012000207047C943016170474C
:10A7D000C3681943C1607047436C01290CBF43F43F
:10A7E000004323F40043436470470000032900F250
:10A7F0000381DFE811F0040047009A00DF00036ADC
:10A8000023F001030362836923F003038361036A76
:10A8100011680B430362036A23F002030362016AB7
:10A82000D3880B430362754B98420AD020F48061B1
:10A8300003F5A053994204D003F50063984240F019
:10A84000DB80036A23F004030362016A93880B43ED
:10A850000362036A23F008030362016A13890B434E
:10A860000362436823F480734360416853890B4358
:10A870004360436823F400734360416893890B434A
:10A8800043607047036A23F010030362836923F473
:10A8900040738361036A116843EA01130362036A28
:10A8A000D18823F020030362036A43EA01130362A1
:10A8B000524B98422DD1036A918823F040030362E2
:10A8C000036A43EA01130362036A118923F08003D8
:10A8D0000362036A43EA01130362494B5089D3F8C8
:10A8E000041C928921F48061C3F8041CD3F8041C71
:10A8F00041EA8001C3F8041CD3F8041C21F4006170
:10A90000C3F8041CD3F8041C41EA8202C3F8042CE7
:10A9100070473C4B98426FD14368528923F480635F
:10A920004360436843EA8203AAE7036A23F480731F
:10A930000362C36923F00303C361036A116843EA36
:10A9400001230362036AD18823F400730362036A5C
:10A9500043EA01230362294B98424DD1036A91884F
:10A9600023F480630362036A43EA01230362036AF8
:10A97000118923F400630362036A43EA012303623B
:10A980001F4B5089D3F8041C928921F48051C3F8DD
:10A99000041CD3F8041C41EA0011C3F8041CD3F8CA
:10A9A000041C21F40051C3F8041CD3F8041C41EA30
:10A9B0000212ABE7036A23F480530362C36923F4F2
:10A9C0004073C361036A116843EA01330362036A97
:10A9D000D18823F400530362036A43EA013303621C
:10A9E000064B984208D15968528921F48041596038
:10A9F000596841EA82125A60704700BF002C01403A
:10AA0000002001400040014003291AD8DFE801F08E
:10AA1000020A121A836923F0700383618369134366
:10AA200083617047836923F4E0438361836943EA68
:10AA30000223F5E7C36923F07003C361C3691343BD
:10AA4000C3617047C36923F4E043C361C36943EA48
:10AA50000223F5E703290AD8DFE801F0020406081B
:10AA60004263704782637047C263704702647047F5
:10AA700003291AD8DFE801F0020A121A836923F0C9
:10AA8000080383618369134383617047836923F4F7
:10AA900000638361836943EA0223F5E7C36923F016
:10AAA0000803C361C3691343C3617047C36923F4D7
:10AAB0000063C361C36943EA0223F5E708B50C4BA1
:10AAC00098420DD003F57443984210D140F20E30F5
:10AAD000FFF7AFFC40F20E30BDE80840FFF7ABBC1B
:10AAE00040F21140FFF7A5FC40F21140F4E708BD29
:10AAF0000044004038B5134B984204460D4618D028
:10AB000003F57443984216D10620FFF797FC22689C
:10AB100012044FEA550310D503EB4003B3FBF5F1E4
:10AB2000C1F3420321F00F010904090C0B43E36058
:10AB300038BD0220E9E70020E9E70344B3FBF5F361
:10AB40009BB2F4E700440040036823F00103036074
:10AB5000036823F4C063036003680B43036070471A
:10AB6000036823F001030360036823F48053036048
:10AB700003680B4303607047036823F0010303601D
:10AB8000436823F44053436043680B43436070477A
:10AB9000036843F0010303607047036823F0080370
:10ABA000036003680B4303607047036823F00403EA
:10ABB000036003680B4303607047C1F308018162BF
:10ABC0007047406AC0F308007047026A01F01F0135
:10ABD00001238B401343036270478A0910B501F0CB
:10ABE0001F01145801238B402343135010BD10B58F
:10ABF0008C090122235801F01F018A4023EA020335
:10AC0000235010BDC1F3891310B51C588B0D1A5871
:10AC1000C1F30440012303FA00F0104006D001F014
:10AC20001F018B40234214BF0120002010BD0000F3
:10AC3000084B994206D1D0F8D03023F40043C0F835
:10AC4000D0307047026AC1F3044101238B401343A3
:10AC50000362704709340F34DFF830D0002103E07D
:10AC60000B4B5B58435004310A480B4B42189A4235
:10AC7000F6D30A4A02E0002342F8043B084B9A420A
:10AC8000F9D300F011F8FFF7B7F870476003002020
:10AC90004CC000080000002060010020600300207C
:10ACA0007C190020FEE700007E4BDA6902F0060204
:10ACB000062A82B047D0DA69900444D57A4A7B49A3
:10ACC00059605A6099609A601A6942F020021A61CC
:10ACD0001A6942F040021A61DA68D107FCD41A6995
:10ACE00022F020021A611A6942F010021A61DA6930
:10ACF00012F0060F6E4A40F0C780A5231380694BFF
:10AD00006B4AD969090A01F0DF015180D969C1F3A1
:10AD100007419180D969090ED180196AC9B21181A0
:10AD2000196AC1F307215181DA68D207FCD41A6984
:10AD300022F010021A611A6922F400721A611A696B
:10AD400042F080021A615B4AD2F8883043F4700303
:10AD5000C2F88830584B1A6842F001021A601A682B
:10AD60009007FCD55A6842F080025A600022019296
:10AD7000019A4F2A40F290805A6842F090025A603D
:10AD800000220192019A4F2A40F289805A6822F0EB
:10AD900003025A601A6822F0867222F480321A6026
:10ADA0005968464A0A405A605A6822F0084222F41A
:10ADB00074125A60DA6A22F0404222F00F02DA621C
:10ADC0001A6B22F4817222F001021A631A6B22F4C8
:10ADD00080321A631A6B22F000421A635A6B22F017
:10ADE00001025A63D3F8C02022F48032C3F8C02095
:10ADF00000229A60C3F8CC201A6842F480321A60AC
:10AE00004FF400621968890301D4013AFAD11A6833
:10AE1000900333D55A685A605A6842F400525A6017
:10AE20005A6842F480625A605A6822F0036222F43F
:10AE300070225A60DA6A22F0404222F00F02DA628F
:10AE40005A6842F0016242F480325A60DA6A42F093
:10AE50000102DA62DA6ADA621A6842F080721A6013
:10AE60001A689101FCD55A6822F003025A605A68A8
:10AE700042F002025A605A681207FCD500214FF0D6
:10AE8000006002B0FFF7AEBADB6903F00603022BE5
:10AE90007FF435AFBB2331E7019A013267E7019AAE
:10AEA00001326EE700200240AB89EFCD23016745F8
:10AEB00000F8FF1F00ED00E0001002400C00FF084A
:10AEC0002DE9F047089D0C46002B4ED194468C4549
:10AED0008646B2FA82F262D94AB1C2F120039140A9
:10AEE00020FA03F30CFA02FC194300FA02FE4FEABF
:10AEF0001C471FFA8CF6B1FBF7F44FEA1E4307FB21
:10AF0000141143EA014304FB06F199420AD91CEBF0
:10AF1000030304F1FF3080F01381994240F2108165
:10AF2000023C6344591A1FFA8EF3B1FBF7F007FB9A
:10AF3000101143EA014300FB06F69E420AD91CEBBE
:10AF4000030300F1FF3180F0FD809E4240F2FA8061
:10AF5000634402389B1B40EA044000211DB1D340EA
:10AF60000022C5E90032BDE8F0878B4205D90DB15A
:10AF7000C5E9000100210846F5E7B3FA83F100298D
:10AF800046D1A34202D39042C0F0F180861A64EB0E
:10AF900003030120002DE6D0C5E90063E3E7002AA2
:10AFA00040F09180A1EB0C044FEA1C481FFA8CF78B
:10AFB0000121B4FBF8F64FEA1E4308FB164443EAAE
:10AFC000044307FB06F0984208D91CEB030306F183
:10AFD000FF3402D2984200F2CE8026461C1A1FFA95
:10AFE0008EF3B4FBF8F008FB104443EA044300FB83
:10AFF00007F79F4208D91CEB030300F1FF3402D28C
:10B000009F4200F2B1802046DB1B40EA0640A5E7E4
:10B01000C1F120068B4022FA06F71F4320FA06FCF6
:10B0200004FA01F343EA0C03F44000FA01F8380C87
:10B030004FEA1349B4FBF0FE1FFA87FC00FB1E44E5
:10B0400049EA04440EFB0CF9A14502FA01F20AD9BF
:10B050003C190EF1FF3A80F08580A14540F28280D4
:10B06000AEF1020E3C44A4EB09041FFA83F9B4FBD1
:10B07000F0F300FB134449EA044403FB0CFCA44531
:10B0800007D93C1903F1FF3068D2A44566D9023BC9
:10B090003C4443EA0E40A0FB0293A4EB0C049C4208
:10B0A000CE469C4652D34FD055B1B8EB0E0364EB5D
:10B0B0000C0404FA06F6CB40CC401E43C5E90064FC
:10B0C0000021BDE8F087C2F1200320FA03F10CFA59
:10B0D00002FC24FA03F394400C434FEA1C4800FAA4
:10B0E00002FE1FFA8CF7B3FBF8F008FB1031230CBB
:10B0F00043EA014300FB07F1994208D91CEB030323
:10B1000000F1FF362CD299422AD9023863445B1AE7
:10B11000A4B2B3FBF8F108FB113344EA034401FB8A
:10B1200007F3A34208D91CEB040401F1FF3613D244
:10B13000A34211D902396444E41A41EA004138E7D4
:10B140000446EFE6084605E7C845ADD2B9EB020E66
:10B1500063EB070C0138A7E73146EDE7034698E7B4
:10B160003046D4E7D6467EE7634402384CE70646CD
:10B17000234608460EE7023E63442FE710EE102AEE
:10B18000C2F3C7537F3B162B22F0004129DC002B72
:10B19000104618DB1A4919410A4221D0DFED197A0D
:10B1A00070EE277AF5EEC07AF1EE10FA18DD002A7B
:10B1B00004DA4FF4000242FA03F3184420EA0103D0
:10B1C00000EE103A7047DFED0F7A70EE277AF5EE59
:10B1D000C07AF1EE10FA03DD002A08DB9FED0A0ABF
:10B1E0007047B1F1FF4FFBD330EE000A7047DFED3F
:10B1F000077A0029BFEE000A08BFB0EE670A704761
:10B20000FFFF7F00CAF249710000000000000080CB
:10B21000FFFF00000100000000000000000000012E
:10B220000000000000000000000000000102030414
:10B2300006070809000000000102030400000000E6
:10B2400000E81D3900E21D3A0093B13A80C91D3B68
:10B25000006E763B0055B13B0036F13B40681D3C2B
:10B26000600C473C0081753C905F943C505FB03C63
:10B2700090BBCE3C806FEF3C103B093D10E51B3D81
:10B28000D0B22F3D40A1443D38AD5A3D48D3713D29
:10B29000EC07853D98AF913DB4DE9E3D3C93AC3DBF
:10B2A0000CCBBA3DF883C93DB8BBD83DF46FE83D3F
:10B2B000409EF83D0EA2043E7C2F0D3E1AF6153E30
:10B2C0008CF41E3E6E29283E5693313ECE303B3ED6
:10B2D0005E00453E80004F3EAC2F593E4E8C633E93
:10B2E000CA146E3E88C7783E6DD1813E8C52873E2F
:10B2F00046E68C3EC08B923E1C42983E76089E3EAF
:10B30000ECDDA33E96C1A93E8FB2AF3EE8AFB53E9D
:10B31000B6B8BB3E0ECCC13EFBE8C73E910ECE3E5A
:10B32000D83BD43EDF6FDA3EB2A9E03E59E8E63EB4
:10B33000E12AED3E4D70F33EACB7F93E0000003F10
:10B340002B24033FDA47063F906A093FD48B0C3F1A
:10B3500027AB0F3F11C8123F15E2153FB8F8183F51
:10B36000830B1C3FFA191F3FA623223F0D28253FC0
:10B37000B926283F361F2B3F0A112E3FC6FB303F10
:10B38000F3DE333F20BA363FDE8C393FBB563C3FBD
:10B390004A173F3F1ECE413FCE7A443FEE1C473F07
:10B3A00015B4493FE03F4C3FEABF4E3FCC33513FDD
:10B3B0002B9B533FA6F5553FDE42583F7A825A3FBA
:10B3C00022B45C3F7ED75E3F38EC603F02F2623FC2
:10B3D0008AE8643F82CF663F9EA6683F996D6A3FC8
:10B3E0002A246C3F0DCA6D3F035F6F3FCCE2703F74
:10B3F0002C55723FECB5733FD404753FB041763F96
:10B400004F6C773F8484783F248A793F067D7A3F6A
:10B41000045D7B3FFC297C3FCFE37C3F608A7D3F1E
:10B42000941D7E3F569D7E3F92097F3F36627F3F4F
:10B4300037A77F3F88D87F3F22F67F3F0000803FBD
:10B4400022F67F3F88D87F3F36A77F3F36627F3F17
:10B4500092097F3F569D7E3F941D7E3F5F8A7D3FD0
:10B46000CEE37C3FFC297C3F045D7B3F057D7A3F3A
:10B47000248A793F8484783F4E6C773FAF41763F92
:10B48000D304753FECB5733F2C55723FCCE2703F4F
:10B49000025F6F3F0CCA6D3F2A246C3F986D6A3F74
:10B4A0009EA6683F81CF663F89E8643F01F2623F14
:10B4B00037EC603F7CD75E3F20B45C3F78825A3FD8
:10B4C000DE42583FA4F5553F2C9B533FCD33513FAF
:10B4D000E8BF4E3FDF3F4C3F14B4493FEB1C473FB2
:10B4E000CB7A443F1FCE413F4A173F3FBA563C3FBD
:10B4F000DC8C393F1FBA363FF0DE333FC3FB303FB1
:10B500000B112E3F351F2B3FB926283F0B28253F17
:10B51000A323223FF7191F3F800B1C3FB9F8183FA8
:10B5200014E2153F10C8123F26AB0F3FD28B0C3FE1
:10B530008E6A093FD747063F2B24033F0000003F98
:10B54000A9B7F93E4A70F33EDC2AED3E54E8E63EE8
:10B55000ACA9E03EE06FDA3ED73BD43E8E0ECE3E45
:10B56000F8E8C73E09CCC13EB2B8BB3EE2AFB53E3B
:10B570008EB2AF3E96C1A93EEADDA33E72089E3E62
:10B580001742983EBB8B923E40E68C3E8C52873EE3
:10B590006CD1813E84C7783EC6146E3E468C633EB5
:10B5A000A22F593E82004F3E5E00453ECC303B3ECE
:10B5B0005293313E6829283E84F41E3E12F6153E11
:10B5C0007E2F0D3E0EA2043E3C9EF83DEC6FE83D02
:10B5D000B0BBD83DEC83C93D00CBBA3D3C93AC3DFC
:10B5E000B4DE9E3D94AF913DE407853D38D3713D77
:10B5F00028AD5A3D30A1443DD0B22F3D08E51B3D5A
:10B60000103B093D706FEF3C70BBCE3C405FB03CDF
:10B61000705F943C0081753C600C473C20681D3C89
:10B620000036F13BC054B13B006E763B00C91D3B78
:10B630000093B13A00E21D3A00E81D3919191919B1
:10B6400019191919191919191919194B1919191938
:10B6500019194B191919191919194B4B19191919C4
:10B66000194B191919191919194B194B19191919B4
:10B67000194B4B1919191919194B4B4B1919191940
:10B680004B191919191919194B19194B1919191994
:10B690004B194B19191919194B194B4B1919191920
:10B6A0004B4B1919191919194B4B194B1919191910
:10B6B0004B4B4B19191919194B4B4B4B1919194B6A
:10B6C000191919191919194B1919194B1919194B54
:10B6D00019194B191919194B19194B4B1919194BE0
:10B6E000194B19191919194B194B194B1919194BD0
:10B6F000194B4B191919194B194B4B4B1919194B5C
:10B700004B1919191919194B4B19194B1919194BAF
:10B710004B194B191919194B4B194B4B1919194B3B
:10B720004B4B19191919194B4B4B194B1919194B2B
:10B730004B4B4B191919194B4B4B4B4B19194B19B7
:10B740001919191919194B191919194B19194B19D3
:10B7500019194B1919194B1919194B4B19194B195F
:10B76000194B191919194B19194B194B19194B194F
:10B77000194B4B1919194B19194B4B4B19194B19DB
:10B780004B19191919194B194B19194B19194B192F
:10B790004B194B1919194B194B194B4B19194B19BB
:10B7A0004B4B191919194B194B4B194B19194B19AB
:10B7B0004B4B4B1919194B194B4B4B4B19194B4B05
:10B7C0001919191919194B4B1919194B19194B4BEF
:10B7D00019194B1919194B4B19194B4B19194B4B7B
:10B7E000194B191919194B4B194B194B19194B4B6B
:10B7F000194B4B1919194B4B194B4B4B19194B4BF7
:10B800004B19191919194B4B4B19194B19194B4B4A
:10B810004B194B1919194B4B4B194B4B19194B4BD6
:10B820004B4B191919194B4B4B4B194B19194B4BC6
:10B830004B4B4B1919194B4B4B4B4B4B194B191984
:10B8400019191919194B19191919194B194B1919D2
:10B8500019194B19194B191919194B4B194B19195E
:10B86000194B1919194B1919194B194B194B19194E
:10B87000194B4B19194B1919194B4B4B194B1919DA
:10B880004B191919194B19194B19194B194B19192E
:10B890004B194B19194B19194B194B4B194B1919BA
:10B8A0004B4B1919194B19194B4B194B194B1919AA
:10B8B0004B4B4B19194B19194B4B4B4B194B194B04
:10B8C00019191919194B194B1919194B194B194BEE
:10B8D00019194B19194B194B19194B4B194B194B7A
:10B8E000194B1919194B194B194B194B194B194B6A
:10B8F000194B4B19194B194B194B4B4B194B194BF6
:10B900004B191919194B194B4B19194B194B194B49
:10B910004B194B19194B194B4B194B4B194B194BD5
:10B920004B4B1919194B194B4B4B194B194B194BC5
:10B930004B4B4B19194B194B4B4B4B4B194B4B1951
:10B9400019191919194B4B191919194B194B4B196D
:10B9500019194B19194B4B1919194B4B194B4B19F9
:10B96000194B1919194B4B19194B194B194B4B19E9
:10B97000194B4B19194B4B19194B4B4B194B4B1975
:10B980004B191919194B4B194B19194B194B4B19C9
:10B990004B194B19194B4B194B194B4B194B4B1955
:10B9A0004B4B1919194B4B194B4B194B194B4B1945
:10B9B0004B4B4B19194B4B194B4B4B4B194B4B4B9F
:10B9C00019191919194B4B4B1919194B194B4B4B89
:10B9D00019194B19194B4B4B19194B4B194B4B4B15
:10B9E000194B1919194B4B4B194B194B194B4B4B05
:10B9F000194B4B19194B4B4B194B4B4B194B4B4B91
:10BA00004B191919194B4B4B4B19194B194B4B4BE4
:10BA10004B194B19194B4B4B4B194B4B194B4B4B70
:10BA20004B4B1919194B4B4B4B4B194B194B4B4B60
:10BA30004B4B4B19194B4B4B4B4B4B4B4B19191950
:10BA4000191919194B1919191919194B4B191919D0
:10BA500019194B194B19191919194B4B4B1919195C
:10BA6000194B19194B191919194B194B4B1919194C
:10BA7000194B4B194B191919194B4B4B4B191919D8
:10BA80004B1919194B1919194B19194B4B1919192C
:10BA90004B194B194B1919194B194B4B4B191919B8
:10BAA0004B4B19194B1919194B4B194B4B191919A8
:10BAB0004B4B4B194B1919194B4B4B4B4B19194B02
:10BAC000191919194B19194B1919194B4B19194BEC
:10BAD00019194B194B19194B19194B4B4B19194B78
:10BAE000194B19194B19194B194B194B4B19194B68
:10BAF000194B4B194B19194B194B4B4B4B19194BF4
:10BB00004B1919194B19194B4B19194B4B19194B47
:10BB10004B194B194B19194B4B194B4B4B19194BD3
:10BB20004B4B19194B19194B4B4B194B4B19194BC3
:10BB30004B4B4B194B19194B4B4B4B4B4B194B194F
:10BB4000191919194B194B191919194B4B194B196B
:10BB500019194B194B194B1919194B4B4B194B19F7
:10BB6000194B19194B194B19194B194B4B194B19E7
:10BB7000194B4B194B194B19194B4B4B4B194B1973
:10BB80004B1919194B194B194B19194B4B194B19C7
:10BB90004B194B194B194B194B194B4B4B194B1953
:10BBA0004B4B19194B194B194B4B194B4B194B1943
:10BBB0004B4B4B194B194B194B4B4B4B4B194B4B9D
:10BBC000191919194B194B4B1919194B4B194B4B87
:10BBD00019194B194B194B4B19194B4B4B194B4B13
:10BBE000194B19194B194B4B194B194B4B194B4B03
:10BBF000194B4B194B194B4B194B4B4B4B194B4B8F
:10BC00004B1919194B194B4B4B19194B4B194B4BE2
:10BC10004B194B194B194B4B4B194B4B4B194B4B6E
:10BC20004B4B19194B194B4B4B4B194B4B194B4B5E
:10BC30004B4B4B194B194B4B4B4B4B4B4B4B19191C
:10BC4000191919194B4B19191919194B4B4B19196A
:10BC500019194B194B4B191919194B4B4B4B1919F6
:10BC6000194B19194B4B1919194B194B4B4B1919E6
:10BC7000194B4B194B4B1919194B4B4B4B4B191972
:10BC80004B1919194B4B19194B19194B4B4B1919C6
:10BC90004B194B194B4B19194B194B4B4B4B191952
:10BCA0004B4B19194B4B19194B4B194B4B4B191942
:10BCB0004B4B4B194B4B19194B4B4B4B4B4B194B9C
:10BCC000191919194B4B194B1919194B4B4B194B86
:10BCD00019194B194B4B194B19194B4B4B4B194B12
:10BCE000194B19194B4B194B194B194B4B4B194B02
:10BCF000194B4B194B4B194B194B4B4B4B4B194B8E
:10BD00004B1919194B4B194B4B19194B4B4B194BE1
:10BD10004B194B194B4B194B4B194B4B4B4B194B6D
:10BD20004B4B19194B4B194B4B4B194B4B4B194B5D
:10BD30004B4B4B194B4B194B4B4B4B4B4B4B4B19E9
:10BD4000191919194B4B4B191919194B4B4B4B1905
:10BD500019194B194B4B4B1919194B4B4B4B4B1991
:10BD6000194B19194B4B4B19194B194B4B4B4B1981
:10BD7000194B4B194B4B4B19194B4B4B4B4B4B190D
:10BD80004B1919194B4B4B194B19194B4B4B4B1961
:10BD90004B194B194B4B4B194B194B4B4B4B4B19ED
:10BDA0004B4B19194B4B4B194B4B194B4B4B4B19DD
:10BDB0004B4B4B194B4B4B194B4B4B4B4B4B4B4B37
:10BDC000191919194B4B4B4B1919194B4B4B4B4B21
:10BDD00019194B194B4B4B4B19194B4B4B4B4B4BAD
:10BDE000194B19194B4B4B4B194B194B4B4B4B4B9D
:10BDF000194B4B194B4B4B4B194B4B4B4B4B4B4B29
:10BE00004B1919194B4B4B4B4B19194B4B4B4B4B7C
:10BE10004B194B194B4B4B4B4B194B4B4B4B4B4B08
:10BE20004B4B19194B4B4B4B4B4B194B4B4B4B4BF8
:10BE30004B4B4B194B4B4B4B4B4B4B4B00C0C1012E
:10BE4000C30302C2C60607C705C5C404CC0C0DCD8A
:10BE50000FCFCE0E0ACACB0BC90908C8D81819D9FA
:10BE60001BDBDA1A1EDEDF1FDD1D1CDC14D4D5152A
:10BE7000D71716D6D21213D311D1D010F03031F11A
:10BE800033F3F23236F6F737F53534F43CFCFD3D4A
:10BE9000FF3F3EFEFA3A3BFB39F9F83828E8E9293A
:10BEA000EB2B2AEAEE2E2FEF2DEDEC2CE42425E5EA
:10BEB00027E7E62622E2E323E12120E0A06061A15A
:10BEC00063A3A26266A6A767A56564A46CACAD6D0A
:10BED000AF6F6EAEAA6A6BAB69A9A86878B8B9797A
:10BEE000BB7B7ABABE7E7FBF7DBDBC7CB47475B5AA
:10BEF00077B7B67672B2B373B17170B0509091519A
:10BF00009353529296565797559594549C5C5D9DC9
:10BF10005F9F9E5E5A9A9B5B9959589888484989B9
:10BF20004B8B8A4A4E8E8F4F8D4D4C8C4484854569
:10BF300087474686824243834181804000C18140D9
:10BF400001C0804101C0804100C1814001C08041E9
:10BF500000C1814000C1814001C0804101C08041D9
:10BF600000C1814000C1814001C0804100C18140C9
:10BF700001C0804101C0804100C1814001C08041B9
:10BF800000C1814000C1814001C0804100C18140A9
:10BF900001C0804101C0804100C1814000C1814099
:10BFA00001C0804101C0804100C1814001C0804189
:10BFB00000C1814000C1814001C0804101C0804179
:10BFC00000C1814000C1814001C0804100C1814069
:10BFD00001C0804101C0804100C1814000C1814059
:10BFE00001C0804101C0804100C1814001C0804149
:10BFF00000C1814000C1814001C0804100C1814039
:10C0000001C0804101C0804100C1814001C0804128
:10C0100000C1814000C1814001C0804101C0804118
:10C0200000C1814000C1814001C0804100C1814008
:0CC0300001C0804101C0804100C181407E
:04C03C00F8B500BF94
:04C04000F8B500BF90
:08C044007CEEFF7F010000000B
:10C04C0001000000000000000000803F0000000024
:10C05C00000000000000803F000000000000000015
:10C06C000000803F00000000000000000000803F46
:10C07C0000000000000000000000803F00000000F5
:10C08C00000000000000803F0000000000000000E5
:10C09C000000803F00000000000000000000803F16
:10C0AC0000000000000000000000803F00000000C5
:10C0BC00000000000000803F0000000000000000B5
:10C0CC00000000000000003F000100000000000024
:10C0DC00000000000000003F000100000000000014
:10C0EC00000000000000003F000100000000000004
:10C0FC00000000000000003F0001000000000000F4
:10C10C00000000000000003F0001000000000000E3
:10C11C00000000000000003F0001000000000000D3
:10C12C00000000000000003F0001000000000000C3
:10C13C00000000000000003F0001000000000000B3
:10C14C00000000000000003F0001000000000000A3
:10C15C00000000000000003F000100000000000093
:10C16C0000010000000000000000000000000000C2
:10C17C00010100000C00000000000000180005C6C2
:10C18C0000C600000000000000000000F5F3FE01F6
:10C19C00FFFFFFFFFFF220000001010000BD0105C1
:040000050800AC59EA
:00000001FF
