:020000040800F2
:1000000010020020891F0008D51F0008D51F000816
:10001000D51F0008D51F0008D51F000800000000EC
:10002000000000000000000000000000D51F0008D4
:10003000D51F000800000000D51F0008CD010008F2
:1000400000000000D51F0008D51F0008D51F0008BC
:10005000D51F0008D51F0008D51F0008D51F0008B0
:10006000D51F0008D51F0008D51F0008D51F0008A0
:10007000D51F0008D51F0008D51F0008D51F000890
:10008000D51F0008D51F000800000000D51F00087C
:10009000D51F0008D51F0008D51F0008D51F000870
:1000A000D51F0008D51F0008D51F0008D51F000860
:1000B000E903000800000000D51F00080000000050
:1000C000D51F000800000000D51F0008D51F00083C
:1000D000D51F000800000000000000000000000024
:1000E0000000000000000000D51F00080000000014
:1000F0000000000000000000000000000000000000
:10010000D51F00080000000000000000D51F0008F7
:1001100000000000000000000000000000000000DF
:1001200000000000000000000000000000000000CF
:1001300000000000000000000000000000000000BF
:10014000000000000000000000000000D51F0008B3
:1001500053B94AB9002908BF00281CBF4FF0FF312E
:100160004FF0FF3000F00CB8ADF1080C6DE904CE93
:1001700002F03EF8DDF804E0DDE9022304B0704748
:10018000704700BF074B591E1A5C095C41EA022107
:100190009A1E033B125C185C42EA012240EA0220EC
:1001A000704700BF2F0200204FF0E023054A5A613C
:1001B000054AF02182F8231000229A6107221A6171
:1001C000704700BF1E48010000ED00E0024A1368BE
:1001D00001331360704700BF68090020F8B5144B65
:1001E0006FF03A02D3F8E017D3F8AC07D3F8B06752
:1001F000D3F8B4774FF6FF73FFF7AAFF38461446DB
:100200001D466FF03A024FF6FF733146FFF7A0FF2D
:10021000084862406B400021013100F8012B06299B
:100220004FEA122242EA03624FEA1323F4D1F8BDE7
:1002300000F0FF1F6009002008B540F2115001F0E6
:10024000EBFC0823032200214FF0904001F02AFC30
:100250000823002202214FF0904001F001FCBDE88C
:100260000840082201214FF0904001F056BC08B52B
:1002700040F2115001F0D0FC0423032200214FF082
:10028000904001F00FFC0423002202214FF0904027
:1002900001F0E6FBBDE80840042201214FF0904048
:1002A00001F03BBC08B500221C20114601F066FCA1
:1002B000BDE8084040F2117001F0AEBC10B540F24C
:1002C000115001F0A9FC1023032200214FF09040AF
:1002D00001F0E8FBBDE810401023002201214FF09F
:1002E000904001F0BDBB10214FF0904001F013BCD5
:1002F000037810B55940044C044B5A5C4378615C58
:1003000042704B40037010BDC6250008C62400088B
:1003100073B5124C2246552102F8011B104908689A
:100320008988C4F8010091800122227262720D4A0C
:1003300000251288E571ADF80420264614F8011B4B
:1003400001A80135FFF7D4FF0A2DF7D19DF804303D
:10035000B3729DF80530F37202B070BD1802002030
:1003600060090020AC24000837B50C4B0C4C1D78FC
:100370000C4B65701B88ADF804305F2101A821701B
:10038000FFF7B6FF2946FFF7B3FF9DF80430A370CF
:100390009DF80530E37003B030BD00BF06000020BB
:1003A00028020020AC24000837B50C4B0C4C1D78FB
:1003B0000C4B65701B88ADF80430332101A8217007
:1003C000FFF796FF2946FFF793FF9DF80430A370CF
:1003D0009DF80530E37003B030BD00BF060000207B
:1003E00024020020AC240008F8B56549654801F0F6
:1003F000A1FD064640B1634840F2017101F07DFD68
:100400005F49604801F0ACFD5F495E4801F092FD34
:10041000074640B15B4840F2027101F06EFD5A4957
:10042000584801F09DFD5949564801F083FD0546A5
:1004300040B1544840F2037101F05FFD5349514807
:1004400001F08EFD52494F4801F074FD044640B161
:100450004C484FF4E06101F050FD4D49494801F02E
:100460007FFD4C49474801F065FDD0B1454840F259
:10047000037101F042FD4749424801F071FD72B637
:10048000454A00231360454A1360454A4FF4807182
:100490001180444A138062B6434A1370434A137072
:1004A00005E03E4335432C43E4B2002CE7D14049FC
:1004B000344801F03FFD10B3394A1388DBB13749A6
:1004C00030480C68013B1380631C5A42D2B2DBB245
:1004D00058BF53420B6001F00CFD364B23F814005B
:1004E000324B01221A70344B1A68344B1A602D4A71
:1004F0001388013313802E49224801F031FD304921
:10050000204801F017FDC0B12E4D2F4B2C881B88C1
:10051000A34226D94FF49672B4FBF2F302FB1343C5
:100520009BB22A4A174832F81310013401F0DDFC5F
:100530002C802349134801F013FD2549114801F08F
:10054000F9FCE0B10F48062101F0E9FC10214FF061
:10055000904001F0E0FABDE8F8401D49094801F07B
:10056000FFBC0848072101F0DAFC0648062101F02B
:10057000CCFC0E4A00231370164A1370D9E7F8BD5D
:1005800000020107004400400002020700020307C6
:100590000800000705000307580700205C0700203B
:1005A0000A000020540700202E0300203D030020F5
:1005B00005000507600700206809002038030020B7
:1005C00007000707FA040020F8040020FC040020BC
:1005D000060006073C03002010B5174C204601F02A
:1005E00005FC2046042101F078FC2046082101F09A
:1005F0006CFC2046052101F088FC20464FF4007178
:1006000001F083FC2046082101F07FFC20460B49C5
:1006100001F008FC2046002101F03AFC20460021B0
:1006200001F042FC2046002101F026FC2046BDE8F6
:10063000104001F045BC00BF0044004040420F00A4
:100640002DE9F04F764B1A8885B0002A31D072B66A
:100650001A88013A1A8062B67248734F01684B1CBF
:100660005A42D2B2DBB258BF534203606F4B33F8E9
:1006700011403B78002B58D1FF2C14D8AA2CE1B2A2
:100680001AD16B49032008706A496B480B706B499B
:100690000B706B4B01221A70FF233A70037043708A
:1006A0002146FFF725FE72B6664A13880133138090
:1006B00062B605B0BDE8F08FCC290FD102223A70A6
:1006C0005B4A13705B4A5C4813705C4A13705C4B66
:1006D00001221A70FF2303704370E2E7AF2901D1B2
:1006E0000322ECE7A02901D10422E8E7552905D12E
:1006F00005223A704E4A0B201070E3E7332904D1EB
:1007000005223A7003204A4AF6E75F2906D10523FD
:100710003B70474B03221A700023D3E75029C2D104
:1007200006233B700222424BF5E7013B052BBAD86A
:10073000DFE813F03805C705F3040600E505EE050C
:100740003B4D2978B9B9404BFF2C1E7809D93A485E
:10075000FFF7CEFD16B13A4B00221A7001232B7021
:10076000A1E7E4B234482146FFF7C2FDA642F5D026
:10077000FF2CF3D0EFE70139082994D801A353F8EF
:1007800021F000BFA9070008C1070008A70600085C
:10079000A7060008A7060008A7060008EB07000840
:1007A0001312000855080008B4F5807F274B224833
:1007B00028BF0024E1B21970FFF79AFD0223CEE7AB
:1007C000FF2C1E4B08D900211B481970FFF790FD24
:1007D000174B08221A7066E7E1B217481970FFF745
:1007E00087FD002CF4D00723B9E712480378B4F54D
:1007F000807F28BF0024FF22B3FBF2F21A440133AA
:10080000DDB2E1B202F0FF02114C05700A48A154BA
:10081000FFF76EFD094B1B78AB427FF444AFD7E77F
:1008200054070020580700202E03002060070020F6
:100830002D0300202C030020010000202B030020AA
:10084000000000200A000020060000201602002000
:100850002C020020D14BD24A4FF0000883F80080D0
:100860001278D04B5B78002A00F0C381B4F5807F0A
:1008700028BF44469C4240F0BC81CB4BCB49CC4A7C
:100880001B780978B2F900200091002B00F0AB81B1
:100890008A4200F0A881C74C94F80090B9F1F50F96
:1008A00040F0AA81C44B93F800B0BBF1FF0F00F0F9
:1008B0009A81C24A1388002B00F09581C049C14E2D
:1008C000D1F800A0013B13800AF10103B8EB030249
:1008D00002F01F0203F01F0358BF53420B60BA4BD4
:1008E000BA4A1D881288ADF80C204FF4967403A8FC
:1008F0005021FFF7FDFCB5FBF4F204FB125292B25B
:100900005021B1545946FFF7F3FC6A1C92B2B2FB76
:10091000F4F104FB112292B206F802B0DFF8C0B283
:100920009BF800100191FFF7E3FCAA1C92B2B2FB06
:10093000F4FC04FB1C22019992B2B15401318BF8F2
:1009400000101321FFF7D4FCEA1C92B2B2FBF4F1C1
:1009500004FB112292B21321B1544946FFF7C8FC9F
:100960002A1D92B2B2FBF4F104FB112292B20121D2
:1009700006F80290FFF7BCFC6A1D92B2B2FBF4F1DC
:1009800004FB112292B24FF00109414606F8029091
:10099000FFF7AEFCAA1D92B2B2FBF4F104FB1122E8
:1009A00092B23A2106F80280FFF7A2FCEA1D92B249
:1009B000B2FBF4F104FB112292B23A21B1540D21A1
:1009C000FFF796FC05F1080292B2B2FBF4F104FBCA
:1009D000112292B20D21B1544946FFF789FC05F16D
:1009E000090292B2B2FBF4F104FB112292B2414629
:1009F00006F80290FFF77CFC05F10A0292B2B2FB06
:100A0000F4F104FB112292B2672106F80280FFF78D
:100A10006FFC05F10B0292B2B2FBF4F104FB112260
:100A200092B26721B1546421FFF762FC05F10C0218
:100A300092B2B2FBF4F104FB112292B26421B154E0
:100A40003321FFF755FC05F10D0292B2B2FBF4F130
:100A500004FB112292B24FF03308322106F80280D3
:100A6000FFF746FC05F10E0292B2B2FBF4F104FB73
:100A7000112292B23221B1546621FFF739FC05F1FF
:100A80000F0292B2B2FBF4F104FB112292B2662182
:100A9000B1544146FFF72CFC05F1100292B2B2FBB3
:100AA000F4F104FB112292B2414606F80280FFF7EE
:100AB0001FFC05F1110292B2B2FBF4F104FB11220A
:100AC00092B2302106F80280FFF712FC05F1120203
:100AD00092B2B2FBF4F104FB112292B23021B15474
:100AE0006B21FFF705FC05F1130292B2B2FBF4F1A2
:100AF00004FB112292B26B21B1543821FFF7F8FBAD
:100B000005F1140292B2B2FBF4F104FB112292B28D
:100B10003821B1547521FFF7EBFB05F1150292B2B4
:100B2000B2FBF4F104FB112292B27521B1543621CB
:100B3000FFF7DEFB05F1160292B2B2FBF4F104FB03
:100B4000112292B23621B15405F1170292B2B2FBD2
:100B5000F4F104FB112292B29DF80C10B15405F18E
:100B6000180292B2B2FBF4F104FB112292B2164BBE
:100B70009DF80D10B15405F119021A80144B23F899
:100B80001A50144B192203F80A20134B102203F8B1
:100B90000A20124A13884B4424E000BF3D03002082
:100BA00000000020010000202B030020160200207E
:100BB000040000202C020020060000200800002075
:100BC00074040020400300203E030020AC240008F1
:100BD000B804002098040020780400206C04002051
:100BE000170200201380B94B01221A70B84B009AEB
:100BF0001A8000233B7056E5B9F1FB0FF3D1012BAE
:100C00000BD1BFF34F8FB349B34BCA6802F4E06214
:100C10001343CB60BFF34F8FFEE7072BE3D9B4F844
:100C20000110002940F01181182BDCD1AB4BE27987
:100C30001970B4F80510A37AB1F5685FD3D10D2A05
:100C4000D1D1012BCFD194F80CB094F80DA094F829
:100C50000E9094F80F8094F810E094F811C0A67CE0
:100C6000E57C207D617DA27DE37DBBF1670FBAD17C
:100C7000BAF1640FB7D1B9F1330FB4D1B8F1320F73
:100C8000B1D1BEF1660FAED1BCF1330FABD1332E73
:100C9000A9D1302DA7D16B28A5D13829A3D1752A88
:100CA000A1D1362B9FD172B600F06AFE202000F051
:100CB0007DFE102000F07AFE042000F077FE8848C8
:100CC00000F098FE202000F071FE102000F06EFE73
:100CD000042000F06BFE00F061FE62B6B4F8033051
:100CE000804A5BBA1380804B4FF00209A3F8009052
:100CF0007E4B93F800A0BAF1FF0F00F0A2807C4A6F
:100D00001388002B00F09D807A49DFF804B2D1F8F7
:100D10000080BBF80050784E013B138008F10103BE
:100D20005A4202F01F0203F01F0358BF53420B60E8
:100D3000724B4FF4967403A81B88ADF80C30502109
:100D4000FFF7D6FAB5FBF4F304FB13539BB2502222
:100D50005146F254FFF7CCFA6B1C9BB2B3FBF4F292
:100D600004FB12339BB206F803A0DFF8A8A19AF89F
:100D700000100191FFF7BCFA05EB09039BB2B3FB2E
:100D8000F4F204FB123301999BB2F15401318AF859
:100D900000100321FFF7ACFAEB1C9BB2B3FBF4F29B
:100DA00004FB12339BB20322FB21F254FFF7A0FA9B
:100DB0002B1D9BB2B3FBF4F204FB12339BB2FB225C
:100DC0000021F254FFF794FA6B1D9BB2B3FBF4F2CF
:100DD00004FB12339BB200224946F254FFF788FA13
:100DE000AB1D9BB2B3FBF4F204FB12339BB206F8CB
:100DF0000390EB1D9BB2B3FBF4F204FB12339BB2E6
:100E00009DF80C20F25405F108039BB2B3FBF4F2F9
:100E100004FB12339BB29DF80D20F25405F1090337
:100E2000ABF80030364B23F81850364B092203F844
:100E30000820354B102203F80820344A1388013368
:100E40001380264B01221A70CDE6274E4DBA328808
:100E5000ADB2AA427FF4C7AED4F803801F48DC1FAE
:100E60000022C4F38504B1F5807F027098FA88F8F7
:100E700004F1FF3450D1154624E04FEA850909F109
:100E80000700FFF77FF9064672B600F079FD2020D3
:100E900000F08CFD102000F089FD042000F086FD9C
:100EA000314609EB080000F0C1FD202000F07EFD76
:100EB000102000F07BFD042000F078FD00F06EFDB6
:100EC00062B60135A542D8DD8DE600BF31030020B2
:100ED0000400002000ED00E00400FA0510020020EC
:100EE0000028000814020020120200200600002042
:100EF000080000207404002040030020AC240008F7
:100F0000B804002098040020780400206C0400201D
:100F10003E03002017020020C8F30903D3B972B6BC
:100F200000F02EFD202000F041FD102000F03EFDDD
:100F3000042000F03BFD404600F05CFD202000F066
:100F400035FD102000F032FD042000F02FFD00F0F0
:100F500025FD62B64FF00009A14540F3B780B44BC0
:100F60001B88AB42B34B93F800A01ABF0135ADB25A
:100F70000125BAF1FF0F35803FF463AFAE4A138805
:100F8000002B3FF45EAFAD49DFF8E8B2D1F8009036
:100F9000BBF80060DFF8E082013B138009F1010338
:100FA0005A4202F01F0203F01F0358BF53420B6066
:100FB000A34B4FF4967403A81B88ADF80C30502156
:100FC000FFF796F9B6FBF4F304FB13639BB25022D0
:100FD000514608F80320FFF78BF9731C9BB2B3FB53
:100FE000F4F204FB12339BB208F803A0DFF88CA2E2
:100FF0009AF800100191FFF77BF9B31C9BB2B3FB89
:10100000F4F204FB123301999BB208F8031001318A
:101010008AF800100321FFF76BF9F31C9BB2B3FBB6
:10102000F4F204FB12339BB20322FB2108F80320E5
:10103000FFF75EF9331D9BB2B3FBF4F204FB1233EE
:101040009BB24FEA152AFB22514608F80320FFF70E
:101050004FF9731D9BB2B3FBF4F204FB12339BB246
:10106000EDB2294608F803A0FFF742F9B31D9BB281
:10107000B3FBF4F204FB12339BB208F80350F31DE8
:101080009BB2B3FBF4F204FB12339BB29DF80C202D
:1010900008F8032006F108039BB2B3FBF4F204FB4B
:1010A00012339BB29DF80D2008F8032006F10903C6
:1010B000ABF80030634B23F81960634B092203F847
:1010C0000920624B102203F80920B6E64FEA890B8B
:1010D0000BF10700FFF756F8824672B600F050FC9D
:1010E000202000F063FC102000F060FC042000F0E1
:1010F0005DFC51460BEB080000F098FC202000F04E
:1011000055FC102000F052FC042000F04FFC00F0D1
:1011100045FC62B609F101091EE74D4B1978C9B9C2
:10112000444BFF2C1D7805D94A48FFF7E1F865B913
:10113000FFF74EBBE4B247482146FFF7D9F8A54276
:101140003FF446ABFF2C3FF443AB434B00221A70F5
:10115000FFF73EBB082907D13E4BB4F5807F1B78D3
:1011600028BF0024A3425BE009297FF49CAA3B4BE3
:10117000394900221A700978364B5B7800293FF410
:1011800038ADB4F5807F28BF14469C427FF431AD62
:10119000334B197800293FF42CAD324901200870F7
:1011A0001A7026E52A4E3378032B23D12E4F294877
:1011B0003D780622B5FBF2F302FB1353DBB22B4A58
:1011C000B4F5807FD35C28BF0024E1B28B4218BF06
:1011D000214B05F1010518BF0022EDB218BF1A70AE
:1011E000FFF786F8062D3D707FF45DAA002333706B
:1011F000FFF759BA5BB9B4F5807F1D4B154828BF7E
:101200000024E1B21970FFF773F80823EFE7082B09
:1012100036D1104BB4F5807F1B7828BF00249C4248
:101220001EBF0D4B00221A70094B0922FFF7D2BADC
:101230001402002006000020080000207404002092
:10124000AC240008B8040020980400207804002092
:101250002D03002001000020000000203D0300209D
:101260002F030020300300202C0300206009002001
:10127000160200203E030020400300201702002039
:10128000092B7FF410AA2A4B2A4A00251D701278D8
:10129000294B5B78002A3FF4ACACB4F5807F28BFC3
:1012A0002C469C427FF4A5AC244B1A78244B1A7030
:1012B000FFF75AF8FFF778F8224B01221D70224BF6
:1012C0006EE7224B197800293FF42AAF0829A0D0F5
:1012D00009297FF4E8A9164B00221A70154A164B0B
:1012E00012785B78002A3FF484ACB4F5807F28BF85
:1012F00000249C427FF47DAC114BFF2250E7134A3F
:101300001378012B7FF675AC013B1370FFF7CBB957
:101310000E4A1378012BF7D8FF2C98BF02344FF0F8
:10132000050394BFE4B202243B701470FFF7BBB90D
:101330003D030020000000200100002016020020D4
:1013400006000020310300200C0000202D030020A7
:10135000714B2DE9F74F1B78704F3C78002B40F014
:10136000AD80002C40F0AA806D4B6E4D1B786E4E08
:10137000FF2B00F0B9806D4B1A78E2B110214FF0CD
:1013800090401C7000F0C5FB694A6A4B11781980C7
:10139000517859809178D2789980DA80664B674885
:1013A00004221A80664B07211C8000F0AEFD3368D2
:1013B0002B6001233B70D6F800A02B68AAEB030337
:1013C000012B58D95F490B88002B54D05E4ADFF8B7
:1013D00098B114681BF80490B9F1000F7FD05B48F6
:1013E00030F8140001905A4890F80080B8F1000FCE
:1013F00014D04FF0000C013B01340B8080F800C08A
:10140000BCEB040303F01F0304F01F0458BF5C424D
:101410001460504A1388013313802CE04E4B4FF078
:1014200090401B5D0093102100F073FB424BDFF8EE
:1014300004C1A3F80080009BDFF830E15A1E4FF48E
:10144000967043469A423CDAB8F1000F02D03A4B0C
:10145000009A1A803A4B3948002207211A8009F174
:10146000FF3900F052FD3D4A0BF804900123137040
:10147000C5F800A03B7033682A689B1AB3F57A7FE1
:101480001CD910214FF0904000F043FB344A294B07
:1014900011781980517859809178D278DA809980C2
:1014A000254B04221A80264B2448002207211A804B
:1014B00000F02BFD33682B6001233B7003B0BDE8C7
:1014C000F08F01995918B1FBF0F800FB18114FF09B
:1014D00001081EF801102CF813100133B2E7013B8C
:1014E00001340B8063428DE733682A689B1AB3F599
:1014F0007A7FE3D910214FF0904000F00AFB194A9F
:101500000C49234612F8010B21F8130001330C2B70
:10151000F8D1094A1380C6E73D0300203C030020B0
:101520000600002034030020680900203103002059
:1015300028020020FC040020F804002000440040A1
:10154000FA0400206C04002070040020B80400207D
:101550003003002008000020980400202F03002002
:1015600024020020180200207804002040030020FC
:101570000D4B0E4A19681368CB1A012B10B511D9FF
:1015800072B60B48002303600A4803600A484FF410
:10159000807404800948038062B6094811600370B2
:1015A0000848037010BD00BF680900203803002000
:1015B000580700205C0700200A0000205407002084
:1015C0002E0300203D0300204B4B1B782DE9F347F1
:1015D000002B00F08E80494B93F80090B9F1FF0F7B
:1015E00000F08780464A1388002B00F0828045492E
:1015F000DFF830810F68B8F80050434E013B13808C
:101600007B1C5A4202F01F0203F01F0358BF5342D3
:101610000B603E4B4FF4967401A81B88ADF8043064
:101620005021FEF765FEB5FBF4F304FB13539BB2A8
:1016300050224946F254FEF75BFE6B1C9BB2B3FB93
:10164000F4F204FB12339BB206F80390DFF8D89053
:1016500099F800A05146FEF74BFEAB1C9BB2B3FBC2
:10166000F4F204FB12339BB2012106F803A00AF145
:10167000010A89F800A0FEF73BFEEB1C9BB2B3FB0E
:10168000F4F204FB12339BB20122F254204B93F884
:1016900000904946FEF72CFE2B1D9BB2B3FBF4F2E3
:1016A00004FB12339BB206F803906B1D9BB2B3FB95
:1016B000F4F204FB12339BB29DF80420F254AB1DEC
:1016C0009BB2B3FBF4F204FB12339BB29DF80520EE
:1016D000F254EB1DA8F800300E4B23F817500E4BB8
:1016E0000722DA550D4B1022DA550D4A13880133C3
:1016F000138002B0BDE8F0870C0000200600002037
:10170000080000207404002040030020AC240008DE
:1017100007000020B804002098040020780400206E
:101720006C0400203E03002017020020064BD3F873
:101730000028013207D072B6D3F8002882F3088857
:10174000D3F8043818477047002000085A4B1B781C
:101750002DE9F74F002B00F0AC80584B93F800A018
:10176000BAF1FF0F00F0A580554A1388002B00F056
:10177000A0805449DFF86C81B1F800905249B8F864
:1017800000500F68514E013B13807B1C5A4202F0FF
:101790001F0203F01F0358BF53420B604C4B4FF422
:1017A000967401A81B88ADF804305021FEF7A0FD07
:1017B000B5FBF4F304FB13539BB250225146F25491
:1017C000FEF796FD6B1C9BB2B3FBF4F204FB1233E5
:1017D0009BB206F803A0DFF810A19AF800B05946B2
:1017E000FEF786FDAB1C9BB2B3FBF4F204FB123395
:1017F0009BB2032106F803B00BF1010B8AF800B08D
:10180000FEF776FDEB1C9BB2B3FBF4F204FB123344
:101810009BB20322FB21F254FEF76AFD2B1D9BB203
:10182000B3FBF4F204FB12339BB24FEA192AFB22FA
:101830005146F254FEF75CFD6B1D9BB2B3FBF4F214
:1018400004FB12339BB25FFA89F9494606F803A0FC
:10185000FEF74EFDAB1D9BB2B3FBF4F204FB12335B
:101860009BB206F80390EB1D9BB2B3FBF4F204FBB2
:1018700012339BB29DF80420F25405F108039BB289
:10188000B3FBF4F204FB12339BB29DF80520F25433
:1018900005F10903A8F800300E4B23F817500E4B42
:1018A0000922DA550D4B1022DA550D4A13880133FF
:1018B000138003B0BDE8F08F100200200600002066
:1018C00008000020120200207404002040030020C1
:1018D000AC240008B80400209804002078040020FC
:1018E0006C0400203E0300201702002008B5FEF71C
:1018F0005BFCFEF773FCFEF79FFCFEF7B8FCFEF7FF
:10190000D1FCFEF7DBFCFEF7EEFCFEF701FDFEF777
:101910002BFDFEF749FDBDE80840FEF75DBE000067
:101920002DE9F0470025DFF848802F462E4644F683
:101930001F6940F6B73AD8F80040A31BB3F5FA6F19
:1019400002D3FFF741FE2646E31B4B4502D9FFF7C2
:10195000EDFE2746631B534502D9FFF7F7FE2546E8
:10196000FEF76EFEFFF7F4FCFFF702FEE3E700BFB1
:101970006809002008B5FFF7B9FFFFF7D1FF0000A5
:10198000044B1A69120641BF034A5A6002F18832B9
:101990005A6070470020024023016745024A1369DC
:1019A00043F080031361704700200240014BD86070
:1019B000704700BF00200240074BDA68D10707D408
:1019C000DA68D20606D4D868C0F3800040007047B9
:1019D00001207047032070470020024010B50446E4
:1019E000FFF7EAFF012804F1FF3402D1002CF7D100
:1019F000042010BD38B505464FF47020FFF7EEFF08
:101A000088B9094C236943F00203236165612369A6
:101A100043F0400323614FF47020FFF7DFFF236999
:101A200023F00203236138BD0020024070B5054653
:101A30004FF470200E46FFF7D1FF68B9074C2369B9
:101A400043F0010323614FF470202E60FFF7C6FFBF
:101A5000236923F00103236170BD00BF0020024011
:101A60002DE9F0430568C46800264FF0010E4FF0E1
:101A700003080EFA06F71F420DD0770008FA07FC9C
:101A800001FA07F925EA0C0524EA0C0402FA07F723
:101A900049EA05053C430136102EEAD10560C460D1
:101AA000BDE8F08301294168F0B50CBF19439943A3
:101AB0004FF6FF744160A242816815D1C46B0022C9
:101AC00001274FF0030C07FA02F61E421CBF550017
:101AD0000CFA05F502F101021CBF29433443102A18
:101AE000F1D18160C463F0BD002401274FF0030CE5
:101AF00007FA04F51D4207D065000CFA05F621EA45
:101B0000060102FA05F529430134102CF0D1816059
:101B1000E9E78161704781627047F0B5066A456AFE
:101B200000234FF0010C4FF00F0E0CFA03F4144297
:101B300007D09C000EFA04F726EA070601FA04F41F
:101B400026430133082BF0D100234FF0010C4FF056
:101B50000F0E03F108040CFA04F4144207D09C00A1
:101B60000EFA04F725EA070501FA04F425430133C8
:101B7000082BEED106624562F0BD000010B51D4C89
:101B8000E36803F4E063B3F5A06F08D020D8B3F5A1
:101B9000407F26D0B3F5806F26D0174BE360022339
:101BA0001C46C4F10404A140C3F104040F23E34024
:101BB0001340124A0B431B011118DBB281F80033AA
:101BC0004109012300F01F00834042F8213010BD7D
:101BD000B3F5C06F0BD0B3F5E06FDED10423002462
:101BE000DFE700230424DCE701230324D9E70323F0
:101BF0000124D6E700ED00E00005FA0500E100E071
:101C000021F06041034B21F07F0101439960BFF354
:101C10004F8F704700ED00E0830903F1804303F527
:101C2000043300F01F001968012282400A431A6041
:101C30007047830903F1804303F5043300F01F006C
:101C40001A680121814022EA01021A607047FFF7F9
:101C5000E3BFFFF7EEBF0000F0B55D4B89B005466E
:101C600004AC03F110061F4618685968224603C2E7
:101C70000833B3421446F7D1716838696B4603C321
:101C800003C354494B68C3F38103022B44D14A6810
:101C90004868CB6A0601C2F383424FEAD37334D457
:101CA000002B30D102324B68C86ADC0332D5CB6AD4
:101CB000400003F00F0354BF474848480133B0FBCE
:101CC000F3F35A434B68C3F3031320336B4413F805
:101CD000104C4B68C3F3022320336B4422FA04F404
:101CE00013F8206C4B68C3F3C22320336B4413F802
:101CF000183C24FA03F0062D10D8DFE805F0641232
:101D0000141017464F002132CDE70BB91132CAE744
:101D10003132C8E7324BD4E72F4AD3E7002009B06D
:101D2000F0BD2046FBE724FA06F0F8E70B6BDA0576
:101D300007D40B6B2B4813F4803F2B4B08BF18467E
:101D4000EDE74A680B6BC2F38132022A4FEAD37384
:101D50000FD0032A14D0012A06D00BB94008DEE7C1
:101D60000320B4FBF0F0DAE70BB98008D7E70520D1
:101D7000F7E71BB90623B0FBF3F0D0E70720F0E745
:101D80000BB9C008CBE70920EBE70B6B13F0400F52
:101D900048F2120018BF4FF40040C0E70B6B9B07DE
:101DA000BDD00B6B03F00303012B0CD00B6B03F0C6
:101DB0000303022B09D00B6B074803F00303032B2B
:101DC00018BF0020ABE71046A9E74FF40040A6E794
:101DD000AE2400080010024000127A00006CDC0201
:101DE00000093D00003FAB01809FD50008B50C4BBA
:101DF00098420DD003F57443984210D140F20E3052
:101E0000FFF725FF40F20E30BDE80840FFF721BF85
:101E100040F21140FFF71BFF40F21140F4E708BD0C
:101E20000044004038B5134B984204460D4618D084
:101E300003F57443984216D10620FFF70DFF226880
:101E400012044FEA550310D503EB4003B3FBF5F141
:101E5000C1F3420321F00F010904090C0B43E360B5
:101E600038BD0220E9E70020E9E70344B3FBF5F3BE
:101E70009BB2F4E700440040036823F001030360D1
:101E8000036823F4C063036003680B430360704777
:101E9000036823F001030360036823F480530360A5
:101EA00003680B4303607047036823F0010303607A
:101EB000436823F44053436043680B4343607047D7
:101EC000036843F0010303607047036823F00803CD
:101ED000036003680B4303607047036823F0040347
:101EE000036003680B4303607047C1F3080181621C
:101EF0007047406AC0F308007047026A01F01F0192
:101F000001238B401343036270478A0910B501F027
:101F10001F01145801238B402343135010BD10B5EB
:101F20008C090122235801F01F018A4023EA020391
:101F3000235010BDC1F3891310B51C588B0D1A58CE
:101F4000C1F30440012303FA00F0104006D001F071
:101F50001F018B40234214BF0120002010BD000050
:101F6000084B994206D1D0F8D03023F40043C0F892
:101F7000D0307047026AC1F3044101238B40134300
:101F80000362704709340F34DFF830D0002103E0DA
:101F90000B4B5B58435004310A480B4B42189A4292
:101FA000F6D30A4A02E0002342F8043B084B9A4267
:101FB000F9D300F011F8FFF7DDFC704710020020A4
:101FC000D826000800000020100000201002002089
:101FD0006C090020FEE700007E4BDA6902F0060281
:101FE000062A82B047D0DA69900444D57A4A7B4900
:101FF00059605A6099609A601A6942F020021A6129
:102000001A6942F040021A61DA68D107FCD41A69F1
:1020100022F020021A611A6942F010021A61DA698C
:1020200012F0060F6E4A40F0C780A5231380694B5B
:102030006B4AD969090A01F0DF015180D969C1F3FE
:1020400007419180D969090ED180196AC9B21181FD
:10205000196AC1F307215181DA68D207FCD41A69E1
:1020600022F010021A611A6922F400721A611A69C8
:1020700042F080021A615B4AD2F8883043F4700360
:10208000C2F88830584B1A6842F001021A601A6888
:102090009007FCD55A6842F080025A6000220192F3
:1020A000019A4F2A40F290805A6842F090025A609A
:1020B00000220192019A4F2A40F289805A6822F048
:1020C00003025A601A6822F0867222F480321A6083
:1020D0005968464A0A405A605A6822F0084222F477
:1020E00074125A60DA6A22F0404222F00F02DA6279
:1020F0001A6B22F4817222F001021A631A6B22F425
:1021000080321A631A6B22F000421A635A6B22F073
:1021100001025A63D3F8C02022F48032C3F8C020F1
:1021200000229A60C3F8CC201A6842F480321A6008
:102130004FF400621968890301D4013AFAD11A6890
:10214000900333D55A685A605A6842F400525A6074
:102150005A6842F480625A605A6822F0036222F49C
:1021600070225A60DA6A22F0404222F00F02DA62EC
:102170005A6842F0016242F480325A60DA6A42F0F0
:102180000102DA62DA6ADA621A6842F080721A6070
:102190001A689101FCD55A6822F003025A605A6805
:1021A00042F002025A605A681207FCD500214FF033
:1021B000006002B0FFF724BDDB6903F00603022BC9
:1021C0007FF435AFBB2331E7019A013267E7019A0B
:1021D00001326EE700200240AB89EFCD2301674555
:1021E00000F8FF1F00ED00E0001002400C00FF08A7
:1021F0002DE9F047089D0C46002B4ED194468C45A6
:102200008646B2FA82F262D94AB1C2F12003914005
:1022100020FA03F30CFA02FC194300FA02FE4FEA1B
:102220001C471FFA8CF6B1FBF7F44FEA1E4307FB7D
:10223000141143EA014304FB06F199420AD91CEB4D
:10224000030304F1FF3080F01381994240F21081C2
:10225000023C6344591A1FFA8EF3B1FBF7F007FBF7
:10226000101143EA014300FB06F69E420AD91CEB1B
:10227000030300F1FF3180F0FD809E4240F2FA80BE
:10228000634402389B1B40EA044000211DB1D34047
:102290000022C5E90032BDE8F0878B4205D90DB1B7
:1022A000C5E9000100210846F5E7B3FA83F10029EA
:1022B00046D1A34202D39042C0F0F180861A64EB6B
:1022C00003030120002DE6D0C5E90063E3E7002AFF
:1022D00040F09180A1EB0C044FEA1C481FFA8CF7E8
:1022E0000121B4FBF8F64FEA1E4308FB164443EA0B
:1022F000044307FB06F0984208D91CEB030306F1E0
:10230000FF3402D2984200F2CE8026461C1A1FFAF1
:102310008EF3B4FBF8F008FB104443EA044300FBDF
:1023200007F79F4208D91CEB030300F1FF3402D2E8
:102330009F4200F2B1802046DB1B40EA0640A5E741
:10234000C1F120068B4022FA06F71F4320FA06FC53
:1023500004FA01F343EA0C03F44000FA01F8380CE4
:102360004FEA1349B4FBF0FE1FFA87FC00FB1E4442
:1023700049EA04440EFB0CF9A14502FA01F20AD91C
:102380003C190EF1FF3A80F08580A14540F2828031
:10239000AEF1020E3C44A4EB09041FFA83F9B4FB2E
:1023A000F0F300FB134449EA044403FB0CFCA4458E
:1023B00007D93C1903F1FF3068D2A44566D9023B26
:1023C0003C4443EA0E40A0FB0293A4EB0C049C4265
:1023D000CE469C4652D34FD055B1B8EB0E0364EBBA
:1023E0000C0404FA06F6CB40CC401E43C5E9006459
:1023F0000021BDE8F087C2F1200320FA03F10CFAB6
:1024000002FC24FA03F394400C434FEA1C4800FA00
:1024100002FE1FFA8CF7B3FBF8F008FB1031230C17
:1024200043EA014300FB07F1994208D91CEB03037F
:1024300000F1FF362CD299422AD9023863445B1A44
:10244000A4B2B3FBF8F108FB113344EA034401FBE7
:1024500007F3A34208D91CEB040401F1FF3613D2A1
:10246000A34211D902396444E41A41EA004138E731
:102470000446EFE6084605E7C845ADD2B9EB020EC3
:1024800063EB070C0138A7E73146EDE7034698E711
:102490003046D4E7D6467EE7634402384CE706462A
:1024A000234608460EE7023E63442FE7FFFF000085
:1024B00000000000000001020304060708090000F4
:1024C00000000102030400C0C101C30302C2C6062A
:1024D00007C705C5C404CC0C0DCD0FCFCE0E0ACA5C
:1024E000CB0BC90908C8D81819D91BDBDA1A1EDEAC
:1024F000DF1FDD1D1CDC14D4D515D71716D6D2125C
:1025000013D311D1D010F03031F133F3F23236F66B
:10251000F737F53534F43CFCFD3DFF3F3EFEFA3A1B
:102520003BFB39F9F83828E8E929EB2B2AEAEE2EAB
:102530002FEF2DEDEC2CE42425E527E7E62622E21B
:10254000E323E12120E0A06061A163A3A26266A66B
:10255000A767A56564A46CACAD6DAF6F6EAEAA6ADB
:102560006BAB69A9A86878B8B979BB7B7ABABE7E2B
:102570007FBF7DBDBC7CB47475B577B7B67672B2DB
:10258000B373B17170B0509091519353529296566B
:102590005797559594549C5C5D9D5F9F9E5E5A9A9B
:1025A0009B5B99595898884849894B8B8A4A4E8E2B
:1025B0008F4F8D4D4C8C448485458747468682429B
:1025C00043834181804000C1814001C0804101C0FE
:1025D000804100C1814001C0804100C1814000C1F3
:1025E000814001C0804101C0804100C1814000C1E3
:1025F000814001C0804100C1814001C0804101C0D3
:10260000804100C1814001C0804100C1814000C1C2
:10261000814001C0804100C1814001C0804101C0B2
:10262000804100C1814000C1814001C0804101C0A2
:10263000804100C1814001C0804100C1814000C192
:10264000814001C0804101C0804100C1814000C182
:10265000814001C0804100C1814001C0804101C072
:10266000804100C1814000C1814001C0804101C062
:10267000804100C1814001C0804100C1814000C152
:10268000814001C0804100C1814001C0804101C042
:10269000804100C1814001C0804100C1814000C132
:1026A000814001C0804101C0804100C1814000C122
:1026B000814001C0804100C1814001C0804101C012
:0826C000804100C181400000CF
:0426C800F8B500BFA2
:0426CC00F8B500BF9E
:0826D00020FBFF7F0100000068
:1026D80001FFFF00FFFFFFF22000000101000000E2
:0400000508001F8947
:020000040800F2
:10280000680300202DAF000879AF000879AF0008F9
:1028100079AF000879AF000879AF00080000000028
:1028200000000000000000000000000079AF000878
:1028300079AF00080000000079AF0008B92900084E
:102840000000000079AF000879AF000879AF0008F8
:1028500079AF000879AF000879AF000879AF0008B8
:1028600079AF000879AF0008E5A0000879AF00084B
:1028700079AF000879AF000879AF000879AF000898
:1028800079AF000879AF00080000000079AF0008B8
:1028900079AF0008E94F000879AF000879AF000868
:1028A00079AF000879AF000879AF0008C16000086F
:1028B000E92B00080000000079AF000800000000CC
:1028C00079AF00080000000079AF000879AF000878
:1028D00079AF0008000000000000000000000000C8
:1028E000000000000000000079AF000800000000B8
:1028F00000000000000000000000000000000000D8
:1029000079AF0008000000000000000079AF000867
:1029100000000000000000000000000000000000B7
:1029200000000000000000000000000000000000A7
:102930000000000000000000000000000000000097
:1029400000000000000000000000000079AF000857
:1029500053B94AB9002908BF00281CBF4FF0FF3106
:102960004FF0FF3000F00CB8ADF1080C6DE904CE6B
:1029700008F010FCDDF804E0DDE9022304B0704744
:10298000704700BF02440346934200D1704703F8EA
:10299000011BF9E74FF0E023054A5A61054AF0218F
:1029A00082F8231000229A6107221A61704700BF43
:1029B0001E48010000ED00E0024A13680133136075
:1029C000704700BF901F0020F8B5144B6FF03A021B
:1029D000D3F8E017D3F8AC07D3F8B067D3F8B477DF
:1029E0004FF6FF73FFF7B4FF384614461D466FF0ED
:1029F0003A024FF6FF733146FFF7AAFF08486240DC
:102A00006B400021013100F8012B06294FEA122208
:102A100042EA03624FEA1323F4D1F8BD00F0FF1F2E
:102A2000881F002008B503494FF0006007F044FEFE
:102A300062B608BD0028000808B540F2115007F042
:102A400047FE0823032200214FF0904007F080FD4D
:102A50000823002202214FF0904007F057FDBDE807
:102A60000840082201214FF0904007F0B2BD08B5A0
:102A700040F2115007F02CFE0423032200214FF0F6
:102A8000904007F065FD0423002202214FF09040A2
:102A900007F03CFDBDE80840042201214FF09040C2
:102AA00007F097BD08B500221C20114607F0C2FDB3
:102AB000BDE8084040F2117007F00ABE10B540F2C0
:102AC000115007F005FE1023032200214FF0904023
:102AD00007F03EFDBDE810401023002201214FF019
:102AE000904007F013BD10214FF0904007F069BDF2
:102AF000037810B55940044C044B5A5C4378615C30
:102B000042704B40037010BD10C2000810C1000895
:102B100073B5124C2246552102F8011B1049086872
:102B20008988C4F8010091800122227262720D4AE4
:102B300000251288E571ADF80420264614F8011B23
:102B400001A80135FFF7D4FF0A2DF7D19DF8043015
:102B5000B3729DF80530F37202B070BD42180020C8
:102B6000881F0020E4B4000837B50C4B0C4C1D78CE
:102B70000C4B65701B88ADF804305F2101A82170F3
:102B8000FFF7B6FF2946FFF7B3FF9DF80430A370A7
:102B90009DF80530E37003B030BD00BF5A0100203E
:102BA00052180020E4B4000837B50C4B0C4C1D78CB
:102BB0000C4B65701B88ADF80430332101A82170DF
:102BC000FFF796FF2946FFF793FF9DF80430A370A7
:102BD0009DF80530E37003B030BD00BF5A010020FE
:102BE0004E180020E4B40008F8B56549654808F0BF
:102BF00073F9064640B1634840F2017108F04FF99D
:102C00005F49604808F07EF95F495E4808F064F962
:102C1000074640B15B4840F2027108F040F95A495A
:102C2000584808F06FF95949564808F055F90546D3
:102C300040B1544840F2037108F031F9534951480A
:102C400008F060F952494F4808F046F9044640B18F
:102C50004C484FF4E06108F022F94D49494808F02A
:102C600051F94C49474808F037F9D0B1454840F28E
:102C7000037108F014F94749424808F043F972B665
:102C8000454A00231360454A1360454A4FF480715A
:102C90001180444A138062B6434A1370434A13704A
:102CA00005E03E4335432C43E4B2002CE7D14049D4
:102CB000344808F011F910B3394A1388DBB13749A9
:102CC00030480C68013B1380631C5A42D2B2DBB21D
:102CD00058BF53420B6008F0DEF8364B23F814005F
:102CE000324B01221A70344B1A68344B1A602D4A49
:102CF0001388013313802E49224808F003F9304924
:102D0000204808F0E9F8C0B12E4D2F4B2C881B88C5
:102D1000A34226D94FF49672B4FBF2F302FB13439D
:102D20009BB22A4A174832F81310013408F0AFF862
:102D30002C802349134808F0E5F82549114808F08C
:102D4000CBF8E0B10F48062108F0BBF810214FF096
:102D5000904007F036FCBDE8F8401D49094808F0EE
:102D6000D1B80848072108F0ACF80648062108F059
:102D70009EF80E4A00231370164A1370D9E7F8BD67
:102D8000000201070044004000020207000203079E
:102D90000800000705000307801D0020841D002097
:102DA0005E0100207C1D00205819002065190020BC
:102DB00005000507881D0020901F002060190020D5
:102DC00007000707221B0020201B0020241B0020D7
:102DD000060006076419002010B5174C204607F0BE
:102DE000D7FF2046042108F04AF82046082108F0C1
:102DF0003EF82046052108F05AF820464FF40071AD
:102E000008F055F82046082108F051F820460B49F3
:102E100007F0DAFF2046002108F00CF820460021D8
:102E200008F014F82046002107F0F8FF2046BDE81E
:102E3000104008F017B800BF0044004040420F00A7
:102E40002DE9F04F764B1A888BB0002A31D072B63C
:102E50001A88013A1A8062B6724801684B1C5A42BD
:102E6000D2B2DBB258BF534203606F4A6F4B33F8A4
:102E700011401378002B58D1FF2C14D8AA2CE1B2A2
:102E80001AD1012111706A4A03201070694A6A48F8
:102E900013706A4A13706A4B1970FF2303704370F2
:102EA0002146FFF725FE72B6664A13880133138068
:102EB00062B60BB0BDE8F08FCC290FD102201070A4
:102EC0005B4A13705B4A5C4813705C4A13705C4B3E
:102ED00001221A70FF2303704370E2E7AF2901D18A
:102EE0000320ECE7A02901D10420E8E7552905D10A
:102EF000052010704E4A0B201070E3E7332904D1EF
:102F0000052010704A4A0320F6E75F2906D1052301
:102F10001370474B03221A700023D3E75029C2D104
:102F200006231370424B0222F5E7013B052BBAD86A
:102F3000DFE813F04A0DA20DDD0C0600C80DD10D1F
:102F40003B4D2978B9B9404BFF2C1E7809D93A4836
:102F5000FFF7CEFD16B13A4B00221A7001232B70F9
:102F6000A1E7E4B234482146FFF7C2FDA642F5D0FE
:102F7000FF2CF3D0EFE70139082994D801A353F8C7
:102F800021F000BFA92F0008C12F0008A72E0008BC
:102F9000A72E0008A72E0008A72E0008EB2F000878
:102FA0006D49000855300008B4F5807F274B224852
:102FB00028BF0024E1B21970FFF79AFD0223CEE783
:102FC000FF2C1E4B08D900211B481970FFF790FDFC
:102FD000174B08221A7066E7E1B217481970FFF71D
:102FE00087FD002CF4D00723B9E712480378B4F525
:102FF000807F28BF0024FF22B3FBF2F21A44013382
:10300000DDB2E1B202F0FF02114C05700A48A15492
:10301000FFF76EFD094B1B78AB427FF444AFD7E757
:103020007C1D0020801D002058190020881D0020D4
:10303000571900205619002055010020551900206D
:10304000540100205E0100205A0100204018002099
:1030500056180020A34AA449002313700978A34AF4
:10306000527800297ED0B4F5807F28BF1C46944258
:1030700078D19F4A9F4914789F4A0978B2F9002075
:103080000591002C68D08A4266D09C4D2E78F42E93
:103090006BD19B4A1372137582F8203082F82C3062
:1030A000984A1388002B45D09749DFF890820F6823
:1030B000B8F80040954D013B13807B1C5A4202F04A
:1030C0001F0203F01F0358BF53420B60904B09A827
:1030D0001B88ADF82430A521FFF70AFDC4F30803CF
:1030E000A5220121EA54FFF703FD631CC3F3080383
:1030F00001223146EA54FFF7FBFCA31CC3F308038B
:103100009DF82420EE54E31CC3F30803EA54231D66
:10311000C3F308039DF82520EA54631DA8F8003086
:103120007C4B23F817407C4B0522DA557B4A1388E9
:10313000013313807A4A002313707A4A13607A4A63
:1031400001211170794A517301330A2B02F11002E7
:10315000F9D1774B00221A60764B01221A70664B28
:10316000059A1A80744B002234E7482E3AD82F2E45
:10317000F2D9303E182EEFD801A353F826F000BF45
:10318000253200085931000859310008593100082A
:1031900059310008593100085931000859310008E7
:1031A00059310008593100085931000859310008D7
:1031B00059310008593100085931000859310008C7
:1031C000AF340008233400083D35000801390008F9
:1031D000533A0008E73D00080D3F0008DF400008B3
:1031E0008D42000806F10E03DBB2092BB4D8F23E83
:1031F000092EB1D801A353F826F000BFED33000823
:103200005931000859310008E545000859310008D6
:10321000593100085931000859310008413300087C
:10322000D7480008374A1388002B95D03649434FBA
:103230000E683D88DFF8D480013B1380731C5A422E
:1032400002F01F0203F01F0358BF53420B60304BC4
:10325000A5211B88ADF8243009A804F1FF39FFF738
:1032600047FC5FFA89F9C5F30803A522494608F827
:103270000320FFF73DFC6B1CC3F30803012208F891
:1032800003901E4B02F1010B55FA8BFA9145CAF3DC
:10329000080A1ADA9DF8243008F80A30A31C55FAF7
:1032A00083F3C3F3080303349DF8252008F80320B3
:1032B00055FA84F33B80174B23F81650164B9C5558
:1032C000164A13880133138046E713F8011F09A833
:1032D000CDE90113FFF70CFC019908F80A10029BD5
:1032E0005A46CFE7651900205401002055010020FF
:1032F00055190020401800205801002056180020C1
:103300009415002040010020841200207E1000202F
:10331000E4B40008A8120020881200207E120020C9
:103320007803002070030020790300207C00002037
:10333000740300205B190020581900207C10002025
:10334000022C7FF409AFB14A1388002B3FF404AF7D
:10335000AF49DFF8F892D1F80080B9F80060AD4FBE
:10336000013B138008F101035A4202F01F0203F0EF
:103370001F0358BF53420B60A74B09A81B88ADF829
:103380002430A521FFF7B4FBC6F30803A52221468C
:10339000FA54FFF7ADFB731CC3F30803FA21FC5486
:1033A000FFF7A6FB6C78B31CC3F30803FA2221468F
:1033B000FA54FFF79DFBF31CC3F308039DF8242088
:1033C000FC54331DC3F30803FA54731DC3F30803FD
:1033D0009DF82520FA54B31DA9F800308F4B23F82F
:1033E00018608F4B062203F8082069E70B2C7FF446
:1033F000B3AE8C498C4A9FED8D7A002311F8010FF2
:1034000007EE900AF8EE677A013367EE877A0A2BA7
:10341000C2ED027A02F11002F0D1854B00221A703F
:103420009AE6022C7FF498AE6B78013BDBB2092B55
:103430003FF692AE7F4A804CDFF814E20C2101FB8C
:103440000322282000FB03F7002100264FF07E55C1
:103450001160556016724FF0200CE21904F807C095
:10346000DFF8F0C1C2F820E011615561C2F818C060
:10347000D16182F82560012210FB03231A19E6545A
:103480004FF0FF10FF23A2F80130C2F80300D37100
:103490006A4A1320D319D05540F2011219615D61B7
:1034A000C3F818C0D9611A6283F8256054E6022C6B
:1034B0007FF452AE6B78013BDBB2092B3FF64CAE8A
:1034C0005C4A5D4EDFF88CE10C2101FB03222820D1
:1034D00000FB03F500214FF07E540027116054607B
:1034E00017724FF0200C721906F805C0DFF860C1A2
:1034F000C2F820C04FF0010C10FB03C311615461EE
:10350000C2F818E0D16182F825709A19F7544FF08B
:10351000FF10FF23A2F80130C2F80300D371474A1D
:1035200003205319505540F2011219615C61C3F830
:1035300018E0D9611A6283F825C00DE6083CE4B2B0
:103540000C2C3FF609AE6B780193591EC9B20929BC
:103550003FF602AEEB783848029301EB81072B79F6
:103560000393FF006B7995F8069095F8078095F81E
:1035700002A004937E1C3518002383510744304E6B
:103580006B60AB603846A342B8BFF55C03F1010342
:10359000A8BF00250C2B00F8015FF4D1DDED027A05
:1035A0009FED287A2448049AF8EE677AF7EE006ACD
:1035B00077EEA67A282487EE276A4C430319161E55
:1035C000055D00F804A018BF0126012483F82140FE
:1035D00083F82060DDED037A83ED066AB8EE677A42
:1035E000DFED197A37EE677A27EE067A83ED077AF0
:1035F000B9F1000F30D183F82290B8F1000F00F03C
:103600003D8183F8239040F2011439E1400100200C
:10361000841200207E100020E4B40008A8120020CC
:1036200088120020561800207C0000208180803BFA
:103630006001002004000020040D0020740B002015
:103640005E1800200AD7233E000000437C100020B3
:10365000010101000AD7233DB8F1000618BF012679
:10366000AA4583F825605C8483F8244040F00981F2
:10367000984B93F800B0BBF1FF0F3FF46DAD964946
:103680000B88002B3FF468AD944C954E013B0B80AA
:1036900023680793591C484200F01F0001F01F01E6
:1036A00058BF41428F4B21608F491D880988ADF872
:1036B00024104FF4967409A85021FFF719FAB5FBAE
:1036C000F4F104FB115189B24FF0500C06F801C01F
:1036D0005946FFF70DFA691C89B2B1FBF4FC04FBF3
:1036E0001C1189B206F801B0DFF810B29BF8001087
:1036F0000691FFF7FDF905F1020C1FFA8CFCBCFBEB
:10370000F4FE04FB1ECC06991FFA8CFC06F80C1084
:1037100001318BF800101421FFF7EAF9E91C89B296
:10372000B1FBF4FC04FB1C1189B24FF0140C06F839
:1037300001C04221FFF7DCF9291D89B2B1FBF4FC7D
:1037400004FB1C1189B24FF0420C06F801C001992C
:10375000FFF7CEF9691D89B2B1FBF4FC04FB1C1123
:1037600089B2019B73545146FFF7C2F9A91D89B272
:10377000B1FBF4FC04FB1C1189B206F801A002990C
:10378000FFF7B6F9EA1D92B2B2FBF4F104FB112285
:1037900092B2029B0399B354FFF7AAF905F108020C
:1037A00092B2B2FBF4F104FB112292B2039B049992
:1037B000B354FFF79DF905F1090292B2B2FBF4F19F
:1037C00004FB112292B2049BB3544946FFF790F9CF
:1037D00005F10A0292B2B2FBF4F104FB112292B29B
:1037E000414606F80290FFF783F905F10B0292B209
:1037F000B2FBF4F104FB112292B205F10C0906F8B8
:103800000280079B05F118081FFA89F91FFA88F84A
:1038100017F801AF0193514609A8FFF769F9B9FB01
:10382000F4F204FB129209F1010992B21FFA89F92C
:10383000C84506F802A0019BEAD1B8FBF4F204FBEC
:1038400012881FFA88F89DF8242006F8082005F150
:10385000190292B2B2FBF4F104FB112292B29DF86C
:103860002510B1541F4905F11A020A801F4A22F897
:1038700013501F4A1A21D1541E4AA1E283F8238013
:103880009C841D4B03EB011300241B7907EE903A37
:10389000F8EE677A282377EEE67A67EE877AF5EE18
:1038A000C07AF1EE10FA07DD03FB010377EEA67A8A
:1038B0001C61C3ED057ADBE651BF03FB010003FB8E
:1038C0000103C3ED047AC3ED056A5CBF0461C0ED7A
:1038D000056ACDE65A0100205C0100209C1A0020F8
:1038E0006819002066190020E4B40008E01A0020DE
:1038F000C01A0020A01A00207C00002041180020DF
:10390000022C7FF429AC95F8019009F1FF33DBB26A
:10391000092B3FF621AC924A282101FB0323002208
:1039200083F821208F4B93F800A0BAF1FF0F3FF4EA
:1039300013AC8D4A1388002B3FF40EAC8B49DFF893
:1039400058B2D1F80080BBF80060894F013B13806A
:1039500008F101035A4202F01F0203F01F0358BF8F
:1039600053420B60834B4FF4967509A81B88ADF842
:1039700024305021FFF7BCF8B6FBF5F305FB1363C9
:103980009BB250225146FA54FFF7B2F8731C9BB217
:10399000B3FBF5F205FB12339BB207F803A0DFF887
:1039A000FCA19AF800100191FFF7A2F8B31C9BB29A
:1039B000B3FBF5F205FB123301999BB2F9540131C7
:1039C0008AF800102146FFF793F8F31C9BB2B3FB73
:1039D000F5F205FB12339BB24321FC54FFF788F844
:1039E000331D9BB2B3FBF5F205FB12339BB24322AE
:1039F000FA544946FFF77CF8731D9BB2B3FBF5F20E
:103A000005FB12339BB207F80390B31D9BB2B3FBC7
:103A1000F5F205FB12339BB29DF82420FA54F31DF6
:103A20009BB2B3FBF5F205FB12339BB29DF8252048
:103A3000FA5406F10803ABF800304F4B23F8186036
:103A40004E4B082203F808204D4B102203F80820A3
:103A5000B8E1083CE4B20C2C3FF67EAB6B780193E6
:103A6000591EC9B209293FF677AB01EB8107EB7804
:103A700044480293FF002B7995F8069095F807804B
:103A800095F802A003937E1C6B79049335180022ED
:103A9000825107443C4E6A60AA6038469442C8BFCF
:103AA000B55C02F10102D8BF00250C2A00F8015FC5
:103AB000F4D1DDED027A9FED357A3248049BF8EEC1
:103AC000677AF7EE006A77EEA67A282487EE276AEF
:103AD0004C4302191E1E055D00F804A018BF012604
:103AE000012482F8214082F82060DDED037A82ED26
:103AF000066AB8EE677ADFED267A37EE677A27EE48
:103B0000067A82ED077AB9F1000F49D182F8229046
:103B1000B8F1000F1ED182F8238094841D4A02EB75
:103B200001120024137907EE903AF8EE677A282202
:103B300077EEE67A67EE877AF5EEC07AF1EE10FA64
:103B400040F3438102FB010277EEA67A1461C2EDD5
:103B5000057A30E082F8239040F20114DDE700BFDF
:103B6000040D00205A0100205C0100209C1A002056
:103B700068190020E4B40008E01A0020C01A0020F0
:103B8000A01A0020740B00205E1800200AD7233EE4
:103B9000000000437C00002066190020411800202E
:103BA000B8F1000618BF0126AA4582F825605484A2
:103BB00082F82440B2D1C84A92F800B0BBF1FF0F9E
:103BC0003FF4CAAAC5490A88002A3FF4C5AAC44CD2
:103BD000C44BC54E1D88013A0A8022680792511CC9
:103BE000484200F01F0001F01F0158BF4142216010
:103BF000BE490988ADF824104FF4967409A85021E5
:103C0000FEF776FFB5FBF4F104FB115189B24FF0DA
:103C1000500C06F801C05946FEF76AFF691C89B2CC
:103C2000B1FBF4FC04FB1C1189B206F801B0DFF80B
:103C3000D4B29BF800100691FEF75AFF05F1020C72
:103C40001FFA8CFCBCFBF4FE04FB1ECC06991FFA89
:103C50008CFC06F80C1001318BF800101421FEF7D3
:103C600047FFE91C89B2B1FBF4FC04FB1C1189B2CB
:103C70004FF0140C06F801C04421FEF739FF291D4E
:103C800089B2B1FBF4FC04FB1C1189B24FF0440C67
:103C900006F801C00199FEF72BFF691D89B2B1FB3F
:103CA000F4FC04FB1C1189B2019B73545146FEF7CE
:103CB0001FFFA91D89B2B1FBF4FC04FB1C1189B2E2
:103CC00006F801A00299FEF713FFEB1D9BB2B3FBB0
:103CD000F4F104FB11339BB2029A0399F254FEF7FC
:103CE00007FF05F108039BB2B3FBF4F104FB1133AA
:103CF0009BB2039A0499F254FEF7FAFE05F1090308
:103D00009BB2B3FBF4F104FB11339BB2049AF2545F
:103D10004946FEF7EDFE05F10A039BB2B3FBF4F151
:103D200004FB11339BB2414606F80390FEF7E0FE18
:103D300005F10B039BB2B3FBF4F104FB11339BB20F
:103D400005F10C0906F80380079A05F118081FFA17
:103D500089F91FFA88F817F801AF0192514609A8AE
:103D6000FEF7C6FEB9FBF4F304FB139309F1010956
:103D70009BB21FFA89F9C84506F803A0019AEAD157
:103D8000B8FBF4F304FB13881FFA88F89DF824307D
:103D900006F8083005F119039BB2B3FBF4F104FBFC
:103DA00011339BB29DF82510F1544E4905F11A03C9
:103DB0000B804F4B23F812504E4B1A2199544E4B07
:103DC000102199544D4AFFF77CBA51BF02FB010004
:103DD00002FB0102C2ED047AC2ED056A5CBF046118
:103DE000C0ED056AE7E6022C7FF4B6A995F80190CC
:103DF00009F1FF33DBB2092B3FF6AEA9404A282177
:103E000001FB0323002283F82120334B93F800A009
:103E1000BAF1FF0F3FF4A0A9304A1388002B3FF4FA
:103E20009BA92F49DFF8BCB0D1F80080BBF8006037
:103E30002D4F013B138008F101035A4202F01F028B
:103E400003F01F0358BF53420B60284B4FF4967585
:103E500009A81B88ADF824305021FEF749FEB6FBB7
:103E6000F5F305FB13639BB250225146FA54FEF75B
:103E70003FFE731C9BB2B3FBF5F205FB12339BB202
:103E800007F803A0DFF87CA09AF800100191FEF774
:103E90002FFEB31C9BB2B3FBF5F205FB1233019965
:103EA0009BB2F95401318AF800102146FEF720FE3A
:103EB000F31C9BB2B3FBF5F205FB12339BB2452119
:103EC000FC54FEF715FE331D9BB2B3FBF5F205FB68
:103ED00012339BB245228BE55A0100205C01002081
:103EE0009C1A00206619002068190020E4B400081C
:103EF000E01A0020C01A0020A01A0020941A002006
:103F0000740B0020411800208180803B052C7FF439
:103F100023A995F801A00AF1FF32D2B2092A3FF68F
:103F20001BA995F80290EB781FED097A019307EE33
:103F3000909AF8EE677AC84B95F8048067EE877A16
:103F40000C2101FB0233C3ED007ADDED017AF8EEBE
:103F5000677AB8F1000267EE877A18BF0122C3EDD5
:103F6000017A1A72BD4B93F800B0BBF1FF0F3FF41A
:103F7000F3A8BB4A1388002B3FF4EEA8B948BA4F08
:103F8000013B1380036803935A1C514201F01F0147
:103F900002F01F0258BF4A420260B449B44A09887D
:103FA0001688ADF824104FF4967509A85021FEF735
:103FB0009FFDB6FBF5F105FB116189B24FF0500C86
:103FC00007F801C05946FEF793FD711C89B2B1FB99
:103FD000F5FC05FB1C1189B207F801B0DFF8A8B2A7
:103FE0009BF800100291FEF783FD06F1020C1FFA08
:103FF0008CFCBCFBF5FE05FB1ECC02991FFA8CFC69
:1040000007F80C1001318BF800102146FEF770FD07
:10401000F11C89B2B1FBF5FC05FB1C1189B27C5483
:104020004621FEF765FD311D89B2B1FBF5F405FBB4
:10403000141189B246247C545146FEF759FD711D76
:1040400089B2B1FBF5F405FB141189B207F801A0A0
:104050004946FEF74DFDB11D89B2B1FBF5F405FBF4
:10406000141189B207F801900199FEF741FDF11D85
:1040700089B2B1FBF5F405FB141189B2019B7B54A5
:104080004146FEF735FD06F1080189B2B1FBF5F0B6
:1040900005FB101189B2764A07F8018006F1090183
:1040A00089B2B1FBF5F005FB101189B29DF824002F
:1040B000785406F10A0189B2B1FBF5F005FB101145
:1040C00089B29DF82500785406F10B011180039BFD
:1040D000684A0B2122F81360674AFFF7CCBB032C18
:1040E0007FF43AA895F8019009F1FF33DBB2092B70
:1040F0003FF632A895F802809FED607A604A07EE9D
:10410000908AF8EE677A02EB031367EE877AC3EDC5
:10411000027A524B93F800A0BAF1FF0F3FF41CA8AB
:104120004F4A1388002B3FF417A84E494E4FD1F841
:1041300000B0013B13800BF101035A4202F01F0251
:1041400003F01F0358BF53420B60494B474A1E8878
:104150001288ADF824204FF4967509A85021FEF777
:10416000C7FCB6FBF5F205FB126292B25021B954BE
:104170005146FEF7BDFC721C92B2B2FBF5F105FB95
:10418000112292B207F802A0DFF8FCA09AF8001002
:104190000191FEF7ADFCB21C92B2B2FBF5FC05FB3F
:1041A0001C22019992B2B95401318AF800102146BB
:1041B000FEF79EFCF21C92B2B2FBF5F105FB112258
:1041C00092B24721BC54FEF793FC321D92B2B2FB6F
:1041D000F5F105FB112292B24721B9544946FEF789
:1041E00087FC721D92B2B2FBF5F105FB112292B26F
:1041F000414607F80290FEF77BFCB21D92B2B2FB7B
:10420000F5F105FB112292B2194B07F80280F21D5D
:1042100092B2B2FBF5F105FB112292B29DF8241087
:10422000B95406F1080292B2B2FBF5F105FB112276
:1042300092B29DF82510B95406F109021A800D4B6F
:1042400023F81B600C4B092203F80B200D4B1022A6
:1042500003F80B20B6E500BF040000205A0100203F
:104260005C0100209C1A002068190020E4B40008BA
:1042700066190020E01A0020C01A00208180803BCF
:104280007C000020A01A002041180020032C7EF69C
:1042900063AF68780138C0B209283EF65DAFA978EF
:1042A00095F803908B1E012B40F2D3800B1F5A42CE
:1042B0005A419200BE4B03EB00154FEA001C6A7096
:1042C000002203F80C10154611469B461E798842C1
:1042D000A8BF2A46013135440A29EDB203F1100383
:1042E000F4D10BEB0C031B799945C0F0B4809945D0
:1042F00000F2EB806421B2FBF1F301FB13234A448B
:10430000D2B2013AE34492FBF1F601FB1622A9492D
:10431000A74EDFF8CCC28BF80490DDB201EB45016B
:104320000027042306EB00164FF0FF0EAA42778009
:1043300001F1020180F20A819F4B01221A709F4B0A
:104340001D78FF2D3EF408AF9D4A1388002B3EF4E4
:1043500003AF9C499C4FD1F80080013B138008F1CA
:1043600001035A4202F01F0203F01F0358BF5342D9
:104370000B60964B1E88964B4FF4967B1B88ADF8CE
:10438000243009A85021FEF7B3FBB6FBFBF20BFB70
:10439000126292B25021B9542946FEF7A9FB721C51
:1043A00092B2B2FBFBF10BFB112292B2BD54894DCC
:1043B00095F800A05146FEF79BFBB21C92B2B2FBEF
:1043C000FBF10BFB112292B2214607F802A00AF181
:1043D000010A85F800A0FEF78BFBF21C92B2B2FB3B
:1043E000FBF10BFB112292B24FF0000ABC54FF22EA
:1043F000B4FBF2F2144404F0FF04631E01930AF1CB
:104400000405019B56FA85F5ADB25345B5FBFBF1AA
:104410000BFB1155ADB280F2B5809DF824207A5582
:10442000621D56FA82F292B2B2FBFBF10BFB112233
:1044300092B29DF82530BB540634644A56FA84F390
:104440001380654B23F81860644B03F80840FFF7AE
:10445000FBBA03222EE709EB02016426C9B2B1FBC5
:10446000F6F706FB1711A3EB0907FFB2039709F153
:104470006307FF1AFFB2B7FBF6F806FB1877DFF801
:1044800034815FFA81FE08EB4E015FFA87FA0191F1
:104490000199F24501F102010191FFF628AF039F56
:1044A0007744B7FBF6F106FB1171029108EB41016D
:1044B000019F497807F8011C029918F811700199B9
:1044C0000EF1010E01F8027CE2E7C5F16405A9EBEB
:1044D0000301EDB2C9B2A94205D91D445FFA85F9BD
:1044E0004B45BFF407AF03F16301A9EB030EA1EB4A
:1044F000090113446425C9B2DBB2B1FBF5F6DFF85C
:10450000B480B3FBF5F705FB161105FB1733CEB2EC
:10451000DBB25FFA8EFE019308EB4601019BB342CA
:10452000A1F102013FF7E6AECF7806EB0E0A3B465B
:10453000BAFBF5F705FB17A708EB470A013E8AF817
:10454000013091F802A008F817A0E7E71CF8030073
:10455000003818BF012001F8010C581C90FBFEF830
:10456000C8EB0828A0EB080002331CF8000001F893
:10457000020C384487B293FBFEF0C0EB00201B1AFC
:104580000135D3E6BAF1030F08D1494609A8FEF771
:10459000AFFA494679550AF1010A30E7104B09A8EC
:1045A00013F80A100291FEF7A3FA0299F2E700BF8E
:1045B0007C000020940E00207A0300205A01002085
:1045C0005C0100209C1A0020681900206619002058
:1045D000E4B4000841180020E01A0020C01A0020AE
:1045E00056180020D14B93F80090B9F1FF0F3EF41C
:1045F000B3ADCF4A1388002B3EF4AEADCD49DFF802
:1046000060830F68B8F80050CB4E013B13807B1CD1
:104610005A4202F01F0203F01F0358BF53420B60BF
:10462000C64B4FF4967409A81B88ADF8243050216E
:10463000FEF75EFAB5FBF4F304FB13539BB2502272
:104640004946F254FEF754FA6B1C9BB2B3FBF4F2EA
:1046500004FB12339BB206F80390DFF8089399F835
:1046600000A05146FEF744FAAB1C9BB2B3FBF4F238
:1046700004FB12339BB2132106F803A00AF1010ACE
:1046800089F800A0FEF734FAEB1C9BB2B3FBF4F2FE
:1046900004FB12339BB21322F521F254FEF728FAE1
:1046A0002B1D9BB2B3FBF4F204FB12339BB2F52239
:1046B0000021F254FEF71CFA6B1D9BB2B3FBF4F21F
:1046C00004FB12334FF000099BB2494606F80390F1
:1046D000FEF70EFAAB1D9BB2B3FBF4F204FB1233F0
:1046E0009BB23A2106F80390FEF702FAEB1D9BB24B
:1046F000B3FBF4F204FB12339BB23A220D21F254C5
:10470000FEF7F6F905F108039BB2B3FBF4F204FBE4
:1047100012339BB24FF00D09042106F80390FEF707
:10472000E7F905F109039BB2B3FBF4F204FB123382
:104730009BB204224946F254FEF7DAF905F10A0366
:104740009BB2B3FBF4F204FB12339BB2672106F871
:104750000390FEF7CDF905F10B039BB2B3FBF4F226
:1047600004FB12339BB267226421F254FEF7C0F9B6
:1047700005F10C039BB2B3FBF4F204FB12339BB2C2
:1047800064223321F254FEF7B3F905EB09039BB21F
:10479000B3FBF4F204FB12339BB24FF03309322126
:1047A00006F80390FEF7A4F905F10E039BB2B3FBE4
:1047B000F4F204FB12339BB232226621F254FEF76C
:1047C00097F905F10F039BB2B3FBF4F204FB12332C
:1047D0009BB266224946F254FEF78AF905F11003AE
:1047E0009BB2B3FBF4F204FB12339BB2494606F8CA
:1047F0000390FEF77DF905F111039BB2B3FBF4F2D0
:1048000004FB12339BB2302106F80390FEF770F9D7
:1048100005F112039BB2B3FBF4F204FB12339BB21B
:1048200030226B21F254FEF763F905F113039BB2BA
:10483000B3FBF4F204FB12339BB26B223821F25427
:10484000FEF756F905F114039BB2B3FBF4F204FB37
:1048500012339BB238227521F254FEF749F905F163
:1048600015039BB2B3FBF4F204FB12339BB2752227
:104870003621F254FEF73CF905F116039BB2B3FB67
:10488000F4F204FB12339BB23622F25405F1170303
:104890009BB2B3FBF4F204FB12339BB29DF82420CD
:1048A000F25405F118039BB2B3FBF4F204FB12338C
:1048B0009BB29DF82520F25405F11903A8F80030A9
:1048C0001F4B23F817501F4B1922DA551E4B10228D
:1048D000DA55FFF777BABFF34F8F1C491C4BCA68F4
:1048E00002F4E0621343CB60BFF34F8FFEE7194B36
:1048F0001978002938D10D4BFF2C1D7805D91648A1
:10490000FEF7F6F865B9FEF763BBE4B2124821463C
:10491000FEF7EEF8A5423EF45BABFF2C3EF458AB3D
:104920000E4B00221A70FEF753BB00BF5A01002045
:104930005C0100209C1A002068190020E4B40008E3
:10494000E01A0020C01A0020A01A002000ED00E0AC
:104950000400FA05571900205501002054010020D9
:10496000661900204118002008290ED1644BB4F5C7
:10497000807F1B7828BF00249C421EBF614B002211
:104980001A70614B0922FEF725BB09297EF48BAA18
:104990005E4B5C4900221A700978594B5B780029FC
:1049A0003EF4E0ABB4F5807F28BF14469C427EF411
:1049B000D9AB574B197800293EF4D4AB55490120A7
:1049C00008701A70FEF7CEBB4F4E3378032B23D1FD
:1049D000514F4B483D780622B5FBF2F302FB1353CF
:1049E000DBB24E4AB4F5807FD35C28BF0024E1B22D
:1049F0008B4218BF434B05F1010518BF0022EDB2F1
:104A000018BF1A70FEF774F8062D3D707EF44BAA9D
:104A100000233370FEF747BA5BB9B4F5807F404B93
:104A2000374828BF0024E1B21970FEF761F8082367
:104A3000EFE7082B9AD0092B7EF435AA334B314A85
:104A400000251D7012782E4B5B78002A3EF48AAB4D
:104A5000B4F5807F28BF2C469C427EF483AB304B5C
:104A60001A78304B1A70FEF77FF8FEF79DF82E4B40
:104A700001221D702D4BA4E7234B197800293FF428
:104A80003AAF082907D11E4BB4F5807F1B7828BFA9
:104A90000024A34271E709297EF405AA1B4B0022DA
:104AA0001A70184A164B12785B78002A3EF45AABFB
:104AB000B4F5807F28BF00249C427EF453AB194B91
:104AC000FF227EE7104A1378012B7EF64BAB013BA9
:104AD0001370FEF7E8B90C490B78012B03D9013BA1
:104AE0000B70FEF7E0B9FF2C98BF02344FF00503BE
:104AF00094BFE4B2022413700C70FEF7D4B900BF67
:104B0000550100205401002057190020651900208C
:104B1000591900205A19002056190020881F00201A
:104B2000401800205A0100205B190020600100207D
:104B3000714B2DE9F74F1B78704F3C78002B40F0FC
:104B4000AD80002C40F0AA806D4B6E4D1B786E4EF0
:104B5000FF2B00F0B9806D4B1A78E2B110214FF0B5
:104B600090401C7005F02BFD694A6A4B1178198042
:104B7000517859809178D2789980DA80664B67486D
:104B800004221A80664B07211C8006F090F93368D6
:104B90002B6001233B70D6F800A02B68AAEB03031F
:104BA000012B58D95F490B88002B54D05E4ADFF89F
:104BB00098B114681BF80490B9F1000F7FD05B48DE
:104BC00030F8140001905A4890F80080B8F1000FB6
:104BD00014D04FF0000C013B01340B8080F800C072
:104BE000BCEB040303F01F0304F01F0458BF5C4236
:104BF0001460504A1388013313802CE04E4B4FF061
:104C000090401B5D0093102105F0D9FC424BDFF86A
:104C100004C1A3F80080009BDFF830E15A1E4FF476
:104C2000967043469A423CDAB8F1000F02D03A4BF4
:104C3000009A1A803A4B3948002207211A8009F15C
:104C4000FF3906F034F93D4A0BF804900123137044
:104C5000C5F800A03B7033682A689B1AB3F57A7FC9
:104C60001CD910214FF0904005F0A9FC344A294B83
:104C700011781980517859809178D278DA809980AA
:104C8000254B04221A80264B2448002207211A8033
:104C900006F00DF933682B6001233B7003B0BDE8CB
:104CA000F08F01995918B1FBF0F800FB18114FF083
:104CB00001081EF801102CF813100133B2E7013B74
:104CC00001340B8063428DE733682A689B1AB3F581
:104CD0007A7FE3D910214FF0904005F070FC194A1B
:104CE0000C49234612F8010B21F8130001330C2B59
:104CF000F8D1094A1380C6E765190020641900201D
:104D00005A0100205C190020901F00205B19002030
:104D100052180020241B0020201B002000440040CB
:104D2000221B0020941A0020981A0020E01A00206C
:104D30005A1900205C010020C01A002059190020D7
:104D40004E18002042180020A01A002068190020E8
:104D50000D4B0E4A19681368CB1A012B10B511D9E7
:104D600072B60B48002303600A4803600A484FF4F8
:104D7000807404800948038062B60948116003709A
:104D80000848037010BD00BF901F0020601900206C
:104D9000801D0020841D00205E0100207C1D00205D
:104DA00058190020651900204B4B1B782DE9F3475B
:104DB000002B00F08E80494B93F80090B9F1FF0F63
:104DC00000F08780464A1388002B00F08280454916
:104DD000DFF830810F68B8F80050434E013B138074
:104DE0007B1C5A4202F01F0203F01F0358BF5342BC
:104DF0000B603E4B4FF4967401A81B88ADF804304D
:104E00005021FDF775FEB5FBF4F304FB13539BB281
:104E100050224946F254FDF76BFE6B1C9BB2B3FB6C
:104E2000F4F204FB12339BB206F80390DFF8D8903B
:104E300099F800A05146FDF75BFEAB1C9BB2B3FB9B
:104E4000F4F204FB12339BB2012106F803A00AF12D
:104E5000010A89F800A0FDF74BFEEB1C9BB2B3FBE7
:104E6000F4F204FB12339BB20122F254204B93F86C
:104E700000904946FDF73CFE2B1D9BB2B3FBF4F2BC
:104E800004FB12339BB206F803906B1D9BB2B3FB7D
:104E9000F4F204FB12339BB29DF80420F254AB1DD4
:104EA0009BB2B3FBF4F204FB12339BB29DF80520D6
:104EB000F254EB1DA8F800300E4B23F817500E4BA0
:104EC0000722DA550D4B1022DA550D4A13880133AB
:104ED000138002B0BDE8F087600100205A01002075
:104EE0005C0100209C1A002068190020E4B400082E
:104EF0005B010020E01A0020C01A0020A01A002048
:104F0000941A0020661900204118002010B540F2C4
:104F1000115005F0DDFB4FF40043032201214FF057
:104F2000904005F015FBBDE810404FF4004300220F
:104F300001214FF0904005F0E9BA00001FB540F2A2
:104F4000116005F0C5FB104805F0ACFC0F4B104A92
:104F50001B68B3FBF2F3013B0022B3F5803F28BF8F
:104F60001346ADF80030694609230748ADF8022022
:104F7000019202938DF80C2005F0E8FC024805F040
:104F800075FD05B05DF804FB00440140640100209C
:104F900040420F004FF400414FF0904005F00FBB2E
:104FA00030B5421EC31D002012F8014F08214508EC
:104FB0006040C0074CBF85F08C00284601394FEA9D
:104FC0005404F4D19A42EFD130BD000008B500225C
:104FD0001146152005F02EFBBDE8084001480121CF
:104FE00005F04BBD004401402DE9F041A7480121E7
:104FF00005F04CFD002800F00182A54B1B78022B28
:105000004ED1A44D2B78022B1DD1A34A137873B92E
:105010004FF400414FF0904005F0D3FA9E4B01222F
:105020001A70BDE8F0419948012105F038BD302BD8
:1050300040F0CA804FF400414FF0904005F0BFFAB5
:10504000944B0322ECE7032B13D1934A1378372BAD
:1050500040F0BA804FF400414FF0904005F0B3FAB1
:105060008C4B08B90422DBE78C4A012111700E2217
:10507000D6E7042BD5D1884C2378612B7BD14FF414
:1050800000414FF0904005F09EFA20B100232370BC
:1050900005232B70C5E7814B02221A707D4BE6E792
:1050A000002B32D17B4B1B78002BBAD17A4D7C4F31
:1050B0002C783B78CCB97B4E3478072C12D84FF43F
:1050C00000414FF0904005F07CFA774B1B7823416C
:1050D00013F0010F0CBF0723012301343B70347020
:1050E0000123D6E76B4B05229AE79C4208D14FF487
:1050F00000414FF0904005F062FA01342C7090E7C7
:10510000082CFAD1644B00228AE7012B35D1614A81
:105110001378012B85D1604C2378002B3FF478AFB6
:10512000012B08D14FF400414FF0904005F047FAB1
:10513000594B022274E7022B14D14FF400414FF077
:10514000904005F040FA574A574913780D780038D7
:1051500018BF0120984028430133137008700323BF
:1051600023705EE7082B06D14E4B1B78082BC9D164
:105170000C231370C6E70133F2E7032B7FF451AF22
:10518000444C2378022B3FF440AF0B2B3FF649AF42
:1051900001A252F823F000BFF35100082350000889
:1051A000235000084B500008CF510008235000083E
:1051B0002350000853520008B1520008E75200087B
:1051C0006F530008A15300080133137029E7324DD3
:1051D0002B78612B0BD14FF400414FF0904005F03C
:1051E000F2F900283FF457AF00232B70B8E70133E2
:1051F0004FE7294EDFF8A880357898F80030D5B908
:10520000284F3D78072D14D84FF400414FF09040BF
:1052100005F0D7F9244B1B782B4113F0010F0CBF7D
:105220000723012388F80030013501233D703370D6
:10523000F7E6072394E79D4208D14FF400414FF071
:10524000904005F0BCF901353570EAE6082DFAD139
:1052500058E7114D2B78002B3FF4DAAE012B3FF4C9
:1052600061AF022B0CD14FF400414FF0904005F09C
:10527000AAF90E4B003818BF01201870032308E765
:10528000082BB4D100222A706AE700BF0044014015
:10529000331600204601002030160020C4150020DF
:1052A000DA150020D9150020DB150020CC150020D0
:1052B000534D2B78002B3FF4ABAE012B3FF432AFB4
:1052C000022B0AD14FF400414FF0904005F07BF9DA
:1052D00000384C4B18BF0120CFE7082B87D10023A3
:1052E0002B7009233CE7484B1878464B1D78C0B11A
:1052F000002D7FF4F7AE454B454A1978454B1B7896
:1053000003F00703D25C444D28704348007800281E
:1053100029D00A4301213E48C254404B19700A2348
:105320001EE73A4B3A4A19783A4B1B7803F00703C9
:10533000D25C002DE7D13A483A4D00782D78A8424A
:105340000DD2114214BF01250025334E3570002DBA
:10535000DBD1354D08282870D7D8344DD4E70CBFA1
:1053600001250025F1E722EA01020721D3E7244DB8
:105370002B78002B3FF44CAE284A16789E4208D179
:105380004FF400414FF09040013605F018F92E70AF
:1053900047E6082B7FF42BAF00232B700B23DFE6AF
:1053A0001A481F4E027833781A4901335200DBB293
:1053B000D2B20D78337002701AB96A1C0A700122D9
:1053C00002700A78082A7FF434AF402B184B09D9B1
:1053D000154A144912780A7012B9164A012111703F
:1053E00001221A700A4A1B78127803B122B9124BB3
:1053F00003221A700E23B3E60D23B1E6BDE8F08157
:1054000030160020CB150020CC150020C715002039
:10541000D0150020C8150020C5150020DA15002081
:10542000CA150020CF150020C9150020CD15002079
:10543000C6150020CE150020C415002030B5421E30
:1054400000F10803002012F8014F082145086040D0
:10545000C0074CBF85F08C00284601394FEA540440
:10546000F4D19A42EFD130BD2DE9F04FAB4D2B78FE
:10547000052B85B04BD1AA4A1388002B40D0A949EF
:10548000013B13800B6818205A1C92FBF0F400FBC0
:1054900014220A60A44A03EB4303D118D35C887832
:1054A0004A78A2490B70A2490A70A24908702BB928
:1054B000A1490A70A14A13702B701CE0012B05D181
:1054C0009D4900220A709D490A70F5E7032B10D10F
:1054D0009B4A0023136053609A4A13709A4A1370D0
:1054E0009A4A13709A4A1370934BF0221A7006234B
:1054F000E2E7022BE0D0974A1388013313801AE0C9
:105500009548012105B0BDE8F04F05F0BABA063B59
:10551000092B10D8DFE813F00A000F000F000F006E
:105520000F000F0021004A0171011F02884B1B78F8
:1055300023B105232B7005B0BDE8F08F8749012208
:105540000A7087490B7087490B7087490A70874A30
:1055500013707A4A13700223ECE7754B76491C7876
:10556000744B834E1A7809780923B2FBF3F303EBEB
:10557000C303D31ADBB2082AF154DAD13046FFF75D
:105580005DFF0028D5D17B497B4A04F03F0301EB46
:10559000C30051F833301360436853603388774C4D
:1055A00003EB830303EB83031BB2002B1A46B8BF44
:1055B000DA1C594201F0030103F0030358BF4B42C8
:1055C000002B6F4B4FEAA202B8BF02F1FF3293F8F3
:1055D00000B0B8BF12B26272BBF1FF0FC2F3072274
:1055E000A272A6D0674A1388002BA2D06649DFF8C2
:1055F000B081D1F800A0B8F80070DFF8A891013BA5
:1056000013800AF101035A4202F01F0203F01F0344
:1056100058BF53420B605D4B4FF4967603A81B882E
:10562000ADF80C305021FDF763FAB7FBF6F306FB3B
:1056300013739BB25022594609F80320FDF758FA1C
:105640007B1C9BB2B3FBF6F206FB12339BB209F84C
:1056500003B0DFF854B19BF800100091FDF748FA51
:10566000BB1C9BB2B3FBF6F206FB123300999BB254
:1056700009F8031001318BF800100B21FDF738FAFF
:10568000FB1C9BB2B3FBF6F206FB12339BB20B2260
:1056900009F8032007F10F0B22463C1DA4B21FFAA4
:1056A0008BFB12F8011B03A8CDE90012FDF720FACD
:1056B000B4FBF6F306FB134301349BB2A4B200998A
:1056C00009F803105C45019AEBD1B4FBF6F306FB35
:1056D0001344A4B29DF80C3009F8043007F110030C
:1056E0009BB2B3FBF6F206FB12339BB29DF80D2082
:1056F00009F8032007F11103A8F80030244B23F820
:105700001A70244B112203F80A20234B102203F8AD
:105710000A20224A1388013313800AE74601002039
:10572000DC150020E0150020E815002033160020CD
:105730003216002031160020DB150020D91500207C
:10574000D0150020D8150020CF150020CD15002041
:10575000CE1500204401002000440140CA1500205D
:10576000C9150020C8150020C7150020C615002047
:1057700037180020341600204A010020490100207B
:105780005A0100205C0100209C1A0020E4B40008AB
:10579000E01A0020C01A0020A01A0020941A00204D
:1057A000661900206819002041180020794E7A4FB0
:1057B00030463C78FFF7F4FBD0B93378282B0ED174
:1057C000764977480B78326803F03F0C00EBCC0E3B
:1057D00040F83C2001337268CEF804200B70714B06
:1057E0001B78A3423FF4A5AE01343C700623A1E62A
:1057F0006D4B03221A700E239CE66B4B6B4A93F899
:1058000000806B4B82F8018093F800B0BBF1FF0F72
:1058100000F0978067490B88002B00F09280664863
:10582000DFF8C0A1D0F80090BAF80060634F013BE8
:105830000B8009F10103594201F01F0103F01F031E
:1058400058BF4B4203605E4B4FF4967403A81B880D
:10585000ADF80C305021FDF74BF9B6FBF4F304FB27
:1058600013639BB25021F9545946FDF741F9731C5B
:105870009BB2B3FBF4F104FB11339BB207F803B006
:10588000DFF864B19BF800100091FDF731F9B31C0B
:105890009BB2B3FBF4FC04FB1C3300999BB2F9549C
:1058A00001318BF800100221FDF722F9F31C3F4A69
:1058B0009BB2B3FBF4F104FB113392F800B09BB23E
:1058C0000221F9545946FDF713F9331D9BB2B3FB7E
:1058D000F4F204FB12339BB2414607F803B0FDF724
:1058E00007F9731D9BB2B3FBF4F204FB12339BB2B6
:1058F00007F80380B31D9BB2B3FBF4F204FB123331
:105900009BB29DF80C20FA54F31D9BB2B3FBF4F24A
:1059100004FB12339BB29DF80D20FA5406F10803E4
:10592000AAF80030274B23F81960274B082203F808
:105930000920264B102203F80920254A1388013339
:10594000138008F1FF38B8F1010F9EBF134B0022FE
:105950001A700F23EEE51F4A1388002B3FF4D0ADD9
:105960001D49013B13800B6818205A1C92FBF0F470
:1059700000FB14220A6003EB4303184AD35C9A1E0F
:10598000012A3FF6B8AD164A032B13703FF4A0ADC1
:10599000022391E5D0150020D815002036180020EC
:1059A0003416002032160020C415002047010020C4
:1059B0005A0100205C0100209C1A00206819002078
:1059C000E4B40008E01A0020C01A0020A01A002049
:1059D000941A0020DC150020E0150020E8150020B6
:1059E00033160020661900204118002038B5114AEE
:1059F000114B002119701388DBB11048013B138053
:105A0000036818245A1C92FBF4F504FB152202606B
:105A10000B4803EB4303C2180324C4549170FF23C3
:105A200008485370012105F028F8074A138801330C
:105A3000138038BD4401002036180020E4150020F2
:105A4000E815002000440140DC15002038B5334B38
:105A50001B78002B60D0324C2388DBB13149013BED
:105A600023800B6818205A1C92FBF0F500FB1522CE
:105A70000A602D4903EB4303CA180220C8540023CF
:105A80002A4853700121937004F0F7FF284A1388C5
:105A9000013313802388DBB12249013B23800B684B
:105AA00018205A1C92FBF0F500FB15221E480A60D4
:105AB00003EB4303C2180021C1549170CC231B484F
:105AC0005370012104F0D9FF194A13880133138060
:105AD0002388DBB11349013B23800B6818205A1C33
:105AE00092FBF0F400FB14220F480A6003EB43031F
:105AF000C2180021C154917044230C4853700121F5
:105B000004F0BBFF0A4A138801331380094B0022BB
:105B10001A70094B01221A7038BD00BF36180020D8
:105B200044010020E4150020E81500200044014055
:105B3000DC15002035180020341800202DE9F74F1F
:105B4000DFF8AC9199F80030002B00F0BF80614B7A
:105B5000614C1B78DFF89CA1019323889AF80050D0
:105B6000DBB15E49013B23800B6818205A1C92FB75
:105B7000F0F600FB16220A60594903EB4303CA18EA
:105B80000220C8540023574853700121937004F039
:105B900074FF554A1388013313802388DBB14F49C2
:105BA000013B23800B6818205A1C92FBF0F600FB87
:105BB00016224B480A6003EB4303C2180021C1546C
:105BC0009170552347485370012104F056FF464A0F
:105BD000138801331380454ADFF800B105F03F0711
:105BE00002EBC7083E4A00262388F3B1013B23801D
:105BF000DBF8003018F806C0591C182003EB4303EB
:105C000091FBF0FE00FB1E11CBF80010D118002014
:105C1000D054887081F801C03248012104F02DFF72
:105C200031492F4A0B8801330B800136082EDBD116
:105C30002388DBB12949013B23800B6818205A1CBB
:105C400092FBF0F600FB162225480A6003EB4303A3
:105C5000C2180021C1549170BE2322485370012103
:105C600004F00BFF204A1388013313805FFA87FB8F
:105C7000DFF86C80194F1B4800262388D3B1013B05
:105C800023803B6818215A1C03EB430392FBF1FC71
:105C900001FB1C223A6008EB0302012108F8031003
:105CA00082F801B0967004F0E8FE0F4A0D481388A0
:105CB000013313800136092EDFD1019BAB428BBF2C
:105CC000013500238AF8005089F8003003B0BDE8A0
:105CD000F08F00BF3618002044010020E41500209A
:105CE000E815002000440140DC1500203416002097
:105CF000341800203518002010B540F2115004F07F
:105D0000E7FC2023032200214FF0904004F020FC08
:105D1000BDE810402023012200214FF0904004F004
:105D2000F5BB10B540F2115004F0D2FC4023032221
:105D300000214FF0904004F00BFCBDE810404023E0
:105D4000012200214FF0904004F0E0BB10B5094C57
:105D500040F2125004F0BCFC204601230322002133
:105D600004F0F6FB012320461A46BDE8104000214E
:105D700004F0CCBB0004004810B5094C40F21250AE
:105D800004F0A6FC204602230322002104F0E0FBDD
:105D900020460223BDE810400122002104F0B6BBDA
:105DA00000040048F8B5264C264D27782E6820219F
:105DB0004FF0904004F007FCB0FA80F040098742B1
:105DC0001CBF002320704FF040014FF0904018BFDF
:105DD0002372277B18BF66602E6804F0F4FBB0FACC
:105DE00080F0400987421CBF002320734FF001015F
:105DF00015481CBF23752661277E2E6804F0E3FB3F
:105E0000B0FA80F0400987421CBF002320764FF093
:105E100002010D481CBFE66184F820302D6894F81B
:105E2000246004F0D0FBB0FA80F0400986421FBF26
:105E3000002384F82400A56284F82C30F8BD00BF4C
:105E400094150020901F0020000400482DE9F04F19
:105E5000604BDFF8B0A11B7887B003F0030B019310
:105E60000C2303FB0BF30AEB0301097A002940F032
:105E7000A980594F1AF80330BB70584B1E78012186
:105E80003970FF2E5944797000F0968054490B8880
:105E9000002B00F09180534CDFF86C81013B0B80AC
:105EA00023680293591C484200F01F0001F01F01B3
:105EB00058BF41424C4B21604C491D880988ADF8C0
:105EC00014104FF4967405A85021FCF711FEB5FB91
:105ED000F4F104FB115189B24FF0500C08F801C0E5
:105EE0003146FCF705FE691C89B2B1FBF4FC04FBEA
:105EF0001C1189B208F801603D4E96F800904946A1
:105F0000FCF7F6FDA91C89B2B1FBF4FC04FB1C11E3
:105F100089B208F8019009F10109032186F800907F
:105F2000FCF7E6FDE91C89B2B1FBF4F004FB1011AB
:105F300089B20320B946EE1D2F1D08F80100029B0F
:105F4000BFB2B6B219F8011B039305A80291FCF782
:105F5000CFFDB7FBF4F004FB1070013780B2BFB285
:105F6000029908F80010BE42039BEBD1B6FBF4F196
:105F700004FB1166B6B29DF8141008F8061005F17E
:105F8000080189B2B1FBF4F004FB101189B29DF84D
:105F90001500154A08F8010005F10901118015499D
:105FA00021F8135014490920C85414491020C8542A
:105FB00013490B8801330B800C2303FB0BAA01232D
:105FC0008AF80830019B034A0133137007B0BDE81B
:105FD000F08F00BF90150020911500205A0100207D
:105FE0005C0100209C1A002066190020E4B400081F
:105FF00041180020E01A0020C01A0020A01A00203A
:10600000941A0020941500206819002010B50C4C3B
:1060100040F2125004F05CFB204640230322002192
:1060200004F096FA204600220221402304F06EFA82
:1060300020464022BDE81040002104F0CABA00BF4B
:106040000004004810B50C4C40F2125004F040FB24
:10605000204680230322002104F07AFA2046002201
:106060000221802304F052FA20468022BDE810402D
:10607000002104F0AEBA00BF0004004808B50022B9
:106080001B20114604F0D6FABDE8084040F20E602D
:1060900004F01EBB10B5094C40F2125004F018FB7E
:1060A000204610230322002104F052FA2046102338
:1060B000BDE810400222002104F028BA0004004884
:1060C000F8B55749574804F007FF064640B1554810
:1060D00040F2017104F0E3FE5149524804F012FF0E
:1060E0005149504804F0F8FE074640B14D4840F28F
:1060F000027104F0D4FE4C494A4804F003FF4B49B6
:10610000484804F0E9FE054640B1464840F20371B4
:1061100004F0C5FE4549434804F0F4FE44494148B3
:1061200004F0DAFE044640B13E484FF4E06104F06A
:10613000B6FE3F493B4804F0E5FE3E49394804F0CD
:10614000CBFEB8B1374840F2037104F0A8FE3949DC
:10615000344804F0D7FE72B6374A00231360374A3A
:106160001360374A20211180364A138062B6364ABE
:10617000137005E03E4335432C43E4B2002CEAD1D2
:106180003249284804F0A8FE08B32D4A1388D3B139
:106190002A4924480C68013B1380631C5A4202F0D0
:1061A0001F0203F01F0358BF53420B6004F073FE3D
:1061B000274B23F81400274B1A68274B1A60214AF3
:1061C0001388013313802149164804F09BFE2349AC
:1061D000144804F081FE10B3214D224B2C881B88FB
:1061E000A34214D94FF49672B4FBF2F302FB1343AB
:1061F0009BB21D4A0B4832F81310013404F047FEDD
:106200002C80BDE8F8401549064804F07BBE0548DF
:10621000072104F056FE154B00221A70F1E7F8BD75
:1062200000020107003801400002020700020307D4
:106230000800000705000307481500204C15002042
:1062400042010020461500206B10002005000507C4
:1062500050150020901F00206C1000200700070739
:10626000EC120020EA120020EE1200207010002034
:1062700038B51F4B1F4C1A46F02102F8011B1E496E
:1062800008688988C3F80100002591802046012212
:10629000DD711A725A7204F07BFD2046042104F06D
:1062A000EEFD2046082104F0E2FD2046052104F021
:1062B000FEFD20464FF4007104F0F9FD2046082150
:1062C00004F0F5FD20464FF4E13104F07DFD294650
:1062D000204604F0AFFD2946204604F0B7FD2046D5
:1062E000294604F09BFD2046BDE8384004F0BABDC5
:1062F0007110002000380140881F00202DE9F04F68
:106300009F4B1A8887B0002A31D072B61A88013A9A
:106310001A8062B69B48DFF8B4A201684B1C5A424F
:1063200002F01F0203F01F0358BF53420360964B55
:1063300033F811409AF80030E3B9A52C11D19349F4
:10634000934801220A7093498AF800200B70924901
:106350000B70924B21461A70FF2303704370FCF7B9
:10636000C7FB72B68E4A13880133138062B607B03A
:10637000BDE8F08F012BF4D1844E3378012B13D17B
:10638000FF2C854B07D9002181481970FCF7B0FB21
:1063900003233370E5E7E1B27D481970FCF7A8FBF1
:1063A000002CF5D00223F4E7022B19D179480378A9
:1063B000B4F5807F28BF0024FF22B3FBF2F21A4419
:1063C0000133DDB2E1B202F0FF02764C0570704895
:1063D000A154FCF78DFB704B1B78AB42C1D1D7E7C2
:1063E000032B0CD16A4BB4F5807F1B7828BF0024A7
:1063F0009C421EBF694B00221A700423C9E7042B7C
:10640000AFD1664B1B78002B00F0B580604BB4F524
:10641000807F5B7828BF0024A34240F0AC805E4BB5
:106420001C78604B1A78FA2A40F0D680022C40F093
:10643000A2805D4991F800B0BBF1FF0F00F09B8096
:106440005A480188002900F09680594DDFF8809164
:10645000D5F80080B9F8006001920139018008F197
:106460000101484200F01F0001F01F0158BF4142E6
:1064700029605049504F0988ADF814104FF49675B3
:1064800005A85021FCF734FBB6FBF5F105FB1161C3
:1064900089B24FF0500C07F801C05946FCF728FBB1
:1064A000711C89B2B1FBF5FC05FB1C1189B207F820
:1064B00001B0DFF820B19BF800100091FCF718FB49
:1064C00006F1020C1FFA8CFCBCFBF5FE05FB1ECC92
:1064D00000991FFA8CFC07F80C1001318BF80010A2
:1064E0002146FCF705FBF11C89B2B1FBF5FC05FB6D
:1064F0001C1189B27C54FA21FCF7FAFA311D294BA0
:10650000019A89B2B1FBF5F405FB141189B25C78EC
:106510007A542146FCF7ECFA731D9BB2B3FBF5F2FB
:1065200005FB12339BB2FC54B31D9BB2B3FBF5F2D7
:1065300005FB12339BB29DF81420FA54F31D9BB255
:10654000B3FBF5F205FB12339BB29DF81520FA540C
:1065500006F10803A9F80030184B23F81860184B0F
:10656000082203F80820174B102203F80820164AC7
:1065700013880133138000238AF80030F1E600BF4E
:106580004615002048150020501500203F0100202E
:106590003D0100206A100020691000203C0100200D
:1065A000420100206A0F00205A0100205C010020F7
:1065B0009C1A0020E4B4000868190020E01A0020AA
:1065C000C01A0020A01A0020941A00206B1000208E
:1065D0006619002041180020564B1E78FF2ECAD0A5
:1065E000554A1388002BC6D05449DFF86CB1D1F856
:1065F0000090BBF80070DFF86481013B138009F163
:1066000001035A4202F01F0203F01F0358BF534216
:106610000B604B4B4FF4967505A81B88ADF81430F2
:106620005021FCF765FAB7FBF5F305FB13739BB23A
:106630005022314608F80320FCF75AFA7B1C9BB223
:10664000B3FBF5F205FB12339BB208F803603D4E35
:1066500031780091FCF74CFABB1C9BB2B3FBF5F20E
:1066600005FB123300999BB208F803100131317019
:10667000661CF6B23146FCF73BFAFB1C9BB2B3FB3F
:10668000F5F205FB12339BB2302108F80360FCF7EA
:106690002FFA3B1D9BB2B3FBF5F205FB12339BB205
:1066A000302208F80320FF23B4FBF3F31C4404F06A
:1066B000FF04631E244A009300235E1D57FA86F6EA
:1066C000B6B2B6FBF5F105FB116600999942B6B278
:1066D00020DA9DF8143008F80630A31D57FA83F32A
:1066E0009BB2B3FBF5F205FB12339BB29DF815206C
:1066F00008F80320073457FA84F3ABF80030134B43
:1067000023F81970124B03F80940124B102203F8BA
:1067100009202CE712F8011B039305A8CDE901120B
:10672000FCF7E6F9039B019908F80610029A013379
:10673000C3E700BF5A0100205C0100209C1A002022
:10674000E4B40008411800206A0F0020E01A00207D
:10675000C01A0020A01A0020661900206819002025
:10676000F8B5214C2278002A32D1204B1988002913
:106770002ED072B619880139198062B61C4D1D4F92
:106780002968DFF88CC04B1C584200F01F0003F052
:106790001F0358BF43422B60174B33F81160174B50
:1067A000585C1749451E0A8013469D4211DA02B112
:1067B0000880144B1448002207211A8004F077FB4C
:1067C0000123237072B6114A13880133138062B615
:1067D000F8BDF218C2F308021CF8022027F81320B3
:1067E00001330122E1E700BF701000207E1200207B
:1067F00080120020EE120020A81200208812002033
:10680000EA120020EC120020003801404001002074
:106810007E1000200B4B0C4A19681368CB1A012B11
:1068200010B50ED972B6094800230360084803600A
:106830000848202404800848038062B60748116095
:10684000037010BD901F00206C1000204815002020
:106850004C15002042010020461500206B1000203E
:106860002DE9F04F5648DFF8809185B0102103F0F4
:10687000AAFE99F80030071E18BF0127BB4200F09E
:106880009C80504B93F800B0BBF1FF0F00F0938059
:106890004D4A1388002B00F08E804C49DFF84CA144
:1068A000D1F80080BAF80050494E013B138008F13E
:1068B00001035A4202F01F0203F01F0358BF534264
:1068C0000B60444B4FF4967403A81B88ADF80C3052
:1068D0005021FCF70DF9B5FBF4F304FB13539BB205
:1068E00050225946F254FCF703F96B1C9BB2B3FBE0
:1068F000F4F204FB12339BB206F803B0DFF8F0B0F9
:106900009BF800100191FCF7F3F8AB1C9BB2B3FBB2
:10691000F4F204FB123301999BB2F15401318BF86C
:1069200000100221FCF7E4F8EB1C9BB2B3FBF4F27D
:1069300004FB12339BB202223121F254FCF7D8F847
:106940002B1D9BB2B3FBF4F204FB12339BB231223A
:106950003946F254FCF7CCF86B1D9BB2B3FBF4F252
:1069600004FB12339BB2F754AB1D9BB2B3FBF4F2A2
:1069700004FB12339BB29DF80C20F254EB1D9BB22A
:10698000B3FBF4F204FB12339BB29DF80D20F254DA
:1069900005F10803AAF800300F4B23F818500F4BED
:1069A000082203F808200E4B102203F808200D4A95
:1069B00013880133138089F8007005B0BDE8F08FAB
:1069C000000400485A0100205C0100209C1A0020AD
:1069D00068190020E4B40008E01A0020C01A002062
:1069E000A01A0020941A0020E81200206619002046
:1069F000411800201FB50C4C40F2017003F068FEF6
:106A0000204603F04FFF0023642269462046CDE96B
:106A1000003302928DF80C3003F098FF204604F00A
:106A200025F804B010BD00BF0004004008B540F2D6
:106A3000115003F04DFE8023032200214FF09040BF
:106A400003F086FD8023002202214FF0904003F0E6
:106A50005DFDBDE80840802201214FF0904003F029
:106A6000B8BD000030B54FF4A06085B003F030FE33
:106A70001B4B1C4A1A601C4B1C4C0FCB6D4685E807
:106A80000F002A462046012104F01AF82046002271
:106A9000012104F049F920466022012104F01EF989
:106AA00008222046012104F04DF92046012103F07F
:106AB000FDFF4FF48071204603F0F4FF204603F001
:106AC000D5FF012211460A2003F0B4FD022003F095
:106AD0000BFC0221084603F069FC05B030BD00BF85
:106AE0001C01002038040040E8B400080004004005
:106AF0004E4B4F4A2DE9F341D3F8006C1288D3F87E
:106B0000048CD3F8087CADF80420FF2E94BF3146E6
:106B10000021C9B201A8FBF7EBFF464C464D2168A6
:106B2000B1F5807F28BF002101A8C9B2FBF7E0FFC3
:106B30006168B1F5807F28BF0021C9B2FBF7D8FF9B
:106B4000A168B1F5807F28BF0021C9B20C34FBF7E2
:106B5000CFFFAC42E3D1394D2168B1F5807F28BF2A
:106B60000021C9B201A8FBF7C3FF6168B1F5807FBE
:106B700028BF0021C9B20834FBF7BAFFAC42EBD101
:106B80009DF80430434542D19DF80530BB423ED1CB
:106B9000012E3CD12A4B274A2A481E461168B1F5DE
:106BA000807F28BF0021197051680139FE2902F148
:106BB00008028CBF002101218242597003F10203B7
:106BC000ECD12149002064271368B3F5807F28BFEA
:106BD00000230B705368B3F5807F28BF00234B70F0
:106BE0009368B3F5807F28BF0023DBB20B71B3FB42
:106BF000F7F407FB1433DBB20024013BA4469C45A9
:106C00004C8007DD0C32AA4201F11001DCD102B048
:106C1000BDE8F08116F810E001307444A4B2B0FB76
:106C2000F7FE0CF1010C07FB1E00E8E700F000087E
:106C3000E4B400080CFC000884FC0008A4FF000871
:106C4000940E00202CFF00087C0000202DE9F04F5E
:106C50002DED108B95B0AA4B0593AA4B0893AA4B28
:106C6000009303F1010AA94CDFEDA9DA0023029396
:106C700009939B46059B5B780B93059B5B8809EE0C
:106C8000103A059BD3ED029A089B93ED00BAD3ED21
:106C900001BA1B7A0E93009B93F820300F9394F85F
:106CA00020301093059B1B796422B3FBF2F102FBA9
:106CB0001133DBB2013B944A119300230AEE103AE0
:106CC00006930393282303FB0B2307931AEE102A42
:106CD000119B9A423BDD059B069A1B7B934205D094
:106CE000059A012353731346069A1A73009B93F86F
:106CF0002130002B01F00C82009A009BD2ED047A27
:106D0000D2ED066A93F8223092ED057A77EEA67AF4
:106D1000F5EEC07AF1EE10FAC1F2EE81002B01F02F
:106D2000DF81B4EEE77A0123F1EE10FA82F8233026
:106D300001F2DB81009A002313614FF07E5353610F
:106D4000012382F8233082F8243001F0E1B9714B3D
:106D5000099A13F812200192099ADDED017A03EBEA
:106D60004203039A5B781293019BB8EE67DA1344EF
:106D70000D932BEE0DCA01236BEE8DCA0A93F7EE2D
:106D8000008A0A9B03F1FF39019B99450FDB099AA1
:106D900064230132B2FBF3F103FB112309931AEED2
:106DA000103A01330AEE103A0D9B03938EE7129BC3
:106DB0001BB1019B0A9AA3EB020907EE909AF5EE2C
:106DC000C09AF1EE10FAF8EEE7AA60DDB4EEEACA76
:106DD000F1EE10FA59D8F4EEEACAF1EE10FACCBF8F
:106DE000012300230E9A934251D0109A267894F8EA
:106DF0002130002A61D19FED48EA102E28BFB0EE65
:106E000068EA002B00F0298194F8233094ED048A7D
:106E10002BB1B0EE480A04F01BFB38EE408AB5EE09
:106E2000C08AF1EE10FA67D4B4EEE88AF1EE10FAF7
:106E300000F31381252E00F26881DFE816F01302BB
:106E400025032803A403DA036601660166016601CF
:106E500066016601660166016601660166016601FA
:106E600056062C049F04ED04660166016601660166
:106E700066016601660166016601660166013E05FE
:106E800060058205DB0500062E060023AAE70B9BA2
:106E90004FF4FF62581E0023834200F3F080029DEE
:106EA0001E494FF000064E5529460131B1FBF2F65E
:106EB00002FB161102910133EEE79FED17EA102E47
:106EC00028BFB0EE68EA002B00F0C78094ED077A87
:106ED00094ED048A94F82330F8EECA7AA7EEC78AB4
:106EE0002BB1B0EE480A04F0B3FA38EE408AB5EEA2
:106EF000C08AF1EE10FA13D538EECEEAADE000BF4D
:106F00007C00002004000020040D0020740B0020F1
:106F100000007F43940E0020000000007B0300204F
:106F2000B4EEE88AF1EE10FA00F39780252E00F215
:106F3000EC80DFE816F09701A9022600B700ED000B
:106F4000EA00EA00EA00EA00EA00EA00EA00EA00F1
:106F5000EA00EA00EA00EA00DA053701A901F301D4
:106F6000EA00EA00EA00EA00EA00EA00EA00EA00D1
:106F7000EA00EA00EA00C204E40406053D025F02FA
:106F80008602602399FBF3F203FB129294F82430FB
:106F9000002B00F08480002AC94B4FF00C0172DBFB
:106FA00092FBF1F0282101FB0B31014400234B70CF
:106FB0000C23B2FBF3F2C24B282101FB0B33134429
:106FC00009F007015E78D9F1000303F0070358BF09
:106FD00059420029B8BF083146FA01F3DF0700F132
:106FE0004181DFF8F082DFF8F0C2B64F9CF8003044
:106FF00098F8000004933B788CF8003080EA001089
:10700000C0B283EA5303434083EA4003DBB207EE96
:10701000903A94ED067ADFEDAC6ADFF8C0E23B709F
:10702000F8EE677A37EE087A67EEA67A9EF8005097
:1070300088F80050F4EEC77A049D8EF80050F1EE07
:1070400010FA62D59E4B282000FB0B33134401221B
:107050008A4032435A709FED9DEA0B9BB8EECA8A74
:10706000013B139300260823B0460493B1EE488AEF
:10707000049BA3F10807139B9F4240F33A850A9BA8
:1070800001330A937DE602F16000B0FBF1F12820A4
:1070900000FB0B330B4400215970603288E7002A53
:1070A00086DAFAE794F82530DFED8F7AC3B138EE4F
:1070B000C88A28EE0D8AB4EEE78AF1EE10FA0DD8F0
:1070C000DFED8A7AB4EEE78AF1EE10FA06DBFDEE28
:1070D000C87A17EE903A4B4517DCC3E00023FAE775
:1070E0002DEE088AB4EEE78AF1EE10FA0AD8DFED49
:1070F0007F7AB4EEE78AF1EE10FAA4BFFDEEC87A0B
:1071000017EE903A4B4580F2AD80B7EE00EAA4E767
:10711000019B9FED737A013303F4FF7307EE903AFE
:1071200094F82530F8EE677A03B338EEC88A28EE73
:10713000278AB4EEC78AF1EE10FA15D8DFED697A26
:10714000B4EEE78AF1EE10FA0EDBF6EE007A28EEE6
:10715000278AFDEEC87A17EE903A4B45D5DC019AA6
:10716000D31A4B45D1DD7DE00023F6E768EE277AA0
:10717000F4EEC77AF1EE10FA0ED89FED5A7AF4EEDB
:10718000C77AF1EE10FAA1BFB6EE007A67EE877A01
:10719000FDEEE77A17EE903A4B4563DA019AD31A7F
:1071A000013B98E7602399FBF3F203FB129294F8FA
:1071B0002430002B65D0002A414B4FF00C0154DBEA
:1071C00092FBF1F0282101FB0B31014400234B70AD
:1071D0000C23B2FBF3F23A4B282101FB0B3313448F
:1071E00009F007015E78D9F1000303F0070358BFE7
:1071F00059420029B8BF083146FA01F3DD0784D4AB
:10720000DFF8D080DFF8D0C02E4F9CF8003098F81F
:10721000000004933B788CF8003080EA0010C0B284
:1072200083EA5303434083EA4003DBB207EE903A1C
:1072300094ED067ADFED246ADFF8A0E03B70F8EE0B
:10724000677A37EE087A67EEA67A9EF8005088F8DB
:107250000050F4EEC77A049D8EF80050F1EE10FA5B
:107260003FF5F0AE9FED1AEAF7E602F16000B0FBE1
:10727000F1F1282000FB0B330B44002159706032E0
:10728000A6E7002AA4DAFAE794F82530DFED167AAB
:1072900073B338EEC88A28EE0D8AB4EEE78AF1EEB1
:1072A00010FA0BD8DFED117AB4EEE78AF1EE10FA9E
:1072B00004DBFDEEC87A17EE903A52E7002350E760
:1072C000740B0020000000208180803B00007F4381
:1072D000000000006C0300206A0300206B03002004
:1072E0000000804F000080CF0000004F000000CF62
:1072F0002DEE088AB4EEE78AF1EE10FA0AD85FEDB7
:10730000057AB4EEE78AF1EE10FAA4BFFDEEC87A72
:1073100017EE903A4B45BFF6F8AEA3E7019B1FED81
:10732000107A013303F4FF7307EE903A94F8253096
:10733000F8EE677AFBB138EEC88A28EE278AB4EEF9
:10734000C78AF1EE10FA14D85FED1A7AB4EEE78A24
:10735000F1EE10FA0DDBF6EE007A28EE278AFDEE4C
:10736000C87A17EE903A4B453FF77CAF019AD31A93
:10737000B1E60023F7E768EE277AF4EEC77AF1EE7C
:1073800010FA0ED81FED297AF4EEC77AF1EE10FA52
:10739000A1BFB6EE007A67EE877AFDEEE77A17EEC8
:1073A000903A4B45BFF6B1AE019AD31A013BD8E6ED
:1073B000E37807EE903A94F825300BB138EEC88A9E
:1073C0002DEE088A1FED387AB4EEC78AF1EE10FA76
:1073D0000ED81FED3A7AB4EEC78AF1EE10FA07DB49
:1073E000BDEEC87A17EE103A4B4540F0F482A6E2A3
:1073F0000023F9E7E37807EE903A94F825300BB1D3
:1074000038EEC88A2DEE088A1FED4B7AB4EEC78A93
:10741000F1EE10FA36D81FED4D7AB4EEC78AF1EED0
:1074200010FA2FDBB6EE007A28EE078ABDEEC87A96
:1074300017EE103A4B4500F08282019AD31A013BB5
:10744000D2E7E37807EE903A94F8253053B1B6EEE0
:10745000007AB4EEC78AF1EE10FAD4BF38EE078A8C
:1074600038EE478A2DEE088A1FED617AB4EEC78A9E
:10747000F1EE10FA06D81FED637AB4EEC78AF1EE8A
:1074800010FAD3DA0023D5E738EEC8EAE5E5039B26
:1074900003EB0902602392FBF3F103FB112194F843
:1074A0002430002B6CD00029C54B4FF00C005BDB67
:1074B00091FBF0F6282000FB0B3030440023437092
:1074C0000C23B1FBF3F1BE4B282000FB0B330B4424
:1074D0005E78534203F0070302F0070258BF5A4296
:1074E000002AB8BF083246FA02F3D8073FF5BAAE11
:1074F000DFF8DC82DFF8DCC2B24F9CF8003098F88D
:10750000000004933B788CF8003080EA0010C0B291
:1075100083EA5303434083EA4003DBB207EE103AA9
:10752000D4ED067ADFEDA86ADFF8ACE23B70B8EE86
:10753000477A77EE887A27EE267A9EF8005088F808
:107540000050B4EEE77A049D8EF80050F1EE10FA88
:107550007FF5DBAD9A4B282000FB0B330B44012158
:1075600091403143597076E501F16006B6FBF0F0C9
:10757000282606FB0B3303440020587060319FE738
:1075800000299DDAFAE7039BDFED906A03EB09021D
:1075900094F82530B8EE497ABBB178EEC87A67EE38
:1075A000877AF4EEE67AF1EE10FA0CD89FED8B7A3A
:1075B000F4EEC77AF1EE10FA05DBFDEEE77A17EE8E
:1075C000903A934288E50023FBE768EE077AF4EEF1
:1075D000E67AF1EE10FA0AD89FED807AF4EEC77AD7
:1075E000F1EE10FAA4BFFDEEE77A17EE903A93425F
:1075F00089E519EE103A013323F001039BB200EE46
:10760000103A039B9FED767A03EB090294F825303C
:10761000B8EE400A0BB378EEC87A67EE807AF4EEE3
:10762000C77AF1EE10FA16D89FED6E7AF4EEC77AAB
:10763000F1EE10FA0FDBB6EE007A67EE877AFDEE18
:10764000E77A17EE903A93423FF75FAD19EE101AC2
:10765000CB1A934286E50023F5E728EE000AB4EE44
:10766000C70AF1EE10FA0ED8DFED5E7AB4EEE70A43
:10767000F1EE10FAA1BFF6EE007A20EE270AFDEE39
:10768000C07A17EE903A9342BFF6ECAD19EE101A9D
:10769000CB1A013B95E7039B03EB0902602392FBA6
:1076A000F3F103FB112194F82430002B63D000295F
:1076B000434B4FF00C0052DB91FBF0F6282000FB0F
:1076C0000B303044002343700C23B1FBF3F13C4BEF
:1076D000282000FB0B330B445E78534203F0070372
:1076E00002F0070258BF5A42002AB8BF083246FAD1
:1076F00002F3DB073FF509ADDFF8D480DFF8D4C033
:10770000304F9CF8003098F8000004933B788CF8D8
:10771000003080EA0010C0B283EA5303434083EA9A
:107720004003DBB207EE103AD4ED067ADFED266AAD
:10773000DFF8A4E03B70B8EE477A77EE887A27EE60
:10774000267A9EF8005088F80050B4EEE77A049D3F
:107750008EF80050F1EE10FA7FF584ADFAE601F1F3
:107760006006B6FBF0F0282606FB0B33034400202E
:1077700058706031A8E70029A6DAFAE7039BDFED2D
:10778000136A03EB090294F82530B8EE497A7BB30B
:1077900078EEC87A67EE877AF4EEE67AF1EE10FAC0
:1077A0000BD89FED0E7AF4EEC77AF1EE10FA04DBF7
:1077B000FDEEE77A17EE903A4BE7002349E700BF6A
:1077C000740B0020000000208180803B0000004FEF
:1077D0006C0300206A0300206B030020000000CF30
:1077E0000000804F000080CF0000004B000000CB65
:1077F00068EE077AF4EEE67AF1EE10FA0AD81FED99
:10780000097AF4EEC77AF1EE10FAA4BFFDEEE77A3A
:1078100017EE903A93427EE519EE103A013323F0C9
:1078200001039BB200EE103A039B1FED137A03EBAA
:10783000090294F82530B8EE400A03B378EEC87A0E
:1078400067EE807AF4EEC77AF1EE10FA15D81FEDE4
:107850001B7AF4EEC77AF1EE10FA0EDBB6EE007A80
:1078600067EE877AFDEEE77A17EE903A93423FF79C
:10787000F9AC19EE101ACB1AA3E60023F6E728EEAE
:10788000000AB4EEC70AF1EE10FA0ED85FED2B7ABB
:10789000B4EEE70AF1EE10FAA1BFF6EE007A20EEA0
:1078A000270AFDEEC07A17EE903A9342BFF62DAC50
:1078B00019EE101ACB1A013BCBE65FED357AB4EE28
:1078C000E78AF1EE10FA18D85FED387AB4EEE78A5D
:1078D000F1EE10FA11DBF0EE487AFEEECC7A17EEFC
:1078E000903A5A42D2B2DBB258BF5342B04A02EB8E
:1078F000830292ED00EAFFF7B0BB0023F6E7AD4F3D
:10790000E378AD493A78AD48AD4E90F800E094F890
:1079100004C096F8008087F8008007EE903A0B7854
:10792000037082EA0212D2B283EA5303534083EA1D
:107930004203DBB29C4586F800E00B704BD9A3787C
:107940004AE0E378DFED9F6A07EE903AB4EEE68A0C
:107950002379F1EE10FA07EE103A49D8DFED9A6A72
:10796000B4EEE68AF1EE10FA42DBF0EE486AFEEE83
:10797000CC6A16EE903A5A42D2B2DBB258BF5342AA
:107980008B4A8C4F8C498D488D4E90F800C096F8EC
:1079900000E086F800C002EB830292ED006A3A78BC
:1079A0000B78037082EA0212D2B283EA5303534087
:1079B00083EA4203DBB206EE903AB8EE477AF8EE7D
:1079C000666A27EE067A87F800E0F4EEC76AF1EE01
:1079D00010FA0B70B3D4637807EE103AF8EE677ABA
:1079E000B8EE477A77EEA87A87EE27EAFFF735BB3D
:1079F0000023C5E7E37807EE903A94F825300BB101
:107A000038EEC88AB8EE490A9FED737A039B20EEE0
:107A1000080A03EB0902B4EEC70AF1EE10FA0CD81B
:107A20009FED6E7AB4EEC70AF1EE10FA05DBBDEEFB
:107A3000C07A17EE103A9A42D7E40023FBE7E378C6
:107A400007EE903A94F825300BB138EEC88AB8EEBC
:107A5000490A9FED5E7A039B20EE080A03EB0902B8
:107A6000B4EEC70AF1EE10FA3DD89FED597AB4EEA4
:107A7000C70AF1EE10FA36DBB6EE007A20EE070AFE
:107A8000BDEEC07A17EE103A93423FF458AF19EEAC
:107A9000101ACB1A013B9342A7E4E37807EE903A21
:107AA00094F8253053B1B6EE007AB4EEC78AF1EE01
:107AB00010FAD4BF38EE078A38EE478AB8EE490A82
:107AC0009FED457A039B20EE080A03EB0902B4EE12
:107AD000C70AF1EE10FA06D89FED407AB4EEC70A55
:107AE000F1EE10FACCDA0023CEE7B0EE48EAFFF769
:107AF000B4BA029A374B9B5C0F9A0FEE103A009B78
:107B000093F82130002A00F02781002B4DD0009AF5
:107B1000009BD2ED077A92ED040A93F82330A8EE89
:107B2000270AF0EE40EA1BB103F092FC7EEEC0EAB9
:107B3000F5EEC0EAF1EE10FA37D4F4EEE8EAF1EE31
:107B400010FA32DC009B1B78112B49D028D8002B6F
:107B500000F09081102B28D10C23B6FBF3F203FB2D
:107B60001262711C1AF8022007EE102AB1FBF3F220
:107B700003FB1212B11C1AF8022007EE902AB1FB87
:107B8000F3F203FB1212009B1AF8021093F825304F
:107B90000BB178EEEEEAB8EE477AAEEEAD7A48E099
:107BA000202B00F00B82212B6ED0F8EE4F7A9CE157
:107BB00010B500086C030020000000206A030020BC
:107BC0006B0300200000004B000000CB0000804F42
:107BD000000080CF7B0300200000004F000000CF9A
:107BE0000C23B6FBF3F203FB1262711C1AF802209D
:107BF00007EE102AB1FBF3F203FB1212B11C1AF8C4
:107C0000022007EE902AB1FBF3F203FB1212009B55
:107C10001AF8021093F825300BB178EEEEEAC8EEB0
:107C20008D6AB0EE6E0AAAEEA60AB8EE477AA0EE0A
:107C30002D7A5FED176AB4EEE67AF1EE10FA00F2F3
:107C4000AD815FED1A6AB4EEE67AF1EE10FAC0F299
:107C5000A581BDEEC77A17EE103A5A42D2B2DBB216
:107C600058BF534207EE101ACD4AF8EE677AB8EEC5
:107C7000477A02EB830237EE677AD2ED006AE7EECD
:107C8000267A69EEA77A30E1C64ADFF828E3DFF802
:107C900028C310789EF80010C34F0C919CF8001078
:107CA0003B78137080EA0010C0B281EA5102424072
:107CB00082EA4002D2B207EE902A00989FEDBB6A9A
:107CC0000C9D3D70B8EE677AD0ED067A8EF8001004
:107CD000F3EE096A27EE067A67EEA67A8CF80020A2
:107CE000B4EEE77AF1EE10FA00F2F0810C27B8FB5F
:107CF000F7F007FB108083EA03131AF800508EF8A0
:107D0000002008F10100DBB207EE905AB0FBF7F556
:107D100083EA430307FB150053401AF80050A24FB3
:107D2000A048397083EA5203DBB206EE905A07EEA0
:107D3000103AF8EE677AF8EE666AB8EE477A76EEB1
:107D4000E76A27EE067A0C9D0570E6EE877A8CF8D6
:107D5000003067EEA97A94E7002B3FF426AF009B32
:107D6000D3ED04EA93F823302BB1B0EE6E0A03F0A2
:107D70006FFB7EEEC0EAF5EEC0EAF1EE10FA3FF5D9
:107D800014AFF4EEE8EAF1EE10FA3FF70EAF009B05
:107D90001B78112B00F0D2807FF6D9AE202B00F09B
:107DA0000D81212B7FF401AF7E4ADFF808E2DFF876
:107DB00008C210789EF800107B4F0C919CF80010C0
:107DC0003B78137080EA0010C0B281EA5102424051
:107DD00082EA4002D2B207EE902A00989FED736AC1
:107DE0000C9D3D70B8EE677AD0ED067A8EF80010E3
:107DF000F3EE096A27EE067A67EEA67A8CF8002081
:107E0000B4EEE77AF1EE10FA00F260810C27B8FBCD
:107E1000F7F007FB108083EA03131AF800508EF87E
:107E2000002008F10100DBB207EE905AB0FBF7F535
:107E300083EA430307FB150053401AF800505A4FDA
:107E40005848397083EA5203DBB206EE905A07EEC7
:107E5000103AF8EE677AB8EE477AF8EE666A27EEDF
:107E6000067A76EEE76A0C9D0570E7EE267A8CF8C6
:107E700000306EE70C21B7FBF1F201FB127207999B
:107E80000A44B8EE4F7A527807EE902AF8EE677AF5
:107E900067EEA97AF4EEED7AF1EE10FA0AD8F5EE73
:107EA000C07AF1EE10FAA2BFFCEEE76ACDED0C6AE3
:107EB0009DF830301FEE102A934200F00A81009B9B
:107EC00093F822308BB9009B38EEEE0AD3ED066AA8
:107ED000F4EEC06AF1EE10FA07D877EEC77A67EED3
:107EE000A67AC7EE806A76EE877A6EEE277AF4EE8F
:107EF000ED7AF1EE10FA00F3EF80F5EEC07AF1EED4
:107F000010FA40F3EB80FCEEE77ACDED067A9DF8AF
:107F10001830012206920299254A53544A1C4FF404
:107F2000FF63B2FBF3F103FB11230293049B0133C4
:107F3000049308F102080336FFF79AB80C23B6FB46
:107F4000F3F203FB1262711C1AF8022007EE102AEA
:107F5000B1FBF3F203FB1212B11C1AF8022007EE78
:107F6000902AB1FBF3F203FB1212009B1AF80210E5
:107F700093F825300BB178EEEEEA039B4B4406EE06
:107F8000103AF8EE495AB8EEC66AB8EE477AC6EE2D
:107F9000256A76EEAE6AA6EEAD7A4AE6002361E681
:107FA00010B500086C0300206B0300208180803B2B
:107FB0007B0300206A03002000000020009B93F850
:107FC0002430002B58D00C23B8FBF3F203FB1282B1
:107FD00008F101011AF80220DFF84CC288489FED31
:107FE000896A90F800E0884F07EE102AB1FBF3F29F
:107FF00003FB121285491AF802309CF800203D78E4
:108000008CF8005006EE903A0B78037082EA021268
:10801000D2B283EA5303534083EA4203DBB207EE52
:10802000903AB8EE477AF8EE666AF8EE677A76EE3E
:10803000C76A67EE867A87F800E0A6EEA77A0B702B
:1080400027EE297AB4EEED7AF1EE10FA3CD8B5EECF
:10805000C07AF1EE10FA37DBFCEEC77ACDED0C7A80
:108060009DF830200498049B0C21B3FBF1F301FB35
:10807000130307990B445A700499049B0C22B3FB19
:10808000F2F302FB1313079A13441FEE102A5B78D6
:108090009A42F8EE4F7A3FF428AF009A38EEEE0A93
:1080A000D2ED066A07EE103AF4EEC06AF1EE10FA6D
:1080B000B8EE477A0DD837EE677A27EE267AC7EE04
:1080C000006A77EEA67A10E70022CBE7F8EE4F7A47
:1080D000D7E5F0EE477A08E7FF231AE700231AE70F
:1080E000B4EEE77AF1EE10FA0ED9009B009AC3EDD8
:1080F000047A0023FEF727BEB4EEE77AF1EE10FA19
:10810000F3D8002B7EF416AE009A002382F82130BB
:1081100094F82130ABB3D4ED047AD4ED066A94F828
:10812000223094ED057A77EEA67AF5EEC07AF1EE7C
:1081300010FA1CDB43B9B4EEE77AF1EE10FA1DD960
:10814000C4ED047A00230FE0B4EEE77A0123F1EEE8
:1081500010FA84F82330F3D8002323614FF07E53C4
:108160006361012384F8233084F8243009E0B4EEFD
:10817000E77AF1EE10FAE3D8002BEDD1002384F872
:108180002130059B10330593089B0C330893009B0B
:108190000BF1010B2833BBF10A0F009304F1280403
:1081A0000AF1280A7EF466AD029B194CB3F5FF6F05
:1081B000C3F5FF6204EB0300C8BF00220021FAF7F9
:1081C000E1FB144B2178144C01221A80134A144B02
:1081D00002EBC10052F831201A60426811485A601F
:1081E0000021E36002F047FC2146022002F09AF8E9
:1081F000022015B0BDEC108BBDE8F04F02F07EB848
:108200006A0300208180803B6B0300200000002077
:108210007B0300205C0F00201C01002010B9000827
:108220005E0F0020000400406C0300202DE9F04F99
:108230002DED108B97B0AE4B0693AE4B0A93AE4B21
:10824000019303F1010AAD4C9FEDADEA00230793C2
:1082500004930B939B46069B5B780D93069B5B8870
:1082600009EE103A069BD3ED029A0A9BD3ED00BAB1
:1082700093ED01CA1B7A1093019B93F82030119360
:1082800094F820301293069B1B796422B3FBF2F121
:1082900002FB1133DBB2013B139300230AEE103AC9
:1082A00008930393944B282202FB0B3309931AEE95
:1082B000102A139B9A423BDD069B089A1B7B934234
:1082C00005D0069A012353731346089A1A73019B2B
:1082D00093F82130002B01F0FF81019A019BD2ED30
:1082E000047AD2ED066A93F8223092ED057A77EEA1
:1082F000A67AF5EEC07AF1EE10FAC1F2E181002B18
:1083000001F0D281B4EEE77A0123F1EE10FA82F89F
:10831000233001F2CE81019A002313614FF07E5386
:108320005361012382F8233082F8243001F0D4B95C
:10833000744B0B9A9FED74BA13F8122002920B9AA9
:10834000DDED027A03EB4203F8EE67DA5B78149313
:10835000DDE9023213440F936BEEADCA01232CEE1C
:108360002DDA0C93F7EE008A0C9B03F1FF39029B88
:1083700099450FDB0B9A64230132B2FBF3F103FB47
:1083800011230B931AEE103A01330AEE103A0F9BA9
:1083900003938CE7149B1BB1029B0C9AA3EB02097D
:1083A00007EE909AF5EEC09AF1EE10FAF8EEE7AA11
:1083B00060DDF4EEEACAF1EE10FA59D8B4EEEADA6A
:1083C000F1EE10FACCBF01230023109A934251D052
:1083D000129A267894F82130002A66D1102E2CBFEC
:1083E000F0EE68EAF0EE4BEA002B00F02E8194F8F4
:1083F000233094ED048A2BB1B0EE480A03F028F83C
:1084000038EE408AB5EEC08AF1EE10FA6CD4B4EEC4
:10841000E88AF1EE10FA00F31881252E00F26D8142
:10842000DFE816F018022A032D03A903DF036B010E
:108430006B016B016B016B016B016B016B016B01DC
:108440006B016B016B015E063104A404F2046B0145
:108450006B016B016B016B016B016B016B016B01BC
:108460006B016B01430565058705E00505063306CD
:108470000023AAE70D9B581E00231E464FF4FF62FF
:10848000834200F3F480214F0499795C0029079915
:1084900018BF0121079104997E540131B1FBF2F715
:1084A00002FB171104910133EAE7102E2CBFF0EE06
:1084B00068EAF0EE4BEA002B00F0C78094ED077AF3
:1084C00094ED048A94F82330F8EECA7AA7EEC78AAE
:1084D0002BB1B0EE480A02F0BBFF38EE408AB5EE91
:1084E000C08AF1EE10FA13D578EEEEEAADE000BFE7
:1084F0007C00002004000020040D0020740B0020EC
:1085000000007F43940E0020000000007B03002049
:10851000B4EEE88AF1EE10FA00F39780252E00F20F
:10852000EC80DFE816F09701A9022600B700ED0005
:10853000EA00EA00EA00EA00EA00EA00EA00EA00EB
:10854000EA00EA00EA00EA00DD053701A901F301CB
:10855000EA00EA00EA00EA00EA00EA00EA00EA00CB
:10856000EA00EA00EA00C204E40406053D025F02F4
:108570008602602399FBF3F203FB129294F82430F5
:10858000002B00F08480002AC94B4FF00C0172DBF5
:1085900092FBF1F0282101FB0B31014400234B70C9
:1085A0000C23B2FBF3F2C24B282101FB0B33134423
:1085B00009F007015E78D9F1000303F0070358BF03
:1085C00059420029B8BF083146FA01F3DF0700F12C
:1085D0004181DFF8F082DFF8F0C2B64F9CF800303E
:1085E00098F8000005933B788CF8003080EA001082
:1085F000C0B283EA5303434083EA4003DBB207EE91
:10860000903A94ED067ADFEDAC6ADFF8C0E23B7099
:10861000F8EE677A37EE087A67EEA67A9EF8005091
:1086200088F80050F4EEC77A059D8EF80050F1EE00
:1086300010FA62D59E4B282000FB0B331344012215
:108640008A4032435A70DFED9DEA0D9BB8EECA8A2C
:10865000013B159300260823B0460593B1EE488AE6
:10866000059BA3F10807159B9F4240F33D850C9B9A
:1086700001330C9378E602F16000B0FBF1F12820A1
:1086800000FB0B330B4400215970603288E7002A4D
:1086900086DAFAE794F82530DFED8F7AC3B138EE49
:1086A000C88A28EE2D8AB4EEE78AF1EE10FA0DD8CA
:1086B000DFED8A7AB4EEE78AF1EE10FA06DBFDEE22
:1086C000C87A17EE903A4B4517DCC3E00023FAE76F
:1086D0002DEE888AB4EEE78AF1EE10FA0AD8DFEDC3
:1086E0007F7AB4EEE78AF1EE10FAA4BFFDEEC87A05
:1086F00017EE903A4B4580F2AD80F7EE00EAA4E722
:10870000029B9FED737A013303F4FF7307EE903AF7
:1087100094F82530F8EE677A03B338EEC88A28EE6D
:10872000278AB4EEC78AF1EE10FA15D8DFED697A20
:10873000B4EEE78AF1EE10FA0EDBF6EE007A28EEE0
:10874000278AFDEEC87A17EE903A4B45D5DC029A9F
:10875000D31A4B45D1DD7DE00023F6E768EE277A9A
:10876000F4EEC77AF1EE10FA0ED89FED5A7AF4EED5
:10877000C77AF1EE10FAA1BFB6EE007A67EE877AFB
:10878000FDEEE77A17EE903A4B4563DA029AD31A78
:10879000013B98E7602399FBF3F203FB129294F8F4
:1087A0002430002B65D0002A414B4FF00C0154DBE4
:1087B00092FBF1F0282101FB0B31014400234B70A7
:1087C0000C23B2FBF3F23A4B282101FB0B33134489
:1087D00009F007015E78D9F1000303F0070358BFE1
:1087E00059420029B8BF083146FA01F3DD0784D4A5
:1087F000DFF8D080DFF8D0C02E4F9CF8003098F81A
:10880000000005933B788CF8003080EA0010C0B27D
:1088100083EA5303434083EA4003DBB207EE903A16
:1088200094ED067ADFED246ADFF8A0E03B70F8EE05
:10883000677A37EE087A67EEA67A9EF8005088F8D5
:108840000050F4EEC77A059D8EF80050F1EE10FA54
:108850003FF5F0AEDFED1AEAF7E602F16000B0FB9B
:10886000F1F1282000FB0B330B44002159706032DA
:10887000A6E7002AA4DAFAE794F82530DFED167AA5
:1088800073B338EEC88A28EE2D8AB4EEE78AF1EE8B
:1088900010FA0BD8DFED117AB4EEE78AF1EE10FA98
:1088A00004DBFDEEC87A17EE903A52E7002350E75A
:1088B000740B0020000000208180803B00007F437B
:1088C000000000006C0300206A0300206B030020FE
:1088D0000000804F000080CF0000004F000000CF5C
:1088E0002DEE888AB4EEE78AF1EE10FA0AD85FED31
:1088F000057AB4EEE78AF1EE10FAA4BFFDEEC87A6D
:1089000017EE903A4B45BFF6F8AEA3E7029B1FED7A
:10891000107A013303F4FF7307EE903A94F8253090
:10892000F8EE677AFBB138EEC88A28EE278AB4EEF3
:10893000C78AF1EE10FA14D85FED1A7AB4EEE78A1E
:10894000F1EE10FA0DDBF6EE007A28EE278AFDEE46
:10895000C87A17EE903A4B453FF77CAF029AD31A8C
:10896000B1E60023F7E768EE277AF4EEC77AF1EE76
:1089700010FA0ED81FED297AF4EEC77AF1EE10FA4C
:10898000A1BFB6EE007A67EE877AFDEEE77A17EEC2
:10899000903A4B45BFF6B1AE029AD31A013BD8E6E6
:1089A000E37807EE903A94F825300BB138EEC88A98
:1089B0002DEE888A1FED387AB4EEC78AF1EE10FAF0
:1089C0000ED81FED3A7AB4EEC78AF1EE10FA07DB43
:1089D000BDEEC87A17EE103A4B4540F0F482A6E29D
:1089E0000023F9E7E37807EE903A94F825300BB1CD
:1089F00038EEC88A2DEE888A1FED4B7AB4EEC78A0E
:108A0000F1EE10FA36D81FED4D7AB4EEC78AF1EECA
:108A100010FA2FDBB6EE007A28EE078ABDEEC87A90
:108A200017EE103A4B4500F08282029AD31A013BAE
:108A3000D2E7E37807EE903A94F8253053B1B6EEDA
:108A4000007AB4EEC78AF1EE10FAD4BF38EE078A86
:108A500038EE478A2DEE888A1FED617AB4EEC78A18
:108A6000F1EE10FA06D81FED637AB4EEC78AF1EE84
:108A700010FAD3DA0023D5E778EEC8EAE5E5039BE0
:108A800003EB0902602392FBF3F103FB112194F83D
:108A90002430002B6CD00029C54B4FF00C005BDB61
:108AA00091FBF0F6282000FB0B303044002343708C
:108AB0000C23B1FBF3F1BE4B282000FB0B330B441E
:108AC0005E78534203F0070302F0070258BF5A4290
:108AD000002AB8BF083246FA02F3D8073FF5BAAE0B
:108AE000DFF8DC82DFF8DCC2B24F9CF8003098F887
:108AF000000005933B788CF8003080EA0010C0B28B
:108B000083EA5303434083EA4003DBB207EE903A23
:108B100094ED067ADFEDA86ADFF8ACE23B70F8EE80
:108B2000677A37EE087A67EEA67A9EF8005088F8E2
:108B30000050F4EEC77A059D8EF80050F1EE10FA61
:108B40007FF5DBAD9A4B282000FB0B330B44012152
:108B500091403143597076E501F16006B6FBF0F0C3
:108B6000282606FB0B3303440020587060319FE732
:108B700000299DDAFAE7039BDFED906A03EB090217
:108B800094F82530B8EE497ABBB178EEC87A67EE32
:108B9000877AF4EEE67AF1EE10FA0CD89FED8B7A34
:108BA000F4EEC77AF1EE10FA05DBFDEEE77A17EE88
:108BB000903A934288E50023FBE768EE077AF4EEEB
:108BC000E67AF1EE10FA0AD89FED807AF4EEC77AD1
:108BD000F1EE10FAA4BFFDEEE77A17EE903A934259
:108BE00089E519EE103A013323F001039BB200EE40
:108BF000103A039B9FED767A03EB090294F8253037
:108C0000B8EE400A0BB378EEC87A67EE807AF4EEDD
:108C1000C77AF1EE10FA16D89FED6E7AF4EEC77AA5
:108C2000F1EE10FA0FDBB6EE007A67EE877AFDEE12
:108C3000E77A17EE903A93423FF75FAD19EE101ABC
:108C4000CB1A934286E50023F5E728EE000AB4EE3E
:108C5000C70AF1EE10FA0ED8DFED5E7AB4EEE70A3D
:108C6000F1EE10FAA1BFF6EE007A20EE270AFDEE33
:108C7000C07A17EE903A9342BFF6ECAD19EE101A97
:108C8000CB1A013B95E7039B03EB0902602392FBA0
:108C9000F3F103FB112194F82430002B63D0002959
:108CA000434B4FF00C0052DB91FBF0F6282000FB09
:108CB0000B303044002343700C23B1FBF3F13C4BE9
:108CC000282000FB0B330B445E78534203F007036C
:108CD00002F0070258BF5A42002AB8BF083246FACB
:108CE00002F3DB073FF509ADDFF8D480DFF8D4C02D
:108CF000304F9CF8003098F8000005933B788CF8D2
:108D0000003080EA0010C0B283EA5303434083EA94
:108D10004003DBB207EE903A94ED067ADFED266A67
:108D2000DFF8A4E03B70F8EE677A37EE087A67EE7A
:108D3000A67A9EF8005088F80050F4EEC77A059D98
:108D40008EF80050F1EE10FA7FF584ADFAE601F1ED
:108D50006006B6FBF0F0282606FB0B330344002028
:108D600058706031A8E70029A6DAFAE7039BDFED27
:108D7000136A03EB090294F82530B8EE497A7BB305
:108D800078EEC87A67EE877AF4EEE67AF1EE10FABA
:108D90000BD89FED0E7AF4EEC77AF1EE10FA04DBF1
:108DA000FDEEE77A17EE903A4BE7002349E700BF64
:108DB000740B0020000000208180803B0000004FE9
:108DC0006C0300206A0300206B030020000000CF2A
:108DD0000000804F000080CF0000004B000000CB5F
:108DE00068EE077AF4EEE67AF1EE10FA0AD81FED93
:108DF000097AF4EEC77AF1EE10FAA4BFFDEEE77A35
:108E000017EE903A93427EE519EE103A013323F0C3
:108E100001039BB200EE103A039B1FED137A03EBA4
:108E2000090294F82530B8EE400A03B378EEC87A08
:108E300067EE807AF4EEC77AF1EE10FA15D81FEDDE
:108E40001B7AF4EEC77AF1EE10FA0EDBB6EE007A7A
:108E500067EE877AFDEEE77A17EE903A93423FF796
:108E6000F9AC19EE101ACB1AA3E60023F6E728EEA8
:108E7000000AB4EEC70AF1EE10FA0ED85FED2B7AB5
:108E8000B4EEE70AF1EE10FAA1BFF6EE007A20EE9A
:108E9000270AFDEEC07A17EE903A9342BFF62DAC4A
:108EA00019EE101ACB1A013BCBE65FED357AB4EE22
:108EB000E78AF1EE10FA18D85FED387AB4EEE78A57
:108EC000F1EE10FA11DBF0EE487AFEEECC7A17EEF6
:108ED000903A5A42D2B2DBB258BF53429E4A02EB9A
:108EE0008302D2ED00EAFFF7B0BB0023F6E79B4F09
:108EF000E3789B493A789B489B4E90F800E094F8C1
:108F000004C096F8008087F8008007EE903A0B784E
:108F1000037082EA0212D2B283EA5303534083EA17
:108F20004203DBB29C4586F800E00B704BD9A37876
:108F30004AE0E378DFED8D6A07EE903AB4EEE68A18
:108F40002379F1EE10FA07EE103A49D8DFED886A7E
:108F5000B4EEE68AF1EE10FA42DBF0EE486AFEEE7D
:108F6000CC6A16EE903A5A42D2B2DBB258BF5342A4
:108F7000794A7A4F7A497B487B4E90F800C096F840
:108F800000E086F800C002EB830292ED006A3A78B6
:108F90000B78037082EA0212D2B283EA5303534081
:108FA00083EA4203DBB206EE903AB8EE477AF8EE77
:108FB000666A27EE067A87F800E0F4EEC76AF1EEFB
:108FC00010FA0B70B3D4637807EE103AF8EE677AB4
:108FD000B8EE477A77EEA87AC7EE27EAFFF735BBF7
:108FE0000023C5E7E37807EE903A94F825300BB1FB
:108FF00038EEC88AB8EE497ADFED5E6A039B27EE49
:10900000087A03EB0902B4EEE67AF1EE10FA0CD816
:10901000DFED596AB4EEE67AF1EE10FA05DBBDEE4B
:10902000C77A17EE103A9A42D7E40023FBE7E378B9
:1090300007EE903A94F825300BB138EEC88AB8EEB6
:10904000490A9FED4E7A039B20EE080A03EB0902C2
:10905000B4EEC70AF1EE10FA40D89FED497AB4EEAB
:10906000C70AF1EE10FA39DBB6EE007A20EE070AF5
:10907000BDEEC07A17EE103A93423FF458AF19EEA6
:10908000101ACB1A013B9342A7E4E37807EE903A1B
:1090900094F8253053B1B6EE007AB4EEC78AF1EEFB
:1090A00010FAD4BF38EE078A38EE478AB8EE497A0C
:1090B000DFED306A039B27EE087A03EB0902B4EE7A
:1090C000E67AF1EE10FA09D8DFED2B6AB4EEE67A13
:1090D000F1EE10FA02DBBDEEC77ACBE70023CBE757
:1090E000F0EE48EAFFF7B1BA049A264B9B5C119A5E
:1090F0000FEE103A019B93F82130002A00F08E8188
:1091000033B3019A019BD2ED077A92ED040A93F8EA
:109110002330A8EE270AF0EE40FA1BB102F098F9CE
:109120007FEEC0FAF5EEC0FAF1EE10FA10D4F4EECC
:10913000E8FAF1EE10FA0BDC019B1B78112B00F022
:10914000908021D8002B00F0E181102B00F04A82A2
:10915000F8EE4F7A15E200BF10B500086C0300204E
:10916000000000206A0300206B0300200000004B79
:10917000000000CB0000004F000000CF0000804F37
:10918000000080CF7B030020202B00F0BE80212B2D
:10919000DED1D64ADFF86CE3DFF86CC310789EF8B6
:1091A0000010D34F0E919CF800103B78137080EAAA
:1091B0000010C0B281EA5102424082EA4002D2B2BB
:1091C00007EE902A01989FEDCB6A0E9D3D70B8EE98
:1091D000677AD0ED067A8EF80010F3EE096A27EE72
:1091E000067A67EEA67A8CF80020B4EEE77AF1EE04
:1091F00010FA00F24F820C27B8FBF7F007FB108043
:1092000083EA03131AF80050DBB208F1010007EEFD
:10921000905AB0FBF7F583EA430307FB1500534070
:109220001AF80050B24FB148397083EA5203DBB2EA
:1092300006EE905A07EE103AF8EE677AF8EE666A94
:10924000B8EE477A76EEE76A27EE067A0E9D05704D
:10925000E6EE877A8EF800208CF8003067EEA97A67
:1092600050E00C23B6FBF3F203FB1262711C1AF8F8
:10927000022007EE102AB1FBF3F203FB1212B11C1D
:109280001AF8022007EE902AB1FBF3F203FB121248
:10929000019B1AF8021093F825300BB178EEEFFA23
:1092A000C8EEAD6AB0EE6F0AAAEEA60AB8EE477A2B
:1092B000A0EE0E7ADFED906AB4EEE67AF1EE10FAE7
:1092C00000F2E481DFED8D6AB4EEE67AF1EE10FA99
:1092D000C0F2DC81BDEEC77A17EE103A5A42D2B224
:1092E000DBB258BF534207EE101A854AF8EE677A90
:1092F000B8EE477A02EB830237EE677AD2ED006A66
:10930000E7EE267A69EEA77A3BE1019B93F82430D9
:10931000002B5AD00C23B8FBF3F203FB128208F1A6
:1093200001011AF80220DFF8C4C176489FED716A86
:1093300090F800E06E4F07EE902AB1FBF3F203FBCA
:10934000121271491AF802309CF800203D788CF80E
:10935000005006EE903A0B78037082EA0212D2B205
:1093600083EA5303534083EA4203DBB207EE103A29
:10937000F8EE677AB8EE477AF8EE666A27EE067A74
:1093800076EEE76A87F800E0E7EE267A0B7067EE84
:10939000A97AF4EECE7AF1EE10FA00F27981F5EEC8
:1093A000C07AF1EE10FAC0F27381FCEEE77ACDEDEF
:1093B0000E7A9DF838200598059B0C21B3FBF1F33C
:1093C00001FB130309990B445A700599059B0C2264
:1093D000B3FBF2F302FB1313099A13441FEE102A96
:1093E0005B789A42F8EE4F7A00F0CB80019A38EE23
:1093F000EF0AD2ED066A07EE103AF4EEC06AF1EE1B
:1094000010FAB8EE477A00F2488137EE677A27EE15
:10941000267AC7EE006A77EEA67AB2E0002B3FF418
:1094200097AE019BD3ED04FA93F823302BB1B0EE45
:109430006F0A02F00DF87FEEC0FAF5EEC0FAF1EE19
:1094400010FA3FF585AEF4EEE8FAF1EE10FA3FF7C8
:109450007FAE019B1B78112B00F0E8807FF672AE87
:10946000202B7FF494AE019B93F82430002BACD0DA
:109470000C23B8FBF3F203FB128208F101011AF886
:109480000220DFF868C01F489FED1A6A90F800E0DC
:10949000174F07EE902AB1FBF3F203FB12121A49A1
:1094A0001AF802309CF800203D788CF8005006EE47
:1094B000903A0B78037082EA0212D2B283EA530325
:1094C000534083EA4203DBB207EE103AF8EE677AC4
:1094D000F8EE666AB8EE477A76EEE76A27EE067A25
:1094E00087F800E0E6EE877A0B7050E76C03002007
:1094F0006B0300208180803B0000004F000000CF04
:1095000010B500086A030020000000200C21B7FB02
:10951000F1F201FB127209990A44B8EE4F7A5278BF
:1095200007EE902AF8EE677A67EEA97AF4EECE7A23
:10953000F1EE10FA0AD8F5EEC07AF1EE10FAA2BFF9
:10954000FCEEE76ACDED0E6A9DF838301FEE102A6A
:10955000934200F0A280019B93F822308BB9019BCB
:1095600038EEEF0AD3ED066AF4EEC06AF1EE10FAB7
:1095700007D877EEC77A67EEA67AC7EE806A76EEEE
:10958000877A6EEEA77AF4EECE7AF1EE10FA00F357
:109590008780F5EEC07AF1EE10FA40F38380FCEE9E
:1095A000E77ACDED087A9DF82030012208920499DF
:1095B000894A5354079A1FEE101A8B4218BF012292
:1095C000049B07925A1C4FF4FF63B2FBF3F103FBB9
:1095D00011230493059B0133059308F10208033618
:1095E000FFF73EB80C23B6FBF3F203FB1262711CCB
:1095F0001AF8022007EE102AB1FBF3F203FB121255
:10960000B11C1AF8022007EE902AB1FBF3F203FB1B
:109610001212019B1AF8021093F825300BB178EE64
:10962000EFFAB8EE477AAFEE8E7A43E60C23B6FB3C
:10963000F3F203FB1262711C1AF8022007EE102AE3
:10964000B1FBF3F203FB1212B11C1AF8022007EE71
:10965000902AB1FBF3F203FB1212019B1AF80210DD
:1096600093F825300BB178EEEFFA039B4B4406EEEE
:10967000103AF8EE495AB8EEC66AB8EE477AC6EE26
:10968000256A76EEAF6AA6EE8E7A13E600232AE606
:10969000002290E6F8EE4F7A34E6F0EE477A70E773
:1096A000FF2382E7002382E7B4EEE77AF1EE10FAB7
:1096B0000ED9019B019AC3ED047A0023FEF734BE54
:1096C000B4EEE77AF1EE10FAF3D8002B7EF423AE75
:1096D000019A002382F8213094F82130ABB3D4ED05
:1096E000047AD4ED066A94F8223094ED057A77EE88
:1096F000A67AF5EEC07AF1EE10FA1CDB43B9B4EEAF
:10970000E77AF1EE10FA1DD9C4ED047A00230FE0D8
:10971000B4EEE77A0123F1EE10FA84F82330F3D89F
:10972000002323614FF07E536361012384F82330CB
:1097300084F8243009E0B4EEE77AF1EE10FAE3D8C9
:10974000002BEDD1002384F82130069B10330693C3
:109750000A9B0C330A93019B0BF1010B2833BBF1DD
:109760000A0F019304F128040AF1280A7EF473AD6C
:10977000049B194CB3F5FF6FC3F5FF6204EB0300C4
:10978000C8BF00220021F9F7FDF8079BF3B1134B86
:109790002178134C01221A80124A134B02EBC100AC
:1097A00052F831201A60426810485A600021E36084
:1097B00001F061F92146022000F0B4FD022017B04B
:1097C000BDEC108BBDE8F04F00F098BD17B0BDECBC
:1097D000108BBDE8F08F00BF7B0300205C0F0020E2
:1097E0001C01002010B900085E0F0020000400409A
:1097F0002DE9F743A84F3B78002B00F0388172B673
:1098000000F014FE202000F027FE102000F024FEBF
:10981000042000F021FEA14800F042FE202000F0CC
:109820001BFE102000F018FE042000F015FE00F0D2
:109830000BFE62B672B600F0F9FD202000F00CFEBF
:10984000102000F009FE042000F006FE01219348DC
:1098500000F042FE202000F0FFFD102000F0FCFD93
:10986000042000F0F9FD00F0EFFD62B68C4B8D4D49
:109870001B88ADF80430012101A8F9F739F98A4CA9
:10988000DFF838922E7801A83146F9F731F972B62F
:1098900000F0CCFD202000F0DFFD102000F0DCFD0A
:1098A000042000F0D9FD3146204600F015FE2020AE
:1098B00000F0D2FD102000F0CFFD042000F0CCFD20
:1098C00000F0C2FD62B66E7804F10408002E00F0CC
:1098D000D180012101A8F9F70BF972B600F0A6FDBD
:1098E000202000F0B9FD102000F0B6FD042000F0AB
:1098F000B3FD0121404600F0EFFD202000F0ACFD5B
:10990000102000F0A9FD042000F0A6FD00F09CFD51
:1099100062B608344C4505F10205B3D1634D2E788B
:1099200001A83146F9F7E4F872B600F07FFD202077
:1099300000F092FD102000F08FFD042000F08CFD5F
:109940003146204600F0C8FD202000F085FD1020A3
:1099500000F082FD042000F07FFD00F075FD62B68E
:109960006E7801A83146F9F7C3F872B600F05EFDD3
:10997000202000F071FD102000F06EFD042000F0AA
:109980006BFD3146201D00F0A7FD202000F064FD96
:10999000102000F061FD042000F05EFD00F054FD99
:1099A00062B62E7901A83146F9F7A2F872B600F036
:1099B0003DFD202000F050FD102000F04DFD042062
:1099C00000F04AFD314604F1080000F085FD20203A
:1099D00000F042FD102000F03FFD042000F03CFDAF
:1099E00000F032FD62B6324B0C349C4205F110059A
:1099F00095D19DF8044072B600F018FD202000F0CB
:109A00002BFD102000F028FD042000F025FD21464C
:109A1000284800F061FD202000F01EFD102000F01D
:109A20001BFD042000F018FD00F00EFD62B69DF84D
:109A3000054072B600F0FAFC202000F00DFD102069
:109A400000F00AFD042000F007FD21461A4800F04E
:109A500043FD202000F000FD102000F0FDFC04205C
:109A600000F0FAFC00F0F0FC62B600233B7003B09B
:109A7000BDE8F083314601A8F9F73AF872B600F074
:109A8000D5FC202000F0E8FC102000F0E5FC0420CC
:109A900000F0E2FC31462DE77A03002000FC0008CC
:109AA000E4B40008940E00200CFC00087C000020A8
:109AB000A4FF000804FC000808FC00082CFF0008B4
:109AC0002DE9F04F6B4B6C4F1D6885B007EB05120D
:109AD0002B010093537B002B00F0BC80674B93F865
:109AE0000090B9F1FF0F00F0B18065490B88002BA1
:109AF00000F0AC806348DFF8A8B1D0F80080BBF874
:109B000000400192013B0B8008F10103594201F032
:109B10001F0103F01F0358BF4B4203605A4B5B4EBB
:109B20001B88ADF80C304FF4967A03A85021F8F753
:109B3000DFFFB4FBFAF10AFB114189B24FF0500C80
:109B400006F801C04946F8F7D3FF611C89B2B1FBA2
:109B5000FAFC0AFB1C1189B206F80190DFF8449167
:109B600099F800100091F8F7C3FF04F1020C1FFAF6
:109B70008CFCBCFBFAFE0AFB1ECC00991FFA8CFC85
:109B800006F80C10013189F800100221F8F7B0FF37
:109B9000E11C89B2019AB1FBFAFC0AFB1C1189B2E3
:109BA00004F104091FFA89F94FF0020C137B06F83F
:109BB00001C0B9FBFAF10AFB11991FFA89F9002BD0
:109BC00053D04121F8F794FF412306F8093005F1FD
:109BD0000109B9F5807F28BF4FF000095FFA89F9C4
:109BE000494603A8F8F784FF631D4FF496729BB2B1
:109BF000B3FBF2F102FB11339BB206F80390A31DF5
:109C00009BB2B3FBF2F102FB11339BB29DF80C1037
:109C1000F154E31D9BB2B3FBF2F102FB11339BB293
:109C20009DF80D20F25404F10803ABF80030184BF6
:109C300023F81840174B082203F80820164B10226F
:109C400003F80820154A1388013313802B011F44A1
:109C500000237B730A23013595FBF3F203FB1255B6
:109C6000044B1D6005B0BDE8F08F4021F8F740FFC0
:109C70004023AAE7740300207C0000205A01002042
:109C80005C0100209C1A0020E4B400086819002040
:109C9000E01A0020C01A0020A01A0020941A002008
:109CA00066190020411800202DE9F04F924B1A78D8
:109CB00087B0002A00F0E480904A1278092A00F266
:109CC00017818F4B93F800A002F10108BAF1FF0F42
:109CD0005FFA88F800F0D1808A480188002900F0F6
:109CE000CC8001390180DFF848B28748874DD0F831
:109CF000009013010BEB02124FF496761779019343
:109D000009F10102514201F01F0102F01F0258BF88
:109D10004A4202607E4A14887E4A05A81288ADF83D
:109D200014205021F8F7E4FEB4FBF6F206FB1242D1
:109D300092B25021A9545146F8F7DAFE621C92B251
:109D4000B2FBF6F106FB112292B205F802A0DFF891
:109D5000E4A19AF800100091F8F7CAFEA21C92B292
:109D6000B2FBF6FC06FB1C22009992B2A954013109
:109D70008AF8001007F1020A4FEA4A0A5FFA8AFAE3
:109D80005146F8F7B5FEE21C92B2B2FBF6F106FBC3
:109D9000112292B2482105F802A0F8F7A9FE221D6F
:109DA00092B2B2FBF6F106FB112292B24821A954FD
:109DB0004146F8F79DFE019B621D92B21BF803A07D
:109DC000B2FBF6F106FB112292B2514605F8028071
:109DD000F8F78EFEA31D9BB2B3FBF6F206FB12331F
:109DE0009BB2394605F803A0F8F782FEE31D9BB24B
:109DF000B3FBF6F206FB12339BB24FF0000AEF54AE
:109E00006423B7FBF3F203FB1277FBB20093013B31
:109E1000029304F108031FFA83FB029B4FF496712F
:109E20005345BBFBF1F701FB17B7BFB22BDA009A22
:109E30009DF81430EB5504325200D2B2531C54FA40
:109E400083F39BB2B3FBF1F001FB10339BB29DF89F
:109E50001510E954931CDBB22D4A191911802E4AB2
:109E600022F819402D4A02F809302D4B102203F830
:109E700009202C4A138801331380204B83F800807B
:109E800007B0BDE8F08F284B1E68284B13F816204A
:109E9000019203EB4602517821B3012105A8F8F79E
:109EA00027FE0121E95505A80199F8F721FE0BF1DC
:109EB00001024FF4967192B2B2FBF1F001FB102255
:109EC00092B2019BAB540136174B642296FBF2F120
:109ED00002FB11661E600BF102030AF1010A1FFA70
:109EE00083FB9AE705A80391F8F702FE0399D9E7E7
:109EF00000221A70C4E700BF790300207803002015
:109F00005A0100205C0100209C1A002068190020E2
:109F100066190020E4B40008E01A0020C01A0020EE
:109F2000A01A0020941A002070030020940E002034
:109F30007C000020411800202DE9F74FDFF89891B0
:109F40005B4D0023F42289F8002089F801301A467D
:109F500019460C24012604FB01F0285C20B106FA06
:109F600001F31A43D2B2034601310429F3D10BB1F4
:109F700089F801204F4B93F800A0BAF1FF0F00F0D1
:109F800093804D4A1388002B00F08E804B49DFF8F8
:109F90004C810F68B8F80050494E013B13807B1C80
:109FA0005A4202F01F0203F01F0358BF53420B60D6
:109FB000444B4FF4967401A81B88ADF8043050212F
:109FC000F8F796FDB5FBF4F304FB13539BB2502254
:109FD0005146F254F8F78CFD6B1C9BB2B3FBF4F2C4
:109FE00004FB12339BB206F803A0DFF8F4A09AF842
:109FF00000B05946F8F77CFDAB1C9BB2B3FBF4F202
:10A0000004FB12339BB2022106F803B00BF1010BE3
:10A010008AF800B0F8F76CFDEB1C9BB2B3FBF4F2CE
:10A0200004FB12339BB20222F421F254F8F760FDD4
:10A030002B1D9BB299F80190B3FBF4F204FB123391
:10A040009BB2F4224946F254F8F752FD6B1D9BB2C5
:10A05000B3FBF4F204FB12339BB206F80390AB1D82
:10A060009BB2B3FBF4F204FB12339BB29DF80420C5
:10A07000F254EB1D9BB2B3FBF4F204FB12339BB220
:10A080009DF80520F25405F10803A8F800300E4BA6
:10A0900023F817500D4B0822DA550D4B1022DA55D4
:10A0A0000C4A13880133138003B0BDE8F08F00BF62
:10A0B000941500205A0100205C0100209C1A002009
:10A0C00068190020E4B40008E01A0020C01A00203B
:10A0D000A01A0020941A00206803002066190020AE
:10A0E00041180020022170B5084600F069F910B34C
:10A0F000114D0121022000F097F92C88B4F5FF6F73
:10A1000019D20E4A0E4B115D0E4A0F4E02EBC100E2
:10A1100052F831201A6042680C485A600021F360FE
:10A1200000F0A9FC3146022000F0FCF801340220C6
:10A1300000F0E4F82C8070BD5C0F00207B03002051
:10A140005E0F002010B900081C0100200004004030
:10A1500008B5F8F71FFCF8F737FCF8F763FCF8F7D9
:10A160006BFCF8F784FCF8F79DFCF8F7A7FCF8F710
:10A17000BAFCF8F7CDFCF8F7F7FCF8F715FDF8F79F
:10A180002BFEFAF7C3FEFAF7D9FEFAF703FFFAF748
:10A190001DFFFBF7B1FDFBF7C4FDFBF7D7FDFBF798
:10A1A000EBFDFBF733FFFBF74DFFFBF767FFFBF71B
:10A1B00071FFFCF75DF8FCF71DFCFCF737FCFCF7C2
:10A1C00051FCFCF795FCBDE80840FCF73FBD0000E2
:10A1D0002DE9F04F002585B0CDE90055AB4602953D
:10A1E000A8462F46AA462E463B4B1C68009BE31A06
:10A1F000B3F5FA6F02D3FAF7D7FD0094019B43F64B
:10A200009722E31A934202D9FBF7F0FB0194A31BB8
:10A2100045F20722934204D9FBF718FCA4F5BB567C
:10A22000103EA4EB0A02632AA4EB0809A4EB07037F
:10A2300038D8092B2FD9FBF7B5FDB9F1270F46D830
:10A240002746029BE31A4A2B04D9FFF739FCA4F1F5
:10A2500023030293A4EB0B034B2B03D9FFF724FD3D
:10A26000A4F1240B621B41F287339A4202D9FFF713
:10A2700063FE2546F8F7E4FDFAF75AFCFAF768FDA5
:10A28000FBF7F2F8FBF7E2FDFCF738F8FCF768FAA9
:10A29000FCF7C0FAA8E7B9F1270FD2D9FDF7C6FF3E
:10A2A000A046CEE70393FBF749FC039B092B02D999
:10A2B000FBF778FD2746FCF7D3FAB9F1270F02D94F
:10A2C000FDF7B4FFA046FFF793FAA246B9E7FDF702
:10A2D000ADFFA046B4E700BF901F002008B5FFF710
:10A2E00037FFFFF775FF00001423034A58438358D4
:10A2F00023F0200383507047080002401423034AD0
:10A300005843835843F001038350704708000240CC
:10A310001423034A5843835823F0010383507047A2
:10A320000800024038B50446FFF7F2FF142303FB90
:10A3300004F0184B0A68C2500433CA68C250083B84
:10A340000A8BC250043B0D694A68C4582A43CD6940
:10A3500024F47C542A432243C2500A7A012AC25868
:10A360000CBF42F0400222F04002C2500A7D012A96
:10A37000C2580CBF42F0800222F08002C2504A7DD7
:10A3800022B9C25822F01002C25038BDC25842F061
:10A390001002F9E710000240034B80005A68814028
:10A3A00011435960704700BF000002401423034A64
:10A3B000584383580B438350704700BF0800024046
:10A3C000042913D008291DD0022927D1144B82005B
:10A3D0001B68914019401423124A4343985800F0D7
:10A3E0000200D9B1003818BF012070470C4B820021
:10A3F0001B689140194014230A4A4343985800F0BF
:10A400000400EEE7064B82001B68914019401423BC
:10A410005843044BC05800F00800E2E700207047A2
:10A420000000024008000240FFF7B6BF044B1A6963
:10A43000120641BF034A5A6002F188325A607047DF
:10A440000020024023016745024A136943F080035C
:10A450001361704700200240014BD860704700BF75
:10A4600000200240074BDA68D10707D4DA68D20629
:10A4700006D4D868C0F380004000704701207047C0
:10A48000032070470020024010B50446FFF7EAFFA2
:10A49000012804F1FF3402D1002CF7D1042010BDB3
:10A4A00038B505464FF47020FFF7EEFF88B9094C28
:10A4B000236943F0020323616561236943F040038C
:10A4C00023614FF47020FFF7DFFF236923F00203BD
:10A4D000236138BD0020024070B505464FF470205E
:10A4E0000E46FFF7D1FF68B9074C236943F001031B
:10A4F00023614FF470202E60FFF7C6FF236923F01D
:10A500000103236170BD00BF002002402DE9F0432C
:10A510000568C46800264FF0010E4FF003080EFADC
:10A5200006F71F420DD0770008FA07FC01FA07F979
:10A5300025EA0C0524EA0C0402FA07F749EA0505A6
:10A540003C430136102EEAD10560C460BDE8F083BB
:10A5500001294168F0B50CBF194399434FF6FF74C8
:10A560004160A242816815D1C46B002201274FF0DF
:10A57000030C07FA02F61E421CBF55000CFA05F543
:10A5800002F101021CBF29433443102AF1D181603A
:10A59000C463F0BD002401274FF0030C07FA04F553
:10A5A0001D4207D065000CFA05F621EA060102FA01
:10A5B00005F529430134102CF0D18160E9E7816170
:10A5C00070478162704703690B4214BF012000206D
:10A5D0007047F0B5066A456A00234FF0010C4FF052
:10A5E0000F0E0CFA03F4144207D09C000EFA04F785
:10A5F00026EA070601FA04F426430133082BF0D1BA
:10A6000000234FF0010C4FF00F0E03F108040CFA79
:10A6100004F4144207D09C000EFA04F725EA07055B
:10A6200001FA04F425430133082BEED1066245629A
:10A63000F0BD000010B51D4CE36803F4E063B3F512
:10A64000A06F08D020D8B3F5407F26D0B3F5806F37
:10A6500026D0174BE36002231C46C4F10404A1403A
:10A66000C3F104040F23E3401340124A0B431B01C0
:10A670001118DBB281F800334109012300F01F00FB
:10A68000834042F8213010BDB3F5C06F0BD0B3F555
:10A69000E06FDED104230024DFE700230424DCE79D
:10A6A00001230324D9E703230124D6E700ED00E0CA
:10A6B0000005FA0500E100E021F06041034B21F0C4
:10A6C0007F0101439960BFF34F8F704700ED00E0B9
:10A6D000830903F1804303F5043300F01F00196878
:10A6E000012282400A431A607047830903F18043C4
:10A6F00003F5043300F01F001A680121814022EAAB
:10A7000001021A607047FFF7E3BFFFF7EEBF0000DA
:10A71000F0B55D4B89B0054604AC03F110061F4649
:10A7200018685968224603C20833B3421446F7D169
:10A73000716838696B4603C303C354494B68C3F35C
:10A740008103022B44D14A684868CB6A0601C2F3F0
:10A7500083424FEAD37334D4002B30D102324B689A
:10A76000C86ADC0332D5CB6A400003F00F0354BF44
:10A77000474848480133B0FBF3F35A434B68C3F3EF
:10A78000031320336B4413F8104C4B68C3F30223BC
:10A7900020336B4422FA04F413F8206C4B68C3F3A3
:10A7A000C22320336B4413F8183C24FA03F0062D1F
:10A7B00010D8DFE805F06412141017464F0021325C
:10A7C000CDE70BB91132CAE73132C8E7324BD4E7D3
:10A7D0002F4AD3E7002009B0F0BD2046FBE724FA5A
:10A7E00006F0F8E70B6BDA0507D40B6B2B4813F474
:10A7F000803F2B4B08BF1846EDE74A680B6BC2F34E
:10A800008132022A4FEAD3730FD0032A14D0012ACF
:10A8100006D00BB94008DEE70320B4FBF0F0DAE71E
:10A820000BB98008D7E70520F7E71BB90623B0FB73
:10A83000F3F0D0E70720F0E70BB9C008CBE7092019
:10A84000EBE70B6B13F0400F48F2120018BF4FF408
:10A850000040C0E70B6B9B07BDD00B6B03F00303FD
:10A86000012B0CD00B6B03F00303022B09D00B6BF5
:10A87000074803F00303032B18BF0020ABE7104683
:10A88000A9E74FF40040A6E7F8B400080010024022
:10A8900000127A00006CDC0200093D00003FAB01B1
:10A8A000809FD50008B5274B98421ED00BD8A3F542
:10A8B000943398422AD003F5E05398422DD0B0F15A
:10A8C000804F1CD008BD204B98422DD003F58063EB
:10A8D000984230D0A3F500639842F3D14FF444700E
:10A8E000FFF711FF4FF4447005E040F20B30FFF723
:10A8F0000AFF40F20B30BDE80840FFF706BF4FF4F7
:10A900008060FFF700FF4FF48060F4E740F2014001
:10A91000FFF7F9FE40F20140EDE74FF48160FFF7E9
:10A92000F2FE4FF48160E6E740F21130FFF7EBFEF4
:10A9300040F21130DFE740F21230FFF7E4FE40F260
:10A940001230D8E7002C0140004401400B8810B5BC
:10A950008362424B98421BD020F48063B3F1804F56
:10A9600016D08B68C3623E4B98423CD003F59033BF
:10A9700098424FD03B4A904255D002F580629042B7
:10A980005ED0A3F5A053984228D10B7B036325E04A
:10A99000036823F07003036002684B88134303606D
:10A9A00002688B88134303608B68C3622B4B984209
:10A9B00022D0B0F1804F16D0A3F594339842D2D173
:10A9C0004FF08043D3F8002422F44072C3F80024EF
:10A9D000D3F80044CA882243C3F80024436943F0F3
:10A9E0000103436110BD036823F4407303600268F0
:10A9F000CB8813430360F1E71B4BD3F8002C22F400
:10AA00004072C3F8002CD3F8004CCA882243C3F824
:10AA1000002CBAE7036823F4407303600268CB8814
:10AA200013430360B1E7D3F8002422F44072C3F863
:10AA30000024D3F80044CA882243C3F80024A4E7C2
:10AA4000D3F8002822F44072C3F80028D3F8004855
:10AA5000CA882243C3F8002897E700BF002C0140B2
:10AA6000002000400044014000200140036843F002
:10AA700001030360704741627047C3680B43C360C2
:10AA80007047C36823EA0103C3607047C368006965
:10AA9000084003D00B4214BF012000207047C94377
:10AAA00001617047C3681943C1607047436C012955
:10AAB0000CBF43F4004323F4004343647047000099
:10AAC000032900F20381DFE811F0040047009A0037
:10AAD000DF00036A23F001030362836923F00303A9
:10AAE0008361036A11680B430362036A23F0020364
:10AAF0000362016AD3880B430362754B98420AD004
:10AB000020F4806103F5A053994204D003F500635B
:10AB1000984240F0DB80036A23F004030362016A79
:10AB200093880B430362036A23F008030362016AFC
:10AB300013890B430362436823F4807343604168C5
:10AB400053890B434360436823F4007343604168B7
:10AB500093890B4343607047036A23F01003036239
:10AB6000836923F440738361036A116843EA011324
:10AB70000362036AD18823F020030362036A43EA75
:10AB800001130362524B98422DD1036A918823F03E
:10AB900040030362036A43EA01130362036A1189F3
:10ABA00023F080030362036A43EA01130362494B03
:10ABB0005089D3F8041C928921F48061C3F8041CE5
:10ABC000D3F8041C41EA8001C3F8041CD3F8041C28
:10ABD00021F40061C3F8041CD3F8041C41EA82028A
:10ABE000C3F8042C70473C4B98426FD1436852899C
:10ABF00023F480634360436843EA8203AAE7036A5D
:10AC000023F480730362C36923F00303C361036AFF
:10AC1000116843EA01230362036AD18823F40073B5
:10AC20000362036A43EA01230362294B98424DD130
:10AC3000036A918823F480630362036A43EA012371
:10AC40000362036A118923F400630362036A43EA1F
:10AC5000012303621F4B5089D3F8041C928921F40D
:10AC60008051C3F8041CD3F8041C41EA0011C3F856
:10AC7000041CD3F8041C21F40051C3F8041CD3F8BD
:10AC8000041C41EA0212ABE7036A23F48053036217
:10AC9000C36923F44073C361036A116843EA013353
:10ACA0000362036AD18823F400530362036A43EA10
:10ACB00001330362064B984208D15968528921F446
:10ACC00080415960596841EA82125A60704700BF5A
:10ACD000002C0140002001400040014003291AD807
:10ACE000DFE801F0020A121A836923F0700383611E
:10ACF0008369134383617047836923F4E04383616D
:10AD0000836943EA0223F5E7C36923F07003C36153
:10AD1000C3691343C3617047C36923F4E043C3614C
:10AD2000C36943EA0223F5E703290AD8DFE801F003
:10AD3000020406084263704782637047C26370472B
:10AD40000264704703291AD8DFE801F0020A121AD8
:10AD5000836923F008038361836913438361704728
:10AD6000836923F400638361836943EA0223F5E77F
:10AD7000C36923F00803C361C3691343C361704708
:10AD8000C36923F40063C361C36943EA0223F5E79F
:10AD900008B50C4B98420DD003F57443984210D17E
:10ADA00040F20E30FFF7AFFC40F20E30BDE8084035
:10ADB000FFF7ABBC40F21140FFF7A5FC40F2114099
:10ADC000F4E708BD0044004038B5134B98420446F0
:10ADD0000D4618D003F57443984216D10620FFF7AC
:10ADE00097FC226812044FEA550310D503EB400389
:10ADF000B3FBF5F1C1F3420321F00F010904090C83
:10AE00000B43E36038BD0220E9E70020E9E7034493
:10AE1000B3FBF5F39BB2F4E700440040036823F072
:10AE200001030360036823F4C063036003680B43FA
:10AE300003607047036823F001030360036823F491
:10AE40008053036003680B4303607047036823F07B
:10AE500001030360436823F44053436043680B439A
:10AE600043607047036843F0010303607047036861
:10AE700023F00803036003680B4303607047036813
:10AE800023F00403036003680B4303607047C1F3BE
:10AE9000080181627047406AC0F308007047026A87
:10AEA00001F01F0101238B401343036270478A099D
:10AEB00010B501F01F01145801238B402343135098
:10AEC00010BD10B58C090122235801F01F018A40E2
:10AED00023EA0203235010BDC1F3891310B51C5897
:10AEE0008B0D1A58C1F30440012303FA00F01040FF
:10AEF00006D001F01F018B40234214BF0120002027
:10AF000010BD0000084B994206D1D0F8D03023F490
:10AF10000043C0F8D0307047026AC1F304410123F6
:10AF20008B4013430362704709340F34DFF830D08D
:10AF3000002103E00B4B5B58435004310A480B4B94
:10AF400042189A42F6D30A4A02E0002342F8043B30
:10AF5000084B9A42F9D300F011F8FFF7BFF9704798
:10AF60006803002020C300080000002068010020C2
:10AF700068030020941F0020FEE700007E4BDA6982
:10AF800002F00602062A82B047D0DA69900444D55E
:10AF90007A4A7B4959605A6099609A601A6942F00E
:10AFA00020021A611A6942F040021A61DA68D10778
:10AFB000FCD41A6922F020021A611A6942F01002C8
:10AFC0001A61DA6912F0060F6E4A40F0C780A523B5
:10AFD0001380694B6B4AD969090A01F0DF0151807E
:10AFE000D969C1F307419180D969090ED180196AE5
:10AFF000C9B21181196AC1F307215181DA68D207F8
:10B00000FCD41A6922F010021A611A6922F4007243
:10B010001A611A6942F080021A615B4AD2F88830DC
:10B0200043F47003C2F88830584B1A6842F00102AA
:10B030001A601A689007FCD55A6842F080025A607C
:10B0400000220192019A4F2A40F290805A6842F001
:10B0500090025A6000220192019A4F2A40F28980A0
:10B060005A6822F003025A601A6822F0867222F4AB
:10B0700080321A605968464A0A405A605A6822F07B
:10B08000084222F474125A60DA6A22F0404222F036
:10B090000F02DA621A6B22F4817222F001021A6343
:10B0A0001A6B22F480321A631A6B22F000421A6380
:10B0B0005A6B22F001025A63D3F8C02022F4803286
:10B0C000C3F8C02000229A60C3F8CC201A6842F46A
:10B0D00080321A604FF400621968890301D4013A82
:10B0E000FAD11A68900333D55A685A605A6842F404
:10B0F00000525A605A6842F480625A605A6822F0DC
:10B10000036222F470225A60DA6A22F0404222F08E
:10B110000F02DA625A6842F0016242F480325A60E9
:10B12000DA6A42F00102DA62DA6ADA621A6842F036
:10B1300080721A601A689101FCD55A6822F00302E5
:10B140005A605A6842F002025A605A681207FCD5E7
:10B1500000214FF0006002B0FFF7AEBADB6903F0E8
:10B160000603022B7FF435AFBB2331E7019A01328E
:10B1700067E7019A01326EE700200240AB89EFCD0C
:10B180002301674500F8FF1F00ED00E000100240BA
:10B190000C00FF082DE9F047089D0C46002B4ED10E
:10B1A00094468C458646B2FA82F262D94AB1C2F11F
:10B1B0002003914020FA03F30CFA02FC194300FA31
:10B1C00002FE4FEA1C471FFA8CF6B1FBF7F44FEA78
:10B1D0001E4307FB141143EA014304FB06F19942A5
:10B1E0000AD91CEB030304F1FF3080F0138199426C
:10B1F00040F21081023C6344591A1FFA8EF3B1FBEE
:10B20000F7F007FB101143EA014300FB06F69E42EC
:10B210000AD91CEB030300F1FF3180F0FD809E4250
:10B2200040F2FA80634402389B1B40EA044000214C
:10B230001DB1D3400022C5E90032BDE8F0878B4242
:10B2400005D90DB1C5E9000100210846F5E7B3FABB
:10B2500083F1002946D1A34202D39042C0F0F1808D
:10B26000861A64EB03030120002DE6D0C5E90063D4
:10B27000E3E7002A40F09180A1EB0C044FEA1C4860
:10B280001FFA8CF70121B4FBF8F64FEA1E4308FBC6
:10B29000164443EA044307FB06F0984208D91CEB26
:10B2A000030306F1FF3402D2984200F2CE80264614
:10B2B0001C1A1FFA8EF3B4FBF8F008FB104443EAA3
:10B2C000044300FB07F79F4208D91CEB030300F17E
:10B2D000FF3402D29F4200F2B1802046DB1B40EADD
:10B2E0000640A5E7C1F120068B4022FA06F71F436E
:10B2F00020FA06FC04FA01F343EA0C03F44000FAD6
:10B3000001F8380C4FEA1349B4FBF0FE1FFA87FC32
:10B3100000FB1E4449EA04440EFB0CF9A14502FA65
:10B3200001F20AD93C190EF1FF3A80F08580A1455F
:10B3300040F28280AEF1020E3C44A4EB09041FFAF5
:10B3400083F9B4FBF0F300FB134449EA044403FB24
:10B350000CFCA44507D93C1903F1FF3068D2A44581
:10B3600066D9023B3C4443EA0E40A0FB0293A4EBA7
:10B370000C049C42CE469C4652D34FD055B1B8EBFC
:10B380000E0364EB0C0404FA06F6CB40CC401E43DB
:10B39000C5E900640021BDE8F087C2F1200320FA6E
:10B3A00003F10CFA02FC24FA03F394400C434FEA35
:10B3B0001C4800FA02FE1FFA8CF7B3FBF8F008FBFA
:10B3C0001031230C43EA014300FB07F1994208D9ED
:10B3D0001CEB030300F1FF362CD299422AD9023824
:10B3E00063445B1AA4B2B3FBF8F108FB113344EADF
:10B3F000034401FB07F3A34208D91CEB040401F149
:10B40000FF3613D2A34211D902396444E41A41EA47
:10B41000004138E70446EFE6084605E7C845ADD2E7
:10B42000B9EB020E63EB070C0138A7E73146EDE7F5
:10B43000034698E73046D4E7D6467EE763440238B1
:10B440004CE70646234608460EE7023E63442FE7D4
:10B4500010EE102AC2F3C7537F3B162B22F0004197
:10B4600029DC002B104618DB1A4919410A4221D069
:10B47000DFED197A70EE277AF5EEC07AF1EE10FA68
:10B4800018DD002A04DA4FF4000242FA03F31844EC
:10B4900020EA010300EE103A7047DFED0F7A70EEFC
:10B4A000277AF5EEC07AF1EE10FA03DD002A08DB08
:10B4B0009FED0A0A7047B1F1FF4FFBD330EE000A4F
:10B4C0007047DFED077A0029BFEE000A08BFB0EE33
:10B4D000670A7047FFFF7F00CAF249710000000051
:10B4E00000000080FFFF00000100000000000000DD
:10B4F000000000010000000000000000000000004B
:10B500000102030406070809000000000102030409
:10B510000000000000E81D3900E21D3A0093B13A36
:10B5200080C91D3B006E763B0055B13B0036F13BB8
:10B5300040681D3C600C473C0081753C905F943C2A
:10B54000505FB03C90BBCE3C806FEF3C103B093D60
:10B5500010E51B3DD0B22F3D40A1443D38AD5A3DD2
:10B5600048D3713DEC07853D98AF913DB4DE9E3DDB
:10B570003C93AC3D0CCBBA3DF883C93DB8BBD83D3C
:10B58000F46FE83D409EF83D0EA2043E7C2F0D3E38
:10B590001AF6153E8CF41E3E6E29283E5693313E17
:10B5A000CE303B3E5E00453E80004F3EAC2F593EC4
:10B5B0004E8C633ECA146E3E88C7783E6DD1813E84
:10B5C0008C52873E46E68C3EC08B923E1C42983E93
:10B5D00076089E3EECDDA33E96C1A93E8FB2AF3EFB
:10B5E000E8AFB53EB6B8BB3E0ECCC13EFBE8C73EA9
:10B5F000910ECE3ED83BD43EDF6FDA3EB2A9E03E9C
:10B6000059E8E63EE12AED3E4D70F33EACB7F93E17
:10B610000000003F2B24033FDA47063F906A093FB2
:10B62000D48B0C3F27AB0F3F11C8123F15E2153FDB
:10B63000B8F8183F830B1C3FFA191F3FA623223F7F
:10B640000D28253FB926283F361F2B3F0A112E3FD4
:10B65000C6FB303FF3DE333F20BA363FDE8C393F46
:10B66000BB563C3F4A173F3F1ECE413FCE7A443F38
:10B67000EE1C473F15B4493FE03F4C3FEABF4E3F09
:10B68000CC33513F2B9B533FA6F5553FDE42583FED
:10B690007A825A3F22B45C3F7ED75E3F38EC603FEF
:10B6A00002F2623F8AE8643F82CF663F9EA6683F0F
:10B6B000996D6A3F2A246C3F0DCA6D3F035F6F3F4F
:10B6C000CCE2703F2C55723FECB5733FD404753F0C
:10B6D000B041763F4F6C773F8484783F248A793F2E
:10B6E000067D7A3F045D7B3FFC297C3FCFE37C3FB6
:10B6F000608A7D3F941D7E3F569D7E3F92097F3F2D
:10B7000036627F3F37A77F3F88D87F3F22F67F3F53
:10B710000000803F22F67F3F88D87F3F36A77F3FDB
:10B7200036627F3F92097F3F569D7E3F941D7E3F4C
:10B730005F8A7D3FCEE37C3FFC297C3F045D7B3FFD
:10B74000057D7A3F248A793F8484783F4E6C773F29
:10B75000AF41763FD304753FECB5733F2C55723F34
:10B76000CCE2703F025F6F3F0CCA6D3F2A246C3FF2
:10B77000986D6A3F9EA6683F81CF663F89E8643F27
:10B7800001F2623F37EC603F7CD75E3F20B45C3F04
:10B7900078825A3FDE42583FA4F5553F2C9B533FD9
:10B7A000CD33513FE8BF4E3FDF3F4C3F14B4493FDC
:10B7B000EB1C473FCB7A443F1FCE413F4A173F3FE8
:10B7C000BA563C3FDC8C393F1FBA363FF0DE333F80
:10B7D000C3FB303F0B112E3F351F2B3FB926283FAF
:10B7E0000B28253FA323223FF7191F3F800B1C3F47
:10B7F000B9F8183F14E2153F10C8123F26AB0F3FAF
:10B80000D28B0C3F8E6A093FD747063F2B24033F5C
:10B810000000003FA9B7F93E4A70F33EDC2AED3E36
:10B8200054E8E63EACA9E03EE06FDA3ED73BD43EBA
:10B830008E0ECE3EF8E8C73E09CCC13EB2B8BB3E44
:10B84000E2AFB53E8EB2AF3E96C1A93EEADDA33E61
:10B8500072089E3E1742983EBB8B923E40E68C3E5D
:10B860008C52873E6CD1813E84C7783EC6146E3EB2
:10B87000468C633EA22F593E82004F3E5E00453EFD
:10B88000CC303B3E5293313E6829283E84F41E3E24
:10B8900012F6153E7E2F0D3E0EA2043E3C9EF83D54
:10B8A000EC6FE83DB0BBD83DEC83C93D00CBBA3D61
:10B8B0003C93AC3DB4DE9E3D94AF913DE407853DA5
:10B8C00038D3713D28AD5A3D30A1443DD0B22F3D13
:10B8D00008E51B3D103B093D706FEF3C70BBCE3C53
:10B8E000405FB03C705F943C0081753C600C473C0D
:10B8F00020681D3C0036F13BC054B13B006E763BE6
:10B9000000C91D3B0093B13A00E21D3A00E81D3921
:10B910001919191919191919191919191919194B65
:10B920001919191919194B191919191919194B4BF1
:10B9300019191919194B191919191919194B194BE1
:10B9400019191919194B4B1919191919194B4B4B6D
:10B95000191919194B191919191919194B19194BC1
:10B96000191919194B194B19191919194B194B4B4D
:10B97000191919194B4B1919191919194B4B194B3D
:10B98000191919194B4B4B19191919194B4B4B4BC9
:10B990001919194B191919191919194B1919194B81
:10B9A0001919194B19194B191919194B19194B4B0D
:10B9B0001919194B194B19191919194B194B194BFD
:10B9C0001919194B194B4B191919194B194B4B4B89
:10B9D0001919194B4B1919191919194B4B19194BDD
:10B9E0001919194B4B194B191919194B4B194B4B69
:10B9F0001919194B4B4B19191919194B4B4B194B59
:10BA00001919194B4B4B4B191919194B4B4B4B4BE4
:10BA100019194B191919191919194B191919194B00
:10BA200019194B1919194B1919194B1919194B4B8C
:10BA300019194B19194B191919194B19194B194B7C
:10BA400019194B19194B4B1919194B19194B4B4B08
:10BA500019194B194B19191919194B194B19194B5C
:10BA600019194B194B194B1919194B194B194B4BE8
:10BA700019194B194B4B191919194B194B4B194BD8
:10BA800019194B194B4B4B1919194B194B4B4B4B64
:10BA900019194B4B1919191919194B4B1919194B1C
:10BAA00019194B4B19194B1919194B4B19194B4BA8
:10BAB00019194B4B194B191919194B4B194B194B98
:10BAC00019194B4B194B4B1919194B4B194B4B4B24
:10BAD00019194B4B4B19191919194B4B4B19194B78
:10BAE00019194B4B4B194B1919194B4B4B194B4B04
:10BAF00019194B4B4B4B191919194B4B4B4B194BF4
:10BB000019194B4B4B4B4B1919194B4B4B4B4B4B7F
:10BB1000194B191919191919194B19191919194BFF
:10BB2000194B191919194B19194B191919194B4B8B
:10BB3000194B1919194B1919194B1919194B194B7B
:10BB4000194B1919194B4B19194B1919194B4B4B07
:10BB5000194B19194B191919194B19194B19194B5B
:10BB6000194B19194B194B19194B19194B194B4BE7
:10BB7000194B19194B4B1919194B19194B4B194BD7
:10BB8000194B19194B4B4B19194B19194B4B4B4B63
:10BB9000194B194B19191919194B194B1919194B1B
:10BBA000194B194B19194B19194B194B19194B4BA7
:10BBB000194B194B194B1919194B194B194B194B97
:10BBC000194B194B194B4B19194B194B194B4B4B23
:10BBD000194B194B4B191919194B194B4B19194B77
:10BBE000194B194B4B194B19194B194B4B194B4B03
:10BBF000194B194B4B4B1919194B194B4B4B194BF3
:10BC0000194B194B4B4B4B19194B194B4B4B4B4B7E
:10BC1000194B4B1919191919194B4B191919194B9A
:10BC2000194B4B1919194B19194B4B1919194B4B26
:10BC3000194B4B19194B1919194B4B19194B194B16
:10BC4000194B4B19194B4B19194B4B19194B4B4BA2
:10BC5000194B4B194B191919194B4B194B19194BF6
:10BC6000194B4B194B194B19194B4B194B194B4B82
:10BC7000194B4B194B4B1919194B4B194B4B194B72
:10BC8000194B4B194B4B4B19194B4B194B4B4B4BFE
:10BC9000194B4B4B19191919194B4B4B1919194BB6
:10BCA000194B4B4B19194B19194B4B4B19194B4B42
:10BCB000194B4B4B194B1919194B4B4B194B194B32
:10BCC000194B4B4B194B4B19194B4B4B194B4B4BBE
:10BCD000194B4B4B4B191919194B4B4B4B19194B12
:10BCE000194B4B4B4B194B19194B4B4B4B194B4B9E
:10BCF000194B4B4B4B4B1919194B4B4B4B4B194B8E
:10BD0000194B4B4B4B4B4B19194B4B4B4B4B4B4B19
:10BD10004B191919191919194B1919191919194BFD
:10BD20004B19191919194B194B19191919194B4B89
:10BD30004B191919194B19194B191919194B194B79
:10BD40004B191919194B4B194B191919194B4B4B05
:10BD50004B1919194B1919194B1919194B19194B59
:10BD60004B1919194B194B194B1919194B194B4BE5
:10BD70004B1919194B4B19194B1919194B4B194BD5
:10BD80004B1919194B4B4B194B1919194B4B4B4B61
:10BD90004B19194B191919194B19194B1919194B19
:10BDA0004B19194B19194B194B19194B19194B4BA5
:10BDB0004B19194B194B19194B19194B194B194B95
:10BDC0004B19194B194B4B194B19194B194B4B4B21
:10BDD0004B19194B4B1919194B19194B4B19194B75
:10BDE0004B19194B4B194B194B19194B4B194B4B01
:10BDF0004B19194B4B4B19194B19194B4B4B194BF1
:10BE00004B19194B4B4B4B194B19194B4B4B4B4B7C
:10BE10004B194B19191919194B194B191919194B98
:10BE20004B194B1919194B194B194B1919194B4B24
:10BE30004B194B19194B19194B194B19194B194B14
:10BE40004B194B19194B4B194B194B19194B4B4BA0
:10BE50004B194B194B1919194B194B194B19194BF4
:10BE60004B194B194B194B194B194B194B194B4B80
:10BE70004B194B194B4B19194B194B194B4B194B70
:10BE80004B194B194B4B4B194B194B194B4B4B4BFC
:10BE90004B194B4B191919194B194B4B1919194BB4
:10BEA0004B194B4B19194B194B194B4B19194B4B40
:10BEB0004B194B4B194B19194B194B4B194B194B30
:10BEC0004B194B4B194B4B194B194B4B194B4B4BBC
:10BED0004B194B4B4B1919194B194B4B4B19194B10
:10BEE0004B194B4B4B194B194B194B4B4B194B4B9C
:10BEF0004B194B4B4B4B19194B194B4B4B4B194B8C
:10BF00004B194B4B4B4B4B194B194B4B4B4B4B4B17
:10BF10004B4B1919191919194B4B19191919194B97
:10BF20004B4B191919194B194B4B191919194B4B23
:10BF30004B4B1919194B19194B4B1919194B194B13
:10BF40004B4B1919194B4B194B4B1919194B4B4B9F
:10BF50004B4B19194B1919194B4B19194B19194BF3
:10BF60004B4B19194B194B194B4B19194B194B4B7F
:10BF70004B4B19194B4B19194B4B19194B4B194B6F
:10BF80004B4B19194B4B4B194B4B19194B4B4B4BFB
:10BF90004B4B194B191919194B4B194B1919194BB3
:10BFA0004B4B194B19194B194B4B194B19194B4B3F
:10BFB0004B4B194B194B19194B4B194B194B194B2F
:10BFC0004B4B194B194B4B194B4B194B194B4B4BBB
:10BFD0004B4B194B4B1919194B4B194B4B19194B0F
:10BFE0004B4B194B4B194B194B4B194B4B194B4B9B
:10BFF0004B4B194B4B4B19194B4B194B4B4B194B8B
:10C000004B4B194B4B4B4B194B4B194B4B4B4B4B16
:10C010004B4B4B19191919194B4B4B191919194B32
:10C020004B4B4B1919194B194B4B4B1919194B4BBE
:10C030004B4B4B19194B19194B4B4B19194B194BAE
:10C040004B4B4B19194B4B194B4B4B19194B4B4B3A
:10C050004B4B4B194B1919194B4B4B194B19194B8E
:10C060004B4B4B194B194B194B4B4B194B194B4B1A
:10C070004B4B4B194B4B19194B4B4B194B4B194B0A
:10C080004B4B4B194B4B4B194B4B4B194B4B4B4B96
:10C090004B4B4B4B191919194B4B4B4B1919194B4E
:10C0A0004B4B4B4B19194B194B4B4B4B19194B4BDA
:10C0B0004B4B4B4B194B19194B4B4B4B194B194BCA
:10C0C0004B4B4B4B194B4B194B4B4B4B194B4B4B56
:10C0D0004B4B4B4B4B1919194B4B4B4B4B19194BAA
:10C0E0004B4B4B4B4B194B194B4B4B4B4B194B4B36
:10C0F0004B4B4B4B4B4B19194B4B4B4B4B4B194B26
:10C100004B4B4B4B4B4B4B194B4B4B4B4B4B4B4BB1
:10C1100000C0C101C30302C2C60607C705C5C404E7
:10C12000CC0C0DCD0FCFCE0E0ACACB0BC90908C857
:10C13000D81819D91BDBDA1A1EDEDF1FDD1D1CDC47
:10C1400014D4D515D71716D6D21213D311D1D010B7
:10C15000F03031F133F3F23236F6F737F53534F4A7
:10C160003CFCFD3DFF3F3EFEFA3A3BFB39F9F83817
:10C1700028E8E929EB2B2AEAEE2E2FEF2DEDEC2C07
:10C18000E42425E527E7E62622E2E323E12120E077
:10C19000A06061A163A3A26266A6A767A56564A467
:10C1A0006CACAD6DAF6F6EAEAA6A6BAB69A9A868D7
:10C1B00078B8B979BB7B7ABABE7E7FBF7DBDBC7CC7
:10C1C000B47475B577B7B67672B2B373B17170B037
:10C1D0005090915193535292965657975595945427
:10C1E0009C5C5D9D5F9F9E5E5A9A9B5B9959589897
:10C1F000884849894B8B8A4A4E8E8F4F8D4D4C8C87
:10C2000044848545874746868242438341818040F6
:10C2100000C1814001C0804101C0804100C1814016
:10C2200001C0804100C1814000C1814001C0804106
:10C2300001C0804100C1814000C1814001C08041F6
:10C2400000C1814001C0804101C0804100C18140E6
:10C2500001C0804100C1814000C1814001C08041D6
:10C2600000C1814001C0804101C0804100C18140C6
:10C2700000C1814001C0804101C0804100C18140B6
:10C2800001C0804100C1814000C1814001C08041A6
:10C2900001C0804100C1814000C1814001C0804196
:10C2A00000C1814001C0804101C0804100C1814086
:10C2B00000C1814001C0804101C0804100C1814076
:10C2C00001C0804100C1814000C1814001C0804166
:10C2D00000C1814001C0804101C0804100C1814056
:10C2E00001C0804100C1814000C1814001C0804146
:10C2F00001C0804100C1814000C1814001C0804136
:10C3000000C1814001C0804101C0804100C1814025
:04C31000F8B500BFBD
:04C31400F8B500BFB9
:08C318007CEEFF7F0100000034
:10C3200001000000000000000000803F000000004D
:10C33000000000000000803F00000000000000003E
:10C340000000803F00000000000000000000803F6F
:10C3500000000000000000000000803F000000001E
:10C36000000000000000803F00000000000000000E
:10C370000000803F00000000000000000000803F3F
:10C3800000000000000000000000803F00000000EE
:10C39000000000000000803F0000000000000000DE
:10C3A000000000000000003F00010000000000004D
:10C3B000000000000000003F00010000000000003D
:10C3C000000000000000003F00010000000000002D
:10C3D000000000000000003F00010000000000001D
:10C3E000000000000000003F00010000000000000D
:10C3F000000000000000003F0001000000000000FD
:10C40000000000000000003F0001000000000000EC
:10C41000000000000000003F0001000000000000DC
:10C42000000000000000003F0001000000000000CC
:10C43000000000000000003F0001000000000000BC
:10C4400000010000000000000000000000000000EB
:10C45000010100000C0000000000000001FFFF01CE
:10C4600020002000180005C600C6000000000000E3
:10C470000000000001FFFF00FFFFFFF220000001AD
:08C480000100000000BD0105F0
:040000050800AF2D13
:00000001FF
