:020000040800F2
:1000000000000720592000089D2000089D200008BE
:100010009D2000089D2000089D2000080000000091
:100020000000000000000000000000009D2000080B
:100030009D200008000000009D200008B90A00086B
:100040009D2000089D2000089D2000089D2000089C
:100050009D2000089D2000089D2000089D2000088C
:100060009D2000089D2000089D2000089D2000087C
:100070009D2000089D2000089D2000089D2000086C
:100080009D2000089D2000089D2000089D2000085C
:100090009D2000089D2000089D2000089D2000084C
:1000A0009D2000089D2000089D2000089D2000083C
:1000B0009D2000089D2000089D2000089D2000082C
:1000C0009D2000089D2000089D2000089D2000081C
:1000D0009D2000089D2000089D2000089D2000080C
:1000E0009D2000089D2000089D2000089D200008FC
:1000F0009D2000089D2000089D2000089D200008EC
:100100009D2000089D2000089D2000089D200008DB
:100110009D2000089D2000089D2000089D200008CB
:100120009D2000089D2000089D2000089D200008BB
:100130009D2000089D2000089D2000089D200008AB
:100140009D2000089D2000089D2000089D2000089B
:100150009D2000089D2000089D2000089D2000088B
:100160009D2000089D2000089D2000089D2000087B
:100170009D2000089D2000089D2000080000000030
:100180009D2000089D2000089D2000089D2000085B
:100190009D2000089D2000089D2000080000000010
:0C01A0009D2000089D2000089D20000804
:1001AC00034613F8012B002AFBD1181A01387047AB
:1001BC0053B94AB9002908BF00281CBF4FF0FF31C2
:1001CC004FF0FF3000F00CB8ADF1080C6DE904CE27
:1001DC0006F0C2FBDDF804E0DDE9022304B0704751
:1001EC00704700BF0348044B834202D0034B03B15A
:1001FC00184770470C0000200C0000200000000085
:10020C000548064B1B1AD90F01EBA301491002D06C
:10021C00034B03B1184770470C0000200C00002062
:10022C000000000010B5064C237843B9FFF7DAFF45
:10023C00044B13B10448AFF300800123237010BDAD
:10024C001000002000000000206C000808B5054BD1
:10025C001BB105490548AFF30080BDE80840FFF726
:10026C00CFBF00BF0000000014000020206C00086D
:10027C002DE9F04F14461289531EFE2B83B000F269
:10028C00AC807F4B7F4D5FFA82F9A3FB093809EBF9
:10029C00D81818F0FF080AD02F460026B1B2204615
:1002AC0002F060FE0136B04507F8010BF6D12B7851
:1002BC00F02B00F09980F52B00F0A680FB2B40F082
:1002CC008C80B9F1010F00F03183B9F1070F40F2C6
:1002DC008480B5F80130002B40F0EE80B9F1180F96
:1002EC007BD1694A01921146EA790B70B5F8051079
:1002FC00AB7AB1F5424F70D1052A6ED1012B6CD17E
:10030C0095F80CB095F80DA095F80E9095F80F8017
:10031C002F7C6E7C95F812E095F813C0287D697DD2
:10032C00AA7DEB7DBBF1670F57D1BAF1640F54D1A5
:10033C00B9F1330F51D1B8F1320F4ED1662F4CD1E8
:10034C00342E4AD1BEF1350F47D1BCF1300F44D118
:10035C00762842D1692940D1742A3ED1362B3CD122
:10036C0072B601F015FB012001F024FC022001F013
:10037C0021FC102001F01EFC402001F01BFC802011
:10038C0001F018FC102001F01FFB012001F012FC01
:10039C00022001F00FFC102001F00CFC402001F0B9
:1003AC0009FC802001F006FC01F004FB62B6374A20
:1003BC00B5F8033036491768364A5BBA0B80364BB2
:1003CC0012883649022538461D8003F037F800287C
:1003DC0000F0B882019A01231370204602F0B6FC9B
:1003EC0040B203B0BDE8F08FB9F1070FF5D12B4A3D
:1003FC00D5F80110B5F8053011602648284A5BBACB
:10040C00012103801170E8E7204A224B156823492B
:10041C001A88284603F012F80028DED1214E224A11
:10042C00224B2348C6E9002303F17363214A03F5E9
:10043C0050532F33C6E9022347F2694236233282E6
:10044C0006214122B37402F09BFB41220346132187
:10045C0030461E4602F094FB07460146304602F039
:10046C009DFC3146284602F09DFF284603F014F807
:10047C00304602F06BFC384602F068FCADE700BF7A
:10048C0081808080400100202C00002098020020F8
:10049C0030000020000000202E000020440200202C
:1004AC003200002040000020F50100C20501006769
:1004BC009C02002064333266DFF87C835EBAB8F8A5
:1004CC000020B6B2B24288D1D04A01921146D5F87A
:1004DC0003204FF0000AB3F5807F81F800A017BA13
:1004EC0000F0C280082A00F00481C94B9A4200F047
:1004FC002881C84B9A4200F03881C74B9A4200F0D1
:10050C005C81B2F5847F00F04481B2F5027F00F08B
:10051C009581B2F5816F00F06481B2F5C16F00F086
:10052C00C98140F608039A4200F0B08140F60823D6
:10053C009A4200F04B8240F608439A4200F0328215
:10054C0040F608639A4200F0198242F208039A427C
:10055C0000F0008242F208439A4200F0D38142F646
:10056C0008039A4200F0BA8142F608439A4200F01E
:10057C007981A9F1070212F0FC0FC2F385093CD076
:10058C007F1BA64D4FF0000BAB7A6A7A95F807A04B
:10059C0042EA03222B7A43EA02234AEA032A72B67E
:1005AC0001F0F6F9012001F005FB022001F002FB3D
:1005BC00102001F0FFFA402001F0FCFA802001F03D
:1005CC00F9FA5146781901F07FFA012001F0F2FA9C
:1005DC00022001F0EFFA102001F0ECFA402001F0BB
:1005EC00E9FA802001F0E6FA01F0E4F962B60BF1C9
:1005FC00010BD94505F10405C6D1894B1B88B342C3
:10060C0075D0751CADB2874B87491F68874BA8F80E
:10061C0000501A88384602F011FF00287FF4DAAE39
:10062C00834E8448B570FB232D0A757041223370BC
:10063C00062102F0A5FA412205460321304602F0BC
:10064C009FFA06460146284602F0A8FB2946384682
:10065C0002F0A8FE384602F01FFF284602F076FB97
:10066C00304602F073FBB5E6A9F1070212F0FC0F5D
:10067C00C2F385083FF4B1AE7F1B684DAB7A6A7A42
:10068C00EE7942EA03222B7A43EA022346EA032656
:10069C0072B601F07DF9012001F08CFA022001F014
:1006AC0089FA102001F086FA402001F083FA8020AC
:1006BC0001F080FA3146781901F006FA012001F0B8
:1006CC0079FA022001F076FA102001F073FA40203A
:1006DC0001F070FA802001F06DFA01F06BF962B64E
:1006EC000AF1010AD04505F10405C7D175E60125CB
:1006FC0089E772B601F04CF9012001F05BFA022097
:10070C0001F058FA102001F055FA402001F052FA8D
:10071C00802001F04FFA504601F056F9012001F00B
:10072C0049FA022001F046FA102001F043FA402069
:10073C0001F040FA802001F03DFA01F03BF962B67D
:10074C0017E772B601F024F9012001F033FA022008
:10075C0001F030FA102001F02DFA402001F02AFAB5
:10076C00802001F027FA0820D6E772B601F010F9C4
:10077C00012001F01FFA022001F01CFA102001F0F8
:10078C0019FA402001F016FA802001F013FA10201B
:10079C00C2E772B601F0FCF8012001F00BFA02205E
:1007AC0001F008FA102001F005FA402001F002FADD
:1007BC00802001F0FFF92020AEE772B601F0E8F8D6
:1007CC00012001F0F7F9022001F0F4F9102001F0FA
:1007DC00F1F9402001F0EEF9802001F0EBF918203E
:1007EC009AE772B601F0D4F8012001F0E3F9022087
:1007FC0001F0E0F9102001F0DDF9402001F0DAF908
:10080C00802001F0D7F9302086E700BF2C000020B3
:10081C0008004000080080000800C00040010020D3
:10082C00300000209802002044020020000000202C
:10083C00400000209C0200202E00002072B601F027
:10084C00A7F8012001F0B6F9022001F0B3F910204D
:10085C0001F0B0F9402001F0ADF9802001F0AAF9C7
:10086C00282059E772B601F093F8012001F0A2F9A3
:10087C00022001F09FF9102001F09CF9402001F0BA
:10088C0099F9802001F096F9782045E772B601F0CD
:10089C007FF8012001F08EF9022001F08BF9102075
:1008AC0001F088F9402001F085F9802001F082F9EF
:1008BC00402031E772B601F06BF8012001F07AF9B3
:1008CC00022001F077F9102001F074F9402001F0BA
:1008DC0071F9802001F06EF938201DE772B601F035
:1008EC0057F8012001F066F9022001F063F910209D
:1008FC0001F060F9402001F05DF9802001F05AF917
:10090C00702009E772B601F043F8012001F052F9AA
:10091C00022001F04FF9102001F04CF9402001F0B9
:10092C0049F9802001F046F96820F5E6BFF34F8FB6
:10093C003049314BCA6802F4E0621343CB60BFF319
:10094C004F8FFEE72D4E2E48B570FB23412206211A
:10095C0033806EE672B601F01BF8012001F02AF923
:10096C00022001F027F9102001F024F9402001F0B9
:10097C0021F9802001F01EF96020CDE672B601F05D
:10098C0007F8012001F016F9022001F013F91020EC
:10099C0001F010F9402001F00DF9802001F00AF966
:1009AC005820B9E672B600F0F3FF012001F002F90D
:1009BC00022001F0FFF8102001F0FCF8402001F0BB
:1009CC00F9F8802001F0F6F85020A5E672B600F098
:1009DC00DFFF012001F0EEF8022001F0EBF810200F
:1009EC0001F0E8F8402001F0E5F8802001F0E2F891
:1009FC00482091E600ED00E00400FA0540000020DC
:100A0C009C020020144A154B154970B514681A88BD
:100A1C00204602F013FD00B170BD412206211148A1
:100A2C0002F0AEF84122054601210F4802F0A8F869
:100A3C0006460146284602F0B1F92946204602F046
:100A4C00B1FC204602F028FD284602F07FF9304622
:100A5C00BDE8704002F07AB9980200200000002036
:100A6C00440200209C0200203400002090F8393011
:100A7C00DB0700D4704710B502F036FD084B044676
:100A8C00186060B1074940F2E17202F05BFB30B9CB
:100A9C00024605492046BDE8104002F007BD10BDD6
:100AAC0098020020480200207D020008024A1368C8
:100ABC0001331360704700BFA402002010B584B04E
:100ACC0001F09AFC01F002FE19491A4A1A481B4C13
:100ADC0008601B4B4FF6FF7010600620B3F804C083
:100AEC0084F838001868174BC4F832000293164B80
:100AFC000193002300932046A4F836C0134B01F059
:100B0C0063FE134BE362204601F03AFF1149204685
:100B1C0001F064FF04F0EAFE204604F0F7FE2046E4
:100B2C0001F034FF204604B0BDE8104003F09CBD3A
:100B3C00500200204C020020A9FE2F5E540200201F
:100B4C009C02002025680008B5100008480200200F
:100B5C00506C0008790A00084FF0E022954996483D
:100B6C002DE9F8435061F020002481F82300934BC9
:100B7C00946107211161D3F8201AD3F8100AD3F825
:100B8C00148AD3F8189A8E4F8E4E8F4D6FF03A020E
:100B9C004FF6FF73FFF70CFB4846414691469846CB
:100BAC006FF03A024FF6FF73FFF702FB874988EAB2
:100BBC00030389EA02020B714FF440601B0A0A60BE
:100BCC004B7101F097F902231A462146384601F081
:100BDC00A9F8022319462246384600F0F1FF0222FA
:100BEC000B21384601F014F94FF4406001F082F902
:100BFC00214604230222384601F094F804232246AD
:100C0C000221384600F0DCFF04220B21384601F0AB
:100C1C00FFF840F6024001F06DF902231A46214616
:100C2C00304601F07FF8022319462246304600F088
:100C3C00C7FF02220B21304601F0EAF84FF4406066
:100C4C0001F058F9214680230222384601F06AF857
:100C5C00802322460221384600F0B2FF80220B216D
:100C6C00384601F0D5F840F6024001F043F9214630
:100C7C0010230222304601F055F81023224602219F
:100C8C00304600F09DFF10220B21304601F0C0F8D9
:100C9C0040F6024001F02EF9214620230222304674
:100CAC0001F040F8202322460221304600F088FF54
:100CBC0020220B21304601F0ABF840F6014001F048
:100CCC0019F9214628464FF40063022201F02AF854
:100CDC004FF4006322462846022100F071FF4FF4C6
:100CEC0000620B21284601F093F840F6014001F018
:100CFC0001F9214628464FF48053022201F012F8E4
:100D0C004FF4805322462846022100F059FF4FF43D
:100D1C0080520B21284601F07BF840F6014001F08F
:100D2C00E9F8214628464FF40053022200F0FAFF5E
:100D3C004FF4005322462846022100F041FF4FF4A5
:100D4C0000520B21284601F063F841F20E1001F01D
:100D5C00D1F84FF4000001F06DF940F6194001F0A4
:100D6C00C9F840F61A4001F0C5F840F61B4001F0F6
:100D7C00C1F800F0CFF900F0EDF9224621464FF40E
:100D8C00904000F0ABFB102000F062FD104D114CB8
:100D9C00FFF794FE10481149114A4FF0FF330360DE
:100DAC002B60104B2360FD20F22308701370BDE8FC
:100DBC00F88300BF00ED00E03E0D03000070FF1F44
:100DCC000000024000080240000402409C02002087
:100DDC00440200203C00002040020020380000208B
:100DEC0034000020F00001012DE9F04F85B0002403
:100DFC006A4F0194A246A146A04626462546684B5A
:100E0C00D3F800B0ABEB0502B2F57A7F80F091809D
:100E1C00ABEB0602632A7ED8ABEB08014EF65F22E1
:100E2C00914200F28280ABEB0902B2F5FA7F6ED2EE
:100E3C00019BABEB0302B2F5FA6F61D2ABEB0A018B
:100E4C0044F61F6291420BD9564B1A68013206D0F8
:100E5C0072B6544B1A6882F308885A689047DA467F
:100E6C00ABEB040140F6B732914203D94E4B1A78E2
:100E7C0092B95C4600F068FD012802D94B4800F09D
:100E8C00D3F83B78002BBAD0484803F0DDFD00289E
:100E9C005AD100233B70B2E7454B46491C68464B80
:100EAC001A88464B20461B88029302F0C7FA00288A
:100EBC00DFD1434A029B937011461B0A5370FB22ED
:100ECC000A7040484122062101F05AFE412202904C
:100EDC0003213B4801F054FE01460390029801F0B7
:100EEC005DFF0299204602F05DFA204602F0D4FA2A
:100EFC00029801F02BFF039A104601F027FFB8E788
:100F0C002A4803F0A1FDC0B9CDF804B096E703F070
:100F1C003BFDD9468CE704F0C7FDABEB08014EF660
:100F2C005F2291425E467FF67EAF03F023FCD846EB
:100F3C0079E704F025F85D466AE7234B1A78002A16
:100F4C00E2D0FFF75FFDDFE7194B1A49D3F800B089
:100F5C00194B58461A8802F071FA002899D141228F
:100F6C000621184801F00CFE41220290042117487A
:100F7C0001F006FE01460390029801F00FFF029962
:100F8C00584602F00FFA584602F086FA029801F021
:100F9C00DDFE039B184601F0D9FE7AE732000020F3
:100FAC00A4020020008000082C0000205402002025
:100FBC009802002044020020000000202E00002097
:100FCC00400000209C020020020000203C00002079
:100FDC0008B5FFF7C1FDFFF707FF00BF114B1868FD
:100FEC000368002B00DAFEE770B50C46012100F017
:100FFC0037FC064684B1002562896168701905F0DA
:10100C009DFC638924681D44002CF5D129460020E1
:10101C0000F060F9002070BD2146002000F05AF964
:10102C00002070BDF00200202DE9F0411D4D022181
:10103C008046286800F014FC05210446286800F05E
:10104C000FFC4FF4C1720646A1B2002001F00CFD5A
:10105C000746F8B10446002562896068711905F0ED
:10106C006DFC638924681D44002CF5D12146204673
:10107C0000F0E0F8D8F8103041463846984704465E
:10108C0010B92046BDE8F081384601F05FFE2046DD
:10109C00BDE8F08101464FF0FF3400F0CBF820465C
:1010AC00BDE8F081EC02002038B50446154B164A19
:1010BC00E36216496161062344F2474004F13201B0
:1010CC006087A26184F83830002000F075F940F296
:1010DC00DC522E23228684F839304FF4E00000F0E5
:1010EC004FF84FF460200A4C00F04AF804F1500518
:1010FC002046103400F0DEFBAC42F9D100F036F99A
:10110C00002038BD5C6C0008E90F0008A9530008EA
:10111C00CC3E002008B540F2194000F0F9FE40F238
:10112C00194000F003FF0A4B002200200021C3E904
:10113C000C01C3E90022C3E90222C3E90422C3E97A
:10114C000622C3E90822C3E90A229A6308BD00BF3C
:10115C00A80200200849094B0A6842F001020A6003
:10116C0001E0013B02D00A68D207FAD4024B18689E
:10117C00C04300F00100704700900240FFFF0400E4
:10118C00B0F5E00F70B437D0214C2249224B234AE2
:10119C00CC604FF000401C6044F2F4512346204DCB
:1011AC00DC6400242C601F4D18602C6002F58E55F9
:1011BC0002F5BE541C35103403F110069D635960C2
:1011CC0003F140059A6018615961186259621863FD
:1011DC005963186459649C6403F1200002F2F454BE
:1011EC0003F1300102F6E832C3E90640DE60DD634C
:1011FC00C3E90A2170BC70470B4C064A0B4B1461B7
:10120C004FF480101C600A4A00212346C7E700BF38
:10121C00CC3E002000900240EC020020B8200020C0
:10122C00E4020020E80200207C3E0020F0020020B6
:10123C00F402002070B4244C23681A68002A05DBE1
:10124C0028B302F40345B5F5407F02D0002070BCF2
:10125C0070471E4D2E68B601C2F30D4501D596069A
:10126C0000D4043D8D42F1D88DB19B68012D1B78C3
:10127C0003700BD0411E2944024623689B6801333E
:10128C001B1A9B5C02F8013F8A42F6D12368104A74
:10129C004FF0004119605169080603D580200021E8
:1012AC00506191605A68510403D5DB6823600120BA
:1012BC00CDE7120401D5064BF7E7054A1268C2F3D5
:1012CC00840210321344F1E7EC020020008002404B
:1012DC000090024030B5234C23681A68002A33DB97
:1012EC0040F2F455A9422FD8B8B1B1B19B6802783D
:1012FC001A7001290FD000EB010E0EF1FF3E0246D1
:10130C0023689B6801331B1A134412F801CF83F82E
:10131C0000C07245F4D123681A68134D42F0304274
:10132C00C3E900216969686901F0040100F020003B
:10133C00014303D0002269616A601A68D10205D5A5
:10134C00DB682360012030BD002030BD920202D545
:10135C00054B1B69F5E7044A1268C2F3840210328C
:10136C001344EEE7F0020020009002400F481049B1
:10137C000268104B42F0080202608A6942F4801243
:10138C008A6101E0013B02D08A69D202FAD4084B8F
:10139C0006499A6942F400529A610A6842F00402C2
:1013AC000A609A6942F002029A617047008002401A
:1013BC0000900240FFFF0400034B8A88C2500433A4
:1013CC000A68C250704700BF4080024010B5374BCE
:1013DC0082B001201C6900F0B7FD354B354A03443F
:1013EC00934224F01C043FD244F008042F49324BA2
:1013FC000C610A6922F47F4222F0C3024FF40040D0
:10140C0042F0030248610A6101E0013B02D00A6923
:10141C00D407FAD4254B1B6913F001032DD1264AAE
:10142C0001930192019B2BB1019B013B0193019B09
:10143C00002BF9D11D49204B0A6922F47F4222F07E
:10144C00C30242F001020A6101E0013B02D00A69C9
:10145C00D007FAD4154B1A69D2070DD45869C0437A
:10146C00C0F3C03002B010BD144B154A0344934274
:10147C0006D844F00C04B9E75B69002002B010BD3B
:10148C00104B114A03449342B0D3104B104A0344FF
:10149C00934202D844F00404A8E70E4B0E4A0344CE
:1014AC009342EAD844F01004A0E700BF0080024049
:1014BC0000D3CEFEC0E1E400FFFF040040F1E9FDE3
:1014CC003F787D0100796CFC005A6202001F0AFA19
:1014DC007FF0FA02802E0FF7804A5D05F0B583B0DD
:1014EC0006460D461446FFF771FF78B9934B0090F2
:1014FC000093009B2BB1009B013B0093009B002BA6
:10150C00F9D1FFF763FF002800F048818C4A8D4B1E
:10151C0011680B401360002353609360D360916992
:10152C004FF64170014041F0800187489161D361D1
:10153C0087698649394041F00871816101688449A5
:10154C000160012E00F02D811369F10823F47F4313
:10155C00700823F0C30301F4807100F4005043F0D1
:10156C0003030143516113617A4B01E0013B02D04B
:10157C001169CF07FAD4724B1B6913F0010340F0C9
:10158C000D816FF07F4201930192019B2BB1019B66
:10159C00013B0193019B002BF9D1694A136823F499
:1015AC00B0431E4316606E050BD51368664943F4B1
:1015BC00806313608A6905F0806322F080621343B4
:1015CC008B615F49644A4B681C434C601368D807B5
:1015DC0013D50C685368614824F0007424F080041F
:1015EC0018402043584C0860A1699B0821F0C001A9
:1015FC0003F0C0030B43A36113689F0709D552493D
:10160C0090680B6823F0E06323F4803303430B6092
:10161C0013685E0709D54C49D0680B6823F47E0328
:10162C0023F47C5303430B6013681D0709D546490B
:10163C0010690B6823F4404323F0020303430B604F
:10164C001368DC0607D54049454B8C69506923402B
:10165C0003438B611368980612D53B4C9369A069C0
:10166C00404920F08070194020F004000143A16132
:10167C00216803F0800321F080010B432360136881
:10168C00590607D52E49D069CB695B0C5B04034323
:10169C00CB6113681F0617D5294C136AA0694FF646
:1016AC004171084023F47F4121F041010143264858
:1016BC00A161D0F880101B0A21F0770103F07703A9
:1016CC000B43C0F880301368DE0503D51C4B516A00
:1016DC00996013689D0503D5194B916AD9601368FD
:1016EC005C0509D51649D06A4B6823F4FB6323F0DB
:1016FC00060303434B601368180509D51049106B9A
:10170C000B6823F4913323F0700303430B601368CD
:10171C00D90407D50A49506B0B6823F440030343E3
:10172C000B6013689B0406D50549926B0B6823F478
:10173C00602313430B60012003B0F0BDFFFF8F004B
:10174C00008002400F8130FD00900240233FDEF804
:10175C000060C102FFFF0400A8020020800000020C
:10176C00E73FDEFD04000001364B9C4516D01169A5
:10177C0021F47F4121F0C30141F003014FF480506B
:10178C0050611161304901E0013B02D00A69D00778
:10179C00FAD42D4F396911F001011AD0002003B091
:1017AC00F0BD2A4E274F9C461169264B314041F023
:1017BC004101116101E0013B02D01069C107FAD46B
:1017CC00136953695B070CF1010CCDD4BC45EBD10B
:1017DC00E4E71E4EDFF86CE03A691A4B324042F0F7
:1017EC0041023A6101E0013B02D03869C207FAD4E8
:1017FC003B697B69980601F1010102D47145EBD17B
:10180C00CCE7104B9942C9D03A690F4922F47F4278
:10181C0022F0C30242F4F06242F001023A6101E0AC
:10182C00013B02D00A69D207FAD4074B1A695B69EB
:10183C00C3F38006DB074FEAC6263FF5AEAE46F48F
:10184C008046AAE6FFFF0400008002403C00FFFF38
:10185C00024A536803435360704700BF0080024044
:10186C00052921D8DFE801F0050309161A03806861
:10187C0070470068C0F3C30070470368C3F30D40A2
:10188C0004280FD90A4A1268920101D59B060AD482
:10189C00043870474068C0F30C007047C088C0F330
:1018AC000C007047002070474FF0FF30704700BFAE
:1018BC0000800240436823F000434360704700BF40
:1018CC001E4A136859684FF0004010B41860480461
:1018DC000BD51B48016800292AD00B68CC68146012
:1018EC000BB303605DF8044B704709040BD5144B24
:1018FC0014481968C06810600029F3D00A685DF8B4
:10190C00044B1A6070470F490D4C0968206810335E
:10191C00C1F384010B4413600028E3D01030206025
:10192C005DF8044B704710315DF8044B0160704753
:10193C00DB685DF8044B1360704700BFEC020020BD
:10194C00E40200200090024008B50F4B1B681B6896
:10195C00002B14DB03F40342B2F5407F0BD103F0F0
:10196C002102212A07D0094A12689201C3F30D40C3
:10197C0007D4043808BDFFF7A3FF012008BD0020E1
:10198C0008BD9B06F5D508BDEC0200200080024086
:10199C00054BD3F8102C002A05DA0449044AC3F885
:1019AC00041CC3F8042C7047003002402301674527
:1019BC00AB89EFCD034AD2F8103C43F00043C2F898
:1019CC00103C7047003002403E496FF03043D1F874
:1019DC000C2C12F4803F4BD112F4807F4CD112F0BE
:1019EC00800F4ED112F0400F50D112F0100F58D181
:1019FC0092075DD4012B3DD0D1F8103C23F0F803B5
:101A0C0010B4C1F8103CD1F8103C2E4C034343F0F9
:101A1C000203C1F8103CD1F8103C43F480336FF052
:101A2C003042C1F8103CD4F80C0CC10333D4C305BC
:101A3C0002F1FF3233D4040638D441063DD4C30638
:101A4C003DD410F0020018BF0620002A08BF072062
:101A5C001C4B5DF8044BD3F8102C22F00202C3F897
:101A6C00102CD3F8102C22F0F802C3F8102C70476D
:101A7C00013BACD107207047012B14BF022007207B
:101A8C007047012B14BF032007207047012B14BF94
:101A9C00042007207047013AC5D10720D8E702205F
:101AAC00D3E7012B14BF0520072070470320CCE798
:101ABC00012B14BF0620072070470420C5E7052022
:101ACC00C3E700BF0030024030B4394C6FF03043F4
:101ADC00D4F80C2CD5033FD4D50542D4150646D4E6
:101AEC00550649D4D50652D4920757D4012B35D07C
:101AFC00D4F8103C2E4D23F44073C4F8103CD4F8A9
:101B0C00103C43F40073C4F8103CD4F8103C43F080
:101B1C000103C4F8103C6FF030420160D5F80C0C96
:101B2C00C3032ED4C50502F1FF322ED4040633D4E0
:101B3C00410638D4C30638D410F0020018BF062072
:101B4C00002A08BF07201A4AD2F8103C23F00103E0
:101B5C0030BCC2F8103C7047013BB9D1072030BCF7
:101B6C007047012B14BF0220072030BC7047012B9B
:101B7C0014BF03200720F2E7012B14BF0420072019
:101B8C00EDE7013ACAD10720DDE70220D8E7012BA7
:101B9C0014BF05200720E2E70320D1E7012B14BF77
:101BAC0006200720DBE70420CAE70520C8E700BFB2
:101BBC0000300240014BC3F80C0C7047003002405F
:101BCC0013F0010F30B40568C46806D025F0030C7F
:101BDC0024F003044CEA0105144313F0020F07D060
:101BEC0025F00C0C24F00C044CEA810544EA820428
:101BFC0013F0040F07D025F0300C24F030044CEA1D
:101C0C00011544EA021413F0080F07D025F0C00C9C
:101C1C0024F0C0044CEA811544EA821413F0100F2E
:101C2C0007D025F4407C24F440744CEA012544EAA6
:101C3C00022413F0200F07D025F4406C24F44064E8
:101C4C004CEA812544EA822413F0400F07D025F496
:101C5C00405C24F440544CEA013544EA023413F05D
:101C6C00800F07D025F4404C24F440444CEA8135D5
:101C7C0044EA823413F4807F07D025F4403C24F4EA
:101C8C0040344CEA014544EA024413F4007F07D087
:101C9C0025F4402C24F440244CEA814544EA824447
:101CAC0013F4806F07D025F4401C24F440144CEA44
:101CBC00015544EA025413F4006F07D025F4400C8C
:101CCC0024F440044CEA815544EA825413F4805FB6
:101CDC0007D025F0407C24F040744CEA016544EABE
:101CEC00026413F4005F07D025F0406C24F04064CC
:101CFC004CEA816544EA826413F4804F07D025F0E6
:101D0C00405C24F040544CEA017544EA02741B0414
:101D1C0044BF61F39F7562F39F740560C46030BC6F
:101D2C00704700BF012941680CBF194399434160BA
:101D3C00816813F0010F1CBF21F00301114313F054
:101D4C00020F1CBF21F00C0141EA820113F0040FB9
:101D5C001CBF21F0300141EA021113F0080F1CBF27
:101D6C0021F0C00141EA821113F0100F1CBF21F4C5
:101D7C00407141EA022113F0200F1CBF21F4406195
:101D8C0041EA822113F0400F1CBF21F4405141EA7B
:101D9C00023113F0800F1CBF21F4404141EA823123
:101DAC0013F4807F1CBF21F4403141EA024113F44B
:101DBC00007F1CBF21F4402141EA824113F4806F63
:101DCC001CBF21F4401141EA025113F4006F1CBFF7
:101DDC0021F4400141EA825113F4805F1CBF21F0D1
:101DEC00407141EA026113F4005F1CBF21F04061B5
:101DFC0041EA826113F4804F1CBF21F0405141EA4B
:101E0C0002711B0448BF62F39F718160704700BF71
:101E1C0010B4046A436A12F0010F1CBF24F00F04C3
:101E2C000C4312F0020F1CBF24F0F00444EA01141E
:101E3C0012F0040F1CBF24F4706444EA012412F065
:101E4C00080F1CBF24F4704444EA013412F0100F44
:101E5C001CBF24F4702444EA014412F0200F1CBF70
:101E6C0024F4700444EA015412F0400F1CBF24F017
:101E7C00706444EA016412F0800F18BF61F31F74A0
:101E8C0012F4807F1CBF23F00F030B4312F4007F6E
:101E9C001CBF23F0F00343EA011312F4806F1CBF44
:101EAC0023F4706343EA012312F4006F1CBF23F484
:101EBC00704343EA013312F4805F1CBF23F4702398
:101ECC0043EA014312F4005F1CBF23F4700343EA9E
:101EDC00015312F4804F1CBF23F0706343EA01637B
:101EEC00120448BF61F31F7304625DF8044B436234
:101EFC00704700BF830903F1804303F50E3300F0F4
:101F0C001F001968012282400A431A60704700BF03
:101F1C00830903F1804303F50E3300F01F001968A9
:101F2C00012282400A431A60704700BF830903F103
:101F3C00804303F50E3300F01F001A680121814025
:101F4C0022EA01021A60704710B5364C844694E8B8
:101F5C000F0088B00DF1200E10340EE90F0094E83C
:101F6C0003006B4683E8030002AB83E803002E4AB0
:101F7C00D2F80838C3F38103012B4ED0022B43D186
:101F8C00D2F80408D2F80418D2F80438D2F804288D
:101F9C00264CC3F3014312F4800F03F10103C1F388
:101FAC0088124FEA430300F03F01214818BF204636
:101FBC00B0FBF1F002FB00F0B0FBF3F01A4BD3F8DE
:101FCC000818D3F80828D3F80838C1F303112031C6
:101FDC006944C2F38222C3F342332032203311F816
:101FEC00101C6A446B4412F8202C13F8183C20FA8D
:101FFC0001F1BCF1030F12D8DFE80CF0040C02085D
:10200C0021FA02F008B010BD0948D7E721FA03F015
:10201C0008B010BD084608B010BD0448CEE700203B
:10202C00F0E700BF386C00080030024000366E014B
:10203C000024F400044AD2F8043823F400030343C8
:10204C00C2F80438704700BF00300140002103E0A3
:10205C000A4B5B584350043109480A4B42189A42C8
:10206C00F6D3094A02E0002313600432074B9A426C
:10207C00F9D300F00FF8FEF7ABFF7047786D00084E
:10208C00000000200C00002010000020A0210120E6
:10209C00FEE700005B495C4AD1F8883010B443F489
:1020AC007003C1F88830D2F8003843F0010383B0D4
:1020BC00C2F80038D2F800389907FBD5D2F80838A6
:1020CC00002143F08003C2F808380191019B4F2B8B
:1020DC0005D8019B01330193019B4F2BF9D94A4A37
:1020EC00D2F80838002143F09003C2F80838019167
:1020FC00019B4F2B05D8019B01330193019B4F2B67
:10210C00F9D94149414CD1F8083823F00303C1F8FF
:10211C000838D1F8002822F0847222F48032C1F8F9
:10212C000028D1F80028002022F48022C1F80028D1
:10213C00C1F80808D1F80828C1F80448C1F80C08FF
:10214C00D1F8002842F480324FF6FF73C1F8002812
:10215C0001E0013B03D0D1F800289203F9D52A4BBA
:10216C00D3F8002894034CD5D3F8402828492948A3
:10217C0042F08052C3F840280A6842F440420A6098
:10218C00D3F80828C3F80828D3F8082842F40042EA
:10219C00C3F80828D3F8082842F4A052C3F808283A
:1021AC00C3F80408D3F8002842F08072C3F8002862
:1021BC00D3F800289001FBD5154A136843F48033FB
:1021CC0013605368D903FCD51368114943F40033E9
:1021DC0013604B689A03FCD50B4AD2F8083823F0ED
:1021EC000303C2F80838D2F8083843F00203C2F8E7
:1021FC000838D2F808381B07FBD503B05DF8044B40
:10220C007047FEE700ED00E0003002401030002483
:10221C00007000401964400940BA80B2704700BF9A
:10222C0000BA704730B510F001044FF0000C06D026
:10223C00614529DD10F8013B013963F31F2C01299D
:10224C002ADD02394D0805F1010E00EB4E0E00237C
:10225C0030F8022B70451344FAD1C5EBC57501EB70
:10226C004501012905BF9EF8002062F3070C0CEB19
:10227C00030013FA8CF083B203EB104398B200EB1B
:10228C00134014B980B230BD604603029BB2C0F358
:10229C000720184380B230BD86460023E1E700BF1B
:1022AC002DE9F843089C1B6824689046220C12FA0E
:1022BC0084F414FA83F404EB1344A3B203EB144335
:1022CC009CB2894604EB1344E0B1054600276E89A5
:1022DC0068683146FFF7A6FF204484B2F30704EB8D
:1022EC00104406D523029BB2C4F3072487F00107E0
:1022FC001C432D68002DEAD127B123029BB2C4F3F5
:10230C0007241C434846FFF787FF05464046FFF766
:10231C0083FF2844204483B203EB104398B200EBB4
:10232C001340C04380B2BDE8F88300BFFFF7B8BFCD
:10233C0030B510F001044FF0000505D039B310F89A
:10234C00013B013963F31F25012928DD02394FEACE
:10235C00510E0EF1010C00EB4C0C002330F8022B4B
:10236C0060451344FAD1CEEBCE7E01EB4E01012930
:10237C0005BF9CF8002062F30705ED1813FA85F5EC
:10238C00ABB203EB154399B201EB134124B10B0231
:10239C009BB2C1F307211943C94388B230BD8446AF
:1023AC000023E4E720B3F8B5002705463C466E89C8
:1023BC0068683146FFF736FF0444A3B203EB1444BC
:1023CC00F30706D523029BB2C4F3072487F0010759
:1023DC001C432D68002DEAD13FB1200280B2C4F31A
:1023EC0007242043C04380B2F8BDE443A0B2F8BD3B
:1023FC004FF6FF70704700BF0B4B0C490C4830B4C4
:10240C0023F0030303F520420A4C03604FF42045EC
:10241C000A60002001211D601871236011714FF0BA
:10242C00A02330BC13607047433F0020383F00208E
:10243C00343F00203C3F0020002866D0830764D145
:10244C00324A1168A0F1080399425ED82DE9F04395
:10245C002F4C246800F10C02944254D310F8042C35
:10246C00002A50D030F8082C30F806CCB2F5204FAA
:10247C0049D8BCF5204F46D85D1AADB2654501EB85
:10248C000C0903D031F80C60AE423CD101EB020ECA
:10249C00744503D0BEF80260AE4234D11D4F002605
:1024AC0000F8046C3E689E4284BF3B601E46734538
:1024BC0017D09EF80480B8F1000F12D1744510D0DB
:1024CC00BEF8002020F8082CB64504BF3B601E4621
:1024DC00B2F5204F05D08C18658030F806CC01EB96
:1024EC000C0999450FD099F8040060B9B34208BFA4
:1024FC00C7F80090B2F5204F18BF8918A9F8002032
:10250C0018BFA1F802C0BDE8F08370473C3F002023
:10251C00383F0020343F0020CB1C23F003039BB238
:10252C000B2B3BD9B3F5204F3BD8994239D82E4AC7
:10253C001268824237D82D490968814233D970B567
:10254C00A0F1080130F808EC891A89B2AEF1080C38
:10255C00ACEB010C1FFA8CFC9C4542D31DD002EB5A
:10256C000E04257905BB224D32F80EE02E6801F1E0
:10257C00080C63449BB2A64202EB030408BF2C6018
:10258C0061800021A4F800E0217120F8083C21882A
:10259C00B1F5204F01D011444B8070BD0C239942F2
:1025AC00C5D900207047704703F11404A4B2A445A8
:1025BC00F3D30F4D01F1080423449BB22E68D418B9
:1025CC00A64288BF2C600025257122F803E06180AB
:1025DC0020F8083CD15AB1F5204FDED00A44538084
:1025EC0070BD002070BD00BF3C3F0020383F002074
:1025FC00343F0020002855D02DE9F04100F1030EA6
:10260C002EF0030E1FFA8EFEBEF10B0F29D9BEF56C
:10261C00204F23D8704521D8294B2A4E196835688C
:10262C00A5EB010C1FFA8CF3CEF52047BB429C4660
:10263C0014D26FF0070806E0CB5A1A44724513D235
:10264C009F429C460AD9C818A8EB03020479002CB7
:10265C00F2D031F803C063469F42F4D80020BDE8A5
:10266C00F0814FF00C0ED5E70EF11407BA4206D2EA
:10267C0001230371854216D00830BDE8F0810EF1BC
:10268C000802624492B28F183C718B520123A7F856
:10269C0002C0028003718B5AB3F5204FEAD00B4471
:1026AC005A80E7E77047084A0346146803E01B8822
:1026BC000B441A790AB19C42F9D13360DCE700BFB4
:1026CC003C3F0020343F0020383F0020F0B5124D35
:1026DC00124B134E05F11C0E0A240027033355F838
:1026EC00042B376023F003036CB10021B2F804C053
:1026FC000A4600E003460132A242196003EB0C00CB
:10270C001946F7D13360AE4504D02A68D2E90236B7
:10271C00D488E3E7F0BD00BF706C0008C81E012030
:10272C00C41E0120062808D8054B53F82030DB685E
:10273C00186818B102681A6070470020704700BF13
:10274C00706C0008062807D831B1044B53F82030C0
:10275C00DB681A680A601960704700BF706C00086B
:10276C006FF00B00704700BF30B50D4641682B6809
:10277C008B4283B001D103B030BD044611601046CA
:10278C0001A9019300F0C0FE94F839302A68626008
:10279C0003F00501052906D0E369002BEBD0204698
:1027AC00984703B030BD002AF6D01A0705D49B0613
:1027BC00F2D5204603F0E6F8EEE7211D204602F0A4
:1027CC00EBFE94F83930F2E72DE9F04383B0DDF8F5
:1027DC002C9000286BD0B9F1000F68D01F460A9BD3
:1027EC0003620C9B3B4C03613B4B0E46904600290D
:1027FC0008BF1E46002A08BF9846002F08BF1F4678
:10280C00227880F83C20002343608360C36080F80A
:10281C003930436283623268304903860546C361AE
:10282C0003644161002A4CD018461946D8F80020A0
:10283C00904218BFAA603A68934218BFEA60002918
:10284C0039D02846C847034688BB254E95F83C101E
:10285C003068FF2904BF85F83C30194670B1034637
:10286C0001E01B6853B193F83C208A42F9D1013145
:10287C00C9B2FF2913D085F83C10F0E7FE2918BF28
:10288C004B1C95F83920286014BFDBB20023237051
:10289C009306356007D4284603B0BDE8F0830021C9
:1028AC0085F83C10DBE7284603F030F8F3E700200E
:1028BC0003B0BDE8F08301AA31462846FFF754FF68
:1028CC00BFE7314601AAFFF74FFFD5E9020301210B
:1028DC00ACE700BF5B200120546D00086D27000899
:1028EC0060200120F0B5254D002914BF0E462E4660
:1028FC00002A14BF17462F46002B18BF1D463368FD
:10290C0083B004466BB100223B68A1688B4218BFB0
:10291C00A3602B68E1688B4218BFE3603AB103B047
:10292C00F0BD6A463146FFF71FFF0122ECE76368F2
:10293C0032689A42F3D001A96846CDE9003200F022
:10294C00E3FD94F839303268626003F00501052923
:10295C0007D132B11A070AD49B0602D5204603F0E0
:10296C0011F8E369002BDAD020469847D7E7211DF0
:10297C00204602F011FE94F83930EDE7546D000852
:10298C00014B1860704700BF5C200120C8B110B526
:10299C0090F83930D907044612D4C26943F00103C8
:1029AC0080F8393012B1904794F8393003F00502B1
:1029BC00052A05D162681AB11A0708D49B0601D4FE
:1029CC0010BD70472046BDE8104002F0DBBF211D52
:1029DC00204602F0E1FD94F83930EFE700B1C16117
:1029EC00704700BF024658B1064B186810B907E093
:1029FC00006830B190F83C300133DBB29342F7D130
:102A0C00704770476020012038B558B3002405E0AA
:102A1C00036998470134E4B2C5B12846837B013B76
:102A2C00DBB2837393B9427B0568037B9207EFD4C7
:102A3C0003F00F03022B0BD0012B0ED0002BE9D18E
:102A4C000134FFF7F9FCE4B2002DE6D1204638BD85
:102A5C0001460620FFF776FEDCE701460520FFF76E
:102A6C0071FED7E70446F1E72DE9F843002661F340
:102A7C000F06B2F5C17F884661F31F4641D014465C
:102A8C0009D822F04003012B9DB22AD04FF0000947
:102A9C004846BDE8F883B2F5207FF7D1C31C01F19D
:102AAC00030828F0030823F0030343449BB20546B4
:102ABC00434503F1100080B2E8D38045E6D8FFF718
:102ACC0099FD81460028E3D02B4A4319C0E90262E4
:102ADC001333002123F00303C0E900134846BDE87B
:102AEC00F8830520FFF71EFE81460028D0D0002376
:102AFC0004734373C581C0E9003386604846BDE862
:102B0C00F88300261D4D0746B14640F2DC5407E021
:102B1C001FFA81F83060B8F1000FB9D006460027D3
:102B2C000620FFF7FFFDFB1C23F00303E31A9BB207
:102B3C004345074428BF43461337A8EB0301002243
:102B4C0027F0030788B1C0E90027A0F8088043816B
:102B5C00C560B9F1000FDBD1A8EB03031FFA83F8B2
:102B6C008146B8F1000FD9D192E7B9F1000F8DD0A1
:102B7C004846FFF749FF89E7800001008200010009
:102B8C0070B50025064661F30F050520144661F368
:102B9C001F45FFF7C7FD38B10023C0E900360122FD
:102BAC00856004734373C28170BD00BF10B50330E0
:102BBC0020F0030C1846002361F30F03BDF80CE062
:102BCC00029C61F31F43614471450BD804B164440A
:102BDC000021C0E90143016001230221027341730A
:102BEC00C38110BD002010BD38B504460089884251
:102BFC0028D96289914211D9218124688B1A628962
:102C0C00081A99B28A4280B208D2238903442381DC
:102C1C002468891A628989B28A42F6D3237B0025FB
:102C2C0061F30F05180761F31F4504D1914202D0DF
:102C3C00637B9B0707D52068A56008B1FFF7E4FE0E
:102C4C000023236038BD63681B1B1944204689B2DE
:102C5C00FFF762FC0446EEE770B1B1F5803F0BD292
:102C6C0061B103898AB213449BB29A4204D890F999
:102C7C000CC0BCF1000F03DB012070470020704733
:102C8C0010B4446800F1100C611A614509D3B0F816
:102C9C000AC0416062444281038100205DF8044B0C
:102CAC0070470120FAE700BFA0B1B1F5803F11D207
:102CBC0091B143898AB29A420CD810B444680C443E
:102CCC00018944609B1A8A1A438102815DF8044B86
:102CDC0000207047012070470020704700291ADB44
:102CEC0000B359B303898AB213449BB29A4219D8E0
:102CFC0010B490F90CC04468BCF1000FA4EB0101B6
:102D0C001EDBB0F80AC0416062444281038100209E
:102D1C005DF8044B704728B1438949421FFA81FC86
:102D2C009C4501D9012070474268114402894160D9
:102D3C00A3EB0C03A2EB0C02438102810020704731
:102D4C0000F1100C6145DCD20120E1E708B1FFF77E
:102D5C005BBE7047034630B100201B68013080B267
:102D6C00002BFAD17047704710B1837B013383730A
:102D7C00704700BF80B179B1036843B10289B1F8E3
:102D8C0008C06244028118461B68002BF6D10A89E0
:102D9C000389016013440381704700BFA0B191B156
:102DAC00036843B10289B1F808C062440281184635
:102DBC001B68002BF6D10A89038901601344038137
:102DCC008B7B01338B7370470029F9D1704700BF9F
:102DDC0000287AD02DE9F0410D4600296DD00289EA
:102DEC000B899A42804668D30026438937466C8902
:102DFC00D8F804006968DB1BA41B9C4228BF1C4646
:102E0C0031443844224603F099FD6B892644B34281
:102E1C00274414D9B8F80A2097423CD02A899A4200
:102E2C0019D0B8F80A30B8F808209A42DFD1D8F88F
:102E3C000020002ADBD06FF00500BDE8F081B8F867
:102E4C000A302D68BB4215D06DB169892A8991422F
:102E5C004FF00006E7D12B68002BE2D06FF0050095
:102E6C00EBE7B8F80A30B8F808209A421AD00020DC
:102E7C00BDE8F081D8F80080B8F1000F1BD0002D10
:102E8C00EFD06A892B899A424FF0000618D0B8F817
:102E9C000A303746C7E7D8F80080B8F1000F0CD0DD
:102EAC000027BBE7D8F80030002B0CBF00206FF0D8
:102EBC000500BDE8F081002DD9D06FF00F00D7E7E9
:102ECC002B683746002BACD0C8E76FF00F0070476B
:102EDC002DE9F041054660B30F4671B3164682B337
:102EEC004FF00008B5F80AC007EB080053B1634572
:102EFC00A3EB0C0206D32D6893B2002DF2D1404601
:102F0C00BDE8F081ACEB0304A4B2B44228BF344654
:102F1C006968361B224619444444B6B203F00EFDD0
:102F2C001FFA84F82D68002EE9D00023002DD9D18A
:102F3C00E5E780464046BDE8F08188464046BDE85E
:102F4C00F0819046DBE700BF38B515460A46298963
:102F5C00FFF78AFD044610B12946FFF739FF2046DA
:102F6C0038BD00BF18B90AE0006899B230B1438986
:102F7C008B42A1EB0303F7D94368585C7047704749
:102F8C002DE9F04F4389072B87B0044640F2998016
:102F9C00DFF8AC91D0F804A0D9F814008846D9F821
:102FAC00001003F0C5F80546BAF80000FFF734F935
:102FBC000746BAF80200FFF72FF95E4BD3F800B0C2
:102FCC000246BBF1000F00F0B180D9E9043C0026A9
:102FDC000393CDF814B05B46D9F804E00494304662
:102FEC00D34604E0D9681846002970D00B46598A9C
:102FFC009142F7D193F808A0BAF1000F05D09EF8D2
:10300C003C100131C9B28A45ECD11968002D44D06D
:10301C0049B1BCF1FF3F64D0D8F8084081EA0C0AF2
:10302C001AEA040FDED193F810A01AF0040F04D1A1
:10303C00002E69D0BCF1FF3F59D0998AB942D1D149
:10304C00596811B1039CA142CCD1DA46DDE9044B9D
:10305C0028B1384A1360DA68C260C3F80CB01E4657
:10306C00BAF8063043B1344B00932289043B11214A
:10307C002046FFF75BF920BB08212046FFF714FE22
:10308C00F8B9BEB1356AE5B1706A2C4B009722468F
:10309C003146A84707B0BDE8F08F09B16145A1D111
:1030AC00197C4907C9D4998A002E08BF1E46B9421B
:1030BC0098D1C5E72DB9D9F8143003F0F003E02B03
:1030CC0028D1204607B0BDE8F04FFFF73FBE049C67
:1030DC00DA46002EC4D1D8F804309C45F1D1002634
:1030EC00BEE793F810A01AF0040FA6D166B1D8F879
:1030FC0004A034685445A0D08A4508BF1E46998A5E
:10310C00B9427FF46FAF9BE7998AB9421E467FF4B0
:10311C0069AF95E7B9F80C100831204609B2FFF7F2
:10312C00DDFD0321204602F01DFBCAE7D9F814C0CF
:10313C00D1E700BF64200120303F00202C3F00204D
:10314C001C3F0020394BF0B5002914BF0C461C461F
:10315C00002865D0364E3768F7B1B84218BF3946EB
:10316C0002D143E0884241D0C9680029FAD1AAB102
:10317C0025683B4615B929E0DB68FBB18342FBD0DF
:10318C00B3F812C09445F7D11C68A54201D0002CAD
:10319C00F2D16FF00700F0BD0ABB3946DFF894E0BE
:1031AC00BEF800204FF6FF739A424FF4804532D0A0
:1031BC00013292B22FBB2568AEF800200560428226
:1031CC0081B10020F0BDDB68002BF7D09842FAD01B
:1031DC005C8A9442DDD0DB68002BF7D1EEE72368E4
:1031EC0003604282C76030600020EBE70121BEE73C
:1031FC00013DADB2BDB14FF6FF739A42D8D14FF439
:10320C0040423B4602E0DB68002BD4D0B3F812C03E
:10321C009445F8D1ECE74FF44042002FF1D1CAE7C6
:10322C006FF00F00F0BDAEF80020B2E7546D00084F
:10323C0064200120040000202DE9F04F85B0DDE969
:10324C000EBA002800F087800D46002900F083801C
:10325C001746002A7FD0BAF1000F7CD0BBF1000FCB
:10326C0079D0428A99460446002A5BD02A894FF6C7
:10327C00F7739A4272D808212846FFF7EDFC002814
:10328C0041D12E46608AD6F80480FEF7C5FFA8F817
:10329C0000004846FEF7C0FF0023A8F8020088F89B
:1032AC00063088F80730237C1A0708D53B6803F0F2
:1032BC00F003E02B03D1737B43F004037373308969
:1032CC00FEF7AAFFA8F80400237CDB0734D53B6883
:1032DC0003F0F003E02B0CBF637FE37ACDF808B06A
:1032EC00A27A0092112001903A465146304602F0E3
:1032FC00A3FEAE42804602D03046FFF727FD404683
:10330C0005B0BDE8F08F4FF4207208212220FFF7A2
:10331C00ABFB064610B32B89002BB3D02946FFF725
:10332C003DFDAFE70146FFF70DFF804600289DD01D
:10333C00404605B0BDE8F08F328900975346112105
:10334C003046FEF7F3FF4FF6FF73002818BF034615
:10335C00A8F80630BBE76FF00F08D0E74FF0FF3846
:10336C00CDE700BF70B582B0069CA8B1A1B19AB1EF
:10337C0094B1056835B9251DCDE90045FFF75CFF13
:10338C0002B070BD05F0F00CBCF1E00FF3D0666834
:10339C00B54204D10546EFE76FF00F00F0E76FF090
:1033AC000300EDE7002843D0F0B50D4683B00029AB
:1033BC003BD00446007AA68A271D58BB636803F0ED
:1033CC00F003E02B0CD1207F38BBA36943B11A4A20
:1033DC001268934204D004F1180002F091FB18B962
:1033EC00384602F08DFBE8B1216851B9031DCDE9D7
:1033FC0000033A46334629462046FFF71DFF03B02B
:10340C00F0BD01F0F003E02BF0D04368994209D1F4
:10341C002346ECE7FFF7E6FAE5E7FFF7E3FA0028C7
:10342C00E2D1DDE76FF00300E9E76FF00F00E6E7AC
:10343C006FF00F00704700BF506D000818B370B5E7
:10344C000D4619B31646428A0446B2B111492A6890
:10345C00237C62600A68A68243F00403237442B1A1
:10346C00944208D0134601E09C4204D0DB68002B48
:10347C00FAD1E2600C60002070BD0146FFF762FEDD
:10348C000028E3D070BD6FF00F0070476FF00F0095
:10349C0070BD00BF6420012038B1037C002223F0F2
:1034AC0004034260828202720374704708B1C0E95F
:1034BC0008127047014698B10A4A136883420AD031
:1034CC0033B11A46DB681BB18B42FAD1CB68D3609F
:1034DC000020FFF737B9C36813600020FFF732B93B
:1034EC00704700BF6420012010B50020FFF71AF9C7
:1034FC00044630B12822002103F018FAFF23E372AE
:10350C006377204610BD00BF88B102687AB171B1F3
:10351C000B6863B10A4B1B684BB110B41C68944226
:10352C0006D0DB68002BF9D15DF8044B704770476F
:10353C000A681A60DB68002BF6D00268EEE700BF61
:10354C00642001202DE9F84300286CD00E46002998
:10355C0069D0174605464FF420724FF49A71362005
:10356C009946FFF781FA804600285CD0032F3FD0A4
:10357C00B379C3B32E4B1B68D8F8044033604FF4B7
:10358C009A720021204603F0D1F940F201132380F6
:10359C0095F83830A3703068FEF742FE4FF4C873CC
:1035AC00FB40DB0760603BD4032F35D0D5F83230BD
:1035BC00E361EB8E2384632384F8EC3084F8EF30E2
:1035CC0040F23513A4F8F0306FF07D0384F8ED3041
:1035DC0084F8F2700322532384F8EE304046A9F8A5
:1035EC000020BDE8F883124A136801331360C3E767
:1035FC007379032BBCD044684FF49A720021204697
:10360C0003F094F940F20113238095F83830A3703D
:10361C003068FEF705FE60607379043B012BC5D85A
:10362C006B68E360C2E74FF000084046BDE8F883E2
:10363C0008000020002800F08180416A00297DD01C
:10364C0010B58B6A00225C1C82B04A8206D01E33F5
:10365C00B3F5701F5BD34FF6FF738B82CB6A5A1C8A
:10366C001BD01E33B3F5701F42D30B6B4FF6FF729A
:10367C005C1C4A81CA815DD01E33B3F5701F65D3C3
:10368C008A810A8200234B81CB79C3B991F91C3012
:10369C000A7F002B53DBFF2312E00A6B4B89541C6F
:1036AC002FD01E32B2F5701F3DD23B2A5BD80122BF
:1036BC008A810A82002BE5D1CB79002BE6D00B6AEC
:1036CC004A6ACDE9003222B9CA69134043F08073CB
:1036DC0001934B790A2B04D00A220023A1F8052070
:1036EC000B8101AB6A461C31FFF7FCF802B010BD30
:1036FC003B2B31D8012213464A810A6BCB81541CD7
:10370C00CFD18A899A42D7D8002AD5D0BAE73B2B99
:10371C0083BF1E4AA2FB03235B0901238B82CB6A66
:10372C005A1C9ED1B9E74FF6FF7293428A810A82E6
:10373C00C2D1A7E78A89002ABED0A3E77047BF2A67
:10374C004FF6FF7388BF6FF07F43B9E73B2B14D85C
:10375C0001238B810B8295E70C4AA2FB0323C3F355
:10376C004F131A46C8E7094CA4FB0242C2F34F128E
:10377C009A428A810A829FD884E7044AA2FB0323D7
:10378C00C3F34F138B810B827CE700BF8988888839
:10379C0038B51D4DEA78002304460362436212B12A
:1037AC001A4BDB6883622B79002B29D0174B1B69D2
:1037BC006A79E36252B1154B5B692363AB790A6991
:1037CC00E2616BB9E371EB79A3B938BDA36AC3EBC2
:1037DC00C303DB082363AB790A69E261002BF1D0E8
:1037EC000A4B9869FEF71CFD0123E371EB7920620B
:1037FC00002BEAD0054BD869FEF712FD606238BD8C
:10380C00A36A5B08D4E700BF702001207820012058
:10381C002DE9F04F446A62790023062A89B00646E6
:10382C00E36103D00622A4F8052023810DF11E03C9
:10383C00012221463046FFF785FE0546002860D060
:10384C004368BDF81E20F033511C89B239209854BE
:10385C000220585402EB0008D01D80B2B6F830A0FC
:10386C000390D71C02F10800BFB280B21FFA88F88F
:10387C00111D89B2049002F1050E02F1090002F14A
:10388C00060C4FEA1A2B03F808B01FFA80F903F85C
:10389C0007A01FFA8EFE37271FFA8CFC5F54CDF859
:1038AC00149001214FF0030903F80E9003F80C104B
:1038BC000399049F03F8019002F10A001C21D955C9
:1038CC0080B2059FFF214328D95507D8C2F13A028F
:1038DC00184492B2002103F029F8442000F1F001C1
:1038EC0089B22846FFF780F9144A154B10680193EA
:1038FC00144A009643232946FFF79EFC2846FFF7FF
:10390C0025FAA379FF2B13D00133DAB2052AA27161
:10391C000ED84FF47A73934003F2F3130A4A9BB216
:10392C00A2FB03235B090020238109B0BDE8F08FC3
:10393C0078230020238109B0BDE8F08F6C20012092
:10394C00546D0008506D0008D34D62102DE9F04FF6
:10395C00466A7379032B89B0804604D00322002376
:10396C00A6F8052033810DF11E0303223146404693
:10397C00FFF7E8FD0746002800F09480BDF81E50C4
:10398C00446805F1010CA81CF0341FFA8CFC80B2C1
:10399C00E91C4FF0020E89B24FF039092A1D04F8C8
:1039AC00059092B204F80CE06B1D04F800E0402086
:1039BC0060549BB23221A1540422E254F069FEF708
:1039CC002FFC05F106091FFA89F905F1070E05F11F
:1039DC000B031FFA8EFE9BB205F1080C05F10901D1
:1039EC004FEA106B04F809B089B203934FEA1049FF
:1039FC001FFA8CFC05F10A0205F10C0304F80E9079
:103A0C0092B29BB24FEA102E04F80CE0049360546F
:103A1C0005F10D033721A1541FFA83FA039ACDF84F
:103A2C0014A004994FF0030A04F802A00122625476
:103A3C0005F10E03059A9BB204F802A01C22E25475
:103A4C0005F10F0AD8F82C901FFA8AFAADF81EA0CF
:103A5C00B9F1000F04D04846FCF7A2FB00283ED178
:103A6C000AF1010080B2FF23432804F80A3007D87A
:103A7C00CAF14302204492B2002102F057FF4420C5
:103A8C0000F1F00189B23846FFF7AEF8274B284A0F
:103A9C001868CDF8008043233946FFF763FC38469D
:103AAC00FFF754F9B379FF2B14D00133DBB2092B98
:103ABC00B3710FD8C3EB431203EB8203DB001D4A37
:103ACC0003F2F3139BB2A2FB03235B09338109B00E
:103ADC00BDE8F08F1423338109B0BDE8F08FCAF133
:103AEC00410C05F110039BB260454FF00C0204F839
:103AFC000A2028BF604605F1110AE0541FFA8AFA21
:103B0C00411E0028ACD009EB000CAAEB090A484670
:103B1C0000EB0A0310F8012B9BB26045E254F7D17D
:103B2C0012350D441FFA85FA9AE700BF6C2001206C
:103B3C00506D0008D34D6210002800F014812DE95F
:103B4C00F04F466A89B00746002E00F00781737962
:103B5C00012B04D001220023A6F8052033810DF19E
:103B6C001E03032231463846FFF7ECFC8046002842
:103B7C0000F0E180BDF81E5044686B1CF0349BB221
:103B8C00392262550222E254A818B7F830C0E91C59
:103B9C0080B289B22A1D6B1D4FEA1C2E92B29BB2C9
:103BAC0004F800E04FF0040904F801C03221A154DC
:103BBC0004F80390F069FEF733FB05F1060A1FFACF
:103BCC008AFA05F1070E4FEA106B1FFA8EFE05F10B
:103BDC00080C05F1090104F80AB01FFA8CFC4FEA35
:103BEC00104A89B205F10A0205F10B0304F80EA084
:103BFC0092B24FEA102E9BB204F80CE060543621BE
:103C0C00A15404F80390B069FEF70AFB05F10C0906
:103C1C001FFA89F905F10D0E05F111031FFA8EFE3D
:103C2C009BB205F10E0C05F10F014FEA106B04F875
:103C3C0009B089B203934FEA10491FFA8CFC05F1C5
:103C4C00100205F1120304F80E9092B29BB24FEAE7
:103C5C00102E04F80CE00493605405F11303372183
:103C6C00A1541FFA83FA039ACDF814A004994FF0CB
:103C7C00030A04F802A00122625405F11403059A08
:103C8C009BB204F802A01C22E25405F1150AD7F8E5
:103C9C002C901FFA8AFAADF81EA0B9F1000F27D0AC
:103CAC004846FCF77DFA18B3CAF1410C05F116032E
:103CBC009BB260454FF00C0204F80A2028BF604606
:103CCC0005F1170AE0541FFA8AFA411E80B109EB7C
:103CDC00000CAAEB090A484600EB0A0310F8012B6A
:103CEC009BB28445E254F7D118350D441FFA85FA7E
:103CFC000AF1010080B2FF23432804F80A3007D8E8
:103D0C00CAF14302204492B2002102F00FFE44207B
:103D1C0000F1F00189B24046FEF766FF124A134BE0
:103D2C0010680193124A009743234146FFF784FA27
:103D3C004046FFF70BF8B379FF2B12D00133DAB200
:103D4C00052AB2710DD84FF47A73934003F2F31332
:103D5C00084A9BB2A2FB03235B09338109B0BDE87F
:103D6C00F08F7823F9E770476C200120546D000820
:103D7C00506D0008D34D6210994B2DE9F04F5D68E2
:103D8C0053686E6A89B01446002E00F09F80327919
:103D9C00002A00F09B8062892B2A40F297801A78C7
:103DAC00022A40F0938095F838205AB395F83200E7
:103DBC00197F884240F08A80012A23D0587F95F8D9
:103DCC003310884240F08280022A1BD0987F95F8ED
:103DDC00341088427AD1032A14D0D87F95F8351044
:103DEC00884273D1042A0DD093F8200095F8361030
:103DFC0088426BD1052A05D095F8371093F821200D
:103E0C00914263D15868FEF70BFA336898425DD142
:103E1C00DFF8D4B10022CBE9002263892B2B55D9D2
:103E2C00B4F808A0CDE9035690462746F022CDF809
:103E3C00088054463D4605E02D688AB29CB2002DA0
:103E4C0043D06B899A42A2EB0301A4EB0303F3D298
:103E5C009442D5F8048040F20381164605920197EE
:103E6C0018F80620FF2A00F0FA80B31C9BB2B3426C
:103E7C00C0F091816889711C814280F2E78008EB67
:103E8C00060C9CF801903B2A26D8DFE802F03E99FC
:103E9C002587252525252525252525252525252564
:103EAC0025252525252525252525252525252525B6
:103EBC0025252525252525252525252525252525A6
:103ECC002578BDAFD02525256A403C46204609B053
:103EDC00BDE8F04FFEF73ABF4E444FF6FD729642E6
:103EEC0000F359814B449EB28642C0F0B580361A1D
:103EFC00201AB6B284B2A64280F04D812D68002DF6
:103F0C0000F04981D5F80480AAE78EB2ECE7B9F14C
:103F1C00040F40F040814FF6F972964200F23B815B
:103F2C000636B6B24F464FF0050A1BF80A100022AF
:103F3C0007920029D8D13A4607A92846FEF7C8FFB0
:103F4C00B84240F02881B9F1040F00F02B819DF8A4
:103F5C001C00244A012342F82A000BF80A30688915
:103F6C00C2E7B9F1040F40F016814FF6F972964290
:103F7C0000F211810636B6B24F46CA46D5E7B9F102
:103F8C00040F40F008814FF6F972964200F203815B
:103F9C000636B6B24F464FF0030AC6E7B9F1030F27
:103FAC0040F2F9804E444FF6FD72964200F3F380D6
:103FBC0009EB03060427B6B24FF0070AB946B4E77B
:103FCC00B9F1040F40F0E7804FF6F972964200F217
:103FDC00E2800636B6B24F464FF0060AA5E700BFA0
:103FEC001C3F00207820012070200120B9F1010F26
:103FFC0040F0D1804FF6FE72914200F0CC80033637
:10400C00B6B24F46CA4690E7B9F1010F40F0C380F3
:10401C00059AF02A40F0BF804FF6FE72914200F0F4
:10402C00BA800336B6B24F464FF0000A7DE7B9F1BD
:10403C00040F40F0B0804FF6F972964200F2AB805C
:10404C000636B6B24F464FF0020A6EE72F680FB332
:10405C007F6897F8009016E7A642FFF401AF019F26
:10406C009BF8003063B18A4B1B680022012B8BF844
:10407C00002000F09480022B06D0032B00F08D80E2
:10408C00029B002B00F09280002302936C242C22C4
:10409C007B89CFE63B2A7BD801A656F822F000BFDD
:1040AC00173F0008A34100089D410008A3410008E8
:1040BC009D4100089D4100089D4100089D4100085C
:1040CC009D4100089D4100089D4100089D4100084C
:1040DC009D4100089D4100089D4100089D4100083C
:1040EC009D4100089D4100089D4100089D4100082C
:1040FC009D4100089D4100089D4100089D4100081C
:10410C009D4100089D4100089D4100089D4100080B
:10411C009D4100089D4100089D4100089D410008FB
:10412C009D4100089D4100089D4100089D410008EB
:10413C009D4100089D4100089D4100089D410008DB
:10414C009D4100089D4100089D4100089D410008CB
:10415C009D4100089D4100089D4100089D410008BB
:10416C009D4100089D4100089D410008A3410008A5
:10417C00A3410008A3410008A34100089D41000889
:10418C009D4100089D410008A3410008A34100087F
:10419C004FF00009A6E6019C98E601230293EC245B
:1041AC006C2275E70798FEF73BF8D2E69BF80130D6
:1041BC00DDF80880DDE903563C46002B3FF486AE63
:1041CC00334A7F681379052B1AD0062B27D0022B84
:1041DC007FF47CAE7379062B7FF478AE9BF80230BB
:1041EC006E6A002B3FF472AE9068A6F80880FEF75A
:1041FC0017F8B0613B69F3612846FFF79DFC65E653
:10420C007379012B25D0033B022B3FF65FAE686A16
:10421C003946FFF7BDFA2846FFF70CFA56E67379D4
:10422C00DA1E022A02D9012B7FF450AE6B6A5A793E
:10423C000C2A04D00C210022A3F805101A81154B6E
:10424C0028461A461946FEF74DFB2846FFF7E0FABA
:10425C003CE6686A3946FFF79BFA95F839301B073C
:10426C00D9D56E6A7379082B04D00823A6F80530CB
:10427C00A6F80880002206F11C01284600F0C0FFB9
:10428C00B379FF2B1CBF0133B371012333811DE6BE
:10429C0078200120546D0008002872D02DE9F04FD1
:1042AC00456A85B0044615B16B79082B02D005B070
:1042BC00BDE8F08F0A68EB699A42F8D10C234FF0F5
:1042CC000009A5F80530A5F808900DF10E0304229D
:1042DC002946FFF737F9804600284AD0BDF80E6012
:1042EC004768731CF0379BB23222BA550422FA5439
:1042FC00E869FDF795FF06F1020A1FFA8AFA06F142
:10430C00030E1FFA8EFE06F1040C721D4FEA106BA1
:10431C0007F80AB092B21FFA8CFCB31DF11D4FEADC
:10432C00104A07F80EA09BB289B24FEA102E07F87C
:10433C000CE04329B8544FF0FF02FA5407D8C6F1E9
:10434C003D02781892B2494602F0F0FA4421F0315D
:10435C0089B24046FEF748FC0A4A0B4B10680193A1
:10436C000A4A009443234146FEF766FF4046FEF797
:10437C00EDFCAB79FF2B1CBF0133AB7114232B81EC
:10438C0095E770476C200120546D0008506D0008B3
:10439C002DE9F04F476A7B79052B87B0064604D090
:1043AC0005220023A7F805203B810DF116030322FB
:1043BC0039463046FFF7C6F88046002800F0B0803A
:1043CC00BDF8165044686B1CF0349BB23922625510
:1043DC000222E25405EB020EB6F830A005F1030CF4
:1043EC001FFA8CFC1FFA8EFE281D691DEB1D89B26D
:1043FC009BB205F108094FEA1A2B80B2AA1D04F8EA
:10440C000EB092B204F80CA002934FF0370C1FFAC6
:10441C0089F34FF0030904F800C0039304F80190EA
:10442C00029B0121A154039A04F803901C23A3546A
:10443C0005F1090AD6F82C901FFA8AFAADF816A0E5
:10444C00B9F1000F04D04846FBF7AAFE002841D171
:10445C000AF1010080B2FF23432804F80A3007D880
:10446C00CAF14302204492B2002102F05FFA4420C8
:10447C0000F1F00189B24046FEF7B6FB2A4B0096DC
:10448C00186807F1180243234146FEF76BFF0446F8
:10449C004046FEF75BFCBB79FF2B15D00133DBB23A
:1044AC00092BBB7110D8C3EB431203EB82031B0126
:1044BC001E4A03F2F3139BB2A2FB03235B092046B3
:1044CC003B8107B0BDE8F08F282320463B8107B025
:1044DC00BDE8F08FCAF1410C05F10A039BB26045AF
:1044EC004FF00C0204F80A2028BF604605F10B0AB5
:1044FC00E0541FFA8AFA411E0028A9D009EB000CDF
:10450C00AAEB090A484600EB0A0310F8012B9BB2F0
:10451C008445E254F7D10C350D441FFA85FA97E720
:10452C004FF0FF34B7E700BF6C200120D34D621071
:10453C002DE9F047446A84B064B3627952B3002326
:10454C00A16903910A2AC4E90633C4E90833C4E912
:10455C000B330546A362C4F80E30C4F812301CD0DD
:10456C00043A012A19D93D4B28461A461946FEF73A
:10457C00B9F963791BB10023A4F8053023812379A1
:10458C0043B1374B1D78013DEDB21D70002D5ED04F
:10459C000023237104B0BDE8F0870DF10A03072254
:1045AC0021462846FEF7CEFF07460028DBD0BDF893
:1045BC000A60436803F1F008731C9BB2362208F8BA
:1045CC000620042208F803200398FDF729FE06F1C3
:1045DC0002091FFA89F906F1030E1FFA8EFE06F185
:1045EC00040C721D4FEA106A08F809A092B21FFA67
:1045FC008CFCB31DF11D4FEA104908F80E909BB2CC
:10460C0089B24FEA102E08F80CE0432908F8020092
:10461C004FF0FF0208F8032008D8C6F13D0208EB62
:10462C00010092B2002102F081F94421F0313846A8
:10463C0089B2FEF7D9FA0B4B0095186803AA4323ED
:10464C003946FEF78FFE3846FEF780FB8BE7054EAA
:10465C003068FEF72FFF35609AE700BF546D0008F5
:10466C00682001206C200120002878D02DE9F04131
:10467C0090F83930DB0704466ED5038E466AB3F5E5
:10468C00107F55D306B3374F33793D7823B3013DB3
:10469C00EDB23D70002D4ED034220021304602F098
:1046AC0045F90123337194F83930013513F00403C3
:1046BC003D7035D17279022A03D00222A6F805206A
:1046CC0033810020BDE8F0813420FDF793FF0646CE
:1046DC0070B3244F60623D7834220021304602F0E2
:1046EC0025F9002DDDD1FEF7FFFEDFF88480C8F838
:1046FC000000E8B1427A1C4942F020024272442286
:10470C00FEF720FD1849D8F800004322FEF796FE6C
:10471C002A46D8F800001549FEF7C8FE3D78C0E7D8
:10472C002046FFF775F80028CBD02046FFF700FF96
:10473C004FF0FF30C6E7DFF83880D8F80000FEF7FE
:10474C00B9FEC8F800503D7834220021304602F002
:10475C00EDF8002DC7D0A4E76FF00F00B2E76FF0B3
:10476C000F00704768200120546D0008853D00083B
:10477C006C2001202DE9F04F7F4B1D6887B0D5B11F
:10478C006C6AACB163799BB1A18A29B1628A01329E
:10479C0092B29142628211D0228A1AB1511E012A20
:1047AC00218212D0E2891AB1511E012AE18115D061
:1047BC002D68002DE4D107B0BDE8F08F2846FFF737
:1047CC00B7FE2846FFF750FFF2E703F0FB02012A81
:1047DC0015D00A2B13D0042BEAD115E003F0FB0201
:1047EC00012A01D00A2BE3D12846FFF7D1FDA3897A
:1047FC00628A9B1A012BC4BF5B10E381D8E70422A9
:10480C000023A4F8052023810DF116030322214671
:10481C002846FEF797FE8046002800F08D80BDF8F4
:10482C00167046687B1CF0369BB23922F255022278
:10483C00F25407EB020EB5F830A007F1030C1FFA87
:10484C008CFC1FFA8EFE381D791DFB1D89B29BB2A4
:10485C0007F108094FEA1A2B80B2BA1D06F80EB000
:10486C0092B206F80CA002934FF0370C1FFA89F3A2
:10487C004FF0030906F800C0039306F80190029B61
:10488C000121B154039A06F803901C23B35407F189
:10489C00090AD5F82C901FFA8AFAADF816A0B9F1CE
:1048AC00000F28D04846FBF77BFC034618B3CAF12F
:1048BC004100984207F10A0228BF184692B20C2315
:1048CC0006F80A3007F10B0AB0541FFA8AFA411E97
:1048DC0088B148444B46AAEB090A03EB0A0213F8C9
:1048EC0001CB92B2984206F802C0F6D107F10C0344
:1048FC000B441FFA83FA0AF1010080B2FF2343280C
:10490C0006F80A3007D8CAF14302304492B20021AB
:10491C0002F00CF8442000F1F00189B24046FEF799
:10492C0063F9164B00951868154A43234146FEF768
:10493C0019FD4046FEF70AFAA379FF2B1AD0013372
:10494C00DBB2092BA37115D8C3EB431203EB820323
:10495C00DB000C4A03F2F3139BB2A2FB03235B09AB
:10496C00A28A618A2381531A012B7FF721AF5B1036
:10497C0023821DE71423F3E7602001206C20012023
:10498C00506D0008D34D621038B52E4B1C6824B9FD
:10499C0026E0013B2B81246814B3656A002DFAD004
:1049AC002B89012BF5D8F6D16B7900220C2B2A819F
:1049BC0017D0013B072BEED801A252F823F000BF11
:1049CC00134A0008A3490008054A0008A349000837
:1049DC00A3490008EF490008A3490008F74900085B
:1049EC0038BD2046FEF714FFD5E7AB79012B1AD959
:1049FC002046FEF71FFECEE7AB79012B20460FD9E0
:104A0C00FEF706FFC7E7AB79052B204602D8FFF768
:104A1C0093F8C0E7FFF78CFD2046FFF725FEBAE7B9
:104A2C00FEF794FFB7E7002205F11C01204600F0C9
:104A3C00E7FBAB79FF2B1CBF0133AB7101232B813F
:104A4C00A9E700BF6020012058B1406A48B1407905
:104A5C000A2805D0043801288CBF0020012070479B
:104A6C00012070472DE9F04F9F4D85B08B46914644
:104A7C000646002800F0D880002A00F039814FF05B
:104A8C00000C0A272A46CDF80CC00297BE463946C0
:104A9C006446E246A8460A29137D3BD053B13568DB
:104AAC00506885423BD0012B5ED0538A9C459CBFFD
:104ABC009C46A6460134A3B20A2B24B200F099817D
:104ACC000A2900F0998145460197D0468A460EE0A6
:104ADC000129224432D005EBC202538A9C459CBF6B
:104AEC009C46A6460134A3B20A2B24B238D004EB60
:104AFC00440305EBC3036200197D0029F2D058680A
:104B0C0037688742E4D19B689945E1D1204605B0CE
:104B1C00BDE8F08F4BB1556830688542C3D19068C1
:104B2C008145F3D0012BC0D11EE0631C9BB20A2B34
:104B3C002DD01BB2214618321C46ACE705EBC20344
:104B4C0055F832205B8AC2B1984598BF9846019BB4
:104B5C0098BF234601340193A3B20A2B24B2C6D1C9
:104B6C00019F51460C4613E01368002B51D0538A19
:104B7C009A459CBF9A4627469CE7039A9A4288BF5F
:104B8C0013460393029B98BF23460293AAE745461C
:104B9C00BBF1010F40F0A4800A2C11D0670026B1A4
:104BAC003B1905EBC30332685A60274405EBC70772
:104BBC00002320467B82C7F8089005B0BDE8F08F33
:104BCC00BEF10A0F23D1029B0A2B1ED10A2F00F033
:104BDC0087803C4604EB44084FEAC808670055F848
:104BEC00080020B1FEF7B2F8002345F808303B1955
:104BFC0005EBC3033D490022C3E9012208681A757D
:104C0C005A828A88D8601A82C9E71C46E2E7744641
:104C1C00E0E7538A0398984288BF03460393029BAC
:104C2C0098BF2346029345E70A272A4680468446C6
:104C3C000297BE46394604460A29137D23D033B168
:104C4C00012B34D0538A834224BF1846A646631CDA
:104C5C009CB20A2C1BB285D00A2900F0C18003EB50
:104C6C00430205EBC202147D34B1012C17D0528AD9
:104C7C0090429CBF10469E4601339AB20A2A1BB240
:104C8C00EDD10C4684E7002BDAD1631C9BB20A2BC6
:104C9C003FF47EAF1BB2214618321C46CCE7146899
:104CAC00528A64B194459CBF1F469446E4E713684E
:104CBC006BB1538A9C459CBF9C462746C7E79045E1
:104CCC0098BF9046029A98BF1A460292D4E7538A2C
:104CDC00984598BF9846029B98BF23460293B6E727
:104CEC004FF0FF3412E700BF9C200120586D0008E4
:104CFC000A272946904692460297BE46BC46144661
:104D0C000192BCF10A0F087D33D058B133684A6860
:104D1C009A423FF4FBAE012847D04B8A434524BF4F
:104D2C009846A6460134A3B20A2B24B25FD0BCF13C
:104D3C000A0F58D05246CDF80CC0DDF804A09446AA
:104D4C000BE0012825D05B8A98459CBF9846A64667
:104D5C000134A3B20A2B24B223D004EB440305EB99
:104D6C00C303187D0028F3D031685A689142E8D10A
:104D7C00CCE620B14B6832689A42CCD1C6E6631CB3
:104D8C009BB20A2B3FF404AF1BB2A44618311C464D
:104D9C00B7E718685B8A80B19C459CBF9C46274648
:104DAC00D6E7DDF80CC06446F2E60B686BB14B8AB3
:104DBC00534524BF9A462746B4E79A4598BF9A466E
:104DCC00029B98BF23460293C2E74B8A019A9342F7
:104DDC0028BF1A46029B019228BF23460293A1E7E3
:104DEC0018321C4628E7234618311C4689E76446CE
:104DFC00CEE645460C46CBE6234618321C464AE620
:104E0C002DE9F04F5A4F02EB420807EBC80885B06A
:104E1C0098F81430022B05460E4612D0182303FBCB
:104E2C00027202F10C0405F132094FF40063009395
:104E3C004A4623463146284601F040FD05B0BDE800
:104E4C00F08FB8F81230B3F58E7F49D8B3F5877F61
:104E5C00E4D302EB4202D20002F10C0304320392BF
:104E6C001C214FF420720E20DC19FDF7FDFD05F11D
:104E7C00320983460028D8D0D0F804A00120FDF7D1
:104E8C00CBF9AAF80600D5F83230CAF80830394BFD
:104E9C00B9F80420AAF80C201A689B88CAF81220CA
:104EAC00AAF816306B68039ACAF80E30BB58CAF8C9
:104EBC001830314BCAF8003040F20643AAF80430DF
:104ECC0040F6060300934A4623465946284601F00D
:104EDC00F5FC5846FDF73AFF032388F81430A4E795
:104EEC0002EB4202D4001C214FF420720E20FDF77D
:104EFC00BBFD05F13209221D8346B0B3D0F804A0E6
:104F0C0003920120FDF788F9AAF80600D5F8323093
:104F1C00CAF80830174BB9F80410AAF80C10196825
:104F2C009B88CAF81210AAF816306B68039ACAF854
:104F3C000E30BB58CAF818300F4BCAF8003040F28C
:104F4C000643AAF8043040F6060300934A460B4B7E
:104F5C005946284601F0B2FC5846FDF7F7FE0C34D2
:104F6C0003233C4488F814305FE70C343C445CE782
:104F7C009C200120586D000800010800606D00089D
:104F8C002DE9F04F364CDFF8DC8083B004F1F007EC
:104F9C0000260AE0012D27D0032D5ED0042D01D16F
:104FAC00022323751834BC421BD0257D002DF9D06B
:104FBC00638A01339BB2B3F5967F6382EAD3206890
:104FCC0010B1FDF7C3FE2660D8F80000B8F8043025
:104FDC0026756682E0602382C4E901661834BC42FF
:104FEC00E3D103B0BDE8F08F042BE8D84FF4207266
:104FFC001C210E20D4F808A0FDF736FD0AF1320B67
:10500C0081460028CED02846D9F80450FDF704F983
:10501C00E880DAF83230AB60124BBAF836201968F7
:10502C009B88AA81C5F81210EB82DAF80430C5F817
:10503C000E306368AB610C4B2B6040F20643AB80C7
:10504C0040F6060300935A46084B5046494601F079
:10505C0035FC4846FDF77AFEA4E704232375A1E747
:10506C009C200120586D000800010800606D0008AC
:10507C0000297DD02DE9F04746683388B3F5807F51
:10508C0084B0044602D13379062B05D0204604B0F7
:10509C00BDE8F047FDF75ABE7379042BF6D173883F
:1050AC00082BF3D14F68D6F80E00B36903900D4668
:1050BC0006F10808002F56D09F4240F08F80002840
:1050CC0000F094800127BA46294601F031F8814658
:1050DC00C0BB039B03F0F003E02B33D051462A46B0
:1050EC0003A8FFF7BFFC031E2CDB434903EB430271
:1050FC0001EBC20C02208CF814004FF0180E0C209F
:10510C00CCF8085013FB0E03D8F80000C8500B4421
:10511C00B8F804009880D200ACF8129051F802A0B4
:10512C00BAF1000F0ED04FF4006341F802902846FC
:10513C00009305F132024346514601F0BFFB504645
:10514C00FDF704FEF388B3F5807F12D0B3F5007F32
:10515C0003D103A92846FFF79FF82046FDF7F6FD7B
:10516C0004B0BDE8F08700283BD04FF0020AABE753
:10517C007047002FF1D04FF420721C210E20FDF748
:10518C0073FC05F1320907460028E6D04668022078
:10519C00FDF742F8F080D5F83230B360EB8EB38176
:1051AC00D8F80030C6F81230B8F80430F3826968C9
:1051BC00C6F80E100399B1611049316040F20641F6
:1051CC00B18040F6060100914A46434628463946CE
:1051DC0001F074FB3846FDF7B9FDBEE70027002847
:1051EC00C3D1F388B3F5807FB0D1B6E7F388B3F5BC
:1051FC00807FABD1BFE700BF9C20012000010800DD
:10520C002DE9F04F044685B008680D462146164638
:10521C0000F08EFF002840F0B0802B6803F0F00205
:10522C00E02A00F0AA80002B00F0A7802246012182
:10523C002846FFF717FC0028C0F28B80C7B2DFF8B6
:10524C00588107EB470308EBC3037A0003921A7DDE
:10525C0004F13209002A48D101221A751C214FF49D
:10526C0020720E209C60FDF7FFFB8246002800F0A8
:10527C0087800120DAF804B0FCF7CEFFABF806000B
:10528C00D4F83230CBF808303F4BB9F80420ABF8E7
:10529C000C201A689B88CBF81220ABF81630636888
:1052AC00CBF80E302B68CBF81830384BCBF80030DD
:1052BC0040F20643ABF8043040F6060300934A462E
:1052CC00334B5146204601F0F9FA5046FDF73EFDAE
:1052DC0000203EB17B003B4408EBC3031B7D012B3C
:1052EC0026D806D005B0BDE8F08F002E35D0012AA7
:1052FC001ED1334602E01B68002B3AD01A7B5206B3
:10530C00F9D532464FF420710E20FDF71DFE0646EE
:10531C0066B3039B3B4458F8330008B1FDF716FD08
:10532C00039B3B44002048F8336005B0BDE8F08F88
:10533C002046184C1823277003FB07834FF4006496
:10534C004A4631460C33009401F0B8FA05B0BDE87A
:10535C00F08F40B205B0BDE8F08F4FF420721C21E5
:10536C000E20FDF781FB8246002882D14FF0FF30E2
:10537C00B8E73046FDF7F8FCCAE76FF00F00B1E76D
:10538C004FF0FF30A5E700BF586D00080001080082
:10539C00606D0008982001209C2001202DE9F0412F
:1053AC00044684B00E4610682146154600F0C0FE37
:1053BC00002840F09780296801F0F003E02B73D0AF
:1053CC006368A2684B40134284460AD08AB24FF6F7
:1053DC00A9639A4205D0E168002900F0D38004F15A
:1053EC000C05DFF8B081694B98F8002002EB420005
:1053FC0003EBC00090F814E0BEF1010F02D98768EE
:10540C00A74271D01A7D012A02D99A68944275D0AC
:10541C0093F82C20012A02D91A6A944277D093F877
:10542C004420012A02D99A6B944276D093F85C20DE
:10543C00012A02D91A6D944275D093F87420012A6E
:10544C0002D99A6E944274D093F88C20012A03D915
:10545C00D3F88020944272D093F8A420012A03D967
:10546C00D3F89820944270D093F8BC20012A03D929
:10547C00D3F8B02094426FD093F8D420012A03D9EA
:10548C00D3F8C82094426ED093F8EC20012A03D9AB
:10549C00D3F8E020A2426DD032462946204604B013
:1054AC00BDE8F041FFF7ACBE6B78EA78A9788DF8CF
:1054BC000D2003F07F0301205E228DF80B30ADF838
:1054CC0008008DF80C1002AB8DF80A204FF4006226
:1054DC000092314604F13202204601F0EFF904B09B
:1054EC00BDE8F0812A4BF1E7406881428AD1314610
:1054FC00204604B0BDE8F041FFF782BC5A689142E7
:10550C0086D162463146204688F800C0F1E7DA6958
:10551C00914284D14FF0010CF3E75A6B914285D143
:10552C004FF0020CEDE7DA6C914286D14FF0030C90
:10553C00E7E75A6E914287D14FF0040CE1E7DA6F3E
:10554C00914289D14FF0050CDBE7D3F894209142BE
:10555C008AD14FF0060CD4E7D3F8AC2091428BD112
:10556C004FF0070CCDE7D3F8C42091428CD14FF00B
:10557C00080CC6E7D3F8DC30994208BF4FF0090C91
:10558C008AD1BEE76FF00300A9E700BF9C20012081
:10559C00606D0008982001202DE9F0414FF4207235
:1055AC0082B0074688460E201C21FDF75DFA68B3D1
:1055BC00446805460120FCF72FFEE080D7F8323016
:1055CC00A360144BFA8E19689B88A281C4F8121040
:1055DC00E3827B68C4F80E30D8F80030A3610E4B20
:1055EC00236040F6060140F2064307F13206A38021
:1055FC0032460A4B00913846294601F05FF928469D
:10560C00FDF7A4FB002002B0BDE8F0814FF0FF30A5
:10561C00F9E700BF586D000800010800606D000834
:10562C002DE9F0434D4FD7F8088098F8004004F06E
:10563C000F04A400132C85B0054613D94389032B02
:10564C0010D943681B78082B0CD1786900F0F00353
:10565C00E02B07D00E46396800F06AFD10B92B8993
:10566C00072B05D8284605B0BDE8F043FDF76EBB07
:10567C002846FCF797FE0028F4D104F10E094946A0
:10568C002846FDF7E9FA00285CD02B89191989B254
:10569C008B42E7D84FF420720E20FDF7E5F98146D6
:1056AC000028DFD0428904F108039A4251D34146C5
:1056BC004068224601F042F921464846FDF7F4FACB
:1056CC00002846D129464846FDF782FB002840D1E8
:1056DC002846FDF73BFB4D4621462846D5F804905D
:1056EC00FDF7BAFA0028BDD1D7E90432D5F8048009
:1056FC00C8F80C20C8F81030B9F8023089F800004E
:10570C004FF6F77293428CBF093308339BB2FF27D5
:10571C0021460024A9F80230404688F8087088F821
:10572C000A4088F80B40FCF703FE0123A8F80A0096
:10573C000B490094CDE9013622463B46284600F041
:10574C003BFB8FE749462846FDF7AEFA0028C3D04D
:10575C0088E74846FDF7FAFA84E700BF1C3F0020B3
:10576C00303F0020F0B54FF4207287B007460E464C
:10577C0022202421FDF778F980B344687B68667099
:10578C00032200272270676019685A68DE68054694
:10579C00986820616661A160E260986919695A692C
:1057AC00E2612062A161DB68059305A800F0A8F90D
:1057BC00064680B16989A770E7702046FCF7B8FDF2
:1057CC000123608005AACDE901360097FF233946F5
:1057DC00284600F0F1FA2846FDF7B8FA07B0F0BDFC
:1057EC00F0B54FF4207287B007460E4622202421D4
:1057FC00FDF73AF980B344687B6866700B2200278A
:10580C002270676019685A68DE68054698682061DE
:10581C006661A160E260986919695A69E261206267
:10582C00A161DB68059305A800F06AF9064680B112
:10583C006989A770E7702046FCF77AFD0123608028
:10584C0005AACDE901360097FF233946284600F01A
:10585C00B3FA2846FDF77AFA07B0F0BD2DE9F0410E
:10586C00204B88B01C6806948846164607460821CB
:10587C004FF420723620FDF7F7F880B345687B684B
:10588C000693162ED8F804306B6004BF012388F8F9
:10589C0008302E704FF0000604464FF008016E7071
:1058AC00AE70EE70284614BFDFF83C8008F1040897
:1058BC00FCF73EFD688040F29440079004200223E0
:1058CC00049007A8CDE90063039002970123424698
:1058DC0006A9204600F0EAFA2046FDF737FA08B090
:1058EC00BDE8F081546D00088C2101200349044B64
:1058FC000448054A08601A60704700BF90210120D7
:10590C008C210120E0000001E000000270B5866AE5
:10591C0004463EB31A4D3046296801E0006880B158
:10592C0042688A42FAD1027B0132D2B20221417220
:10593C000273236C1BB112490122204698470020A8
:10594C0070BD0320FCF7EEFE48B1002282600273AA
:10595C0032682968C0E9002101223060E6E74FF087
:10596C00FF3070BD0320FCF7DDFE0028F7D0044AA1
:10597C00866012684260067306600122A062D5E759
:10598C0090210120836A83B11B6873B1022001212D
:10599C0003E0012A0AD01B683BB15A7A022AF8D1DB
:1059AC00588159721B68002BF7D170475A89013AFC
:1059BC0092B2042AEFD958815972F3E7806A30B158
:1059CC000A6801E0006810B143689342FAD170474D
:1059DC00F8B54389072B04461CD947680D46384651
:1059EC0019461646FCF7A4FCA0B9A86A90B1316818
:1059FC00034601E01B686BB15A688A42FAD13A78C7
:105A0C00112A0CD0162A05D15A7A012A04BF4FF458
:105A1C0000729A602046BDE8F840FDF797B9214A1C
:105A2C00126891427A6813D0002AF3D0597A7A78A6
:105A3C00022905D00129EDD1598909B19142E9D941
:105A4C005208012A38BF012201215A815972E1E71B
:105A5C00E2B97D780DB90A257D700368002BD9D089
:105A6C00012005E0012A16D01B68002BD2D07D78CE
:105A7C005A7A022A4FEA5501F4D1012938BF012183
:105A8C0059815872F0E700680028C3D043689342EC
:105A9C00F9D10346CAE75A89002AEED0AA42E3D9C3
:105AAC00EBE700BF90210120F8B5134B1D6815B32F
:105ABC00124F0226AC6A14B91AE02468C4B1628988
:105ACC00531E9BB2002AF8D06381002BF5D1637A68
:105ADC00012BF2D162683B689A4221464FF01602C4
:105AEC002846EAD06672FFF7B9FE2468002CE6D18E
:105AFC002D68002DDED1F8BD602001209021012001
:105B0C00016801F0F003E02B28D0194B1868A8B1FC
:105B1C0090F83930DA070ED55A070CD5426881EA6D
:105B2C00020C42B182681CEA020F1BD09B0702D404
:105B3C00C368994216D000680028E9D10D4B18684B
:105B4C0080B190F8393003F00503052B0BD1436875
:105B5C005BB1C9B27F2908BF00207047064B18689B
:105B6C000028D2D07047002070471846FAE700BFD3
:105B7C00602001205C200120942101202DE9F843B4
:105B8C0047683B781A09042A044612D103F00F0324
:105B9C0078889D000E46FCF73FFB238983428046A4
:105BAC000DD86389AB4204D32389434501D3132D0C
:105BBC000DD82046FDF7CAF80020BDE8F883014651
:105BCC002046FDF711F86389AB42EDD2F1E7294687
:105BDC003846FCF7ADFB0028EBD13B69DFF8D481EC
:105BEC00F868C8F8100003F0F002E02AC8F8143086
:105BFC0061D196F83930990600F195807B7A112B9A
:105C0C0000F0A1800028D4D04FF00009314600F0FC
:105C1C008FFA0028CDD1D8F8103003F0F003E02B28
:105C2C00C7D0B9F1000FC4D0FB8823F0C00333B147
:105C3C00204600F035FB04460028BDD04768C8F864
:105C4C000870C8E900963B7803F00F039B002946C7
:105C5C002046A8F80C30FDF727F87B7A022B00F0D1
:105C6C008E80112B00F08680012B7ED0D8F814008A
:105C7C00494600F05DFA68B9D8F8143003F0F00327
:105C8C00E02B07D029462046FDF728F802212046B4
:105C9C00FFF768FD2046FDF759F80023C8F80030DF
:105CAC00C8F80430C8F80830A8F80C30C8F8103020
:105CBC00C8F8143080E796F83920D20725D4DBB227
:105CCC007F2B4CD0384BD3F80090B9F1000F08D192
:105CDC0045E000F02DFA98B9D9F80090B9F1000F11
:105CEC003DD04E45F8D099F83930DB07F4D5D9F8CA
:105CFC000430002BF0D0D8F8140083424946E8D188
:105D0C00D8F8100000288FD080E77268002AD6D00F
:105D1C009A4213D01846314600F00AFA00283BD1BB
:105D2C00D8F81430CBE708F114013046FFF746FEE3
:105D3C00A8B1D8E904021D4B9A420CD0B1460028F8
:105D4C003FF472AF62E77B195B88B3F5884F7FF441
:105D5C0059AFB14668E70028FBD0B14656E77B7ACD
:105D6C00112B12D0D8F810004CE731462046FFF723
:105D7C0057FC92E731462046FDF702F98DE70C4AB5
:105D8C0031462046FFF724FE87E77B195B88B3F585
:105D9C00884FE7D1B14647E7D8F81000B146002844
:105DAC003FF442AF32E700BF60200120E000000169
:105DBC00303F00201C3F00202DE9F04F85B00646F7
:105DCC009DF838409DF83CB0109F002A5AD0894667
:105DDC00904609B10A680AB907F104091421304642
:105DEC000193FCF739FF824600285AD17568019B54
:105DFC002B7285F809B0D8F8001029614BEA032BF7
:105E0C000B0C13FA81F1220245232B706C7042F0BB
:105E1C0045024FEA2B240A4444EA0B24308912FA37
:105E2C0084F4FCF7F9F985F806A085F807A0DFF8EB
:105E3C0078A068808346BAF80000FCF7EDF9D9F831
:105E4C000020EA6014FA82F303EB12435B44034430
:105E5C009AB202EB134303EB1343DB436B81BAF8A7
:105E6C000030A8800133AAF800303B8E13B1328980
:105E7C009A4210D87B69424631463846984705B05D
:105E8C00BDE8F08F4389132B0BD943681B6903932F
:105E9C000DF10C08E9E742463946304600F0E0FBCC
:105EAC00EDE76FF00100EAE7982101202DE9F04FB2
:105EBC0085B004469DF838B09DF83C80BDF848A0EC
:105ECC00002A00F097800F469946164609B10B68D8
:105EDC000BB9109B1F1DBAF1000F00F09380BAF1A3
:105EEC00280F00F2A4800AF1030525F00305ADB2DA
:105EFC0005F114039BB2294620460093FCF7ACFE37
:105F0C000190002840F0908060681199524600F092
:105F1C0015FDAA45019B79D36368E918002533F870
:105F2C00022B99421544FAD114212046FCF794FE19
:105F3C000190002878D1D4F804A0009B8AF808902E
:105F4C00C3F387018AF809803068CAF8100041F061
:105F5C00400148EA09288AF800104BEA01294FEA67
:105F6C00282141EA0828010C11FA80F08AF801B0C6
:105F7C0010FA88F82089DFF8BCB0FCF74DF9019ACB
:105F8C00AAF8020000908AF806208AF80720BBF8CD
:105F9C000000FCF741F93A68CAF80C2018FA82F8AC
:105FAC0008EB12484FEA29220099AAF80400A844E9
:105FBC0042EA092218FA82F20A44024490B2BBF86F
:105FCC00003000EB124000EB1040C0430133AAF844
:105FDC000A00ABF80030109B1B8E13B122899A4239
:105FEC001CD8109B10985B6932462146984705B027
:105FFC00BDE8F08F4389132B16D943681B690393B3
:10600C0003AEE8E71423554600938DE76068194604
:10601C005044A5EB0A0200F089FC7DE7109932464A
:10602C00204600F01DFBE2E76FF00100DFE76FF0A8
:10603C000500DCE7982101202DE9F04F85B00546DD
:10604C009DF838909DF83CB0109E0193002A5AD0D0
:10605C00884614211746FCF7FFFD019B8246002859
:10606C005FD16C68237284F809B03A6822614BEAFC
:10607C00032B130C13FA82F284F8019045234FEA98
:10608C000929237049F045094FEA2B23914443EA2F
:10609C000B23288919FA83F9FCF7BEF884F806A0BB
:1060AC0084F807A0DFF884A060808144BAF800006F
:1060BC00FCF7B2F8BAF80020A080013200EB09031B
:1060CC00AAF80020B8F1000F1AD0D8F80020E2602E
:1060DC0013FA82F303EB12439AB202EB134303EB72
:1060EC001343DB436381338E13B12A899A4212D84E
:1060FC0073693A4629463046984705B0BDE8F08F9B
:10610C00094A1268E3E74389132B0AD943681B69D0
:10611C00039303AFE7E73A463146284600F0A0FA6E
:10612C00EBE76FF00100E8E7546D000898210120BF
:10613C00421E0332034615D891F8390010F00200C4
:10614C000FD04A689A420BD089685A400A4207D14C
:10615C00C84323EA0103181AB0FA80F040097047CB
:10616C0000207047012070472DE9F04144686368B6
:10617C009A88074688461AB3002663682046254647
:10618C001C68FCF7E7FD831928469EB2FCF7DEFD80
:10619C00002CF2D1184B1A68974216BF3B683A682C
:1061AC00C8F800304FF00100394608BF1A60FCF700
:1061BC00C9FA124A13889B1B30461380BDE8F08144
:1061CC001A684260396982687D69C0685860996054
:1061DC00DD601A60BA691A6101212046FFF700FBE5
:1061EC002046FCF7B7FD06462046FCF7AFFD7C6861
:1061FC00002CC2D1CEE700BF9C2101209A210120A6
:10620C002DE9F843DFF87C8005460E460027D8F8C8
:10621C0000309BB3D5F80CE05A6900247245214636
:10622C00A44620460FD00134D0B1C27F93F81F9002
:10623C0091459CBF614618461A689C46B2B11346FC
:10624C005A697245EFD19A69D5F810904A45EAD14E
:10625C00B3F80C90AA889145EED001340028E4D113
:10626C001A68614618469C46002AE8D110B1FFF71F
:10627C007BFF0744B74201DA012CC8DC3846BDE885
:10628C00F88300BF9C21012010B50446406908B179
:10629C00FCF75CFD21460220BDE81040FCF752BA29
:1062AC002DE9F04FD0F804A09AF8003003F00F035A
:1062BC00052B85B0054676D1BAF80600FBF7ACFF86
:1062CC000646BAF80200FBF7A7FF9AF8003003F075
:1062DC000F03B0EB830F4FEA830264D3831A9BB294
:1062EC00DFF8748300932846FCF734FDB8F80030CF
:1062FC0003440A2B074600F3D080DFF86093D9F8EB
:10630C000040002C00F0D780DAF80C2003E0246861
:10631C00002C00F0D08063699342F8D1DAF8103089
:10632C00A1699942F3D1A189BAF804309942EED10E
:10633C00BAF80600FBF770FFC0F30C00002800F061
:10634C009480BAF80630C6F30C0613F020034FEA1B
:10635C00C606019308D1009BF3189BB29E4212D83B
:10636C004FF6EB7293420ED8D5F804A0BAF802009F
:10637C00FBF752FF9AF8003003F00F03B0EB830FDA
:10638C004FEA830217D263686BB9D9F800209442A4
:10639C0002D022681A60FFDE2368C9F8003021465B
:1063AC000120FCF7CFF92846FCF7D0FC002630463C
:1063BC0005B0BDE8F08F831ABAF806001FFA83FA0D
:1063CC00FBF72AFFC0F30C02D5F804B0D2000AEB9D
:1063DC000203ABF806309BB2194602938A424FF087
:1063EC000003ABF804208BF800308BF801308BF8ED
:1063FC0002308BF80330C6D861680391002900F095
:10640C00BB804FF0010A94460DE0CCD0B3F806E007
:10641C00F445C8D322B1D288824218BF4FF0000A8B
:10642C00196800296AD01A464B6898888445ECD2C2
:10643C0063469446CBF800101A46BCF1000F00F0EE
:10644C009480BCF806309A42ADD302998142AAD806
:10645C009A42CCF8005054D0019B002B7FD0B8F856
:10646C0000303B44A8F80030A0E7E089FBF7D4FEED
:10647C00C0F30C0000283FF464AFDAF80030DAF80F
:10648C000410DAF80820DAF80C006061A360E1600F
:10649C002261DAF81030A36153E701465046FFF74A
:1064AC00AFFE00283FF47FAFB8F800303B440A2B16
:1064BC007FF723AF77E70120FCF734F9044678B176
:1064CC000023E361A360E36023616361A361636004
:1064DC00D9F8003023600F23C9F80040E377CCE7EC
:1064EC0039465046FFF78CFE87423FF75CAF0120E0
:1064FC00FCF718F904460028E2D154E7F4451D6076
:10650C00AAD1019B43B3A37FDA07A8D5BAF1000F38
:10651C00A5D0039B5B689B886BB9DBF80020002A35
:10652C0034D0029903E01A68002A2FD0D988536816
:10653C009A888A42F7D0B8F800303B44A8F800306B
:10654C00019B002B7FF432AFA37F009A43F0010331
:10655C001644A683A37729E7BAF1000FD9D1B8F86E
:10656C0000303B44A8F80030EEE7029B83423FF634
:10657C001AAF65600395C4E7019B6560002B5BD087
:10658C00A37FDB0748BF0395C3D468E7B8F8003096
:10659C003B44A8F80030019B33B9009B1E44A37FF9
:1065AC00A68343F00103A3776368A08B5E68E16860
:1065BC00A36822696569F5607160B2603568336003
:1065CC00A3693361143080B2FBF726FE0023708080
:1065DC00B371F371B372F37230461421FBF7A8FE5A
:1065EC00708166685DB16F6828461421FCF75CFB0E
:1065FC0029463046FCF7BEFB3D68002DF3D1D9F897
:10660C0000309C4205D0A3B11A68944211D01346B5
:10661C00F9E72368C9F8003021460120FCF792F80D
:10662C003046FCF797FBB8F800301B1AA8F800307E
:10663C00BDE622681A60EFE7BBF80430002B8ED160
:10664C00DBF80020002A7FF46CAFB8F800303B4434
:10665C00A8F80030A1E700BF9A2101209C2101205D
:10666C002DE9F04F0B8E8DB005460A92B3F1140252
:10667C0048BFA3F10D02436807911E461B7803F037
:10668C000F03C2F3CF02052B06924FEA830840F0AA
:10669C00BD804389132B40F2B980F088FBF7BCFD19
:1066AC002B89143B9BB200F400520393C0F30C0EE5
:1066BC000B92002B00F09080069BDFF858A1CDF8D0
:1066CC0014E0DB009BB20893002437464FF4207291
:1066DC0014210E20FCF7C8F9089B039A934228BF9B
:1066EC00134604938346002800F0858043683A687B
:1066FC007868B968FE68DE601A60586099603A691B
:10670C001A61DBF804300993049B002B7AD099466C
:10671C0002976C89A4EB0804A4B24C4528BF4C46E4
:10672C000220002C5CD0FBF7FDFF064641222146DF
:10673C0000203346002E5BD001946F6847440097CD
:10674C00FCF734FA07462846002F4DD0A9EB040974
:10675C00FCF70AFB1FFA89F9C6E904A53946584625
:10676C00FCF708FBB9F1000F3AD1A044029F1FFAC5
:10677C0088F8079B059A1B8EC2F30C00039A133BF7
:10678C0093423BDC40F40050FBF746FD099E049B12
:10679C00F08003F1140080B2FBF73EFD0023708003
:1067AC00B372F37214213046FBF7C2FD7081079867
:1067BC000A9A4369594698475846FCF7C7FADDE9E7
:1067CC000323D31ADDE905210A449BB292B2039349
:1067DC000592002B7FF47AAF00200DB0BDE8F08F4E
:1067EC002D684FF0000894E731460220FBF7AAFF12
:1067FC005846FCF7ABFA4FF0FF30EEE70B9B002B43
:10680C00C2D0BFE7A0441FFA88F8B2E76FF00500CA
:10681C00E3E700BF9562000843890E2B70B5044670
:10682C001BD9C37B0D461BB991F83C300133C373A4
:10683C00606803788689D9070AD5012B30D01E49A8
:10684C00062200F063F818B9637B43F00803637306
:10685C00082E16D0B6F5C16F04D02046FCF776FA98
:10686C00002070BD95F839301B07F6D50E21204657
:10687C00FCF71AFA0028F0D129462046FEF7F8FB5F
:10688C00EEE795F839301A07E7D50E212046FCF7CC
:10689C000BFA0028E1D129462046FFF76FF9DFE714
:1068AC004378002BD4D183785E2BD1D1637B43F01A
:1068BC0010036373CCE700BF606D00082DE9F0474F
:1068CC000646BDF820000C4617469846FBF7A4FC7C
:1068DC000E2181462046FCF7BFF998B96568A5F8EA
:1068EC000C90D8F800302B60B8F80430AB803B68C3
:1068FC00C5F80630BB886B81B36921463046BDE8CC
:10690C00F04718476FF00100BDE8F08710B501396A
:10691C000244904201D1002005E0037811F8014FA8
:10692C00A34201D0181B10BD0130F2E7024403460C
:10693C00934200D1704703F8011BF9E70A449142D6
:10694C0000F1FF3300D1704710B511F8014B03F87B
:10695C00014F9142F9D110BD2DE9F047089D0C462D
:10696C00002B4ED194468C458646B2FA82F262D9FF
:10697C004AB1C2F12003914020FA03F30CFA02FC55
:10698C00194300FA02FE4FEA1C471FFA8CF6B1FBC2
:10699C00F7F44FEA1E4307FB141143EA014304FBCF
:1069AC0006F199420AD91CEB030304F1FF3080F085
:1069BC001381994240F21081023C6344591A1FFA28
:1069CC008EF3B1FBF7F007FB101143EA014300FB18
:1069DC0006F69E420AD91CEB030300F1FF3180F04E
:1069EC00FD809E4240F2FA80634402389B1B40EAD1
:1069FC00044000211DB1D3400022C5E90032BDE89E
:106A0C00F0878B4205D90DB1C5E90001002108467C
:106A1C00F5E7B3FA83F1002946D1A34202D39042A1
:106A2C00C0F0F180861A64EB03030120002DE6D040
:106A3C00C5E90063E3E7002A40F09180A1EB0C0468
:106A4C004FEA1C481FFA8CF70121B4FBF8F64FEA09
:106A5C001E4308FB164443EA044307FB06F0984226
:106A6C0008D91CEB030306F1FF3402D2984200F262
:106A7C00CE8026461C1A1FFA8EF3B4FBF8F008FBE6
:106A8C00104443EA044300FB07F79F4208D91CEB70
:106A9C00030300F1FF3402D29F4200F2B180204682
:106AAC00DB1B40EA0640A5E7C1F120068B4022FA29
:106ABC0006F71F4320FA06FC04FA01F343EA0C0321
:106ACC00F44000FA01F8380C4FEA1349B4FBF0FE1D
:106ADC001FFA87FC00FB1E4449EA04440EFB0CF928
:106AEC00A14502FA01F20AD93C190EF1FF3A80F0E5
:106AFC008580A14540F28280AEF1020E3C44A4EBAD
:106B0C0009041FFA83F9B4FBF0F300FB134449EAC0
:106B1C00044403FB0CFCA44507D93C1903F1FF30DA
:106B2C0068D2A44566D9023B3C4443EA0E40A0FB24
:106B3C000293A4EB0C049C42CE469C4652D34FD0FD
:106B4C0055B1B8EB0E0364EB0C0404FA06F6CB401B
:106B5C00CC401E43C5E900640021BDE8F087C2F1BA
:106B6C00200320FA03F10CFA02FC24FA03F39440FC
:106B7C000C434FEA1C4800FA02FE1FFA8CF7B3FBD9
:106B8C00F8F008FB1031230C43EA014300FB07F13A
:106B9C00994208D91CEB030300F1FF362CD2994221
:106BAC002AD9023863445B1AA4B2B3FBF8F108FB90
:106BBC00113344EA034401FB07F3A34208D91CEB4D
:106BCC00040401F1FF3613D2A34211D902396444F3
:106BDC00E41A41EA004138E70446EFE6084605E7C7
:106BEC00C845ADD2B9EB020E63EB070C0138A7E731
:106BFC003146EDE7034698E73046D4E7D6467EE7C4
:106C0C00634402384CE70646234608460EE7023E2C
:106C1C0063442FE7F8B500BFF8BC08BC9E4670472C
:0C6C2C00F8B500BFF8BC08BC9E467047DD
:106C38000000000000000000010203040607080924
:106C48000000000001020304736F756E64626F78C0
:106C580000000000476967616465766963652E43D3
:106C68004F4D5F6C77697000406D0008306D00080B
:106C7800206D0008106D0008006D0008F06C000819
:106C8800E06C0008504255465F504F4F4C000000E2
:106C9800504255465F5245462F524F4D0000000066
:106CA8005359535F54494D454F55540049474D502A
:106CB8005F47524F55500000465241475F5042557A
:106CC80046000000524541535344415441000000DE
:106CD8005544505F504342008C6C0008EC050A0094
:106CE80058DF002054DF0020986C000810000A00CC
:106CF800981A0120941A0120A86C000810000A00B4
:106D0800401B01203C1B0120B46C000810000C0043
:106D1800E81B0120E41B0120C06C000818000F00CC
:106D2800B01C0120AC1C0120CC6C00082000050020
:106D3800201E01201C1E0120D86C000828000A0013
:106D4800C81E0120C41E0120FFFFFFFF0000000035
:106D58000000000000000000FFFFFFFFFFFF000031
:086D6800FCFBFF7F01000000AD
:046D700059020008BC
:046D740031020008E0
:0C6D7800E107010000C000000000CDABEE
:040000050800205976
:020000040800F2
:1080000000000720B9D90008FDD90008FDD90008F3
:10801000FDD90008FDD90008FDD9000800000000C6
:10802000000000000000000000000000FDD9000872
:10803000FDD9000800000000FDD90008ED9A0008F5
:10804000FDD90008FDD90008FDD90008FDD90008B8
:10805000FDD90008FDD90008FDD90008FDD90008A8
:10806000FDD90008FDD90008FDD90008FDD9000898
:10807000FDD90008FDD900080DA500088DA2000853
:108080000DA00008FDD90008FDD90008FDD90008A1
:10809000FDD90008FDD90008FDD90008FDD9000868
:1080A000FDD90008FDD90008FDD90008FDD9000858
:1080B000FDD90008FDD90008FDD90008FDD9000848
:1080C000FDD90008FDD90008FDD90008FDD9000838
:1080D000FDD90008FDD90008FDD90008FDD9000828
:1080E000FDD90008FDD90008FDD90008FDD9000818
:1080F000FDD90008FDD90008FDD90008FDD9000808
:10810000FDD90008FDD90008FDD90008FDD90008F7
:10811000FDD90008FDD90008FDD90008FDD90008E7
:10812000FDD90008FDD90008FDD90008FDD90008D7
:10813000FDD90008FDD90008FDD90008FDD90008C7
:10814000FDD90008FDD90008FDD90008FDD90008B7
:10815000FDD90008FDD90008FDD90008FDD90008A7
:10816000899B0008E59C0008FDD90008FDD900089E
:10817000FDD90008FDD90008FDD900080000000065
:10818000FDD90008FDD90008FDD90008FDD9000877
:10819000FDD90008FDD90008FDD900080000000045
:0C81A000FDD90008FDD90008FDD9000839
:1081AC00034613F8012B002AFBD1181A013870472B
:1081BC0053B94AB9002908BF00281CBF4FF0FF3142
:1081CC004FF0FF3000F00CB8ADF1080C6DE904CEA7
:1081DC000AF014F9DDF804E0DDE9022304B070477D
:1081EC00704700BF0348044B834202D0034B03B1DA
:1081FC0018477047AC000020AC00002000000000C5
:10820C000548064B1B1AD90F01EBA301491002D0EC
:10821C00034B03B118477047AC000020AC000020A2
:10822C000000000010B5064C237843B9FFF7DAFFC5
:10823C00044B13B10448AFF300800123237010BD2D
:10824C00B000002000000000C426010808B5054B52
:10825C001BB105490548AFF30080BDE80840FFF7A6
:10826C00CFBF00BF00000000B4000020C4260108EE
:10827C002DE9F84F1546528940F20C539A4205D01D
:10828C00284606F013FA40B2BDE8F88FDFF8B49038
:10829C00DFF8B480274F284E0C24B9F80020002AB0
:1082AC00EED0D8F800A00AF1010387FB03011944B2
:1082BC00D8174FF48C5CC0EB21300CFB1033013A17
:1082CC0021462846A9F80020C8F8003006F0FAFA32
:1082DC00611C834689B2284606F0F4FA40EA0B2367
:1082EC00A11C1BB21B0289B2284646F83A3006F094
:1082FC00E9FAE11C834689B2284606F0E3FA0F49F5
:10830C000A8840EA0B23013292B206EBCA0A1BB26E
:10831C0004341B02B2F50C6FA4B240F20C50CAF834
:10832C0004300A8002D3064B01221A708442B4D165
:10833C00A6E700BFEBA00EEA90D6032082D603205E
:10834C0080D603200E00002088D603202DE9F84F9C
:10835C001546528940F20C539A4205D0284606F035
:10836C00A5F940B2BDE8F88FDFF8B490DFF8B4801F
:10837C00274F284E0C24B9F80020002AEED0D8F84C
:10838C0000A00AF1010387FB03011944D8174FF42D
:10839C008C5CC0EB21300CFB1033013A2146284693
:1083AC00A9F80020C8F8003006F08CFA611C83464E
:1083BC0089B2284606F086FA40EA0B23A11C1BB2B0
:1083CC001B0289B2284646F83A3006F07BFAE11CCB
:1083DC00834689B2284606F075FA0F490A8840EAA6
:1083EC000B23013292B206EBCA0A1BB204341B02F5
:1083FC00B2F50C6FA4B240F20C50CAF804300A80EB
:10840C0002D3064B01221A708442B4D1A6E700BFF6
:10841C00EBA00EEA704A0320624A0320604A032054
:10842C000C000020684A03202DE9F84F15465289AC
:10843C0040F20C539A4205D0284606F037F940B268
:10844C00BDE8F88FDFF8B490DFF8B480274F284EE2
:10845C000C24B9F80020002AEED0D8F800A00AF1BC
:10846C00010387FB03011944D8174FF48C5CC0EB54
:10847C0021300CFB1033013A21462846A9F8002084
:10848C00C8F8003006F01EFA611C834689B22846F3
:10849C0006F018FA40EA0B23A11C1BB21B0289B28E
:1084AC00284646F83A3006F00DFAE11C834689B2AC
:1084BC00284606F007FA0F490A8840EA0B230132D6
:1084CC0092B206EBCA0A1BB204341B02B2F50C6F53
:1084DC00A4B240F20C50CAF804300A8002D3064B06
:1084EC0001221A708442B4D1A6E700BFEBA00EEAB9
:1084FC0050BE022042BE022040BE02200A000020D4
:10850C0048BE02202DE9F84F1546528940F20C5313
:10851C009A4205D0284606F0C9F840B2BDE8F88F5B
:10852C00DFF8B490DFF8B480274F284E0C24B9F84C
:10853C000020002AEED0D8F800A00AF1010387FB36
:10854C0003011944D8174FF48C5CC0EB21300CFBA1
:10855C001033013A21462846A9F80020C8F800300B
:10856C0006F0B0F9611C834689B2284606F0AAF9D8
:10857C0040EA0B23A11C1BB21B0289B2284646F809
:10858C003A3006F09FF9E11C834689B2284606F082
:10859C0099F90F490A8840EA0B23013292B206EB93
:1085AC00CA0A1BB204341B02B2F50C6FA4B240F21F
:1085BC000C50CAF804300A8002D3064B01221A7000
:1085CC008442B4D1A6E700BFEBA00EEA3032022001
:1085DC002232022020320220080000202832022001
:1085EC002DE9F84F1546528940F20C539A4205D0AA
:1085FC00284606F05BF840B2BDE8F88FDFF8B4907F
:10860C00DFF8B480274F284E0C24B9F80020002A3C
:10861C00EED0D8F800A00AF1010387FB030119443E
:10862C00D8174FF48C5CC0EB21300CFB1033013AA3
:10863C0021462846A9F80020C8F8003006F042F977
:10864C00611C834689B2284606F03CF940EA0B23AC
:10865C00A11C1BB21B0289B2284646F83A3006F020
:10866C0031F9E11C834689B2284606F02BF90F49F3
:10867C000A8840EA0B23013292B206EBCA0A1BB2FB
:10868C0004341B02B2F50C6FA4B240F20C50CAF8C1
:10869C0004300A8002D3064B01221A708442B4D1F2
:1086AC00A6E700BFEBA00EEA10A6012002A601204F
:1086BC0000A601200600002008A601202DE9F84F95
:1086CC001546528940F20C539A4205D0284605F0C3
:1086DC00EDFF40B2BDE8F88FDFF8B490DFF8B4805E
:1086EC00274F284E0C24B9F80020002AEED0D8F8D9
:1086FC0000A00AF1010387FB03011944D8174FF4BA
:10870C008C5CC0EB21300CFB1033013A214628461F
:10871C00A9F80020C8F8003006F0D4F8611C834694
:10872C0089B2284606F0CEF840EA0B23A11C1BB2F6
:10873C001B0289B2284646F83A3006F0C3F8E11C11
:10874C00834689B2284606F0BDF80F490A8840EAEC
:10875C000B23013292B206EBCA0A1BB204341B0281
:10876C00B2F50C6FA4B240F20C50CAF804300A8077
:10877C0002D3064B01221A708442B4D1A6E700BF83
:10878C00EBA00EEAF0190120E2190120E0190120FA
:10879C0004000020E81901202DE9F84F15465289F4
:1087AC0040F20C539A4205D0284605F07FFF40B2A8
:1087BC00BDE8F88FDFF8B490DFF8B480274F284E6F
:1087CC000C24B9F80020002AEED0D8F800A00AF149
:1087DC00010387FB03011944D8174FF48C5CC0EBE1
:1087EC0021300CFB1033013A21462846A9F8002011
:1087FC00C8F8003006F066F8611C834689B228463A
:10880C0006F060F840EA0B23A11C1BB21B0289B2D4
:10881C00284646F83A3006F055F8E11C834689B2F2
:10882C00284606F04FF80F490A8840EA0B2301321C
:10883C0092B206EBCA0A1BB204341B02B2F50C6FDF
:10884C00A4B240F20C50CAF804300A8002D3064B92
:10885C0001221A708442B4D1A6E700BFEBA00EEA45
:10886C00D08D0020C28D0020C08D00200200002081
:10887C00C88D00202DE9F84F1546528940F20C5353
:10888C009A4205D0284605F011FF40B2BDE8F88F9A
:10889C00DFF8B490DFF8B480274F284E0C24B9F8D9
:1088AC000020002AEED0D8F800A00AF1010387FBC3
:1088BC0003011944D8174FF48C5CC0EB21300CFB2E
:1088CC001033013A21462846A9F80020C8F8003098
:1088DC0005F0F8FF611C834689B2284605F0F2FFCB
:1088EC0040EA0B23A11C1BB21B0289B2284646F896
:1088FC003A3005F0E7FFE11C834689B2284605F0C3
:10890C00E1FF0F490A8840EA0B23013292B206EBD1
:10891C00CA0A1BB204341B02B2F50C6FA4B240F2AB
:10892C000C50CAF804300A8002D3064B01221A708C
:10893C008442B4D1A6E700BFEBA00EEAB001002040
:10894C00A2010020A001002000000020A8010020AE
:10895C002DE9F04F144612892DED088B531EFE2B7A
:10896C0083B026D8534B544D5FFA82F9A3FB0938D8
:10897C0009EBD81818F0FF080AD02F460026B1B220
:10898C00204605F09FFF0136B04507F8010BF6D1E4
:10899C002B78F02B7DD0212B14D0202B00F0A28033
:1089AC00F22B00F0BD81F52B00F07784FB2B01F04E
:1089BC002380204605F07AFE40B203B0BDEC088B54
:1089CC00BDE8F08FB9F1080FF3D96E78721E072A43
:1089DC00EFD83A4F3A4AB5F807103B70EB7895F858
:1089EC000280FB70AB79D2F80090BB7149BAAB88AE
:1089FC00344AD5F803A0BB808DB2B8F10003C1F3A3
:108A0C00072118BF0123F97112882F497E7048463F
:108A1C003D72BB7006F0C2F9002800F08286012E70
:108A2C0000F09F86022E00F0EE86032E00F0C28628
:108A3C00042E00F0B887052E00F08C87062E00F06F
:108A4C003487072E40F00887204E2149214808F032
:108A5C0037FD306808B106F0DDF9B8F1000FA8D089
:108A6C0006F0F2F9074630600028A2D02A461A49CF
:108A7C0006F018F8054600289BD115491548C1F891
:108A8C0000A008F0C1FC15492A46384606F0BEF98C
:108A9C008FE7B9F1070F8CD10B4AD5F80110B5F857
:108AAC000530116007480E4A5BBA01210380117032
:108ABC007FE700BF8180808078AC04204C93042039
:108ACC00D0AD04208C0000207CAD0420D0190120F6
:108ADC00D41901208CAD042080AD0420A58700089A
:108AEC0069AB0420B9F1280F7FF663AF95F801C08C
:108AFC000CF1FF36F6B2012E3FF65BAF844F854981
:108B0C00854BDFED865A95F802E0019606EB86025E
:108B1C0002EB8202B0EE006AB7EE007A07EB82023B
:108B2C001F25A1F117005E7993F8069093F8078042
:108B3C00002E14BF012600260CBFF0EE477AF0EE93
:108B4C00467A0CBFF0EE656AF0EE476AB9F1000F99
:108B5C0008BFF0EE667A167001F8126C14BF01268D
:108B6C000026B8F1000F567001F8116C14BF0126E5
:108B7C000026967001F8106C1E7A93F8178018BFB7
:108B8C0077EE877A002E14BF01260026D67001F8E6
:108B9C000F6C5E7A18BF77EE877A002E14BF012611
:108BAC000026167101F80E6C9E7A18BF77EE877A44
:108BBC00002E14BF01260026567101F80D6CDE7ACA
:108BCC0018BF77EE877A002E14BF01260026967107
:108BDC0001F80C6C1E7B18BF77EE877A002E14BF41
:108BEC0001260026D67101F80B6C5E7B18BF77EE60
:108BFC00877A002E1CBF77EE877A0126F5EE407A35
:108C0C0008BF0026F1EE10FA167201F80A6C00F09B
:108C1C001D84C7EE276A1E7E93F81DB093F81EA024
:108C2C0093F81F90282D07EE908AF8EE677A03EEE2
:108C3C00106A67EEA67A5E7EC2ED037AF8EE437A8E
:108C4C0003EE906A67EEA67A9E7EC2ED047AF8EE89
:108C5C00637A04EE106A67EEA67ADE7EC2ED057AC0
:108C6C00F8EE447A04EE906A67EEA67A1E7FC2EDA7
:108C7C00067AF8EE647A05EE106A67EEA67A4FF083
:108C8C000006C2ED077AF8EE457A68F3070667EE40
:108C9C00A67A13EE108AC2ED087A07EE90BAF8EEB7
:108CAC00677A68F30F2667EEA67A13EE908AC2ED08
:108CBC00097A07EE90AAF8EE677A68F3174614EE75
:108CCC00108A67EEA67A68F31F6614EE908AC2EDDE
:108CDC000A7A0E6007EE909A4FF0000668F30706CA
:108CEC0015EE108AF8EE677A68F30F2667EEA67A0F
:108CFC006BF317466AF31F66C2ED0B7A4E6000F8F1
:108D0C00059000F0CB8309333032093128250AE76E
:108D1C00CC0000203793042078AC04200000000025
:108D2C00B9F1860F7FF645AEAB7DC74FC749C84832
:108D3C00DFEDC85ADFF820C301940BEE103AEB7D3F
:108D4C000AEE903A2B7E0AEE103A6B7E09EE903AC0
:108D5C00AB7E09EE103AEB7E08EE903A2B7F08EED4
:108D6C00103A6B7F00EE103AAB7F00EE903AEB7F3F
:108D7C0001EE103A95F8203001EE903A95F821303A
:108D8C0002EE103A95F8223002EE903A95F8233024
:108D9C0003EE103A95F8243003EE903A95F825300E
:108DAC0004EE103A95F8263005EE103A95F8273077
:108DBC0004EE903AB8EE4BBAF8EE6AAAB8EE4AAAAC
:108DCC00F8EE699AB8EE499AF8EE688AB8EE488AD5
:108DDC00B8EE400AF8EE600AB8EE411AF8EE611AE5
:108DEC00B8EE422AF8EE622AB8EE433AF8EE633A4D
:108DFC00B8EE444AF8EE644AB8EE455A3B461422A3
:108E0C00F7EE007AB0EE006A0C7991F805A0A2F1A9
:108E1C001008002CACFB0864A2F10F0E4FEA54149E
:108E2C00ACFB0E9604EB840B4FEA561604EBCB040A
:108E3C00A8EB040406EB860806EBC806AEEB060EA0
:108E4C0014BFF0EE466AF0EE676A14BF01260026E6
:108E5C0014BFB0EE677AB0EE657ABAF1000F065522
:108E6C0091F806901E7014BF01240024A2F10E0686
:108E7C0000F80E405C70ACFB068491F8078018BFBC
:108E8C00B0EE667A6409B9F1000F16BF4FF0010E0F
:108E9C004FF0000E37EE277AB8F1000F04EB840880
:108EAC0004EBC804A6EB040683F802E000F806E025
:108EBC00A2F10D06ACFB068491F808804FEA54141D
:108ECC0016BF4FF0010E4FF0000E37EE277AB8F1B7
:108EDC00000F04EB840804EBC804A6EB040683F82B
:108EEC0003E000F806E0A2F10C06ACFB068491F856
:108EFC0009804FEA541416BF4FF0010E4FF0000ECC
:108F0C0037EE277AB8F1000F04EB840804EBC804A1
:108F1C00A6EB040683F804E000F806E0A2F10B06C9
:108F2C00ACFB068491F80A804FEA541416BF4FF03C
:108F3C00010E4FF0000E37EE277AB8F1000F04EB5C
:108F4C00840804EBC804A6EB040683F805E000F8DB
:108F5C0006E0A2F10A06ACFB068491F80B804FEAFE
:108F6C00541416BF4FF0010E4FF0000E37EE277A57
:108F7C00B8F1000F04EB840804EBC804A6EB04065C
:108F8C0083F806E000F806E0A2F10906ACFB0684C3
:108F9C0091F80C804FEA541416BF4FF0010E4FF0AD
:108FAC00000E37EE277AB8F1000F04EB840804EBBF
:108FBC00C804A6EB040618BF37EE277A00F806E0C3
:108FCC00A2F10806ACFB06844FEA541404EB8408A7
:108FDC0004EBC804A6EB0406B5EE407A83F807E070
:108FEC0014BF4FF0010E4FF0000EF1EE10FA00F826
:108FFC0006E083F808E031D0C7EE876A26EE8B7A5C
:10900C0083ED037A26EEAA7A83ED047A26EE8A7A29
:10901C0083ED057A26EEA97A83ED067A26EE897A17
:10902C0083ED077A26EEA87A83ED087A26EE887A05
:10903C0083ED097A26EE807A60EEA66A83ED0A7AD1
:10904C00C3ED0B6A0AE000BFCC00002078AC042012
:10905C0020930420000000007D0CCEC74C7B91F8BF
:10906C000EA0A2F10708002CACFB0864A2F1060EBE
:10907C004FEA5414ACFB0E9604EB840B4FEA5616D5
:10908C0004EBCB04A8EB040406EB860806EBC8063D
:10909C0091F80F90AEEB060E14BFF0EE466AF0EEB0
:1090AC00676A14BF0126002614BFB0EE677AB0EED3
:1090BC00657ABAF1000F065518BFB0EE667A14BF88
:1090CC0001240024B9F1000F00F80E4014BF4FF03A
:1090DC00010E4FF0000E83F8306083F8314083F8B6
:1090EC0032E0A2F1050601D037EE277AACFB0684FC
:1090FC0091F810806409B8F1000F04EB840804EBBC
:10910C00C804A6EB0404A2F1040600F804E014BFA2
:10911C004FF0010E4FF0000E83F833E001D037EE24
:10912C00277AACFB068491F811806409B8F1000F22
:10913C0004EB840804EBC804A6EB0404A2F10306B8
:10914C0000F804E014BF4FF0010E4FF0000E83F84E
:10915C0034E001D037EE277AACFB068491F812800C
:10916C006409B8F1000F04EB840804EBC804A6EB07
:10917C00040414BF0126002600F804E083F83560CF
:10918C00A2F1020E01D037EE277AACFB0E8491F8D7
:10919C0013806409B8F1000F04EB840804EBC804D5
:1091AC00AEEB040414BF4FF0010E4FF0000E065549
:1091BC0083F836E002F1FF3601D037EE277AACFBAC
:1091CC00068491F814806409B8F1000F04EB84084C
:1091DC0004EBC804A6EB040414BF0126002600F817
:1091EC0004E083F8376001D037EE277AACFB02E459
:1091FC0091F815E06409BEF1000F04EB840E04EB4A
:10920C00CE04A2EB040414BF4FF0010E4FF0000E7D
:10921C00065583F838E002F1010601D037EE277AC3
:10922C00ACFB0684640904EB840804EBC804341B0F
:10923C00B5EE407AF1EE10FA00F804E025D0C7EE56
:10924C00876A26EE817A83ED0F7A21EEA67A83ED7A
:10925C00107A22EE267A83ED117A22EEA67A83ED2D
:10926C00127A26EE837A83ED137A23EEA67A83EDB7
:10927C00147A24EE267A83ED157A25EE267A64EE9E
:10928C00A66A83ED167AC3ED176A3B2A01F1270112
:10929C0003F164033FD03B22B6E5BA4ABA4B1568DA
:1092AC00BA491A88284605F079FD00287FF481AB6D
:1092BC00B74EB84AB84BB948C6E9002303F17263FC
:1092CC00B74A03F5532303F22F43C6E9022347F2AF
:1092DC0069423623328206214122B37405F000F92B
:1092EC0003464122304613211E4605F0F9F8074685
:1092FC000146304605F002FA3146284605F002FDDB
:10930C00284605F079FD304605F0D0F9384605F0D1
:10931C00CDF9FFF74EBBA34E6A7895F82830A249D9
:10932C00A24887F8602087F8C430019C95F84F70EC
:10933C00D5F85090B5F8548008F0C2F8306808B1F0
:10934C0005F068FD002F40F05B81994E99499748D4
:10935C0095F85670D5F85790B5F85B8008F0B0F8D2
:10936C00306808B105F056FD002F40F0BD81924EDB
:10937C0092498E4895F85D70D5F85E90B5F862808C
:10938C0008F09EF8306808B105F044FD002F40F05D
:10939C008E818B4E8B49854895F86470D5F8659015
:1093AC00B5F8698008F08CF8306808B105F032FD2A
:1093BC00002F40F05F81844E84497C4895F86B7097
:1093CC00D5F86C90B5F8708008F07AF8306808B170
:1093DC0005F020FD002F40F030817D4E7D49734813
:1093EC0095F87270D5F87390B5F8778008F068F836
:1093FC00306808B105F00EFD002F40F0A680764EC7
:10940C0076496A4895F87970D5F87A90B5F87E80E7
:10941C0008F056F8306808B105F0FCFC002F78D144
:10942C006F4E7049614895F88070D5F88180B5F819
:10943C00855008F045F8306808B105F0EBFC002FBA
:10944C004DD1694B00221A70FFF7B3BA93F81BB0D9
:10945C0093F81CA093F8189000266BF307066AF398
:10946C000F264FF0000A68F3070A93F81D8068F383
:10947C00174693F8198069F30F2A68F3174A93F883
:10948C001E8068F31F664E609E7E282D66F31F6A51
:10949C00DE7FC1F800A046557FF435AC394B019EF8
:1094AC001D68394B80F801C01A8880F802E06423EB
:1094BC0003FB067620230370344986F860E02846C7
:1094CC0005F06CFC00287FF474AA41220621334875
:1094DC0005F006F8412206462921444805E705F027
:1094EC00B3FC074630600028ABD06ABA404992B250
:1094FC0005F0D8FA05460028A3D13A492B48C1F803
:10950C00008007F081FF3B492A46384605F07EFC77
:10951C0097E705F099FC07463060002880D098FA50
:10952C0098F2334992B205F0BDFA064600287FF452
:10953C0077AF2A491D48C1F8009007F065FF2E4906
:10954C003246384605F062FC6AE705F07DFC0746BA
:10955C00306000283FF453AF98FA98F2244992B245
:10956C0005F0A0FA064600287FF449AF19490F48C8
:10957C00C1F8009007F048FF20493246384605F004
:10958C0045FC3CE7D0AD04208C0000207CAD0420D1
:10959C0078AB0420F50000C205010367E4AD04209C
:1095AC006433326690620420946204208CAD0420F3
:1095BC0070D6032074D60320504A0320544A03204B
:1095CC0030BE022034BE022010320220143202209F
:1095DC00F0A50120F4A50120D0190120D4190120F7
:1095EC00B08D0020B48D0020A40000202093042016
:1095FC0080AD042081880008A5870008C986000872
:10960C0005F022FC0746306000283FF49EAE98FA25
:10961C0098F2BA4992B205F045FA064600287FF452
:10962C0094AEB749B748C1F8009007F0EDFEB649C3
:10963C003246384605F0EAFB87E605F005FC07469E
:10964C00306000283FF4C9AE98FA98F2AB4992B258
:10965C0005F028FA064600287FF4BFAEAB49A948AE
:10966C00C1F8009007F0D0FEA9493246384605F003
:10967C00CDFBB2E605F0E8FB0746306000283FF46E
:10968C009AAE98FA98F29D4992B205F00BFA0646FA
:10969C0000287FF490AE9F499A48C1F8009007F0DB
:1096AC00B3FE9D493246384605F0B0FB83E605F023
:1096BC00CBFB0746306000283FF46BAE98FA98F26B
:1096CC008E4992B205F0EEF9064600287FF461AEA1
:1096DC0092498C48C1F8009007F096FE90493246AA
:1096EC00384605F093FB54E605F0AEFB07463060B8
:1096FC0000283FF43CAE98FA98F2804992B205F0FB
:10970C00D1F9064600287FF432AE86497D48C1F86F
:10971C00009007F079FE84493246384605F076FB16
:10972C0025E641220621814804F0DAFE4122034657
:10973C00092138461F4604F0D3FE834601463846BD
:10974C0004F0DCFF3946484605F0DCFA484605F0E3
:10975C0053FB384604F0AAFF584604F0A7FFFFF766
:10976C005EB9734E6649674807F0AAFE306808B1C7
:10977C0005F050FBB8F1000F3FF41BA905F064FB9A
:10978C000746306000283FF414A92A465B4905F0CF
:10979C0089F9054600287FF40CA959495948C1F8A4
:1097AC0000A007F031FE58492A46384605F02EFB3A
:1097BC00FFF7FFB85F4E5949524807F081FE3068F9
:1097CC0008B105F027FBB8F1000F3FF4F2A805F043
:1097DC003BFB0746306000283FF4EBA82A4647497C
:1097EC0005F060F9054600287FF4E3A84B4945488D
:1097FC00C1F800A007F008FE49492A46384605F092
:10980C0005FBFFF7D6B84C4E46493E4807F058FECC
:10981C00306808B105F0FEFAB8F1000F3FF4C9A8A2
:10982C0005F012FB0746306000283FF4C2A82A4618
:10983C00324905F037F9054600287FF4BAA83949B2
:10984C003048C1F800A007F0DFFD37492A463846FA
:10985C0005F0DCFAFFF7ADB8384E3949294807F066
:10986C002FFE306808B105F0D5FAB8F1000F3FF4BF
:10987C00A0A805F0E9FA0746306000283FF499A843
:10988C002A461E4905F00EF9054600287FF491A8DA
:10989C002B491C48C1F800A007F0B6FD29492A46FF
:1098AC00384605F0B3FAFFF784B8274E2749154818
:1098BC0007F006FE306808B105F0ACFAB8F1000FFD
:1098CC003FF477A805F0C0FA0746306000283FF453
:1098DC0070A82A46094905F0E5F8054600287FF4EA
:1098EC0068A81A490748C1F800A007F08DFD18496F
:1098FC002A46384605F08AFAFFF75BB880AD04209B
:10990C00946204208CAD04207D8200081432022065
:10991C00ED85000834BE022011850008544A03204E
:10992C003584000874D6032059830008E4AD042064
:10993C0090620420504A032070D60320B08D002082
:10994C00B48D002081880008F0A50120F4A5012029
:10995C00C98600082E4E2F492F4807F0B1FD3068FC
:10996C0008B105F057FAB8F1000F3FF422A805F042
:10997C006BFA0746306000283FF41BA82A4627499B
:10998C0005F090F8054600287FF413A821492248D9
:10999C00C1F800A007F038FD21492A46384605F0E9
:1099AC0035FAFFF706B81F4E1F491B4807F088FD14
:1099BC00306808B105F02EFAB8F1000F3EF4F9AF9B
:1099CC0005F042FA0746306000283EF4F2AF2A4612
:1099DC00124905F067F8054600287EF4EAAF1249F3
:1099EC000D48C1F800A007F00FFD10492A46384673
:1099FC0005F00CFAFEF7DDBFBFF34F8F0C490D4B92
:109A0C00CA6802F4E0621343CB60BFF34F8FFEE7EA
:109A1C0010320220143202208CAD042080AD0420C0
:109A2C00ED85000830BE022034BE022011850008EE
:109A3C0000ED00E00400FA05144A154B154970B509
:109A4C0014681A88204605F0A9F900B170BD4122AE
:109A5C000621114804F044FD4122054601210F481E
:109A6C0004F03EFD06460146284604F047FE294612
:109A7C00204605F047F9204605F0BEF9284604F0CB
:109A8C0015FE3046BDE8704004F010BED0AD042089
:109A9C008C0000207CAD0420E4AD04206CAB0420D1
:109AAC0090F83930DB0700D4704710B505F0CCF9CD
:109ABC00084B0446186060B1074940F2E17204F0AB
:109ACC00F1FF30B9024605492046BDE8104005F0CB
:109ADC009DB910BDD0AD042080AD04205D89000877
:109AEC00024A136801331360704700BFECAD0420C9
:109AFC0038B5194D2C78092C27D8184A184B32F840
:109B0C00142018491A800220174B0860174A18486D
:109B1C00E0214FF0010C1970164B82F800C040F296
:109B2C00091100221A8003F0ABFC11484FF4857127
:109B3C0003F0A6FC0E484FF4847103F0A1FC013431
:109B4C000B4803F08BFC2C7038BDBDE838400A483C
:109B5C00042103F07DBB00BFD4AD04209000002095
:109B6C00E0AD0420D8AD0420E2AD0420E3AD042028
:109B7C00005C0040DCAD042000080240F8B54C4B02
:109B8C004C491B784C485BB103F094FC20B34B4B15
:109B9C00494819786FF00102BDE8F84003F050BC59
:109BAC0003F088FC044638B1444B43481978012231
:109BBC00BDE8F84003F044BC41493F4803F07AFC4F
:109BCC00054620B33F4B1B68012B3BD0BDE8F8404A
:109BDC003B49394803F09CBC3949374803F06AFCCF
:109BEC000028F3D13849344803F064FC70B1374D88
:109BFC00344B2C881B68A34229DD04F00103344A42
:109C0C002D48D15C013403F035FC2C80F8BD2D4E71
:109C1C0030492948346803F04DFC0028F6D0022C5A
:109C2C0029D0012C2CD0294F23483D88013C0135EB
:109C3C00346003F021FC3D8026491F48BDE8F84004
:109C4C0003F066BC1C48214603F0EEFBBEE71A4845
:109C5C0003F00AFC18484FF4847103F01DFC1648FD
:109C6C004FF4857103F018FCBDE8F840124840F23F
:109C7C00091103F011BC1048294603F0D5FBD2E7BB
:109C8C000D4803F0F1FB29460B4803F0D3FB0A48BF
:109C9C004FF4847103F000FC07484FF4857103F016
:109CAC00FBFB054840F2091103F0F6FBBBE700BFD4
:109CBC00E3AD042009010005005C0040E2AD042086
:109CCC0009010105D8AD042009010705DCAD04200C
:109CDC00E0AD04200901060510B50F4C0F492046D4
:109CEC0003F016FC20460E4903F012FC20460D49E9
:109CFC0003F00EFC20460C4903F00AFC20460B49ED
:109D0C0003F006FC20460A4903F002FC20460949F0
:109D1C00BDE8104003F0FCBB005C004008010A05E4
:109D2C0008010F0508010E0508010B0508010905BE
:109D3C000801080508010C0510B584B004F00CF8F6
:109D4C0004F074F919491A4A1A481B4C08601B4B49
:109D5C004FF6FF7010600620B3F804C084F838008A
:109D6C001868174BC4F832000293164B019300236A
:109D7C0000932046A4F836C0134B04F0D5F9134BCE
:109D8C00E362204604F0ACFA1149204604F0D6FAFE
:109D9C0007F05CFA204607F069FA204604F0A6FAB0
:109DAC00204604B0BDE8104006F00EB988AD042082
:109DBC0084AD0420A9FE2F5E8CAD0420E4AD0420FC
:109DCC00C922010855C3000880AD0420F4260108FF
:109DDC00AD9A000870B540F6154082B003F006FC51
:109DEC0041F20E0003F002FC464D4748474E042159
:109DFC0002F0E0FA4FF40074454B43482B6000220C
:109E0C000421EC6102F05CFB00231A462146414818
:109E1C0003F046FD23463F4805224BF6803103F004
:109E2C004FFD002201210F2003F088FB34782A46D5
:109E3C00002C54D1384B3448AB60042102F0ECFABE
:109E4C003148042102F032FB3248214603F07CFDFC
:109E5C00102204212C48314D02F03EFBC4F10104C8
:109E6C0040F61540347003F0C1FB03222C4B2648FE
:109E7C002B6011464FF40074EC6102F021FB0023BF
:109E8C0005201A4621460090264E274803F066FD11
:109E9C00002201210E2003F051FB34782A465CBBD2
:109EAC00224B1948AB60032102F0B6FA1648032185
:109EBC0002F0FCFA1C48012103F046FD102203219C
:109ECC00114802F009FBC4F101041248347003F08C
:109EDC0035FD154802B0BDE8704003F02FBD144BA2
:109EEC000948AB60042102F097FA0748042102F0FC
:109EFC00DDFA08480021A9E70E4B0348AB600321AB
:109F0C00D2E700BF6800002000600240640000201F
:109F1C000C3800400038004068A3042040000020AA
:109F2C000C3400403C00002000340040649B0420B2
:109F3C0068A70420649F042070B540F6154003F018
:109F4C0055FB41F20F0003F051FB264D2648274EDE
:109F5C00052102F02FFA4FF40074254B22482B6098
:109F6C0000220521EC6102F0ABFA00231A462146CF
:109F7C00204803F095FC234605224BF680311D4802
:109F8C0003F09EFC1B4803F0D9FC00220121102099
:109F9C0003F0D4FA34782A46B4B9174B1248AB60A4
:109FAC00052102F039FA1048052102F07FFA114818
:109FBC00214603F0C9FCC4F101040B481022052111
:109FCC0002F08AFA347070BD0C4B0748AB60052167
:109FDC0002F022FA0448052102F068FA0548002133
:109FEC00E7E700BF180000200060024016000020C8
:109FFC000C3C0040003C004058930420589704202F
:10A00C0038B51A482022052102F078FA00B938BD7B
:10A01C00174D16482022052102F096FB2C78154A84
:10A02C00B4B1154B11489360052102F0F5F90F48B6
:10A03C00052102F03BFA1148002103F085FCC4F124
:10A04C0001040A481022052102F046FA2C7038BD92
:10A05C000B4B06489360052102F0DEF903480521FD
:10A06C0002F024FA05482146E7E700BF00600240F1
:10A07C00160000201800002058970420003C0040D7
:10A08C00589304202DE9F04F744B754A1B781178C6
:10A09C0087B09942019360D0724B059300295FD130
:10A0AC001A88714B714C7248B4F800C00390D3E914
:10A0BC000067029400686F4CDFF8C0E104938A4695
:10A0CC00431C0EEBC00B551EC3F308080CF1010921
:10A0DC00002A40F0AF8015461FFA81F808F1010BF9
:10A0EC001FFA8BFB4FEA36434FEA3749FE2944F8F7
:10A0FC00213044F82B9020D00231002A40F0AC8063
:10A10C00C64604EB8101984673468B46864602335D
:10A11C00414648469BB2F146D84603F1010E023344
:10A12C005FFA8EFE9BB2B3F5807F48F8321044F88C
:10A13C002E0002F10102F0D14846BAF1000F09D00D
:10A14C00029BA3F800C0039B1860059B1D80049B19
:10A15C00C3E90067424B019A1A7007B0BDE8F08F53
:10A16C001A88414B414C4248B4F800E00390D3E9C3
:10A17C0000560294002100683F4C404F04938A46DD
:10A18C00431C07EBC00B02F1FF3CC3F308080EF1B4
:10A19C000109002A3DD194461FFA81F808F1010B00
:10A1AC001FFA8BFB4FEA35434FEA3649FE2944F838
:10A1BC00213044F82B901DD00231002A4AD1474659
:10A1CC0004EB810198463B4683460F4602334846D2
:10A1DC0041469BB2B846D9465F1C0233FFB29BB2D4
:10A1EC00B3F5807F48F8321044F8270002F10102E1
:10A1FC00F2D14846BAF1000FACD0029BA3F800E0B4
:10A20C00039B1860059BA3F800C0049BC3E9005690
:10A21C00A0E75B42C3F3080357F83050DBF8046047
:10A22C0040461FFA8CFC1FFA89FE58BF58424FF06B
:10A23C00010AB1E75B42C3F308035EF83060DBF858
:10A24C0004704046ADB21FFA89FC58BF58424FF01B
:10A25C00010A41E7624693E72A4631E716000020DF
:10A26C00589B0420148304200C8304201400002029
:10A27C00188304205897042058930420208304202A
:10A28C0038B51A482022042102F038F900B938BD3B
:10A29C00174D16482022042102F056FA2C78154A44
:10A2AC00B4B1154B11489360042102F0B5F80F4876
:10A2BC00042102F0FBF81148002103F045FBC4F126
:10A2CC0001040A481022042102F006F92C7038BD52
:10A2DC000B4B06489360042102F09EF803480421BE
:10A2EC0002F0E4F805482146E7E700BF00600240B1
:10A2FC00640000206800002068A70420003800409B
:10A30C0068A304202DE9F04F744B754A1B78117823
:10A31C0087B09942019360D0724B029300295FD1B0
:10A32C001A88714B714C7248B4F800C00390D3E991
:10A33C000067059400686F4CDFF8C0E104938A460F
:10A34C00431C0EEBC00B551EC3F308080CF101099E
:10A35C00002A40F0AF8015461FFA81F808F1010B76
:10A36C001FFA8BFB4FEA36434FEA3749FE2944F874
:10A37C00213044F82B9020D00231002A40F0AC80E0
:10A38C00C64604EB8101984673468B4686460233DB
:10A39C00414648469BB2F146D84603F1010E0233C2
:10A3AC005FFA8EFE9BB2B3F5807F48F8321044F80A
:10A3BC002E0002F10102F0D14846BAF1000F09D08B
:10A3CC00059BA3F800C0039B1860029B1D80049B97
:10A3DC00C3E90067424B019A1A7007B0BDE8F08FD1
:10A3EC001A88414B414C4248B4F800E00390D3E941
:10A3FC0000560594002100683F4C404F04938A4658
:10A40C00431C07EBC00B02F1FF3CC3F308080EF131
:10A41C000109002A3DD194461FFA81F808F1010B7D
:10A42C001FFA8BFB4FEA35434FEA3649FE2944F8B5
:10A43C00213044F82B901DD00231002A4AD14746D6
:10A44C0004EB810198463B4683460F46023348464F
:10A45C0041469BB2B846D9465F1C0233FFB29BB251
:10A46C00B3F5807F48F8321044F8270002F101025E
:10A47C00F2D14846BAF1000FACD0059BA3F800E02E
:10A48C00039B1860029BA3F800C0049BC3E9005611
:10A49C00A0E75B42C3F3080357F83050DBF80460C5
:10A4AC0040461FFA8CFC1FFA89FE58BF58424FF0E9
:10A4BC00010AB1E75B42C3F308035EF83060DBF8D6
:10A4CC0004704046ADB21FFA89FC58BF58424FF099
:10A4DC00010A41E7624693E72A4631E7640000200F
:10A4EC0068AB042000730420F872042012000020D2
:10A4FC000473042068A7042068A304200C730420B0
:10A50C0038B516482022032101F0F8FF00B938BDF8
:10A51C00134D12482022032102F016F92C78114A0F
:10A52C00B4B1114B0D489360032101F075FF0B483A
:10A53C00032101F0BBFF0D48012103F005FAC4F122
:10A54C00010406481022032101F0C6FF2C7038BD0F
:10A55C00074B024893600321E7E700BF006002400D
:10A56C003C00002040000020649F04200034004088
:10A57C00649B04202DE9F04F924A934E92F800C050
:10A58C003378634585B04BD0DFF848B2002B4AD105
:10A59C009E46DFF844828D4B0393CDE901CBBBF88B
:10A5AC0000401B68B8F80070DFF83092DFF830A27A
:10A5BC0070461FFA8EF5691C89B259F82E2059F88D
:10A5CC0021104FEA32424FEA3141002C40F0A48076
:10A5DC00BEF1FE0FDDE901CB1AD0AA1C92B22146C6
:10A5EC00951C9246AAB2B2F5807F0D4601F101018D
:10A5FC00F6D10EF102020AF1010109EB8202C9B295
:10A60C0052F8352059F821104FEA32424FEA3141C5
:10A61C006F4DC5E90021002840F0D28086F800C0BB
:10A62C0005B0BDE8F08F694BDFF8AC810393CDE941
:10A63C0001CB4FF0000EBBF800401B68B8F800705F
:10A64C00DFF8A091DFF898A170461FFA8EF5691C0F
:10A65C0089B259F82E2059F821104FEA32424FEAAC
:10A66C0031418CB9BEF1FE0FDDE901CBD0D0AA1C73
:10A67C0092B22146951C9246AAB2B2F5807F0D4645
:10A68C0001F10101F6D1B4E7581C4542C5F30805A8
:10A69C00C0F3080058BF68425D42C5F30805C3F318
:10A6AC00080358BF6B42002A1546B8BF02F1FF05DC
:10A6BC00D2F1000B5FFA8BFB5FFA82FC58BFCBF137
:10A6CC00000C2D12BCF1000FB8BF05F1FF350029AD
:10A6DC004AF833500D46B8BF01F1FF05D1F1000B1C
:10A6EC005FFA8BFB5FFA81FC58BFCBF1000C2D128B
:10A6FC00BCF1000F0AEBC303B8BF05F1FF35013CF9
:10A70C000137BEF1FE0FA4B25D60BFB24CD0034660
:10A71C000EF1020E012098E7581C4542C5F30805BE
:10A72C00C0F3080058BF68425D42C5F30805C3F387
:10A73C00080358BF6B42002A1546B8BF02F1FF054B
:10A74C00D2F1000B5FFA8BFB5FFA82FC58BFCBF1A6
:10A75C00000C2D12BCF1000FB8BF05F1FF3500291C
:10A76C004AF833500D46B8BF01F1FF05D1F1000B8B
:10A77C005FFA8BFB5FFA81FC58BFCBF1000C2D12FA
:10A78C00BCF1000F0AEBC303B8BF05F1FF35013C68
:10A79C000137BEF1FE0FA4B25D60BFB204D0034618
:10A7AC000EF1020E012004E7094BDDE901CBC3E9F0
:10A7BC000021039BA8F800701860ABF800402DE74F
:10A7CC001846F6E73C00002064A30420F062042045
:10A7DC005C9B042010000020E8620420649F04208D
:10A7EC00F8620420649B0420A64A1388002B00F016
:10A7FC001981A5490868013B1380431C5A42C2F3D6
:10A80C000802C3F3080358BF5342A04A0B601388D5
:10A81C00002B00F002819E492DE9F04F0E68013BA0
:10A82C001380731C5A42C2F30802C3F3080358BFC7
:10A83C005342984A0B6013888DB0002B40F0F38084
:10A84C00954B1A6859680592944C954B2578C3E939
:10A85C000021002D40F05282924C256864680095CE
:10A86C000194009C9C60019CDC608F4C2578002D31
:10A87C0040F0E3818D4C25686468089407952C465C
:10A88C001C61089C5C618A4C2578002D40F0068286
:10A89C00884C2568646809950294099C9C61029C0B
:10A8AC00DC61854C2578002D40F09781834C256820
:10A8BC0064680A9503940A9C1C62039C5C62804C3D
:10A8CC002578002D40F059817E4C256864680B95E5
:10A8DC0004940B9C9C62049CDC627B4C2578002DC0
:10A8EC0040F01C81794C2568D4F804B006952C46B0
:10A8FC00C3E90C4B764C2578002D00F0BF80754FCA
:10A90C003D88002D00F0B980DFF8F4E1DFF8F49118
:10A91C00DEF80040DFF8F081013D3D806E4D671C94
:10A92C0085FB07C53D444FEAE77CCCEB253CB9F8E9
:10A93C0000500135A9F8005008EBC40558F8344014
:10A94C006D68DFF8B881C8E900454FF48C5808FBF6
:10A95C001C77CEF80070614F97F800C0C3E90E4524
:10A96C00BCF1000F00F08480DFF8A0E1BEF800C05D
:10A97C00BCF1000F7AD0DFF89891574FD9F800202E
:10A98C00DFF890A10CF1FF3CAEF800C002F1010C15
:10A99C0087FB0CE8524FE0444FEAEC7ECEEB283EAE
:10A9AC00B7F8008008F10108A7F800800AEBC2088C
:10A9BC005AF83270D8F80480DFF85CA1CAE9007844
:10A9CC004FF48C5A0AFB1ECCC9F800C0C3E91078AE
:10A9DC00444B93F860C0BCF1010F00F0C782BCF18E
:10A9EC00020F00F0DF83BCF1030F00F0328793F805
:10A9FC00C400012800F0FA81022800F0A784032883
:10AA0C0000F0C085384A138801331380374A138805
:10AA1C00013313800DB0BDE8F08F344A1388013335
:10AA2C00138070477047324C013B138023685A1CCB
:10AA3C005142C1F30801C2F3080258BF4A422260D6
:10AA4C005A42C2F30802C3F3080358BF5342294ABF
:10AA5C00294C02EBC30152F8332049680E4B059286
:10AA6C00C3E90021238801332380EDE687F800C079
:10AA7C00DFF8A4C0DCE90078A8E725701F4DD5E904
:10AA8C00004568E7140000201C83042012000020FD
:10AA9C0008730420E8620420E062042080D60320BE
:10AAAC009862042078D60320604A0320584A032079
:10AABC0040BE022038BE0220203202201832022072
:10AACC0000A60120F8A50120E0190120D8190120C9
:10AADC00C08D0020C28D0020EBA00EEAA00100204A
:10AAEC0000000020CC0000200073042014830420FC
:10AAFC00EC620420F862042010000020B88D0020C5
:10AB0C00C48D002002000020D08D0020A201002066
:10AB1C00A4010020B001002098010020914F3D8835
:10AB2C00002D00F0F682DFF870E2DFF87092DFF8AB
:10AB3C007082013D3D80DEF800708B4D58F8372057
:10AB4C0006927C1C85FB045CA444E517C5EB2C35F4
:10AB5C00B9F800C00CF1010CA9F800C008EBC70C47
:10AB6C00824FDCF804B0C7E9002B4FF48C5707FB7D
:10AB7C001544CEF800401446BAE67D4F3D88002DB2
:10AB8C0000F0D882DFF81CE2DFF81C92DFF81C82A0
:10AB9C00013D3D80DEF80070734D58F837200B9264
:10ABAC007C1C85FB045CA444E517C5EB2C35B9F87B
:10ABBC0000C00CF1010CA9F800C008EBC70CDCF8C4
:10ABCC00047004976B4F3A60049A7A604FF48C5778
:10ABDC0007FB1544CEF800407BE6674F3D88002DFF
:10ABEC0000F0B982DFF8C8E1DFF8C891DFF8C8815E
:10ABFC00013D3D80DEF800705B4D58F837200A921D
:10AC0C007C1C85FB045CA444E517C5EB2C35B9F81A
:10AC1C0000C00CF1010CA9F800C008EBC70CDCF863
:10AC2C0004700397554F3A60039A7A604FF48C572F
:10AC3C0007FB1544CEF800403DE6514F3D88002DF2
:10AC4C0000F08082013D3D804E4F474DD7F800C04B
:10AC5C00DFF868E10CF1010485FB0485DFF8608105
:10AC6C005EF83C20079225444FEAE479C9EB253A7B
:10AC7C00B8F8009009F10109A8F800900EEBCC0887
:10AC8C00DFF840C1D8F804500895CCE900254FF402
:10AC9C008C5C0CFB1A443C601446F1E53A4F3D8841
:10ACAC00002D00F06082DFF820E1DFF82091DFF862
:10ACBC002081013D3D80DEF800702B4D58F8372087
:10ACCC0009927C1C85FB045CA444E517C5EB2C3570
:10ACDC00B9F800C00CF1010CA9F800C008EBC70CC6
:10ACEC00DCF804700297294F3A60029A7A604FF4AC
:10ACFC008C5707FB1544CEF80040CEE5244F3D8819
:10AD0C00002D00F00F82013D3D80224F164DD7F8EB
:10AD1C0000C0DFF8C090DFF8C0800CF1010485FBA7
:10AD2C0004E525444FEAE47ECEEB2535B9F800E086
:10AD3C0058F83C2000920EF1010EA9F800E008EB47
:10AD4C00CC0EDFF898C0DEF804200192009ACCF803
:10AD5C000020019ACCF804204FF48C5C0CFB1544B9
:10AD6C003C607EE5E2190120EBA00EEAD819012027
:10AD7C0002A60120F8A5012022320220183202205E
:10AD8C00624A0320644A032042BE022038BE0220DD
:10AD9C0082D6032084D60320E4190120040000206D
:10ADAC00F019012004A601200600002010A60120A5
:10ADBC00243202200800002030320220704A032086
:10ADCC000C000020584A032044BE02200A00002038
:10ADDC0050BE02200E00002090D6032078D603200F
:10ADEC0000000000000000CF0000004F93F864004A
:10ADFC00002840F077835FED067AB0EE677A93F81F
:10AE0C0065206AB1DDED006AF8EEE65ADDED016A07
:10AE1C00B8EEE66AD3ED1D6AA5EEA67AE6EE267AC2
:10AE2C0093F866206AB1DDED076AF8EEE65ADDEDBF
:10AE3C00086AB8EEE66AD3ED1E6AA5EEA67AE6EECF
:10AE4C00267A93F867206AB1DDED096AF8EEE65AC6
:10AE5C00DDED026AB8EEE66AD3ED1F6AA5EEA67ABE
:10AE6C00E6EE267A93F868206AB1DDED0A6AF8EE10
:10AE7C00E65ADDED036AB8EEE66AD3ED206AA6EE7B
:10AE8C00A57AE6EE867A93F869206AB1DDED0B6A55
:10AE9C00F8EEE65ADDED046AB8EEE66AD3ED216A07
:10AEAC00A6EEA57AE6EE867A93F86A206AB1DDED15
:10AEBC00066AF8EEE65A06EE90BAB8EEE66AD3EDFC
:10AECC00226AA6EEA57AE6EE867A93F86B206AB132
:10AEDC0006EE904A06EE105AF8EEE65AB8EEC66A3E
:10AEEC00D3ED236AA6EEA57AE6EE867A93F86C206B
:10AEFC006AB106EE107AF8EEC65A06EE108AD3ED59
:10AF0C00246AB8EEC66AA5EEA67AE6EE267A5FED5E
:10AF1C004A6AB4EEE67AF1EE10FA00F215835FEDB0
:10AF2C004F6AB4EEE67AF1EE10FAC0F20D83BDEE84
:10AF3C00C77A17EE103A1FED547A8F4AF4EEC77A9F
:10AF4C00F1EE10FA42F8363000F2F9829FED937A66
:10AF5C00F4EEC77AF1EE10FAC0F2F182FDEEE77A68
:10AF6C0017EE903A02EBC60253604BE593F800C023
:10AF7C00BCF1000F40F0A782DFED877AB0EE677A64
:10AF8C0093F801C0BCF1000F0DD0DDED006A93ED1C
:10AF9C00046AF8EEE66AA6EE267ADDED016AF8EEB2
:10AFAC00E66AE6EE267A93F802C0BCF1000F0DD0EB
:10AFBC00DDED076A93ED056AF8EEE66AA6EE267AF1
:10AFCC00DDED086AF8EEE66AE6EE267A93F803C041
:10AFDC00BCF1000F0DD0DDED096A93ED066AF8EEB9
:10AFEC00E66AA6EE267ADDED026AF8EEE66AE6EE91
:10AFFC00267A93F804C0BCF1000F0DD0DDED0A6A7F
:10B00C0093ED076AF8EEE66AA6EE267ADDED036AA2
:10B01C00F8EEE66AE6EE267A93F805C0BCF1000F6E
:10B02C000DD0DDED0B6A93ED086AF8EEE66AA6EE3C
:10B03C00267ADDED046AF8EEE66AE6EE267A93F8F7
:10B04C0006C0BCF1000F0DD0DDED066A93ED096A68
:10B05C00F8EEE66AA6EE267A06EE90BAF8EEE66A06
:10B06C00E6EE267A93F807C0BCF1000F0DD006EE81
:10B07C00904A93ED0A6AF8EEE66AA6EE267A06EE98
:10B08C00905AF8EEE66AE6EE267A93F808C0BCF120
:10B09C00000F0DD006EE907A93ED0B6AF8EEE66A8F
:10B0AC00A6EE867A06EE908AF8EEE66AE6EE867AE8
:10B0BC00DFED3B6AB4EEE67AF1EE10FA00F246826E
:10B0CC00DFED366AB4EEE67AF1EE10FAC0F23E82AB
:10B0DC00BDEEC77A17EE10CA9FED317ADFF8B4E0F7
:10B0EC00F4EEC77AF1EE10FA4EF830C000F2298275
:10B0FC009FED2A7AF4EEC77AF1EE10FAC0F22182B3
:10B10C00FDEEE77A17EE90CA0EEBC00ECEF804C037
:10B11C006DE42570194C2268D4F804B006921446DC
:10B12C00FFF7E6BB2570164C22680092626801920C
:10B13C00FFF797BB2570134C22680B926268049240
:10B14C00FFF7C7BB2570104C226807926268089203
:10B15C00079CFFF795BB25700C4C22680A9262681D
:10B16C000392FFF7A8BB2570094C2268099262680C
:10B17C000292FFF792BB00BF0C730420D819012078
:10B18C0078D60320F8A50120584A03201832022053
:10B19C0038BE02202083042000000000000000CFF5
:10B1AC000000004F93F800C0BCF1000F40F0B881D4
:10B1BC005FED077AB0EE677A93F801C0BCF1000F2F
:10B1CC000DD0DDED006A93ED046AF8EEE66AA6EEAA
:10B1DC00267ADDED016AF8EEE66AE6EE267A93F859
:10B1EC0002C0BCF1000F0DD0DDED076A93ED056ACE
:10B1FC00F8EEE66AA6EE267ADDED086AF8EEE66A67
:10B20C00E6EE267A93F803C0BCF1000F0DD0DDED0D
:10B21C00096A93ED066AF8EEE66AA6EE267ADDED8B
:10B22C00026AF8EEE66AE6EE267A93F804C0BCF100
:10B23C00000F0DD0DDED0A6A93ED076AF8EEE66AB1
:10B24C00A6EE267ADDED036AF8EEE66AE6EE267ADD
:10B25C0093F805C0BCF1000F0DD0DDED0B6A93ED3A
:10B26C00086AF8EEE66AA6EE267ADDED046AF8EED8
:10B27C00E66AE6EE267A93F806C0BCF1000F0DD014
:10B28C00DDED066A93ED096AF8EEE66AA6EE267A1B
:10B29C0006EE90BAF8EEE66AE6EE267A93F807C068
:10B2AC00BCF1000F0DD006EE904A93ED0A6AF8EE51
:10B2BC00E66AA6EE267A06EE905AF8EEE66AE6EE16
:10B2CC00267A93F808C0BCF1000F0DD006EE907AE8
:10B2DC0093ED0B6AF8EEE66AA6EE867A06EE908A95
:10B2EC00F8EEE66AE6EE867A5FED536AB4EEE67A3D
:10B2FC00F1EE10FA00F230815FED586AB4EEE67AA6
:10B30C00F1EE10FAC0F22881BDEEC77A17EE10CA22
:10B31C001FED5D7ADFF860E2F4EEC77A0EEBC00940
:10B32C00F1EE10FAC9F804C000F213819FED8E7A89
:10B33C00F4EEC77AF1EE10FAC0F20B81FDEEE77A6B
:10B34C0017EE90CA4EF830C0FFF751BB93F864006B
:10B35C00002840F0D680DFED857AB0EE677A93F85E
:10B36C0065206AB1DDED006AF8EEE65ADDED016AA2
:10B37C00B8EEE66AD3ED1D6AA6EEA57AE6EE867AFD
:10B38C0093F866206AB1DDED076AF8EEE65ADDED5A
:10B39C00086AB8EEE66AD3ED1E6AA6EEA57AE6EE6A
:10B3AC00867A93F867206AB1DDED096AF8EEE65A01
:10B3BC00DDED026AB8EEE66AD3ED1F6AA6EEA57A59
:10B3CC00E6EE867A93F868206AB1DDED0A6AF8EE4B
:10B3DC00E65ADDED036AB8EEE66AD3ED206AA6EE16
:10B3EC00A57AE6EE867A93F869206AB1DDED0B6AF0
:10B3FC00F8EEE65ADDED046AB8EEE66AD3ED216AA2
:10B40C00A6EEA57AE6EE867A93F86A206AB1DDEDAF
:10B41C00066AF8EEE65A06EE90BAB8EEE66AD3ED96
:10B42C00226AA6EEA57AE6EE867A93F86B206AB1CC
:10B43C0006EE904A06EE105AF8EEE65AB8EEC66AD8
:10B44C00D3ED236AA6EEA57AE6EE867A93F86C2005
:10B45C006AB106EE107AF8EEC65A06EE108AD3EDF3
:10B46C00246AB8EEC66AA5EEA67AE6EE267ADFED79
:10B47C00406AB4EEE67AF1EE10FA72D8DFED3A6A71
:10B48C00B4EEE67AF1EE10FA6BDBBDEEC77A17EE8E
:10B49C00103A384A9FED367A02EBC601F4EEC77AC1
:10B4AC00F1EE10FA4B605AD89FED2F7AF4EEC77A72
:10B4BC00F1EE10FA53DBFDEEE77A17EE903A42F814
:10B4CC003630FFF79FBADDED057AD3ED036AB8EE9F
:10B4DC00E77A07EE901AF8EEE77A27EE267A67EE0F
:10B4EC00A67A4DE5DDED057AD3ED1C6AB8EEE77A68
:10B4FC0007EE901AF8EEE77A27EE267A67EEA67A30
:10B50C007DE4DDED057AD3ED1C6AB8EEE77A07EE43
:10B51C00901AF8EEE77A27EE267A67EEA67A1EE7FF
:10B52C00DDED057AD3ED036AB8EEE77A07EE901AF3
:10B53C00F8EEE77A27EE267A67EEA67A3CE6002349
:10B54C0010E54FF0000CDFE50023F4E44FF0000CA5
:10B55C00C2E54FF0000CF5E64FF0000CD8E60023E6
:10B56C00ADE7002395E700BF000000CF000000000E
:10B57C000000004F0C73042020830420000080CFB7
:10B58C000000804F93F86400002800F0F282DDED9B
:10B59C00057AD3ED1C6AB8EEE77A07EE901AF8EE4E
:10B5AC00E77A37EE277A27EE266A93F8650068B1BA
:10B5BC00DDED007A9DED017AD3ED1D6AF8EEE77AA8
:10B5CC00B8EEC77A77EE877AA6EEA76A93F866008C
:10B5DC0068B1DDED077A9DED087AD3ED1E6AF8EEC1
:10B5EC00E77AB8EEC77A77EE877AA6EEA76A93F871
:10B5FC00670068B1DDED097A9DED027AD3ED1F6A23
:10B60C00F8EEE77AB8EEC77A77EE877AA6EEA76AF5
:10B61C0093F8680068B1DDED0A7A9DED037AD3EDFD
:10B62C00206AF8EEE77AB8EEC77A77EE877AA6EE5C
:10B63C00A76A93F8690068B1DDED0B7A9DED047A89
:10B64C00D3ED216AF8EEE77AB8EEC77A77EE877A0F
:10B65C00A6EEA76A93F86A0068B1DDED067AD3ED21
:10B66C00226A07EE10BAF8EEE77AB8EEC77A77EEF0
:10B67C00877AA6EEA76A93F86B0068B107EE904A3A
:10B68C0007EE105AF8EEE77AB8EEC77AD3ED236AD4
:10B69C0077EE877AA6EEA76A93F86C0068B107EE8E
:10B6AC00907A07EE108AF8EEE77AB8EEC77AD3ED07
:10B6BC00246A77EE877AA7EEA66A93F8940000289E
:10B6CC0000F05D82DDED057AD3ED286A07EE101AE5
:10B6DC00F8EEE77AB8EEC77A77EE877A67EEA67A55
:10B6EC0093F895206AB19DED007ADDED016AD3EDFA
:10B6FC00295AB8EEC77AF8EEE66A37EE267AE5EE06
:10B70C00877A93F896206AB19DED077ADDED086A89
:10B71C00D3ED2A5AB8EEC77AF8EEE66A37EE267AF7
:10B72C00E5EE877A93F897206AB19DED097ADDED05
:10B73C00026AD3ED2B5AB8EEC77AF8EEE66A37EE0A
:10B74C00267AE5EE877A93F898206AB19DED0A7A0D
:10B75C00DDED036AD3ED2C5AB8EEC77AF8EEE66A43
:10B76C0037EE267AE5EE877A93F899206AB19DED4B
:10B77C000B7ADDED046AD3ED2D5AB8EEC77AF8EEEC
:10B78C00E66A37EE267AE5EE877A93F89A206AB164
:10B79C009DED067AD3ED2E5A06EE90BAB8EEC77A26
:10B7AC00F8EEE66A37EE267AE5EE877A93F89B2078
:10B7BC006AB107EE104A06EE905AB8EEC77AF8EE68
:10B7CC00E66AD3ED2F5A37EE267AE5EE877A93F8B0
:10B7DC009C206AB107EE107A06EE908AB8EEC77A12
:10B7EC00F8EEE66AD3ED305A37EE267AE7EE257A94
:10B7FC001FED9D7AB4EEC76AF1EE10FA00F2B1813A
:10B80C001FEDA27AB4EEC76AF1EE10FAC0F2A9816C
:10B81C00B6EE007A26EE077ABDEEC77A17EE103A2E
:10B82C001FEDA97AD74AF4EEC77AF1EE10FA42F876
:10B83C0036303FF684AE9FEDD47AF4EEC77AF1EE53
:10B84C0010FAFFF67CAEB6EE007A67EE877AFFF759
:10B85C0085BB93F800C0BCF1000F00F08D81DDEDCD
:10B86C00057AD3ED036AB8EEE77A07EE901AF8EE94
:10B87C00E77A37EE277A27EE267A93F801C0BCF1E7
:10B88C00000F0DD0DDED007ADDED016A93ED046A59
:10B89C00F8EEE77AF8EEE66A77EEA67AA6EE277A65
:10B8AC0093F802C0BCF1000F0DD0DDED077ADDED91
:10B8BC00086A93ED056AF8EEE77AF8EEE66A77EE39
:10B8CC00A67AA6EE277A93F803C0BCF1000F0DD030
:10B8DC00DDED097ADDED026A93ED066AF8EEE77AA2
:10B8EC00F8EEE66A77EEA67AA6EE277A93F804C00D
:10B8FC00BCF1000F0DD0DDED0A7ADDED036A93ED9E
:10B90C00076AF8EEE77AF8EEE66A77EEA67AA6EE24
:10B91C00277A93F805C0BCF1000F0DD0DDED0B7A42
:10B92C00DDED046A93ED086AF8EEE77AF8EEE66A64
:10B93C0077EEA67AA6EE277A93F806C0BCF1000F34
:10B94C000DD0DDED067A93ED096A06EE90BAF8EEAD
:10B95C00E77AF8EEE66A77EEA67AA6EE277A93F8FF
:10B96C0007C0BCF1000F0DD007EE904A06EE905ABE
:10B97C00F8EEE77AF8EEE66A93ED0A6A77EEA67AC5
:10B98C00A6EE277A93F808C0BCF1000F0DD007EE95
:10B99C00907A06EE908AF8EEE77AF8EEE66A93ED86
:10B9AC000B6A77EEA67AA7EE867A93F830C0BCF1D4
:10B9BC00000F00F0DB80DDED057A93ED0F6A06EEEB
:10B9CC00901AF8EEE77AF8EEE66A77EEA67A67EE6A
:10B9DC00867A93F831C0BCF1000F0DD0DDED006A12
:10B9EC009DED016AD3ED105AF8EEE66AB8EEC66A20
:10B9FC0076EE866AE5EEA67A93F832C0BCF1000FBB
:10BA0C000DD0DDED076A9DED086AD3ED115AF8EE05
:10BA1C00E66AB8EEC66A76EE866AE5EEA67A93F822
:10BA2C0033C0BCF1000F0DD0DDED096A9DED026A4B
:10BA3C00D3ED125AF8EEE66AB8EEC66A76EE866A6E
:10BA4C00E5EEA67A93F834C0BCF1000F0DD0DDED15
:10BA5C000A6A9DED036AD3ED135AF8EEE66AB8EE66
:10BA6C00C66A76EE866AE5EEA67A93F835C0BCF126
:10BA7C00000F0DD0DDED0B6A9DED046AD3ED145A69
:10BA8C00F8EEE66AB8EEC66A76EE866AE5EEA67A57
:10BA9C0093F836C0BCF1000F0DD0DDED066AD3ED86
:10BAAC00155A06EE10BAF8EEE66AB8EEC66A76EEED
:10BABC00866AE5EEA67A93F837C0BCF1000F0DD07C
:10BACC0006EE904A06EE105AF8EEE66AB8EEC66A32
:10BADC00D3ED165A76EE866AE5EEA67A93F838C060
:10BAEC00BCF1000F0DD006EE907A06EE108AF8EE3F
:10BAFC00E66AB8EEC66AD3ED175A76EE866AE6EEBB
:10BB0C00A57ADFED226AB4EEE67AF1EE10FA2AD8C5
:10BB1C00DFED1D6AB4EEE67AF1EE10FA23DBF6EEF9
:10BB2C00006A27EE267ABDEEC77A17EE10CA9FED93
:10BB3C00177ADFF860E0F4EEC77AF1EE10FA4EF8FF
:10BB4C0030C03FF6FEAC9FED107AF4EEC77AF1EE02
:10BB5C0010FAFFF6F6ACB6EE007A67EE877AFFF7CE
:10BB6C00CFBA00235CE64FF0000CE0E7DFED087A7B
:10BB7C002FE79FED076A18E59FED057A7DE6DFED6F
:10BB8C00047AADE50C730420000080CF0000804FD8
:10BB9C0000000000208304204FF0E0222DE9F84340
:10BBAC00F549F64C5461F64BF02000244FF0070891
:10BBBC0081F823009461C2F81080D3F8201AD3F8CE
:10BBCC00100AD3F8145AD3F8186A6FF03A024FF6E9
:10BBDC00FF73FCF7EDFA3046294616461D466FF00A
:10BBEC003A024FF6FF73FCF7E3FA5640E54AE64992
:10BBFC0016606B4013714FF000601B0A537101F01B
:10BC0C00E9FC62B6E14EE24FE24DDFF8A09340F65C
:10BC1C00024001F0EBFC214630464FF40073022247
:10BC2C0001F09EFA4FF4007322463046022101F0D7
:10BC3C00E5F94FF400720421304601F00BFB4FF490
:10BC4C00406001F0D3FC214638464FF48073022249
:10BC5C0001F086FA4FF4807322463846022101F037
:10BC6C00CDF94FF480720421384601F0F3FA41F219
:10BC7C00170001F0BBFC22462846C74901F05CFBCB
:10BC8C00234622462146284601F0C0FB284601F0F7
:10BC9C00DFFB22462146482001F050FC21460122C0
:10BCAC00492001F04BFC40F6024001F09FFC21467C
:10BCBC0030460423022201F053FA22460423304674
:10BCCC00012101F09BF90421304601F0BFFA4FF439
:10BCDC00406001F08BFC02231A462146384601F0E5
:10BCEC003FFA022319462246384601F087F9022210
:10BCFC000B21384601F0AEFA4FF4406001F076FCAF
:10BD0C00214638460423022201F02AFA0423224653
:10BD1C003846022101F072F904220B21384601F059
:10BD2C0099FA40F6024001F061FC02231A462146C2
:10BD3C00304601F015FA022319462246304601F02E
:10BD4C005DF902220B21304601F084FA4FF4406079
:10BD5C0001F04CFC214638468023022201F000FA07
:10BD6C00802322463846022101F048F980220B211B
:10BD7C00384601F06FFA40F6024001F037FC2146DC
:10BD8C0030461023022201F0EBF9102322463046F4
:10BD9C00022101F033F910220B21304601F05AFA3E
:10BDAC0040F6024001F022FC2146304620230222BC
:10BDBC0001F0D6F9202322463046022101F01EF96B
:10BDCC0020220B21304605F5D43501F043FA40F61C
:10BDDC00014001F00BFC214628464FF4006302227F
:10BDEC0001F0BEF94FF4006322462846022101F00F
:10BDFC0005F94FF400620B21284601F02BFA40F6AE
:10BE0C00014001F0F3FB214628464FF480530222F7
:10BE1C0001F0A6F94FF4805322462846022101F086
:10BE2C00EDF84FF480520B21284601F013FA40F63E
:10BE3C00014001F0DBFB214628464FF4005302225F
:10BE4C0001F08EF94FF4005322462846022101F0EE
:10BE5C00D5F84FF400520B21284601F0FBF941F2C2
:10BE6C000E1001F0C3FB4FF4000001F093FD40F6FF
:10BE7C00194001F0BBFB40F61A4001F0B7FB40F64D
:10BE8C001B4001F0B3FB00F07BFC00F099FC224658
:10BE9C0021464FF4904000F057FE102001F00EF8B0
:10BEAC00FDF74AFFDFF808E13C48DFF808C13C49E0
:10BEBC003C4A4FF0FF33CEF8003003603A4BCCF8DD
:10BECC000030FD230B7040F60340F223137001F099
:10BEDC008DFB214648464FF48053022201F040F975
:10BEEC0022464FF480530121484601F087F840F672
:10BEFC00014001F07BFB214628468023022201F001
:10BF0C002FF9224680230121284601F077F840F6CC
:10BF1C00014001F06BFB214628464FF400430222FE
:10BF2C0001F01EF94FF4004322462846022101F08D
:10BF3C0065F84FF400420521284601F08BF940F6D4
:10BF4C00034001F053FB02231A462146484601F0F8
:10BF5C0007F9022319462246484601F04FF841469C
:10BF6C000222484601F076F940F6024001F03EFB11
:10BF7C002146304620E000BF00ED00E03E0D0300FE
:10BF8C000070FF1FE4AD0420008000080008024090
:10BF9C0000000240005C0040801A060078AD0420CE
:10BFAC0070AB04206CAB0420F0000101000C0240CB
:10BFBC007CAD042074AB04208023022201F0D0F865
:10BFCC00802322463046022101F018F880220521F8
:10BFDC00304601F03FF940F6024001F007FB2146E4
:10BFEC0030464023022201F0BBF840232246304663
:10BFFC00022101F003F830464022052101F02AF914
:10C00C0040F6014001F0F2FA214628464FF48043F5
:10C01C00022201F0A5F84FF4804322462846022163
:10C02C0000F0ECFF4FF480420621284601F012F993
:10C03C00FDF7D0FE40F6014001F0D8FA2146284623
:10C04C002023022201F08CF82023224628460221CC
:10C05C0000F0D4FF20220621284601F0FBF84FF413
:10C06C00406001F0C3FA214638464FF400430222E7
:10C07C0001F076F84FF4004322463846022100F0D6
:10C08C00BDFF4FF400423846062101F0E3F840F6BC
:10C09C00014001F0ABFA214628460823022201F0A8
:10C0AC005FF8082322462846022100F0A7FF082249
:10C0BC000621284601F0CEF840F6014001F096FA30
:10C0CC00214628464FF48063022201F049F84FF4D0
:10C0DC00806322462846022100F090FF28464FF448
:10C0EC008062062101F0B6F8FDF726FF48464FF4B2
:10C0FC00805101F0ABF828468021BDE8F84301F0EF
:10C10C00A5B800BF2DE9F04F4FF0000B4F4D83B099
:10C11C00D946D8465F465E465C462AE0AAEB060343
:10C12C00B3F57A7F34D2AAEB0703632B37D8AAEB8B
:10C13C0008024EF65F239A423AD8AAEB0903B3F5EC
:10C14C00FA7F3DD2AAEB0B03B3F5FA6F40D200F0A5
:10C15C0031FF012802D93E4800F0B6F82B78002BAD
:10C16C003FD1FDF78FFFFEF7CDF8FEF703FAFEF790
:10C17C003BFB384BD3F800A0AAEB0403092BCDD919
:10C18C00FDF7B6FCAAEB0603B3F57A7F5446CAD387
:10C19C0004F0A6FBAAEB0703632B5646C7D905F0A0
:10C1AC00D5F9AAEB08024EF65F239A425746C4D93A
:10C1BC0003F090FFAAEB0903B3F5FA7FD046C1D385
:10C1CC0004F092F8AAEB0B03B3F5FA6FD146BED389
:10C1DC001F4804F0E9F810B11F4B1B7843B9D34644
:10C1EC00B5E71B4804F0E0F830B900232B70B8E732
:10C1FC00FDF722FCD346AAE7184B1949D3F800A047
:10C20C00184B50461A8802F0C9FD0028EDD1412286
:10C21C000621154802F064F94122009004211348CC
:10C22C0002F05EF901460190009802F067FA00995D
:10C23C00504602F067FD504602F0DEFD009802F019
:10C24C0035FA019B184602F031FACEE769AB0420AF
:10C25C008CAD0420ECAD0420A4000020D0AD042053
:10C26C007CAD04208C000020E4AD042074AB0420D1
:10C27C0008B5FFF791FCFFF745FF00BF114B18689D
:10C28C000368002B00DAFEE770B50C46012100F0C4
:10C29C001DFE064684B1002562896168701906F09E
:10C2AC009FF8638924681D44002CF5D12946002091
:10C2BC0000F046FB002070BD2146002000F040FB42
:10C2CC00002070BD38AE04202DE9F0411D4D022137
:10C2DC008046286800F0FAFD05210446286800F025
:10C2EC00F5FD4FF4C1720646A1B2002002F06CF8C5
:10C2FC000746F8B10446002562896068711906F09A
:10C30C006FF8638924681D44002CF5D12146204622
:10C31C0000F0C6FAD8F81030414638469847044623
:10C32C0010B92046BDE8F081384602F0BFF920462E
:10C33C00BDE8F08101464FF0FF3400F0B1FA204621
:10C34C00BDE8F08134AE042038B50446154B164ACE
:10C35C00E36216496161062344F2474004F132015D
:10C36C006087A26184F83830002000F05BFB40F25B
:10C37C00DC522E23228684F839304FF4E00000F092
:10C38C0035FA4FF460200A4C00F030FA04F15005F5
:10C39C002046103400F0C4FDAC42F9D100F01CFB77
:10C3AC00002038BD0027010889C20008090D0108CA
:10C3BC0014EA042001EB410C00EBCC0303291A69AD
:10C3CC0022F001021A614FF000021A615A619A615F
:10C3DC00DA611A625A620BD849084FEA4C0C82682F
:10C3EC000CEB810C3D2303FA0CF313438360704771
:10C3FC000439CBB203EB4303C1F340015B0010B42F
:10C40C0003EB8103C4683D2202FA03F32343C360A8
:10C41C005DF8044B704700BF01EB410100EBC1001C
:10C42C0030B4436A23F00403436213688361936856
:10C43C00C361D36943611469136A01699569234324
:10C44C0021F45E312B4321F0C00143EA84030B43FA
:10C45C00036153688BB9036943F400730361D368B8
:10C46C00B3B9036943F4806303615369BBB90369CE
:10C47C0043F4807330BC03617047012B03690CBF1C
:10C48C0023F4007343F400430361D368002BE8D01A
:10C49C00036923F4806303615369002BE7D00369BC
:10C4AC0023F4807330BC0361704700BF01EB410182
:10C4BC00C90010300B5843F001030B50704700BFFC
:10C4CC0001EB4101C90010300B5823F0606343EAC3
:10C4DC0042630B50704700BF01EB4101802A4FEAC9
:10C4EC00C10104D010300B5813430B50704724304B
:10C4FC000B5843F080030B50704700BF032910B456
:10C50C0018D8013A1F2A11D8DFE802F07A10108AE5
:10C51C001010109A10101010101010AA10101010EB
:10C52C001010101010101010101010BA00205DF820
:10C53C00044B70470B1F013ADBB21F2AF6D80FF2DF
:10C54C00080C5CF822F000BFADC6000839C5000825
:10C55C0039C50008D7C6000839C5000839C5000818
:10C56C0039C5000801C7000839C5000839C50008DD
:10C57C0039C5000839C5000839C5000839C5000897
:10C58C0039C500082BC7000839C5000839C5000893
:10C59C0039C5000839C5000839C5000839C5000877
:10C5AC0039C5000839C5000839C5000839C5000867
:10C5BC0039C5000839C5000839C5000839C5000857
:10C5CC0039C50008D5C5000801EB41014468C3F327
:10C5DC004002103003EB4303C9004FEA430C0CEB51
:10C5EC00820C20230A5803FA0CF0204002F01003AE
:10C5FC0000289CD0181E18BF01205DF8044B704712
:10C60C0001EB410350F8244B5A00DB0049081B583E
:10C61C0002EB810201209040204003F08003E7E709
:10C62C0001EB410350F8104B5A00DB0049081B5832
:10C63C0002EB810204209040204003F00203D7E774
:10C64C0001EB410350F8104B5A00DB0049081B5812
:10C65C0002EB810208209040204003F00403C7E75E
:10C66C0001EB410350F8104B5A00DB0049081B58F2
:10C67C0002EB810210209040204003F00803B7E742
:10C68C0001EB410350F8104B5A00DB0049081B58D2
:10C69C0002EB810220209040204003F01003A7E71A
:10C6AC0001EB41014468C3F34002243003EB430324
:10C6BC00C9004FEA430C0CEB820C01230A5803FA15
:10C6CC000CF0204002F0800392E701EB410144683A
:10C6DC00C3F34002103003EB4303C9004FEA430C91
:10C6EC000CEB820C04230A5803FA0CF0204002F0E5
:10C6FC0002037DE701EB41014468C3F340021030B3
:10C70C0003EB4303C9004FEA430C0CEB820C0823E8
:10C71C000A5803FA0CF0204002F0040368E701EB1E
:10C72C0041014468C3F34002103003EB4303C900DA
:10C73C004FEA430C0CEB820C10230A5803FA0CF052
:10C74C00204002F0080353E703290BD84FEA510CA1
:10C75C0001EB41014B0003EB8C0381689A400A43C7
:10C76C00826070470439CBB203EB4303C1F3400141
:10C77C005B0003EB8103C1689A400A43C2607047B7
:10C78C0008B540F2194000F03FFF40F2194000F0AC
:10C79C0049FF0A4B002200200021C3E90C01C3E928
:10C7AC000022C3E90222C3E90422C3E90622C3E939
:10C7BC000822C3E90A229A6308BD00BFF0AD042029
:10C7CC000849094B0A6842F001020A6001E0013B8A
:10C7DC0002D00A68D207FAD4024B1868C04300F0A2
:10C7EC000100704700900240FFFF0400B0F5E00F1D
:10C7FC0070B437D0214C2249224B234ACC604FF0E5
:10C80C0000401C6044F2F4512346204DDC640024AB
:10C81C002C601F4D18602C6002F58E5502F5BE542D
:10C82C001C35103403F110069D63596003F140056B
:10C83C009A601861596118625962186359631864D7
:10C84C0059649C6403F1200002F2F45403F13001AA
:10C85C0002F6E832C3E90640DE60DD63C3E90A2173
:10C86C0070BC70470B4C064A0B4B14614FF4801094
:10C87C001C600A4A00212346C7E700BF14EA0420C3
:10C88C000090024034AE042000CC04202CAE0420D6
:10C89C0030AE0420C4E9042038AE04203CAE0420A1
:10C8AC0070B4244C23681A68002A05DB28B302F400
:10C8BC000345B5F5407F02D0002070BC70471E4D7B
:10C8CC002E68B601C2F30D4501D5960600D4043D81
:10C8DC008D42F1D88DB19B68012D1B7803700BD064
:10C8EC00411E2944024623689B6801331B1A9B5C3A
:10C8FC0002F8013F8A42F6D12368104A4FF00041FA
:10C90C0019605169080603D580200021506191609F
:10C91C005A68510403D5DB6823600120CDE712046B
:10C92C0001D5064BF7E7054A1268C2F384021032B0
:10C93C001344F1E734AE0420008002400090024022
:10C94C0030B5234C23681A68002A33DB40F2F455C7
:10C95C00A9422FD8B8B1B1B19B6802781A700129DD
:10C96C000FD000EB010E0EF1FF3E024623689B68D0
:10C97C0001331B1A134412F801CF83F800C072451F
:10C98C00F4D123681A68134D42F03042C3E90021F8
:10C99C006969686901F0040100F02000014303D0CB
:10C9AC00002269616A601A68D10205D5DB682360D0
:10C9BC00012030BD002030BD920202D5054B1B6911
:10C9CC00F5E7044A1268C2F3840210321344EEE70E
:10C9DC0038AE0420009002400F4810490268104BFA
:10C9EC0042F0080202608A6942F480128A6101E016
:10C9FC00013B02D08A69D202FAD4084B06499A69E3
:10CA0C0042F400529A610A6842F004020A609A6980
:10CA1C0042F002029A61704700800240009002408E
:10CA2C00FFFF0400034B8A88C25004330A68C250CB
:10CA3C00704700BF4080024010B5374B82B00120D8
:10CA4C001C6900F0B7FE354B354A0344934224F081
:10CA5C001C043FD244F008042F49324B0C610A6984
:10CA6C0022F47F4222F0C3024FF4004042F0030252
:10CA7C0048610A6101E0013B02D00A69D407FAD48B
:10CA8C00254B1B6913F001032DD1264A019301920A
:10CA9C00019B2BB1019B013B0193019B002BF9D115
:10CAAC001D49204B0A6922F47F4222F0C30242F056
:10CABC0001020A6101E0013B02D00A69D007FAD4F5
:10CACC00154B1A69D2070DD45869C043C0F3C03056
:10CADC0002B010BD144B154A0344934206D844F0DF
:10CAEC000C04B9E75B69002002B010BD104B114A71
:10CAFC0003449342B0D3104B104A0344934202D8E0
:10CB0C0044F00404A8E70E4B0E4A03449342EAD8BF
:10CB1C0044F01004A0E700BF0080024000D3CEFE1A
:10CB2C00C0E1E400FFFF040040F1E9FD3F787D0126
:10CB3C0000796CFC005A6202001F0AFA7FF0FA02BC
:10CB4C00802E0FF7804A5D05F0B583B006460D4682
:10CB5C001446FFF771FF78B9934B00900093009B3C
:10CB6C002BB1009B013B0093009B002BF9D1FFF7ED
:10CB7C0063FF002800F048818C4A8D4B11680B40F4
:10CB8C001360002353609360D36091694FF641703A
:10CB9C00014041F0800187489161D36187698649E2
:10CBAC00394041F008718161016884490160012EAE
:10CBBC0000F02D811369F10823F47F43700823F0F2
:10CBCC00C30301F4807100F4005043F003030143EC
:10CBDC00516113617A4B01E0013B02D01169CF071F
:10CBEC00FAD4724B1B6913F0010340F00D816FF006
:10CBFC007F4201930192019B2BB1019B013B01935D
:10CC0C00019B002BF9D1694A136823F4B0431E43EE
:10CC1C0016606E050BD51368664943F48063136088
:10CC2C008A6905F0806322F0806213438B615F494F
:10CC3C00644A4B681C434C601368D80713D50C68C6
:10CC4C005368614824F0007424F080041840204399
:10CC5C00584C0860A1699B0821F0C00103F0C00387
:10CC6C000B43A36113689F0709D5524990680B6861
:10CC7C0023F0E06323F4803303430B6013685E07F7
:10CC8C0009D54C49D0680B6823F47E0323F47C53FC
:10CC9C0003430B6013681D0709D5464910690B68DF
:10CCAC0023F4404323F0020303430B601368DC06B8
:10CCBC0007D54049454B8C695069234003438B6130
:10CCCC001368980612D53B4C9369A069404920F033
:10CCDC008070194020F004000143A161216803F029
:10CCEC00800321F080010B4323601368590607D59C
:10CCFC002E49D069CB695B0C5B040343CB61136891
:10CD0C001F0617D5294C136AA0694FF641710840CC
:10CD1C0023F47F4121F0410101432648A161D0F861
:10CD2C0080101B0A21F0770103F077030B43C0F846
:10CD3C0080301368DE0503D51C4B516A996013686B
:10CD4C009D0503D5194B916AD96013685C0509D50B
:10CD5C001649D06A4B6823F4FB6323F006030343A4
:10CD6C004B601368180509D51049106B0B6823F438
:10CD7C00913323F0700303430B601368D90407D578
:10CD8C000A49506B0B6823F4400303430B60136890
:10CD9C009B0406D50549926B0B6823F4602313435F
:10CDAC000B60012003B0F0BDFFFF8F00008002403C
:10CDBC000F8130FD00900240233FDEF80060C1027D
:10CDCC00FFFF0400F0AD042080000002E73FDEFD11
:10CDDC0004000001364B9C4516D0116921F47F41AB
:10CDEC0021F0C30141F003014FF4805050611161F7
:10CDFC00304901E0013B02D00A69D007FAD42D4F2B
:10CE0C00396911F001011AD0002003B0F0BD2A4E8F
:10CE1C00274F9C461169264B314041F0410111616D
:10CE2C0001E0013B02D01069C107FAD413695369C0
:10CE3C005B070CF1010CCDD4BC45EBD1E4E71E4EE5
:10CE4C00DFF86CE03A691A4B324042F041023A6129
:10CE5C0001E0013B02D03869C207FAD43B697B6917
:10CE6C00980601F1010102D47145EBD1CCE7104BCE
:10CE7C009942C9D03A690F4922F47F4222F0C30289
:10CE8C0042F4F06242F001023A6101E0013B02D04F
:10CE9C000A69D207FAD4074B1A695B69C3F3800697
:10CEAC00DB074FEAC6263FF5AEAE46F48046AAE64F
:10CEBC00FFFF0400008002403C00FFFF024A536861
:10CECC0003435360704700BF00800240052921D8FE
:10CEDC00DFE801F0050309161A0380687047006843
:10CEEC00C0F3C30070470368C3F30D4004280FD987
:10CEFC000A4A1268920101D59B060AD4043870477D
:10CF0C004068C0F30C007047C088C0F30C00704739
:10CF1C00002070474FF0FF30704700BF0080024088
:10CF2C00436823F000434360704700BF1E4A1368F8
:10CF3C0059684FF0004010B4186048040BD51B48DA
:10CF4C00016800292AD00B68CC6814600BB303600D
:10CF5C005DF8044B704709040BD5144B1448196841
:10CF6C00C06810600029F3D00A685DF8044B1A60A1
:10CF7C0070470F490D4C096820681033C1F38401C8
:10CF8C000B4413600028E3D0103020605DF8044B94
:10CF9C00704710315DF8044B01607047DB685DF839
:10CFAC00044B1360704700BF34AE04202CAE042039
:10CFBC000090024008B50F4B1B681B68002B14DB5C
:10CFCC0003F40342B2F5407F0BD103F02102212A76
:10CFDC0007D0094A12689201C3F30D4007D40438F4
:10CFEC0008BDFFF7A3FF012008BD002008BD9B066C
:10CFFC00F5D508BD34AE04200080024013F0010FBB
:10D00C0030B40568C46806D025F0030C24F0030482
:10D01C004CEA0105144313F0020F07D025F00C0C59
:10D02C0024F00C044CEA810544EA820413F0040F4A
:10D03C0007D025F0300C24F030044CEA011544EAFA
:10D04C00021413F0080F07D025F0C00C24F0C00414
:10D05C004CEA811544EA821413F0100F07D025F422
:10D06C00407C24F440744CEA012544EA022413F079
:10D07C00200F07D025F4406C24F440644CEA812541
:10D08C0044EA822413F0400F07D025F4405C24F4CA
:10D09C0040544CEA013544EA023413F0800F07D0B7
:10D0AC0025F4404C24F440444CEA813544EA823463
:10D0BC0013F4807F07D025F4403C24F440344CEA30
:10D0CC00014544EA024413F4007F07D025F4402CB8
:10D0DC0024F440244CEA814544EA824413F4806FE2
:10D0EC0007D025F4401C24F440144CEA015544EAC2
:10D0FC00025413F4006F07D025F4400C24F44004C0
:10D10C004CEA815544EA825413F4805F07D025F031
:10D11C00407C24F040744CEA016544EA026413F448
:10D12C00005F07D025F0406C24F040644CEA816528
:10D13C0044EA826413F4804F07D025F0405C24F05D
:10D14C0040544CEA017544EA02741B0444BF61F379
:10D15C009F7562F39F740560C46030BC704700BF5C
:10D16C00012941680CBF194399434160816813F050
:10D17C00010F1CBF21F00301114313F0020F1CBF60
:10D18C0021F00C0141EA820113F0040F1CBF21F0C5
:10D19C00300141EA021113F0080F1CBF21F0C0014D
:10D1AC0041EA821113F0100F1CBF21F4407141EAC7
:10D1BC00022113F0200F1CBF21F4406141EA8221AF
:10D1CC0013F0400F1CBF21F4405141EA023113F01F
:10D1DC00800F1CBF21F4404141EA823113F4807F5F
:10D1EC001CBF21F4403141EA024113F4007F1CBF03
:10D1FC0021F4402141EA824113F4806F1CBF21F4D9
:10D20C00401141EA025113F4006F1CBF21F440019C
:10D21C0041EA825113F4805F1CBF21F0407141EA56
:10D22C00026113F4005F1CBF21F0406141EA82618E
:10D23C0013F4804F1CBF21F0405141EA02711B04D2
:10D24C0048BF62F39F718160704700BF8161704776
:10D25C008162704710B4046A436A12F0010F1CBF5C
:10D26C0024F00F040C4312F0020F1CBF24F0F00446
:10D27C0044EA011412F0040F1CBF24F4706444EA55
:10D28C00012412F0080F1CBF24F4704444EA01344A
:10D29C0012F0100F1CBF24F4702444EA014412F065
:10D2AC00200F1CBF24F4700444EA015412F0400F08
:10D2BC001CBF24F0706444EA016412F0800F18BFA4
:10D2CC0061F31F7412F4807F1CBF23F00F030B4318
:10D2DC0012F4007F1CBF23F0F00343EA011312F495
:10D2EC00806F1CBF23F4706343EA012312F4006FB8
:10D2FC001CBF23F4704343EA013312F4805F1CBF5C
:10D30C0023F4702343EA014312F4005F1CBF23F49F
:10D31C00700343EA015312F4804F1CBF23F0706377
:10D32C0043EA0163120448BF61F31F7304625DF8A2
:10D33C00044B4362704700BFF8B5054602200C460B
:10D34C00164600F037FA2C4B69682C4FA3FB0023D0
:10D35C009B0CB84234BF1A463C2221F03F011143CA
:10D36C00696027498C4212D801333B2B34D8022BED
:10D37C0098BF02232B626400B0FBF4F4042CEB691D
:10D38C0038BF0424C4F30B041C43EC61F8BD1D4BE3
:10D39C009C42FBD81C494FF4967302FB03F3A1FB90
:10D3AC0003139B0901332B62EA69C6B922F480424C
:10D3BC0004EB4404EA61B0FBF4F005F11C03C0F388
:10D3CC000B020AB940F001001A6842F400421A60DC
:10D3DC001A6802431A60F8BD3C232B62CBE742F477
:10D3EC00804204EB840404EB8404EA61B0FBF4F0A7
:10D3FC0005F11C030246E4E783DE1B43008793031D
:10D40C00A0860100801A0600D34D621010B4046887
:10D41C00C3F3090324F002040C43134304605DF8C6
:10D42C00044B8360704700BF036823F480630B4395
:10D43C0003607047036823F400630B430360704779
:10D44C0002320CBF21F0010141F001010161704772
:10D45C00036843F001030360704700BF036843F4A3
:10D46C0080730360704700BF036843F4007303606C
:10D47C00704700BF016170470069C0B2704700BFC0
:10D48C008A0910B401F01F01145801238B40234367
:10D49C0013505DF8044B70474FEA911C01225CF865
:10D4AC00003001F01F018A4023EA02034CF80030DF
:10D4BC00704700BFC1F3891270B4466815588A0DC5
:10D4CC0001F01F031458012202FA03F0C1F30443C4
:10D4DC009A400E4B21F48031994200EA050002EA91
:10D4EC00040205D072B1003818BF012070BC70471F
:10D4FC000028FBD016F48060F8D0101E18BF012055
:10D50C0070BC7047104670BC704700BF090106051F
:10D51C00094B99420CD04FEA915C01225CF8003027
:10D52C00C1F304418A4023EA02034CF800307047EF
:10D53C0043698369704700BF0901010510B4224C8F
:10D54C00E36803F4E063B3F5E06F32D0E36803F40F
:10D55C00E063B3F5C06F17D0E36803F4E063B3F591
:10D56C00A06F0DD0E36803F4E063B3F5806F24D0B3
:10D57C00E36803F4E063B3F5407F22D0134BE36020
:10D58C0002F00302022302E002F007020323104C14
:10D59C009940114323180901C9B283F800134209B9
:10D5AC00012300F01F00834044F822305DF8044B47
:10D5BC00704702F00F020423E9E702F00102012395
:10D5CC00E5E700221346E2E700ED00E00005FA056E
:10D5DC0000E100E021F06041034B21F07F010143A9
:10D5EC009960BFF34F8F704700ED00E0830903F1A2
:10D5FC00804303F50E3300F01F00196801228240AE
:10D60C000A431A60704700BF830903F1804303F596
:10D61C000E3300F01F001968012282400A431A6081
:10D62C00704700BF830903F1804303F50E3300F00C
:10D63C001F001A680121814022EA01021A6070471A
:10D64C00044AD2F8083823F400030343C2F808381C
:10D65C00704700BF003002401C2814D81C2810D87A
:10D66C00DFE800F0490F0F0F0F0F0F0F0F0F0F0F09
:10D67C000F0F0F0F590F0F0F0F0F0F0F690F780FA1
:10D68C00870000207047B0F5E85F25D043F2100307
:10D69C0098420ED13E4B3F4901E0013B03D0D1F8FB
:10D6AC00C0289203F9D53B4BD3F8C008C0F34040D7
:10D6BC007047B0F5E05FE4D136496FF0704301E09C
:10D6CC00013B03D0D1F870289207F9D5314BD3F830
:10D6DC007008C0F3400070472D4B2E4901E0013B10
:10D6EC0003D0D1F874289007F9D52A4BD3F87408D5
:10D6FC00C0F34000704727494FF4A06301E0013BA1
:10D70C0003D0D1F800289007F9D5224BD3F80008A4
:10D71C00C0F3400070471F494FF6FF7301E0013B17
:10D72C0003D0D1F800289003F9D51A4BD3F8000890
:10D73C00C0F340407047164B164901E0013B03D043
:10D74C00D1F800289201F9D5124BD3F80008C0F398
:10D75C00406070470E4B0F4901E0013B03D0D1F8FC
:10D76C0000281001F9D50B4BD3F80008C0F3C060AA
:10D77C007047074B074901E0013B03D0D1F8002863
:10D78C009200F9D5034BD3F80008C0F340707047F2
:10D79C00FFFF0F0000300240830903F1804303F5C3
:10D7AC000E3300F01F001968012282400A431A60F0
:10D7BC00704700BF10B5364C844694E80F0088B013
:10D7CC000DF1200E10340EE90F0094E803006B46A7
:10D7DC0083E8030002AB83E803002E4AD2F8083832
:10D7EC00C3F38103012B4ED0022B43D1D2F8040892
:10D7FC00D2F80418D2F80438D2F80428264CC3F313
:10D80C00014312F4800F03F10103C1F388124FEAB4
:10D81C00430300F03F01214818BF2046B0FBF1F054
:10D82C0002FB00F0B0FBF3F01A4BD3F80818D3F856
:10D83C000828D3F80838C1F3031120316944C2F326
:10D84C008222C3F342332032203311F8101C6A4475
:10D85C006B4412F8202C13F8183C20FA01F1BCF19F
:10D86C00030F12D8DFE80CF0040C020821FA02F0C6
:10D87C0008B010BD0948D7E721FA03F008B010BD75
:10D88C00084608B010BD0448CEE70020F0E700BF02
:10D89C00DC2601080030024000366E010024F40042
:10D8AC0010B4C4694FF2470C04EA0C041C43144333
:10D8BC000C4344F40064C4615DF8044B704700BF32
:10D8CC002DE9F041054602211B4C29621020174618
:10D8DC001E464FF00008FFF75FFF1020FFF7BCFE5D
:10D8EC00C4F88488D4F8843843F48043C4F884386A
:10D8FC00D4F8843843F0A043C4F884381A20FFF7D6
:10D90C004BFF1A20FFF7A8FE46F002064046FFF731
:10D91C0097FED4F80438D4F88438D4F88438D4F882
:10D92C0004382E62EB6923F00703EB61EB693B4390
:10D93C00EB61BDE8F08100BF00300240C36943F4E5
:10D94C008063C361704700BF436819B943F0020399
:10D95C004360704743F0010343607047B1F5007FAB
:10D96C0010B4C46918BFB1FA81F104F4906C18BFFB
:10D97C004909019C14BF09024FF4807121430B43E8
:10D98C00134343EA0C0343F400635DF8044BC36197
:10D99C00704700BF044AD2F8043823F40003034351
:10D9AC00C2F80438704700BF00300140002103E08A
:10D9BC000A4B5B584350043109480A4B42189A42AF
:10D9CC00F6D3094A02E0002313600432074B9A4253
:10D9DC00F9D300F00FF8FEF74BFC70471C28010838
:10D9EC0000000020AC000020B0000020E8CC052096
:10D9FC00FEE700005B495C4AD1F8883010B443F470
:10DA0C007003C1F88830D2F8003843F0010383B0BA
:10DA1C00C2F80038D2F800389907FBD5D2F808388C
:10DA2C00002143F08003C2F808380191019B4F2B71
:10DA3C0005D8019B01330193019B4F2BF9D94A4A1D
:10DA4C00D2F80838002143F09003C2F8083801914D
:10DA5C00019B4F2B05D8019B01330193019B4F2B4D
:10DA6C00F9D94149414CD1F8083823F00303C1F8E6
:10DA7C000838D1F8002822F0847222F48032C1F8E0
:10DA8C000028D1F80028002022F48022C1F80028B8
:10DA9C00C1F80808D1F80828C1F80448C1F80C08E6
:10DAAC00D1F8002842F480324FF6FF73C1F80028F9
:10DABC0001E0013B03D0D1F800289203F9D52A4BA1
:10DACC00D3F8002894034CD5D3F84028284929488A
:10DADC0042F08052C3F840280A6842F440420A607F
:10DAEC00D3F80828C3F80828D3F8082842F40042D1
:10DAFC00C3F80828D3F8082842F4A052C3F8082821
:10DB0C00C3F80408D3F8002842F08072C3F8002848
:10DB1C00D3F800289001FBD5154A136843F48033E1
:10DB2C0013605368D903FCD51368114943F40033CF
:10DB3C0013604B689A03FCD50B4AD2F8083823F0D3
:10DB4C000303C2F80838D2F8083843F00203C2F8CD
:10DB5C000838D2F808381B07FBD503B05DF8044B26
:10DB6C007047FEE700ED00E000300240103000246A
:10DB7C00007000401964400940BA80B2704700BF81
:10DB8C0000BA704730B510F001044FF0000C06D00D
:10DB9C00614529DD10F8013B013963F31F2C012984
:10DBAC002ADD02394D0805F1010E00EB4E0E002363
:10DBBC0030F8022B70451344FAD1C5EBC57501EB57
:10DBCC004501012905BF9EF8002062F3070C0CEB00
:10DBDC00030013FA8CF083B203EB104398B200EB02
:10DBEC00134014B980B230BD604603029BB2C0F33F
:10DBFC000720184380B230BD86460023E1E700BF02
:10DC0C002DE9F843089C1B6824689046220C12FAF4
:10DC1C0084F414FA83F404EB1344A3B203EB14431B
:10DC2C009CB2894604EB1344E0B1054600276E898B
:10DC3C0068683146FFF7A6FF204484B2F30704EB73
:10DC4C00104406D523029BB2C4F3072487F00107C6
:10DC5C001C432D68002DEAD127B123029BB2C4F3DB
:10DC6C0007241C434846FFF787FF05464046FFF74D
:10DC7C0083FF2844204483B203EB104398B200EB9B
:10DC8C001340C04380B2BDE8F88300BFFFF7B8BFB4
:10DC9C0030B510F001044FF0000505D039B310F881
:10DCAC00013B013963F31F25012928DD02394FEAB5
:10DCBC00510E0EF1010C00EB4C0C002330F8022B32
:10DCCC0060451344FAD1CEEBCE7E01EB4E01012917
:10DCDC0005BF9CF8002062F30705ED1813FA85F5D3
:10DCEC00ABB203EB154399B201EB134124B10B0218
:10DCFC009BB2C1F307211943C94388B230BD844696
:10DD0C000023E4E720B3F8B5002705463C466E89AE
:10DD1C0068683146FFF736FF0444A3B203EB1444A2
:10DD2C00F30706D523029BB2C4F3072487F001073F
:10DD3C001C432D68002DEAD13FB1200280B2C4F300
:10DD4C0007242043C04380B2F8BDE443A0B2F8BD21
:10DD5C004FF6FF70704700BF0B4B0C490C4830B4AA
:10DD6C0023F0030303F520420A4C03604FF42045D3
:10DD7C000A60002001211D601871236011714FF0A1
:10DD8C00A02330BC136070478BEA042080EA042087
:10DD9C007CEA042084EA0420002866D0830764D13E
:10DDAC00324A1168A0F1080399425ED82DE9F0437C
:10DDBC002F4C246800F10C02944254D310F8042C1C
:10DDCC00002A50D030F8082C30F806CCB2F5204F91
:10DDDC0049D8BCF5204F46D85D1AADB2654501EB6C
:10DDEC000C0903D031F80C60AE423CD101EB020EB1
:10DDFC00744503D0BEF80260AE4234D11D4F0026EC
:10DE0C0000F8046C3E689E4284BF3B601E4673451E
:10DE1C0017D09EF80480B8F1000F12D1744510D0C1
:10DE2C00BEF8002020F8082CB64504BF3B601E4607
:10DE3C00B2F5204F05D08C18658030F806CC01EB7C
:10DE4C000C0999450FD099F8040060B9B34208BF8A
:10DE5C00C7F80090B2F5204F18BF8918A9F8002018
:10DE6C0018BFA1F802C0BDE8F083704784EA042013
:10DE7C0080EA04207CEA0420CB1C23F003039BB231
:10DE8C000B2B3BD9B3F5204F3BD8994239D82E4AAE
:10DE9C001268824237D82D490968814233D970B54E
:10DEAC00A0F1080130F808EC891A89B2AEF1080C1F
:10DEBC00ACEB010C1FFA8CFC9C4542D31DD002EB41
:10DECC000E04257905BB224D32F80EE02E6801F1C7
:10DEDC00080C63449BB2A64202EB030408BF2C60FF
:10DEEC0061800021A4F800E0217120F8083C218811
:10DEFC00B1F5204F01D011444B8070BD0C239942D9
:10DF0C00C5D900207047704703F11404A4B2A4458E
:10DF1C00F3D30F4D01F1080423449BB22E68D4189F
:10DF2C00A64288BF2C600025257122F803E0618091
:10DF3C0020F8083CD15AB1F5204FDED00A4453806A
:10DF4C0070BD002070BD00BF84EA042080EA04206C
:10DF5C007CEA0420002855D02DE9F04100F1030E95
:10DF6C002EF0030E1FFA8EFEBEF10B0F29D9BEF553
:10DF7C00204F23D8704521D8294B2A4E1968356873
:10DF8C00A5EB010C1FFA8CF3CEF52047BB429C4647
:10DF9C0014D26FF0070806E0CB5A1A44724513D21C
:10DFAC009F429C460AD9C818A8EB03020479002C9E
:10DFBC00F2D031F803C063469F42F4D80020BDE88C
:10DFCC00F0814FF00C0ED5E70EF11407BA4206D2D1
:10DFDC0001230371854216D00830BDE8F0810EF1A3
:10DFEC000802624492B28F183C718B520123A7F83D
:10DFFC0002C0028003718B5AB3F5204FEAD00B4458
:10E00C005A80E7E77047084A0346146803E01B8808
:10E01C000B441A790AB19C42F9D13360DCE700BF9A
:10E02C0084EA04207CEA042080EA0420F0B5124D36
:10E03C00124B134E05F11C0E0A240027033355F81E
:10E04C00042B376023F003036CB10021B2F804C039
:10E05C000A4600E003460132A242196003EB0C00B1
:10E06C001946F7D13360AE4504D02A68D2E902369E
:10E07C00D488E3E7F0BD00BF1427010810CA0520BF
:10E08C000CCA0520062808D8054B53F82030DB684D
:10E09C00186818B102681A6070470020704700BFFA
:10E0AC0014270108062807D831B1044B53F8203047
:10E0BC00DB681A680A601960704700BF14270108F2
:10E0CC006FF00B00704700BF30B50D4641682B68F0
:10E0DC008B4283B001D103B030BD044611601046B1
:10E0EC0001A9019300F0C0FE94F839302A686260EF
:10E0FC0003F00501052906D0E369002BEBD020467F
:10E10C00984703B030BD002AF6D01A0705D49B06F9
:10E11C00F2D5204603F0E6F8EEE7211D204602F08A
:10E12C00EBFE94F83930F2E72DE9F04383B0DDF8DB
:10E13C002C9000286BD0B9F1000F68D01F460A9BB9
:10E14C0003620C9B3B4C03613B4B0E4690460029F3
:10E15C0008BF1E46002A08BF9846002F08BF1F465E
:10E16C00227880F83C20002343608360C36080F8F1
:10E17C003930436283623268304903860546C36195
:10E18C0003644161002A4CD018461946D8F8002087
:10E19C00904218BFAA603A68934218BFEA600029FF
:10E1AC0039D02846C847034688BB254E95F83C1005
:10E1BC003068FF2904BF85F83C30194670B103461E
:10E1CC0001E01B6853B193F83C208A42F9D101312C
:10E1DC00C9B2FF2913D085F83C10F0E7FE2918BF0F
:10E1EC004B1C95F83920286014BFDBB20023237038
:10E1FC009306356007D4284603B0BDE8F0830021B0
:10E20C0085F83C10DBE7284603F030F8F3E70020F4
:10E21C0003B0BDE8F08301AA31462846FFF754FF4E
:10E22C00BFE7314601AAFFF74FFFD5E902030121F1
:10E23C00ACE700BFA3CB0520F8270108CDE0000810
:10E24C00A8CB0520F0B5254D002914BF0E462E464F
:10E25C00002A14BF17462F46002B18BF1D463368E3
:10E26C0083B004466BB100223B68A1688B4218BF97
:10E27C00A3602B68E1688B4218BFE3603AB103B02E
:10E28C00F0BD6A463146FFF71FFF0122ECE76368D9
:10E29C0032689A42F3D001A96846CDE9003200F009
:10E2AC00E3FD94F839303268626003F0050105290A
:10E2BC0007D132B11A070AD49B0602D5204603F0C7
:10E2CC0011F8E369002BDAD020469847D7E7211DD7
:10E2DC00204602F011FE94F83930EDE7F8270108DA
:10E2EC00014B1860704700BFA4CB0520C8B110B516
:10E2FC0090F83930D907044612D4C26943F00103AF
:10E30C0080F8393012B1904794F8393003F0050297
:10E31C00052A05D162681AB11A0708D49B0601D4E4
:10E32C0010BD70472046BDE8104002F0DBBF211D38
:10E33C00204602F0E1FD94F83930EFE700B1C161FD
:10E34C00704700BF024658B1064B186810B907E079
:10E35C00006830B190F83C300133DBB29342F7D116
:10E36C0070477047A8CB052038B558B3002405E09A
:10E37C00036998470134E4B2C5B12846837B013B5D
:10E38C00DBB2837393B9427B0568037B9207EFD4AE
:10E39C0003F00F03022B0BD0012B0ED0002BE9D175
:10E3AC000134FFF7F9FCE4B2002DE6D1204638BD6C
:10E3BC0001460620FFF776FEDCE701460520FFF755
:10E3CC0071FED7E70446F1E72DE9F843002661F327
:10E3DC000F06B2F5C17F884661F31F4641D0144643
:10E3EC0009D822F04003012B9DB22AD04FF000092E
:10E3FC004846BDE8F883B2F5207FF7D1C31C01F184
:10E40C00030828F0030823F0030343449BB205469A
:10E41C00434503F1100080B2E8D38045E6D8FFF7FE
:10E42C0099FD81460028E3D02B4A4319C0E90262CA
:10E43C001333002123F00303C0E900134846BDE861
:10E44C00F8830520FFF71EFE81460028D0D000235C
:10E45C0004734373C581C0E9003386604846BDE848
:10E46C00F88300261D4D0746B14640F2DC5407E008
:10E47C001FFA81F83060B8F1000FB9D006460027BA
:10E48C000620FFF7FFFDFB1C23F00303E31A9BB2EE
:10E49C004345074428BF43461337A8EB030100222A
:10E4AC0027F0030788B1C0E90027A0F80880438152
:10E4BC00C560B9F1000FDBD1A8EB03031FFA83F899
:10E4CC008146B8F1000FD9D192E7B9F1000F8DD088
:10E4DC004846FFF749FF89E78000010082000100F0
:10E4EC0070B50025064661F30F050520144661F34F
:10E4FC001F45FFF7C7FD38B10023C0E900360122E4
:10E50C00856004734373C28170BD00BF10B50330C6
:10E51C0020F0030C1846002361F30F03BDF80CE048
:10E52C00029C61F31F43614471450BD804B16444F0
:10E53C000021C0E9014301600123022102734173F0
:10E54C00C38110BD002010BD38B504460089884237
:10E55C0028D96289914211D9218124688B1A628948
:10E56C00081A99B28A4280B208D2238903442381C3
:10E57C002468891A628989B28A42F6D3237B0025E2
:10E58C0061F30F05180761F31F4504D1914202D0C6
:10E59C00637B9B0707D52068A56008B1FFF7E4FEF5
:10E5AC000023236038BD63681B1B1944204689B2C5
:10E5BC00FFF762FC0446EEE770B1B1F5803F0BD279
:10E5CC0061B103898AB213449BB29A4204D890F980
:10E5DC000CC0BCF1000F03DB01207047002070471A
:10E5EC0010B4446800F1100C611A614509D3B0F8FD
:10E5FC000AC0416062444281038100205DF8044BF3
:10E60C0070470120FAE700BFA0B1B1F5803F11D2ED
:10E61C0091B143898AB29A420CD810B444680C4424
:10E62C00018944609B1A8A1A438102815DF8044B6C
:10E63C0000207047012070470020704700291ADB2A
:10E64C0000B359B303898AB213449BB29A4219D8C6
:10E65C0010B490F90CC04468BCF1000FA4EB01019C
:10E66C001EDBB0F80AC04160624442810381002085
:10E67C005DF8044B704728B1438949421FFA81FC6D
:10E68C009C4501D9012070474268114402894160C0
:10E69C00A3EB0C03A2EB0C02438102810020704718
:10E6AC0000F1100C6145DCD20120E1E708B1FFF765
:10E6BC005BBE7047034630B100201B68013080B24E
:10E6CC00002BFAD17047704710B1837B01338373F1
:10E6DC00704700BF80B179B1036843B10289B1F8CA
:10E6EC0008C06244028118461B68002BF6D10A89C7
:10E6FC000389016013440381704700BFA0B191B13D
:10E70C00036843B10289B1F808C06244028118461B
:10E71C001B68002BF6D10A8903890160134403811D
:10E72C008B7B01338B7370470029F9D1704700BF85
:10E73C0000287AD02DE9F0410D4600296DD00289D0
:10E74C000B899A42804668D30026438937466C89E8
:10E75C00D8F804006968DB1BA41B9C4228BF1C462C
:10E76C0031443844224603F03BFE6B892644B342C5
:10E77C00274414D9B8F80A2097423CD02A899A42E7
:10E78C0019D0B8F80A30B8F808209A42DFD1D8F876
:10E79C000020002ADBD06FF00500BDE8F081B8F84E
:10E7AC000A302D68BB4215D06DB169892A89914216
:10E7BC004FF00006E7D12B68002BE2D06FF005007C
:10E7CC00EBE7B8F80A30B8F808209A421AD00020C3
:10E7DC00BDE8F081D8F80080B8F1000F1BD0002DF7
:10E7EC00EFD06A892B899A424FF0000618D0B8F8FE
:10E7FC000A303746C7E7D8F80080B8F1000F0CD0C4
:10E80C000027BBE7D8F80030002B0CBF00206FF0BE
:10E81C000500BDE8F081002DD9D06FF00F00D7E7CF
:10E82C002B683746002BACD0C8E76FF00F00704751
:10E83C002DE9F041054660B30F4671B3164682B31D
:10E84C004FF00008B5F80AC007EB080053B1634558
:10E85C00A3EB0C0206D32D6893B2002DF2D14046E7
:10E86C00BDE8F081ACEB0304A4B2B44228BF34463B
:10E87C006968361B224619444444B6B203F0B0FD15
:10E88C001FFA84F82D68002EE9D00023002DD9D171
:10E89C00E5E780464046BDE8F08188464046BDE845
:10E8AC00F0819046DBE700BF38B515460A4629894A
:10E8BC00FFF78AFD044610B12946FFF739FF2046C1
:10E8CC0038BD00BF18B90AE0006899B230B143896D
:10E8DC008B42A1EB0303F7D94368585C7047704730
:10E8EC002DE9F04F4389072B87B0044640F29980FD
:10E8FC00DFF8AC91D0F804A0D9F814008846D9F808
:10E90C00001003F067F90546BAF80000FFF734F978
:10E91C000746BAF80200FFF72FF95E4BD3F800B0A8
:10E92C000246BBF1000F00F0B180D9E9043C00268F
:10E93C000393CDF814B05B46D9F804E00494304648
:10E94C00D34604E0D9681846002970D00B46598A82
:10E95C009142F7D193F808A0BAF1000F05D09EF8B8
:10E96C003C100131C9B28A45ECD11968002D44D054
:10E97C0049B1BCF1FF3F64D0D8F8084081EA0C0AD9
:10E98C001AEA040FDED193F810A01AF0040F04D188
:10E99C00002E69D0BCF1FF3F59D0998AB942D1D130
:10E9AC00596811B1039CA142CCD1DA46DDE9044B84
:10E9BC0028B1384A1360DA68C260C3F80CB01E463E
:10E9CC00BAF8063043B1344B00932289043B112131
:10E9DC002046FFF75BF920BB08212046FFF714FE09
:10E9EC00F8B9BEB1356AE5B1706A2C4B0097224676
:10E9FC003146A84707B0BDE8F08F09B16145A1D1F8
:10EA0C00197C4907C9D4998A002E08BF1E46B94201
:10EA1C0098D1C5E72DB9D9F8143003F0F003E02BE9
:10EA2C0028D1204607B0BDE8F04FFFF73FBE049C4D
:10EA3C00DA46002EC4D1D8F804309C45F1D100261A
:10EA4C00BEE793F810A01AF0040FA6D166B1D8F85F
:10EA5C0004A034685445A0D08A4508BF1E46998A44
:10EA6C00B9427FF46FAF9BE7998AB9421E467FF497
:10EA7C0069AF95E7B9F80C100831204609B2FFF7D9
:10EA8C00DDFD0321204602F01DFBCAE7D9F814C0B6
:10EA9C00D1E700BFACCB052078EA042074EA04204F
:10EAAC0064EA0420394BF0B5002914BF0C461C460F
:10EABC00002865D0364E3768F7B1B84218BF3946D2
:10EACC0002D143E0884241D0C9680029FAD1AAB1E9
:10EADC0025683B4615B929E0DB68FBB18342FBD0C6
:10EAEC00B3F812C09445F7D11C68A54201D0002C94
:10EAFC00F2D16FF00700F0BD0ABB3946DFF894E0A5
:10EB0C00BEF800204FF6FF739A424FF4804532D086
:10EB1C00013292B22FBB2568AEF80020056042820C
:10EB2C0081B10020F0BDDB68002BF7D09842FAD001
:10EB3C005C8A9442DDD0DB68002BF7D1EEE72368CA
:10EB4C0003604282C76030600020EBE70121BEE722
:10EB5C00013DADB2BDB14FF6FF739A42D8D14FF41F
:10EB6C0040423B4602E0DB68002BD4D0B3F812C025
:10EB7C009445F8D1ECE74FF44042002FF1D1CAE7AD
:10EB8C006FF00F00F0BDAEF80020B2E7F8270108D7
:10EB9C00ACCB0520A60000202DE9F04F85B0DDE9B7
:10EBAC000EBA002800F087800D46002900F0838003
:10EBBC001746002A7FD0BAF1000F7CD0BBF1000FB2
:10EBCC0079D0428A99460446002A5BD02A894FF6AE
:10EBDC00F7739A4272D808212846FFF7EDFC0028FB
:10EBEC0041D12E46608AD6F80480FEF7C5FFA8F8FE
:10EBFC0000004846FEF7C0FF0023A8F8020088F882
:10EC0C00063088F80730237C1A0708D53B6803F0D8
:10EC1C00F003E02B03D1737B43F00403737330894F
:10EC2C00FEF7AAFFA8F80400237CDB0734D53B6869
:10EC3C0003F0F003E02B0CBF637FE37ACDF808B050
:10EC4C00A27A0092112001903A465146304602F0C9
:10EC5C0045FFAE42804602D03046FFF727FD4046C6
:10EC6C0005B0BDE8F08F4FF4207208212220FFF789
:10EC7C00ABFB064610B32B89002BB3D02946FFF70C
:10EC8C003DFDAFE70146FFF70DFF804600289DD004
:10EC9C00404605B0BDE8F08F3289009753461121EC
:10ECAC003046FEF7F3FF4FF6FF73002818BF0346FC
:10ECBC00A8F80630BBE76FF00F08D0E74FF0FF382D
:10ECCC00CDE700BF70B582B0069CA8B1A1B19AB1D6
:10ECDC0094B1056835B9251DCDE90045FFF75CFFFA
:10ECEC0002B070BD05F0F00CBCF1E00FF3D066681B
:10ECFC00B54204D10546EFE76FF00F00F0E76FF077
:10ED0C000300EDE7002843D0F0B50D4683B0002991
:10ED1C003BD00446007AA68A271D58BB636803F0D3
:10ED2C00F003E02B0CD1207F38BBA36943B11A4A06
:10ED3C001268934204D004F1180002F033FC18B9A5
:10ED4C00384602F02FFCE8B1216851B9031DCDE91A
:10ED5C0000033A46334629462046FFF71DFF03B011
:10ED6C00F0BD01F0F003E02BF0D04368994209D1DB
:10ED7C002346ECE7FFF7E6FAE5E7FFF7E3FA0028AE
:10ED8C00E2D1DDE76FF00300E9E76FF00F00E6E793
:10ED9C006FF00F00704700BFF427010818B370B56F
:10EDAC000D4619B31646428A0446B2B111492A6877
:10EDBC00237C62600A68A68243F00403237442B188
:10EDCC00944208D0134601E09C4204D0DB68002B2F
:10EDDC00FAD1E2600C60002070BD0146FFF762FEC4
:10EDEC000028E3D070BD6FF00F0070476FF00F007C
:10EDFC0070BD00BFACCB052038B1037C002223F0E2
:10EE0C0004034260828202720374704708B1C0E945
:10EE1C0008127047014698B10A4A136883420AD017
:10EE2C0033B11A46DB681BB18B42FAD1CB68D36085
:10EE3C000020FFF737B9C36813600020FFF732B921
:10EE4C00704700BFACCB052010B50020FFF71AF9B6
:10EE5C00044630B12822002103F0BAFAFF23E372F2
:10EE6C006377204610BD00BF88B102687AB171B1DA
:10EE7C000B6863B10A4B1B684BB110B41C6894420D
:10EE8C0006D0DB68002BF9D15DF8044B7047704756
:10EE9C000A681A60DB68002BF6D00268EEE700BF48
:10EEAC00ACCB05202DE9F84300286CD00E46002988
:10EEBC0069D0174605464FF420724FF49A713620EC
:10EECC009946FFF781FA804600285CD0032F3FD08B
:10EEDC00B379C3B32E4B1B68D8F8044033604FF49E
:10EEEC009A720021204603F073FA40F2011323803A
:10EEFC0095F83830A3703068FEF742FE4FF4C873B3
:10EF0C00FB40DB0760603BD4032F35D0D5F83230A3
:10EF1C00E361EB8E2384632384F8EC3084F8EF30C8
:10EF2C0040F23513A4F8F0306FF07D0384F8ED3027
:10EF3C0084F8F2700322532384F8EE304046A9F88B
:10EF4C000020BDE8F883124A136801331360C3E74D
:10EF5C007379032BBCD044684FF49A72002120467D
:10EF6C0003F036FA40F20113238095F83830A37081
:10EF7C003068FEF705FE60607379043B012BC5D841
:10EF8C006B68E360C2E74FF000084046BDE8F883C9
:10EF9C00A8000020002800F08180416A00297DD063
:10EFAC0010B58B6A00225C1C82B04A8206D01E33DC
:10EFBC00B3F5701F5BD34FF6FF738B82CB6A5A1C71
:10EFCC001BD01E33B3F5701F42D30B6B4FF6FF7281
:10EFDC005C1C4A81CA815DD01E33B3F5701F65D3AA
:10EFEC008A810A8200234B81CB79C3B991F91C30F9
:10EFFC000A7F002B53DBFF2312E00A6B4B89541C56
:10F00C002FD01E32B2F5701F3DD23B2A5BD80122A5
:10F01C008A810A82002BE5D1CB79002BE6D00B6AD2
:10F02C004A6ACDE9003222B9CA69134043F08073B1
:10F03C0001934B790A2B04D00A220023A1F8052056
:10F04C000B8101AB6A461C31FFF7FCF802B010BD16
:10F05C003B2B31D8012213464A810A6BCB81541CBD
:10F06C00CFD18A899A42D7D8002AD5D0BAE73B2B80
:10F07C0083BF1E4AA2FB03235B0901238B82CB6A4D
:10F08C005A1C9ED1B9E74FF6FF7293428A810A82CD
:10F09C00C2D1A7E78A89002ABED0A3E77047BF2A4E
:10F0AC004FF6FF7388BF6FF07F43B9E73B2B14D843
:10F0BC0001238B810B8295E70C4AA2FB0323C3F33C
:10F0CC004F131A46C8E7094CA4FB0242C2F34F1275
:10F0DC009A428A810A829FD884E7044AA2FB0323BE
:10F0EC00C3F34F138B810B827CE700BF8988888820
:10F0FC0038B51D4DEA78002304460362436212B111
:10F10C001A4BDB6883622B79002B29D0174B1B69B8
:10F11C006A79E36252B1154B5B692363AB790A6977
:10F12C00E2616BB9E371EB79A3B938BDA36AC3EBA8
:10F13C00C303DB082363AB790A69E261002BF1D0CE
:10F14C000A4B9869FEF71CFD0123E371EB792062F1
:10F15C00002BEAD0054BD869FEF712FD606238BD72
:10F16C00A36A5B08D4E700BFB8CB0520C0CB052051
:10F17C002DE9F04F446A62790023062A89B00646CD
:10F18C00E36103D00622A4F8052023810DF11E03B0
:10F19C00012221463046FFF785FE0546002860D047
:10F1AC004368BDF81E20F033511C89B239209854A5
:10F1BC000220585402EB0008D01D80B2B6F830A0E3
:10F1CC000390D71C02F10800BFB280B21FFA88F876
:10F1DC00111D89B2049002F1050E02F1090002F131
:10F1EC00060C4FEA1A2B03F808B01FFA80F903F843
:10F1FC0007A01FFA8EFE37271FFA8CFC5F54CDF840
:10F20C00149001214FF0030903F80E9003F80C1031
:10F21C000399049F03F8019002F10A001C21D955AF
:10F22C0080B2059FFF214328D95507D8C2F13A0275
:10F23C00184492B2002103F0CBF8442000F1F00105
:10F24C0089B22846FFF780F9144A154B10680193D0
:10F25C00144A009643232946FFF79EFC2846FFF7E5
:10F26C0025FAA379FF2B13D00133DAB2052AA27148
:10F27C000ED84FF47A73934003F2F3130A4A9BB2FD
:10F28C00A2FB03235B090020238109B0BDE8F08FAA
:10F29C0078230020238109B0BDE8F08FB4CB052082
:10F2AC00F8270108F4270108D34D62102DE9F04F1F
:10F2BC00466A7379032B89B0804604D0032200235D
:10F2CC00A6F8052033810DF11E030322314640467A
:10F2DC00FFF7E8FD0746002800F09480BDF81E50AB
:10F2EC00446805F1010CA81CF0341FFA8CFC80B2A8
:10F2FC00E91C4FF0020E89B24FF039092A1D04F8AF
:10F30C00059092B204F80CE06B1D04F800E040206C
:10F31C0060549BB23221A1540422E254F069FEF7EE
:10F32C002FFC05F106091FFA89F905F1070E05F105
:10F33C000B031FFA8EFE9BB205F1080C05F10901B7
:10F34C004FEA106B04F809B089B203934FEA1049E5
:10F35C001FFA8CFC05F10A0205F10C0304F80E905F
:10F36C0092B29BB24FEA102E04F80CE00493605456
:10F37C0005F10D033721A1541FFA83FA039ACDF836
:10F38C0014A004994FF0030A04F802A0012262545D
:10F39C0005F10E03059A9BB204F802A01C22E2545C
:10F3AC0005F10F0AD8F82C901FFA8AFAADF81EA0B6
:10F3BC00B9F1000F04D04846F8F7F2FE00283ED110
:10F3CC000AF1010080B2FF23432804F80A3007D861
:10F3DC00CAF14302204492B2002102F0F9FF44200A
:10F3EC0000F1F00189B23846FFF7AEF8274B284AF6
:10F3FC001868CDF8008043233946FFF763FC384684
:10F40C00FFF754F9B379FF2B14D00133DBB2092B7E
:10F41C00B3710FD8C3EB431203EB8203DB001D4A1D
:10F42C0003F2F3139BB2A2FB03235B09338109B0F4
:10F43C00BDE8F08F1423338109B0BDE8F08FCAF119
:10F44C00410C05F110039BB260454FF00C0204F81F
:10F45C000A2028BF604605F1110AE0541FFA8AFA07
:10F46C00411E0028ACD009EB000CAAEB090A484657
:10F47C0000EB0A0310F8012B9BB26045E254F7D164
:10F48C0012350D441FFA85FA9AE700BFB4CB05205C
:10F49C00F4270108D34D6210002800F014812DE9E7
:10F4AC00F04F466A89B00746002E00F00781737949
:10F4BC00012B04D001220023A6F8052033810DF185
:10F4CC001E03032231463846FFF7ECFC8046002829
:10F4DC0000F0E180BDF81E5044686B1CF0349BB208
:10F4EC00392262550222E254A818B7F830C0E91C40
:10F4FC0080B289B22A1D6B1D4FEA1C2E92B29BB2B0
:10F50C0004F800E04FF0040904F801C03221A154C2
:10F51C0004F80390F069FEF733FB05F1060A1FFAB5
:10F52C008AFA05F1070E4FEA106B1FFA8EFE05F1F1
:10F53C00080C05F1090104F80AB01FFA8CFC4FEA1B
:10F54C00104A89B205F10A0205F10B0304F80EA06A
:10F55C0092B24FEA102E9BB204F80CE060543621A4
:10F56C00A15404F80390B069FEF70AFB05F10C09ED
:10F57C001FFA89F905F10D0E05F111031FFA8EFE24
:10F58C009BB205F10E0C05F10F014FEA106B04F85C
:10F59C0009B089B203934FEA10491FFA8CFC05F1AC
:10F5AC00100205F1120304F80E9092B29BB24FEACE
:10F5BC00102E04F80CE00493605405F1130337216A
:10F5CC00A1541FFA83FA039ACDF814A004994FF0B2
:10F5DC00030A04F802A00122625405F11403059AEF
:10F5EC009BB204F802A01C22E25405F1150AD7F8CC
:10F5FC002C901FFA8AFAADF81EA0B9F1000F27D093
:10F60C004846F8F7CDFD18B3CAF1410C05F11603C5
:10F61C009BB260454FF00C0204F80A2028BF6046EC
:10F62C0005F1170AE0541FFA8AFA411E80B109EB62
:10F63C00000CAAEB090A484600EB0A0310F8012B50
:10F64C009BB28445E254F7D118350D441FFA85FA64
:10F65C000AF1010080B2FF23432804F80A3007D8CE
:10F66C00CAF14302204492B2002102F0B1FE4420C0
:10F67C0000F1F00189B24046FEF766FF124A134BC7
:10F68C0010680193124A009743234146FFF784FA0E
:10F69C004046FFF70BF8B379FF2B12D00133DAB2E7
:10F6AC00052AB2710DD84FF47A73934003F2F31319
:10F6BC00084A9BB2A2FB03235B09338109B0BDE866
:10F6CC00F08F7823F9E77047B4CB0520F8270108B1
:10F6DC00F4270108D34D6210994B2DE9F04F5D686A
:10F6EC0053686E6A89B01446002E00F09F80327900
:10F6FC00002A00F09B8062892B2A40F297801A78AE
:10F70C00022A40F0938095F838205AB395F83200CD
:10F71C00197F884240F08A80012A23D0587F95F8BF
:10F72C003310884240F08280022A1BD0987F95F8D3
:10F73C00341088427AD1032A14D0D87F95F835102A
:10F74C00884273D1042A0DD093F8200095F8361016
:10F75C0088426BD1052A05D095F8371093F82120F3
:10F76C00914263D15868FEF70BFA336898425DD129
:10F77C00DFF8D4B10022CBE9002263892B2B55D9B9
:10F78C00B4F808A0CDE9035690462746F022CDF8F0
:10F79C00088054463D4605E02D688AB29CB2002D87
:10F7AC0043D06B899A42A2EB0301A4EB0303F3D27F
:10F7BC009442D5F8048040F20381164605920197D5
:10F7CC0018F80620FF2A00F0FA80B31C9BB2B34253
:10F7DC00C0F091816889711C814280F2E78008EB4E
:10F7EC00060C9CF801903B2A26D8DFE802F03E99E3
:10F7FC00258725252525252525252525252525254B
:10F80C00252525252525252525252525252525259C
:10F81C00252525252525252525252525252525258C
:10F82C002578BDAFD02525256A403C46204609B039
:10F83C00BDE8F04FFEF73ABF4E444FF6FD729642CC
:10F84C0000F359814B449EB28642C0F0B580361A03
:10F85C00201AB6B284B2A64280F04D812D68002DDC
:10F86C0000F04981D5F80480AAE78EB2ECE7B9F133
:10F87C00040F40F040814FF6F972964200F23B8142
:10F88C000636B6B24F464FF0050A1BF80A10002296
:10F89C0007920029D8D13A4607A92846FEF7C8FF97
:10F8AC00B84240F02881B9F1040F00F02B819DF88B
:10F8BC001C00244A012342F82A000BF80A306889FC
:10F8CC00C2E7B9F1040F40F016814FF6F972964277
:10F8DC0000F211810636B6B24F46CA46D5E7B9F1E9
:10F8EC00040F40F008814FF6F972964200F2038142
:10F8FC000636B6B24F464FF0030AC6E7B9F1030F0E
:10F90C0040F2F9804E444FF6FD72964200F3F380BC
:10F91C0009EB03060427B6B24FF0070AB946B4E761
:10F92C00B9F1040F40F0E7804FF6F972964200F2FD
:10F93C00E2800636B6B24F464FF0060AA5E700BF86
:10F94C0064EA0420C0CB0520B8CB0520B9F1010F27
:10F95C0040F0D1804FF6FE72914200F0CC8003361D
:10F96C00B6B24F46CA4690E7B9F1010F40F0C380DA
:10F97C00059AF02A40F0BF804FF6FE72914200F0DB
:10F98C00BA800336B6B24F464FF0000A7DE7B9F1A4
:10F99C00040F40F0B0804FF6F972964200F2AB8043
:10F9AC000636B6B24F464FF0020A6EE72F680FB319
:10F9BC007F6897F8009016E7A642FFF401AF019F0D
:10F9CC009BF8003063B18A4B1B680022012B8BF82B
:10F9DC00002000F09480022B06D0032B00F08D80C9
:10F9EC00029B002B00F09280002302936C242C22AB
:10F9FC007B89CFE63B2A7BD801A656F822F000BFC4
:10FA0C0077F8000803FB0008FDFA000803FB000868
:10FA1C00FDFA0008FDFA0008FDFA0008FDFA0008DE
:10FA2C00FDFA0008FDFA0008FDFA0008FDFA0008CE
:10FA3C00FDFA0008FDFA0008FDFA0008FDFA0008BE
:10FA4C00FDFA0008FDFA0008FDFA0008FDFA0008AE
:10FA5C00FDFA0008FDFA0008FDFA0008FDFA00089E
:10FA6C00FDFA0008FDFA0008FDFA0008FDFA00088E
:10FA7C00FDFA0008FDFA0008FDFA0008FDFA00087E
:10FA8C00FDFA0008FDFA0008FDFA0008FDFA00086E
:10FA9C00FDFA0008FDFA0008FDFA0008FDFA00085E
:10FAAC00FDFA0008FDFA0008FDFA0008FDFA00084E
:10FABC00FDFA0008FDFA0008FDFA0008FDFA00083E
:10FACC00FDFA0008FDFA0008FDFA000803FB000827
:10FADC0003FB000803FB000803FB0008FDFA000809
:10FAEC00FDFA0008FDFA000803FB000803FB000800
:10FAFC004FF00009A6E6019C98E601230293EC2442
:10FB0C006C2275E70798FEF73BF8D2E69BF80130BC
:10FB1C00DDF80880DDE903563C46002B3FF486AE49
:10FB2C00334A7F681379052B1AD0062B27D0022B6A
:10FB3C007FF47CAE7379062B7FF478AE9BF80230A1
:10FB4C006E6A002B3FF472AE9068A6F80880FEF740
:10FB5C0017F8B0613B69F3612846FFF79DFC65E639
:10FB6C007379012B25D0033B022B3FF65FAE686AFD
:10FB7C003946FFF7BDFA2846FFF70CFA56E67379BB
:10FB8C00DA1E022A02D9012B7FF450AE6B6A5A7925
:10FB9C000C2A04D00C210022A3F805101A81154B55
:10FBAC0028461A461946FEF74DFB2846FFF7E0FAA1
:10FBBC003CE6686A3946FFF79BFA95F839301B0723
:10FBCC00D9D56E6A7379082B04D00823A6F80530B2
:10FBDC00A6F80880002206F11C01284600F0C0FFA0
:10FBEC00B379FF2B1CBF0133B371012333811DE6A5
:10FBFC00C0CB0520F8270108002872D02DE9F04F62
:10FC0C00456A85B0044615B16B79082B02D005B056
:10FC1C00BDE8F08F0A68EB699A42F8D10C234FF0DB
:10FC2C000009A5F80530A5F808900DF10E03042283
:10FC3C002946FFF737F9804600284AD0BDF80E60F8
:10FC4C004768731CF0379BB23222BA550422FA541F
:10FC5C00E869FDF795FF06F1020A1FFA8AFA06F128
:10FC6C00030E1FFA8EFE06F1040C721D4FEA106B88
:10FC7C0007F80AB092B21FFA8CFCB31DF11D4FEAC3
:10FC8C00104A07F80EA09BB289B24FEA102E07F863
:10FC9C000CE04329B8544FF0FF02FA5407D8C6F1D0
:10FCAC003D02781892B2494602F092FB4421F031A1
:10FCBC0089B24046FEF748FC0A4A0B4B1068019388
:10FCCC000A4A009443234146FEF766FF4046FEF77E
:10FCDC00EDFCAB79FF2B1CBF0133AB7114232B81D3
:10FCEC0095E77047B4CB0520F8270108F4270108E5
:10FCFC002DE9F04F476A7B79052B87B0064604D077
:10FD0C0005220023A7F805203B810DF116030322E1
:10FD1C0039463046FFF7C6F88046002800F0B08020
:10FD2C00BDF8165044686B1CF0349BB239226255F6
:10FD3C000222E25405EB020EB6F830A005F1030CDA
:10FD4C001FFA8CFC1FFA8EFE281D691DEB1D89B253
:10FD5C009BB205F108094FEA1A2B80B2AA1D04F8D0
:10FD6C000EB092B204F80CA002934FF0370C1FFAAD
:10FD7C0089F34FF0030904F800C0039304F80190D1
:10FD8C00029B0121A154039A04F803901C23A35451
:10FD9C0005F1090AD6F82C901FFA8AFAADF816A0CC
:10FDAC00B9F1000F04D04846F8F7FAF9002841D110
:10FDBC000AF1010080B2FF23432804F80A3007D867
:10FDCC00CAF14302204492B2002102F001FB44200C
:10FDDC0000F1F00189B24046FEF7B6FB2A4B0096C3
:10FDEC00186807F1180243234146FEF76BFF0446DF
:10FDFC004046FEF75BFCBB79FF2B15D00133DBB221
:10FE0C00092BBB7110D8C3EB431203EB82031B010C
:10FE1C001E4A03F2F3139BB2A2FB03235B09204699
:10FE2C003B8107B0BDE8F08F282320463B8107B00B
:10FE3C00BDE8F08FCAF1410C05F10A039BB2604595
:10FE4C004FF00C0204F80A2028BF604605F10B0A9B
:10FE5C00E0541FFA8AFA411E0028A9D009EB000CC5
:10FE6C00AAEB090A484600EB0A0310F8012B9BB2D7
:10FE7C008445E254F7D10C350D441FFA85FA97E707
:10FE8C004FF0FF34B7E700BFB4CB0520D34D621061
:10FE9C002DE9F047446A84B064B3627952B300230D
:10FEAC00A16903910A2AC4E90633C4E90833C4E9F9
:10FEBC000B330546A362C4F80E30C4F812301CD0C4
:10FECC00043A012A19D93D4B28461A461946FEF721
:10FEDC00B9F963791BB10023A4F805302381237988
:10FEEC0043B1374B1D78013DEDB21D70002D5ED036
:10FEFC000023237104B0BDE8F0870DF10A0307223B
:10FF0C0021462846FEF7CEFF07460028DBD0BDF879
:10FF1C000A60436803F1F008731C9BB2362208F8A0
:10FF2C000620042208F803200398FDF729FE06F1A9
:10FF3C0002091FFA89F906F1030E1FFA8EFE06F16B
:10FF4C00040C721D4FEA106A08F809A092B21FFA4D
:10FF5C008CFCB31DF11D4FEA104908F80E909BB2B2
:10FF6C0089B24FEA102E08F80CE0432908F8020079
:10FF7C004FF0FF0208F8032008D8C6F13D0208EB49
:10FF8C00010092B2002102F023FA4421F0313846EC
:10FF9C0089B2FEF7D9FA0B4B0095186803AA4323D4
:10FFAC003946FEF78FFE3846FEF780FB8BE7054E91
:10FFBC003068FEF72FFF35609AE700BFF82701087D
:10FFCC00B0CB0520B4CB0520002878D02DE9F0412A
:10FFDC0090F83930DB0704466ED5038E466AB3F5CC
:10FFEC00107F55D306B3374F33793D7823B3013D9A
:04FFFC00EDB23D70B5
:020000040801F1
:10000000002D4ED034220021304602F0E7F90123C2
:10001000337194F83930013513F004033D7035D154
:100020007279022A03D00222A6F80520338100202B
:10003000BDE8F0813420FDF793FF064670B3244FEE
:1000400060623D7834220021304602F0C7F9002D6D
:10005000DDD1FEF7FFFEDFF88480C8F80000E8B1CC
:10006000427A1C4942F0200242724422FEF720FDEF
:100070001849D8F800004322FEF796FE2A46D8F821
:1000800000001549FEF7C8FE3D78C0E72046FFF79F
:1000900075F80028CBD02046FFF700FF4FF0FF3067
:1000A000C6E7DFF83880D8F80000FEF7B9FEC8F8D8
:1000B00000503D7834220021304602F08FF9002DA7
:1000C000C7D0A4E76FF00F00B2E76FF00F007047E2
:1000D000B0CB0520F8270108E5F60008B4CB0520D1
:1000E0002DE9F04F7F4B1D6887B0D5B16C6AACB17C
:1000F00063799BB1A18A29B1628A013292B291429D
:10010000628211D0228A1AB1511E012A218212D094
:10011000E2891AB1511E012AE18115D02D68002D06
:10012000E4D107B0BDE8F08F2846FFF7B7FE2846B8
:10013000FFF750FFF2E703F0FB02012A15D00A2B6C
:1001400013D0042BEAD115E003F0FB02012A01D001
:100150000A2BE3D12846FFF7D1FDA389628A9B1AB7
:10016000012BC4BF5B10E381D8E704220023A4F86D
:10017000052023810DF11603032221462846FEF7B0
:1001800097FE8046002800F08D80BDF81670466806
:100190007B1CF0369BB23922F2550222F25407EB57
:1001A000020EB5F830A007F1030C1FFA8CFC1FFA01
:1001B0008EFE381D791DFB1D89B29BB207F108091F
:1001C0004FEA1A2B80B2BA1D06F80EB092B206F8AA
:1001D0000CA002934FF0370C1FFA89F34FF003097C
:1001E00006F800C0039306F80190029B0121B15468
:1001F000039A06F803901C23B35407F1090AD5F8B3
:100200002C901FFA8AFAADF816A0B9F1000F28D089
:100210004846F7F7CBFF034618B3CAF141009842AE
:1002200007F10A0228BF184692B20C2306F80A30DA
:1002300007F10B0AB0541FFA8AFA411E88B14844EC
:100240004B46AAEB090A03EB0A0213F801CB92B260
:10025000984206F802C0F6D107F10C030B441FFACE
:1002600083FA0AF1010080B2FF23432806F80A301E
:1002700007D8CAF14302304492B2002102F0AEF82E
:10028000442000F1F00189B24046FEF763F9164BB5
:1002900000951868154A43234146FEF719FD40466C
:1002A000FEF70AFAA379FF2B1AD00133DBB2092B30
:1002B000A37115D8C3EB431203EB8203DB000C4A96
:1002C00003F2F3139BB2A2FB03235B09A28A618AA8
:1002D0002381531A012B7FF721AF5B1023821DE787
:1002E0001423F3E7A8CB0520B4CB0520F42701089D
:1002F000D34D621038B52E4B1C6824B926E0013B63
:100300002B81246814B3656A002DFAD02B89012B48
:10031000F5D8F6D16B7900220C2B2A8117D0013B3E
:10032000072BEED801A252F823F000BF7303010897
:10033000030301086503010803030108030301081F
:100340004F030108030301085703010838BD204685
:10035000FEF714FFD5E7AB79012B1AD92046FEF73B
:100360001FFECEE7AB79012B20460FD9FEF706FF23
:10037000C7E7AB79052B204602D8FFF793F8C0E713
:10038000FFF78CFD2046FFF725FEBAE7FEF794FF46
:10039000B7E7002205F11C01204600F0E7FBAB792E
:1003A000FF2B1CBF0133AB7101232B81A9E700BFD9
:1003B000A8CB052058B1406A48B140790A2805D039
:1003C000043801288CBF00200120704701207047AD
:1003D0002DE9F04F9F4D85B08B469146064600288B
:1003E00000F0D880002A00F039814FF0000C0A2775
:1003F0002A46CDF80CC00297BE4639466446E2460E
:10040000A8460A29137D3BD053B135685068854210
:100410003BD0012B5ED0538A9C459CBF9C46A64690
:100420000134A3B20A2B24B200F099810A2900F00A
:10043000998145460197D0468A460EE0012922441B
:1004400032D005EBC202538A9C459CBF9C46A6460F
:100450000134A3B20A2B24B238D004EB440305EBD9
:10046000C3036200197D0029F2D0586837688742BB
:10047000E4D19B689945E1D1204605B0BDE8F08FF5
:100480004BB1556830688542C3D190688145F3D03F
:10049000012BC0D11EE0631C9BB20A2B2DD01BB2D6
:1004A000214618321C46ACE705EBC20355F8322052
:1004B0005B8AC2B1984598BF9846019B98BF234676
:1004C00001340193A3B20A2B24B2C6D1019F514635
:1004D0000C4613E01368002B51D0538A9A459CBFF9
:1004E0009A4627469CE7039A9A4288BF134603938D
:1004F000029B98BF23460293AAE74546BBF1010F32
:1005000040F0A4800A2C11D0670026B13B1905EBFE
:10051000C30332685A60274405EBC707002320460F
:100520007B82C7F8089005B0BDE8F08FBEF10A0FD6
:1005300023D1029B0A2B1ED10A2F00F087803C4654
:1005400004EB44084FEAC808670055F8080020B1DA
:10055000FEF7B2F8002345F808303B1905EBC3035A
:100560003D490022C3E9012208681A755A828A8827
:10057000D8601A82C9E71C46E2E77446E0E7538A6E
:100580000398984288BF03460393029B98BF234673
:10059000029345E70A272A46804684460297BE46CC
:1005A000394604460A29137D23D033B1012B34D0B8
:1005B000538A834224BF1846A646631C9CB20A2C69
:1005C0001BB285D00A2900F0C18003EB430205EB82
:1005D000C202147D34B1012C17D0528A90429CBFC4
:1005E00010469E4601339AB20A2A1BB2EDD10C4640
:1005F00084E7002BDAD1631C9BB20A2B3FF47EAF59
:100600001BB2214618321C46CCE71468528A64B1EA
:1006100094459CBF1F469446E4E713686BB1538A28
:100620009C459CBF9C462746C7E7904598BF90468F
:10063000029A98BF1A460292D4E7538A984598BF07
:100640009846029B98BF23460293B6E74FF0FF34CB
:1006500012E700BFE4CB0520FC2701080A27294642
:10066000904692460297BE46BC4614460192BCF1A3
:100670000A0F087D33D058B133684A689A423FF474
:10068000FBAE012847D04B8A434524BF9846A64677
:100690000134A3B20A2B24B25FD0BCF10A0F58D0A8
:1006A0005246CDF80CC0DDF804A094460BE00128BA
:1006B00025D05B8A98459CBF9846A6460134A3B2D4
:1006C0000A2B24B223D004EB440305EBC303187DAB
:1006D0000028F3D031685A689142E8D1CCE620B1C5
:1006E0004B6832689A42CCD1C6E6631C9BB20A2B97
:1006F0003FF404AF1BB2A44618311C46B7E7186894
:100700005B8A80B19C459CBF9C462746D6E7DDF8B6
:100710000CC06446F2E60B686BB14B8A534524BFAC
:100720009A462746B4E79A4598BF9A46029B98BFD7
:1007300023460293C2E74B8A019A934228BF1A4686
:10074000029B019228BF23460293A1E718321C4660
:1007500028E7234618311C4689E76446CEE645461D
:100760000C46CBE6234618321C464AE62DE9F04FEC
:100770005A4F02EB420807EBC80885B098F81430CE
:10078000022B05460E4612D0182303FB027202F11B
:100790000C0405F132094FF4006300934A462346E6
:1007A0003146284601F0E2FD05B0BDE8F08FB8F80B
:1007B0001230B3F58E7F49D8B3F5877FE4D302EBCF
:1007C0004202D20002F10C03043203921C214FF4C6
:1007D00020720E20DC19FDF7FDFD05F1320983467C
:1007E0000028D8D0D0F804A00120FDF7CBF9AAF852
:1007F0000600D5F83230CAF80830394BB9F8042071
:10080000AAF80C201A689B88CAF81220AAF8163099
:100810006B68039ACAF80E30BB58CAF81830314BCF
:10082000CAF8003040F20643AAF8043040F6060346
:1008300000934A4623465946284601F097FD5846FC
:10084000FDF73AFF032388F81430A4E702EB4202D5
:10085000D4001C214FF420720E20FDF7BBFD05F1E2
:100860003209221D8346B0B3D0F804A003920120C0
:10087000FDF788F9AAF80600D5F83230CAF8083032
:10088000174BB9F80410AAF80C1019689B88CAF81D
:100890001210AAF816306B68039ACAF80E30BB58CB
:1008A000CAF818300F4BCAF8003040F20643AAF8D5
:1008B000043040F6060300934A460B4B594628463F
:1008C00001F054FD5846FDF7F7FE0C3403233C4479
:1008D00088F814305FE70C343C445CE7E4CB052037
:1008E000FC27010800010800042801082DE9F04F49
:1008F000364CDFF8DC8083B004F1F00700260AE014
:10090000012D27D0032D5ED0042D01D102232375A4
:100910001834BC421BD0257D002DF9D0638A0133E9
:100920009BB2B3F5967F6382EAD3206810B1FDF7DE
:10093000C3FE2660D8F80000B8F804302675668239
:10094000E0602382C4E901661834BC42E3D103B0FD
:10095000BDE8F08F042BE8D84FF420721C210E2044
:10096000D4F808A0FDF736FD0AF1320B81460028C5
:10097000CED02846D9F80450FDF704F9E880DAF81B
:100980003230AB60124BBAF8362019689B88AA81C6
:10099000C5F81210EB82DAF80430C5F80E3063683F
:1009A000AB610C4B2B6040F20643AB8040F6060374
:1009B00000935A46084B5046494601F0D7FC48463A
:1009C000FDF77AFEA4E704232375A1E7E4CB052015
:1009D000FC270108000108000428010800297DD037
:1009E0002DE9F04746683388B3F5807F84B004462C
:1009F00002D13379062B05D0204604B0BDE8F0477C
:100A0000FDF75ABE7379042BF6D17388082BF3D106
:100A10004F68D6F80E00B36903900D4606F108083A
:100A2000002F56D09F4240F08F80002800F0948025
:100A30000127BA46294601F0D3F88146C0BB039B83
:100A400003F0F003E02B33D051462A4603A8FFF70A
:100A5000BFFC031E2CDB434903EB430201EBC20C3A
:100A600002208CF814004FF0180E0C20CCF808501F
:100A700013FB0E03D8F80000C8500B44B8F804006C
:100A80009880D200ACF8129051F802A0BAF1000F91
:100A90000ED04FF4006341F802902846009305F110
:100AA00032024346514601F061FC5046FDF704FE18
:100AB000F388B3F5807F12D0B3F5007F03D103A98B
:100AC0002846FFF79FF82046FDF7F6FD04B0BDE885
:100AD000F08700283BD04FF0020AABE77047002FA9
:100AE000F1D04FF420721C210E20FDF773FC05F1AC
:100AF000320907460028E6D046680220FDF742F892
:100B0000F080D5F83230B360EB8EB381D8F8003086
:100B1000C6F81230B8F80430F3826968C6F80E10CF
:100B20000399B1611049316040F20641B18040F64D
:100B3000060100914A4643462846394601F016FC14
:100B40003846FDF7B9FDBEE700270028C3D1F3887A
:100B5000B3F5807FB0D1B6E7F388B3F5807FABD132
:100B6000BFE700BFE4CB0520000108002DE9F04FEE
:100B7000044685B008680D462146164601F030F857
:100B8000002840F0B0802B6803F0F002E02A00F06B
:100B9000AA80002B00F0A780224601212846FFF7FB
:100BA00017FC0028C0F28B80C7B2DFF8588107EB32
:100BB000470308EBC3037A0003921A7D04F132095C
:100BC000002A48D101221A751C214FF420720E20F0
:100BD0009C60FDF7FFFB8246002800F08780012023
:100BE000DAF804B0FCF7CEFFABF80600D4F83230E8
:100BF000CBF808303F4BB9F80420ABF80C201A684A
:100C00009B88CBF81220ABF816306368CBF80E3017
:100C10002B68CBF81830384BCBF8003040F2064345
:100C2000ABF8043040F6060300934A46334B514676
:100C3000204601F09BFB5046FDF73EFD00203EB1F3
:100C40007B003B4408EBC3031B7D012B26D806D059
:100C500005B0BDE8F08F002E35D0012A1ED13346F5
:100C600002E01B68002B3AD01A7B5206F9D53246B7
:100C70004FF420710E20FDF71DFE064666B3039B60
:100C80003B4458F8330008B1FDF716FD039B3B4485
:100C9000002048F8336005B0BDE8F08F2046184CBE
:100CA0001823277003FB07834FF400644A4631463C
:100CB0000C33009401F05AFB05B0BDE8F08F40B250
:100CC00005B0BDE8F08F4FF420721C210E20FDF717
:100CD00081FB8246002882D14FF0FF30B8E73046D2
:100CE000FDF7F8FCCAE76FF00F00B1E74FF0FF30F7
:100CF000A5E700BFFC27010800010800042801083F
:100D0000E0CB0520E4CB05202DE9F041044684B07A
:100D10000E4610682146154600F062FF002840F09C
:100D20009780296801F0F003E02B73D06368A26814
:100D30004B40134284460AD08AB24FF6A9639A42C6
:100D400005D0E168002900F0D38004F10C05DFF83C
:100D5000B081694B98F8002002EB420003EBC00021
:100D600090F814E0BEF1010F02D98768A74271D054
:100D70001A7D012A02D99A68944275D093F82C20E2
:100D8000012A02D91A6A944277D093F84420012AA2
:100D900002D99A6B944276D093F85C20012A02D94A
:100DA0001A6D944275D093F87420012A02D99A6E74
:100DB000944274D093F88C20012A03D9D3F8802070
:100DC000944272D093F8A420012A03D9D3F8982032
:100DD000944270D093F8BC20012A03D9D3F8B020F4
:100DE00094426FD093F8D420012A03D9D3F8C820B5
:100DF00094426ED093F8EC20012A03D9D3F8E02076
:100E0000A2426DD032462946204604B0BDE8F041EA
:100E1000FFF7ACBE6B78EA78A9788DF80D2003F067
:100E20007F0301205E228DF80B30ADF808008DF8AD
:100E30000C1002AB8DF80A204FF40062009231468C
:100E400004F13202204601F091FA04B0BDE8F081CD
:100E50002A4BF1E7406881428AD13146204604B0EE
:100E6000BDE8F041FFF782BC5A68914286D16246E4
:100E70003146204688F800C0F1E7DA69914284D112
:100E80004FF0010CF3E75A6B914285D14FF0020C01
:100E9000EDE7DA6C914286D14FF0030CE7E75A6E2A
:100EA000914287D14FF0040CE1E7DA6F914289D18A
:100EB0004FF0050CDBE7D3F8942091428AD14FF034
:100EC000060CD4E7D3F8AC2091428BD14FF0070C3D
:100ED000CDE7D3F8C42091428CD14FF0080CC6E77F
:100EE000D3F8DC30994208BF4FF0090C8AD1BEE735
:100EF0006FF00300A9E700BFE4CB05200428010838
:100F0000E0CB05202DE9F0414FF4207282B0074676
:100F100088460E201C21FDF75DFA68B3446805463B
:100F20000120FCF72FFEE080D7F83230A360144B8D
:100F3000FA8E19689B88A281C4F81210E3827B683C
:100F4000C4F80E30D8F80030A3610E4B236040F691
:100F5000060140F2064307F13206A38032460A4BEF
:100F600000913846294601F001FA2846FDF7A4FB16
:100F7000002002B0BDE8F0814FF0FF30F9E700BF7C
:100F8000FC27010800010800042801082DE9F043AE
:100F90004D4FD7F8088098F8004004F00F04A400E3
:100FA000132C85B0054613D94389032B10D9436808
:100FB0001B78082B0CD1786900F0F003E02B07D0E8
:100FC0000E46396800F00CFE10B92B89072B05D8A6
:100FD000284605B0BDE8F043FDF76EBB2846FCF798
:100FE00097FE0028F4D104F10E0949462846FDF782
:100FF000E9FA00285CD02B89191989B28B42E7D80D
:101000004FF420720E20FDF7E5F981460028DFD06D
:10101000428904F108039A4251D34146406822466E
:1010200001F0E4F921464846FDF7F4FA002846D1DC
:1010300029464846FDF782FB002840D12846FDF7A7
:101040003BFB4D4621462846D5F80490FDF7BAFAF9
:101050000028BDD1D7E90432D5F80480C8F80C20A7
:10106000C8F81030B9F8023089F800004FF6F7726E
:1010700093428CBF093308339BB2FF2721460024DB
:10108000A9F80230404688F8087088F80A4088F8C5
:101090000B40FCF703FE0123A8F80A000B4900945B
:1010A000CDE9013622463B46284600F0DDFB8FE7BE
:1010B00049462846FDF7AEFA0028C3D088E74846DF
:1010C000FDF7FAFA84E700BF64EA042078EA042016
:1010D000F0B54FF4207287B007460E462220242137
:1010E000FDF778F980B344687B68667003220027B7
:1010F0002270676019685A68DE6805469868206142
:101100006661A160E260986919695A69E2612062CA
:10111000A161DB68059305A800F04AFA064680B194
:101120006989A770E7702046FCF7B8FD012360804D
:1011300005AACDE901360097FF233946284600F07D
:1011400093FB2846FDF7B8FA07B0F0BDF0B54FF4B1
:10115000207287B007460E4622202421FDF73AF977
:1011600080B344687B6866700B220027227067603A
:1011700019685A68DE680546986820616661A16052
:10118000E260986919695A69E2612062A161DB68CD
:10119000059305A800F00CFA064680B16989A7708E
:1011A000E7702046FCF77AFD0123608005AACDE9AF
:1011B00001360097FF233946284600F055FB2846A4
:1011C000FDF77AFA07B0F0BD2DE9F041204B88B069
:1011D0001C68069488461646074608214FF420727C
:1011E0003620FDF7F7F880B345687B680693162E26
:1011F000D8F804306B6004BF012388F808302E70E3
:101200004FF0000604464FF008016E70AE70EE70AD
:10121000284614BFDFF83C8008F10408FCF73EFDC7
:10122000688040F29440079004200223049007A8AD
:10123000CDE90063039002970123424606A92046A8
:1012400000F08CFB2046FDF737FA08B0BDE8F081CE
:10125000F8270108D4CC05200349044B0448054A6B
:1012600008601A60704700BFD8CC0520D4CC052098
:10127000E0000001E000000270B5866A04463EB35B
:101280001A4D3046296801E0006880B142688A4200
:10129000FAD1027B0132D2B2022141720273236C75
:1012A0001BB11249012220469847002070BD03203F
:1012B000FCF7EEFE48B100228260027332682968B2
:1012C000C0E9002101223060E6E74FF0FF3070BD39
:1012D0000320FCF7DDFE0028F7D0044A8660126880
:1012E0004260067306600122A062D5E7D8CC0520D3
:1012F000836A83B11B6873B10220012103E0012AD4
:101300000AD01B683BB15A7A022AF8D15881597227
:101310001B68002BF7D170475A89013A92B2042A10
:10132000EFD958815972F3E7806A30B10A6801E059
:10133000006810B143689342FAD17047F8B5438909
:10134000072B04461CD947680D46384619461646F1
:10135000FCF7A4FCA0B9A86A90B13168034601E08B
:101360001B686BB15A688A42FAD13A78112A0CD0BC
:10137000162A05D15A7A012A04BF4FF400729A60E6
:101380002046BDE8F840FDF797B9214A126891421E
:101390007A6813D0002AF3D0597A7A78022905D0D6
:1013A0000129EDD1598909B19142E9D95208012A9F
:1013B00038BF012201215A815972E1E7E2B97D78F3
:1013C0000DB90A257D700368002BD9D0012005E0F6
:1013D000012A16D01B68002BD2D07D785A7A022AB7
:1013E0004FEA5501F4D1012938BF012159815872C2
:1013F000F0E700680028C3D043689342F9D1034660
:10140000CAE75A89002AEED0AA42E3D9EBE700BF27
:10141000D8CC05200A68F8B502F0F003E02B4FD1D4
:10142000294B1B689A424BD090F839309B060546F1
:1014300046D5866A0F46002E35D0344601E0246832
:10144000CCB163689A42FAD1637A23B1237B01332A
:1014500000202373F8BD237BD3B1162228462146F2
:10146000FFF7B2FE01236372237B02220133628104
:1014700000202373EEE70320FCF70AFE044678B150
:101480003B6863600023A360237333682360346088
:101490002B6C002BE1D00122394628469847DCE727
:1014A0004FF0FF30F8BD0320FCF7F2FD04460028A2
:1014B000F6D03B680673C0E901360660A862E7E72C
:1014C0006FF00500F8BD00BFD8CC0520B0B50D68A1
:1014D00005F0F003E02B82B02BD11E4B1B689D4220
:1014E00027D090F839309B0623D5836A0BB30F467B
:1014F0001C4601E02468E4B162689542FAD1227B7F
:10150000012A04D9013A2273002002B0B0BD1A4664
:101510001B68A34211D0002BF9D1237A93B9036C35
:1015200013B100223946984721460320FCF7C0FD3D
:10153000EAE76FF0050002B0B0BD23681360237ABC
:10154000002BECD0172221460190FFF73DFE0198B9
:10155000E5E700BFD8CC0520F8B5134B1D6815B3DF
:10156000124F0226AC6A14B91AE02468C4B1628929
:10157000531E9BB2002AF8D06381002BF5D1637A09
:10158000012BF2D162683B689A4221464FF0160265
:101590002846EAD06672FFF717FE2468002CE6D1D1
:1015A0002D68002DDED1F8BDA8CB0520D8CC0520B4
:1015B000016801F0F003E02B28D0194B1868A8B19E
:1015C00090F83930DA070ED55A070CD5426881EA0F
:1015D000020C42B182681CEA020F1BD09B0702D4A6
:1015E000C368994216D000680028E9D10D4B1868ED
:1015F00080B190F8393003F00503052B0BD1436817
:101600005BB1C9B27F2908BF00207047064B18683C
:101610000028D2D07047002070471846FAE700BF74
:10162000A8CB0520A4CB0520DCCC05202DE9F84370
:1016300047683B781A09042A044612D103F00F03C5
:1016400078889D000E46FCF79DFA238983428046E8
:101650000DD86389AB4204D32389434501D3132DAD
:101660000DD82046FDF728F80020BDE8F883014694
:101670002046FCF76FFF6389AB42EDD2F1E72946C4
:101680003846FCF70BFB0028EBD13B69DFF8D4812F
:10169000F868C8F8100003F0F002E02AC8F8143027
:1016A00061D196F83930990600F195807B7A112B3B
:1016B00000F0A1800028D4D04FF00009314600F09E
:1016C0008FFA0028CDD1D8F8103003F0F003E02BCA
:1016D000C7D0B9F1000FC4D0FB8823F0C00333B1E9
:1016E000204600F035FB04460028BDD04768C8F806
:1016F0000870C8E900963B7803F00F039B00294669
:101700002046A8F80C30FCF785FF7B7A022B00F00E
:101710008E80112B00F08680012B7ED0D8F814002B
:10172000494600F05DFA68B9D8F8143003F0F003C8
:10173000E02B07D029462046FCF786FF02212046F1
:10174000FFF7C6FC2046FCF7B7FF0023C8F80030BF
:10175000C8F80430C8F80830A8F80C30C8F81030C1
:10176000C8F8143080E796F83920D20725D4DBB2C8
:101770007F2B4CD0384BD3F80090B9F1000F08D133
:1017800045E000F02DFA98B9D9F80090B9F1000FB2
:101790003DD04E45F8D099F83930DB07F4D5D9F86B
:1017A0000430002BF0D0D8F8140083424946E8D129
:1017B000D8F8100000288FD080E77268002AD6D0B1
:1017C0009A4213D01846314600F00AFA00283BD15D
:1017D000D8F81430CBE708F114013046FFF7A4FD28
:1017E000A8B1D8E904021D4B9A420CD0B14600289A
:1017F0003FF472AF62E77B195B88B3F5884F7FF4E3
:1018000059AFB14668E70028FBD0B14656E77B7A6E
:10181000112B12D0D8F810004CE731462046FFF7C4
:10182000B5FB92E731462046FDF760F88DE70C4A9C
:1018300031462046FFF782FD87E77B195B88B3F5C9
:10184000884FE7D1B14647E7D8F81000B1460028E5
:101850003FF442AF32E700BFA8CB0520E000000113
:1018600078EA042064EA04202DE9F04F85B00646AA
:101870009DF838409DF83CB0109F002A5AD0894608
:10188000904609B10A680AB907F1040914213046E3
:101890000193FCF797FE824600285AD17568019B98
:1018A0002B7285F809B0D8F8001029614BEA032B98
:1018B0000B0C13FA81F1220245232B706C7042F05D
:1018C00045024FEA2B240A4444EA0B24308912FAD9
:1018D00084F4FCF757F985F806A085F807A0DFF82F
:1018E00078A068808346BAF80000FCF74BF9D9F875
:1018F0000020EA6014FA82F303EB12435B440344D2
:101900009AB202EB134303EB1343DB436B81BAF848
:101910000030A8800133AAF800303B8E13B1328921
:101920009A4210D87B69424631463846984705B0FE
:10193000BDE8F08F4389132B0BD943681B690393D0
:101940000DF10C08E9E742463946304600F0E0FB6D
:10195000EDE76FF00100EAE7E0CC05202DE9F04F5C
:1019600085B004469DF838B09DF83C80BDF848A08D
:10197000002A00F097800F469946164609B10B6879
:101980000BB9109B1F1DBAF1000F00F09380BAF144
:10199000280F00F2A4800AF1030525F00305ADB27B
:1019A00005F114039BB2294620460093FCF70AFE7A
:1019B0000190002840F0908060681199524600F034
:1019C00015FDAA45019B79D36368E918002533F812
:1019D000022B99421544FAD114212046FCF7F2FD5E
:1019E0000190002878D1D4F804A0009B8AF80890D0
:1019F000C3F387018AF809803068CAF8100041F003
:101A0000400148EA09288AF800104BEA01294FEA08
:101A1000282141EA0828010C11FA80F08AF801B067
:101A200010FA88F82089DFF8BCB0FCF7ABF8019A0F
:101A3000AAF8020000908AF806208AF80720BBF86E
:101A40000000FCF79FF83A68CAF80C2018FA82F8F0
:101A500008EB12484FEA29220099AAF80400A8448A
:101A600042EA092218FA82F20A44024490B2BBF810
:101A7000003000EB124000EB1040C0430133AAF8E5
:101A80000A00ABF80030109B1B8E13B122899A42DA
:101A90001CD8109B10985B6932462146984705B0C8
:101AA000BDE8F08F4389132B16D943681B69039354
:101AB00003AEE8E71423554600938DE760681946A6
:101AC0005044A5EB0A0200F089FC7DE710993246EC
:101AD000204600F01DFBE2E76FF00100DFE76FF04A
:101AE0000500DCE7E0CC05202DE9F04F85B0054688
:101AF0009DF838909DF83CB0109E0193002A5AD072
:101B0000884614211746FCF75DFD019B824600289C
:101B10005FD16C68237284F809B03A6822614BEA9D
:101B2000032B130C13FA82F284F8019045234FEA39
:101B30000929237049F045094FEA2B23914443EAD0
:101B40000B23288919FA83F9FCF71CF884F806A0FE
:101B500084F807A0DFF884A060808144BAF8000010
:101B6000FCF710F8BAF80020A080013200EB09035E
:101B7000AAF80020B8F1000F1AD0D8F80020E260CF
:101B800013FA82F303EB12439AB202EB134303EB13
:101B90001343DB436381338E13B12A899A4212D8EF
:101BA00073693A4629463046984705B0BDE8F08F3C
:101BB000094A1268E3E74389132B0AD943681B6972
:101BC000039303AFE7E73A463146284600F0A0FA10
:101BD000EBE76FF00100E8E7F8270108E0CC05200B
:101BE000421E0332034615D891F8390010F0020066
:101BF0000FD04A689A420BD089685A400A4207D1EE
:101C0000C84323EA0103181AB0FA80F0400970476C
:101C100000207047012070472DE9F0414468636857
:101C20009A88074688461AB30026636820462546E8
:101C30001C68FCF745FD831928469EB2FCF73CFD65
:101C4000002CF2D1184B1A68974216BF3B683A68CD
:101C5000C8F800304FF00100394608BF1A60FCF7A1
:101C600027FA124A13889B1B30461380BDE8F08187
:101C70001A684260396982687D69C06858609960F5
:101C8000DD601A60BA691A6101212046FFF75EFA29
:101C90002046FCF715FD06462046FCF70DFD7C6846
:101CA000002CC2D1CEE700BFE4CC0520E2CC052059
:101CB0002DE9F843DFF87C8005460E460027D8F86A
:101CC00000309BB3D5F80CE05A69002472452146D8
:101CD000A44620460FD00134D0B1C27F93F81F90A4
:101CE00091459CBF614618461A689C46B2B113469E
:101CF0005A697245EFD19A69D5F810904A45EAD1F0
:101D0000B3F80C90AA889145EED001340028E4D1B4
:101D10001A68614618469C46002AE8D110B1FFF7C0
:101D20007BFF0744B74201DA012CC8DC3846BDE826
:101D3000F88300BFE4CC052010B50446406908B123
:101D4000FCF7BAFC21460220BDE81040FCF7B0B910
:101D50002DE9F04FD0F804A09AF8003003F00F03FB
:101D6000052B85B0054676D1BAF80600FBF70AFFC9
:101D70000646BAF80200FBF705FF9AF8003003F0B8
:101D80000F03B0EB830F4FEA830264D3831A9BB235
:101D9000DFF8748300932846FCF792FCB8F8003013
:101DA00003440A2B074600F3D080DFF86093D9F88C
:101DB0000040002C00F0D780DAF80C2003E0246803
:101DC000002C00F0D08063699342F8D1DAF810302B
:101DD000A1699942F3D1A189BAF804309942EED1B0
:101DE000BAF80600FBF7CEFEC0F30C00002800F0A6
:101DF0009480BAF80630C6F30C0613F020034FEABD
:101E0000C606019308D1009BF3189BB29E4212D8DC
:101E10004FF6EB7293420ED8D5F804A0BAF8020040
:101E2000FBF7B0FE9AF8003003F00F03B0EB830F1E
:101E30004FEA830217D263686BB9D9F80020944245
:101E400002D022681A60FFDE2368C9F800302146FC
:101E50000120FCF72DF92846FCF72EFC0026304621
:101E600005B0BDE8F08F831ABAF806001FFA83FAAE
:101E7000FBF788FEC0F30C02D5F804B0D2000AEBE1
:101E80000203ABF806309BB2194602938A424FF028
:101E90000003ABF804208BF800308BF801308BF88E
:101EA00002308BF80330C6D861680391002900F036
:101EB000BB804FF0010A94460DE0CCD0B3F806E0A9
:101EC000F445C8D322B1D288824218BF4FF0000A2D
:101ED000196800296AD01A464B6898888445ECD264
:101EE00063469446CBF800101A46BCF1000F00F090
:101EF0009480BCF806309A42ADD302998142AAD8A8
:101F00009A42CCF8005054D0019B002B7FD0B8F8F7
:101F100000303B44A8F80030A0E7E089FBF732FE30
:101F2000C0F30C0000283FF464AFDAF80030DAF8B0
:101F30000410DAF80820DAF80C006061A360E160B0
:101F40002261DAF81030A36153E701465046FFF7EB
:101F5000AFFE00283FF47FAFB8F800303B440A2BB7
:101F60007FF723AF77E70120FCF792F8044678B1BA
:101F70000023E361A360E36023616361A3616360A5
:101F8000D9F8003023600F23C9F80040E377CCE78D
:101F900039465046FFF78CFE87423FF75CAF012081
:101FA000FCF776F804460028E2D154E7F4451D60BA
:101FB000AAD1019B43B3A37FDA07A8D5BAF1000FDA
:101FC000A5D0039B5B689B886BB9DBF80020002AD7
:101FD00034D0029903E01A68002A2FD0D9885368B8
:101FE0009A888A42F7D0B8F800303B44A8F800300D
:101FF000019B002B7FF432AFA37F009A43F00103D3
:102000001644A683A37729E7BAF1000FD9D1B8F80F
:1020100000303B44A8F80030EEE7029B83423FF6D5
:102020001AAF65600395C4E7019B6560002B5BD028
:10203000A37FDB0748BF0395C3D468E7B8F8003037
:102040003B44A8F80030019B33B9009B1E44A37F9A
:10205000A68343F00103A3776368A08B5E68E16801
:10206000A36822696569F5607160B26035683360A4
:10207000A3693361143080B2FBF784FD00237080C4
:10208000B371F371B372F37230461421FBF706FE9D
:10209000708166685DB16F6828461421FCF7BAFA52
:1020A00029463046FCF71CFB3D68002DF3D1D9F8DA
:1020B00000309C4205D0A3B11A68944211D0134657
:1020C000F9E72368C9F8003021460120FBF7F0FF4B
:1020D0003046FCF7F5FAB8F800301B1AA8F80030C3
:1020E000BDE622681A60EFE7BBF80430002B8ED102
:1020F000DBF80020002A7FF46CAFB8F800303B44D6
:10210000A8F80030A1E700BFE2CC0520E4CC052010
:102110002DE9F04F0B8E8DB005460A92B3F11402F3
:1021200048BFA3F10D02436807911E461B7803F0D8
:102130000F03C2F3CF02052B06924FEA830840F04B
:10214000BD804389132B40F2B980F088FBF71AFD5C
:102150002B89143B9BB200F400520393C0F30C0E86
:102160000B92002B00F09080069BDFF858A1CDF871
:1021700014E0DB009BB20893002437464FF4207232
:1021800014210E20FCF726F9089B039A934228BFDE
:10219000134604938346002800F0858043683A681C
:1021A0007868B968FE68DE601A60586099603A69BC
:1021B0001A61DBF804300993049B002B7AD099460E
:1021C00002976C89A4EB0804A4B24C4528BF4C4686
:1021D0000220002C5CD0FBF75BFF06464122214623
:1021E00000203346002E5BD001946F68474400976F
:1021F000FCF792F907462846002F4DD0A9EB0409B9
:10220000FCF768FA1FFA89F9C6E904A53946584669
:10221000FCF766FAB9F1000F3AD1A044029F1FFA09
:1022200088F8079B059A1B8EC2F30C00039A133B98
:1022300093423BDC40F40050FBF7A4FC099E049B56
:10224000F08003F1140080B2FBF79CFC0023708047
:10225000B372F37214213046FBF720FD70810798AA
:102260000A9A4369594698475846FCF725FADDE92A
:102270000323D31ADDE905210A449BB292B20393EA
:102280000592002B7FF47AAF00200DB0BDE8F08FEF
:102290002D684FF0000894E731460220FBF708FF55
:1022A0005846FCF709FA4FF0FF30EEE70B9B002B86
:1022B000C2D0BFE7A0441FFA88F8B2E76FF005006C
:1022C000E3E700BF391D010843890E2B70B50446B2
:1022D0001BD9C37B0D461BB991F83C300133C37346
:1022E000606803788689D9070AD5012B30D01E494A
:1022F000062200F063F818B9637B43F008036373A8
:10230000082E16D0B6F5C16F04D02046FCF7D4F9DC
:10231000002070BD95F839301B07F6D50E212046F8
:10232000FCF778F90028F0D129462046FEF756FB45
:10233000EEE795F839301A07E7D50E212046FCF76D
:1023400069F90028E1D129462046FFF76FF9DFE758
:102350004378002BD4D183785E2BD1D1637B43F0BB
:1023600010036373CCE700BF042801082DE9F04790
:102370000646BDF820000C4617469846FBF702FCBF
:102380000E2181462046FCF71DF998B96568A5F82D
:102390000C90D8F800302B60B8F80430AB803B6864
:1023A000C5F80630BB886B81B36921463046BDE86D
:1023B000F04718476FF00100BDE8F08710B501390C
:1023C0000244904201D1002005E0037811F8014F4A
:1023D000A34201D0181B10BD0130F2E702440346AE
:1023E000934200D1704703F8011BF9E70A44914278
:1023F00000F1FF3300D1704710B511F8014B03F81D
:10240000014F9142F9D110BD2DE9F047089D0C46CE
:10241000002B4ED194468C458646B2FA82F262D9A0
:102420004AB1C2F12003914020FA03F30CFA02FCF6
:10243000194300FA02FE4FEA1C471FFA8CF6B1FB63
:10244000F7F44FEA1E4307FB141143EA014304FB70
:1024500006F199420AD91CEB030304F1FF3080F026
:102460001381994240F21081023C6344591A1FFAC9
:102470008EF3B1FBF7F007FB101143EA014300FBB9
:1024800006F69E420AD91CEB030300F1FF3180F0EF
:10249000FD809E4240F2FA80634402389B1B40EA72
:1024A000044000211DB1D3400022C5E90032BDE83F
:1024B000F0878B4205D90DB1C5E90001002108461E
:1024C000F5E7B3FA83F1002946D1A34202D3904243
:1024D000C0F0F180861A64EB03030120002DE6D0E2
:1024E000C5E90063E3E7002A40F09180A1EB0C040A
:1024F0004FEA1C481FFA8CF70121B4FBF8F64FEAAB
:102500001E4308FB164443EA044307FB06F09842C7
:1025100008D91CEB030306F1FF3402D2984200F203
:10252000CE8026461C1A1FFA8EF3B4FBF8F008FB87
:10253000104443EA044300FB07F79F4208D91CEB11
:10254000030300F1FF3402D29F4200F2B180204623
:10255000DB1B40EA0640A5E7C1F120068B4022FACA
:1025600006F71F4320FA06FC04FA01F343EA0C03C2
:10257000F44000FA01F8380C4FEA1349B4FBF0FEBE
:102580001FFA87FC00FB1E4449EA04440EFB0CF9C9
:10259000A14502FA01F20AD93C190EF1FF3A80F086
:1025A0008580A14540F28280AEF1020E3C44A4EB4E
:1025B00009041FFA83F9B4FBF0F300FB134449EA62
:1025C000044403FB0CFCA44507D93C1903F1FF307C
:1025D00068D2A44566D9023B3C4443EA0E40A0FBC6
:1025E0000293A4EB0C049C42CE469C4652D34FD09F
:1025F00055B1B8EB0E0364EB0C0404FA06F6CB40BD
:10260000CC401E43C5E900640021BDE8F087C2F15B
:10261000200320FA03F10CFA02FC24FA03F394409D
:102620000C434FEA1C4800FA02FE1FFA8CF7B3FB7A
:10263000F8F008FB1031230C43EA014300FB07F1DB
:10264000994208D91CEB030300F1FF362CD29942C2
:102650002AD9023863445B1AA4B2B3FBF8F108FB31
:10266000113344EA034401FB07F3A34208D91CEBEE
:10267000040401F1FF3613D2A34211D90239644494
:10268000E41A41EA004138E70446EFE6084605E768
:10269000C845ADD2B9EB020E63EB070C0138A7E7D2
:1026A0003146EDE7034698E73046D4E7D6467EE765
:1026B000634402384CE70646234608460EE7023ECE
:1026C00063442FE7F8B500BFF8BC08BC9E467047CE
:0C26D000F8B500BFF8BC08BC9E4670477F
:1026DC0000000000000000000102030406070809C6
:1026EC000000000001020304736F756E64626F7862
:1026FC0000000000476967616465766963652E4375
:10270C004F4D5F6C77697000E4270108D4270108EE
:10271C00C4270108B4270108A4270108942701083D
:10272C0084270108504255465F504F4F4C00000023
:10273C00504255465F5245462F524F4D0000000007
:10274C005359535F54494D454F55540049474D50CB
:10275C005F47524F55500000465241475F5042551B
:10276C00460000005245415353444154410000007F
:10277C005544505F5043420030270108EC050A00D5
:10278C00A08A05209C8A05203C27010810000A001D
:10279C00E0C50520DCC505204C27010810000A0007
:1027AC0088C6052084C605205827010810000C0097
:1027BC0030C705202CC705206427010818000F001E
:1027CC00F8C70520F4C70520702701082000050074
:1027DC0068C9052064C905207C27010828000A0067
:1027EC0010CA05200CCA0520FFFFFFFF00000000E7
:1027FC000000000000000000FFFFFFFFFFFF0000D3
:08280C00FCFBFF7F010000004E
:0428140059820008DD
:042818003182000801
:10281C008011801180118011801180118011801124
:10282C000002000200020100000000000100000094
:10283C000000000000000000000800000100000083
:10284C004000000000000000000003000100000038
:10285C00000000000100000000000000000000006B
:10286C000008000001000000000000000000000053
:10287C000000020001000000000000000100000048
:10288C000000000000000000000800000100000033
:10289C00400000000000000000000300E107000001
:1028AC007F00013F03310D080E100F1210001100B4
:0C28BC002D022F00010000C00000CDAB79
:040000050800D9B95D
:00000001FF
