:020000040800F2
:1000000010020020891F0008D51F0008D51F000816
:10001000D51F0008D51F0008D51F000800000000EC
:10002000000000000000000000000000D51F0008D4
:10003000D51F000800000000D51F0008CD010008F2
:1000400000000000D51F0008D51F0008D51F0008BC
:10005000D51F0008D51F0008D51F0008D51F0008B0
:10006000D51F0008D51F0008D51F0008D51F0008A0
:10007000D51F0008D51F0008D51F0008D51F000890
:10008000D51F0008D51F000800000000D51F00087C
:10009000D51F0008D51F0008D51F0008D51F000870
:1000A000D51F0008D51F0008D51F0008D51F000860
:1000B000E903000800000000D51F00080000000050
:1000C000D51F000800000000D51F0008D51F00083C
:1000D000D51F000800000000000000000000000024
:1000E0000000000000000000D51F00080000000014
:1000F0000000000000000000000000000000000000
:10010000D51F00080000000000000000D51F0008F7
:1001100000000000000000000000000000000000DF
:1001200000000000000000000000000000000000CF
:1001300000000000000000000000000000000000BF
:10014000000000000000000000000000D51F0008B3
:1001500053B94AB9002908BF00281CBF4FF0FF312E
:100160004FF0FF3000F00CB8ADF1080C6DE904CE93
:1001700002F03EF8DDF804E0DDE9022304B0704748
:10018000704700BF074B591E1A5C095C41EA022107
:100190009A1E033B125C185C42EA012240EA0220EC
:1001A000704700BF2F0200204FF0E023054A5A613C
:1001B000054AF02182F8231000229A6107221A6171
:1001C000704700BF1E48010000ED00E0024A1368BE
:1001D00001331360704700BF68090020F8B5144B65
:1001E0006FF03A02D3F8E017D3F8AC07D3F8B06752
:1001F000D3F8B4774FF6FF73FFF7AAFF38461446DB
:100200001D466FF03A024FF6FF733146FFF7A0FF2D
:10021000084862406B400021013100F8012B06299B
:100220004FEA122242EA03624FEA1323F4D1F8BDE7
:1002300000F0FF1F6009002008B540F2115001F0E6
:10024000EBFC0823032200214FF0904001F02AFC30
:100250000823002202214FF0904001F001FCBDE88C
:100260000840082201214FF0904001F056BC08B52B
:1002700040F2115001F0D0FC0423032200214FF082
:10028000904001F00FFC0423002202214FF0904027
:1002900001F0E6FBBDE80840042201214FF0904048
:1002A00001F03BBC08B500221C20114601F066FCA1
:1002B000BDE8084040F2117001F0AEBC10B540F24C
:1002C000115001F0A9FC1023032200214FF09040AF
:1002D00001F0E8FBBDE810401023002201214FF09F
:1002E000904001F0BDBB10214FF0904001F013BCD5
:1002F000037810B55940044C044B5A5C4378615C58
:1003000042704B40037010BDC6250008C62400088B
:1003100073B5124C2246552102F8011B104908689A
:100320008988C4F8010091800122227262720D4A0C
:1003300000251288E571ADF80420264614F8011B4B
:1003400001A80135FFF7D4FF0A2DF7D19DF804303D
:10035000B3729DF80530F37202B070BD1802002030
:1003600060090020AC24000837B50C4B0C4C1D78FC
:100370000C4B65701B88ADF804305F2101A821701B
:10038000FFF7B6FF2946FFF7B3FF9DF80430A370CF
:100390009DF80530E37003B030BD00BF06000020BB
:1003A00028020020AC24000837B50C4B0C4C1D78FB
:1003B0000C4B65701B88ADF80430332101A8217007
:1003C000FFF796FF2946FFF793FF9DF80430A370CF
:1003D0009DF80530E37003B030BD00BF060000207B
:1003E00024020020AC240008F8B56549654801F0F6
:1003F000A1FD064640B1634840F2017101F07DFD68
:100400005F49604801F0ACFD5F495E4801F092FD34
:10041000074640B15B4840F2027101F06EFD5A4957
:10042000584801F09DFD5949564801F083FD0546A5
:1004300040B1544840F2037101F05FFD5349514807
:1004400001F08EFD52494F4801F074FD044640B161
:100450004C484FF4E06101F050FD4D49494801F02E
:100460007FFD4C49474801F065FDD0B1454840F259
:10047000037101F042FD4749424801F071FD72B637
:10048000454A00231360454A1360454A4FF4807182
:100490001180444A138062B6434A1370434A137072
:1004A00005E03E4335432C43E4B2002CE7D14049FC
:1004B000344801F03FFD10B3394A1388DBB13749A6
:1004C00030480C68013B1380631C5A42D2B2DBB245
:1004D00058BF53420B6001F00CFD364B23F814005B
:1004E000324B01221A70344B1A68344B1A602D4A71
:1004F0001388013313802E49224801F031FD304921
:10050000204801F017FDC0B12E4D2F4B2C881B88C1
:10051000A34226D94FF49672B4FBF2F302FB1343C5
:100520009BB22A4A174832F81310013401F0DDFC5F
:100530002C802349134801F013FD2549114801F08F
:10054000F9FCE0B10F48062101F0E9FC10214FF061
:10055000904001F0E0FABDE8F8401D49094801F07B
:10056000FFBC0848072101F0DAFC0648062101F02B
:10057000CCFC0E4A00231370164A1370D9E7F8BD5D
:1005800000020107004400400002020700020307C6
:100590000800000705000307580700205C0700203B
:1005A0000A000020540700202E0300203D030020F5
:1005B00005000507600700206809002038030020B7
:1005C00007000707FA040020F8040020FC040020BC
:1005D000060006073C03002010B5174C204601F02A
:1005E00005FC2046042101F078FC2046082101F09A
:1005F0006CFC2046052101F088FC20464FF4007178
:1006000001F083FC2046082101F07FFC20460B49C5
:1006100001F008FC2046002101F03AFC20460021B0
:1006200001F042FC2046002101F026FC2046BDE8F6
:10063000104001F045BC00BF0044004040420F00A4
:100640002DE9F04F764B1A8885B0002A31D072B66A
:100650001A88013A1A8062B67248734F01684B1CBF
:100660005A42D2B2DBB258BF534203606F4B33F8E9
:1006700011403B78002B58D1FF2C14D8AA2CE1B2A2
:100680001AD16B49032008706A496B480B706B499B
:100690000B706B4B01221A70FF233A70037043708A
:1006A0002146FFF725FE72B6664A13880133138090
:1006B00062B605B0BDE8F08FCC290FD102223A70A6
:1006C0005B4A13705B4A5C4813705C4A13705C4B66
:1006D00001221A70FF2303704370E2E7AF2901D1B2
:1006E0000322ECE7A02901D10422E8E7552905D12E
:1006F00005223A704E4A0B201070E3E7332904D1EB
:1007000005223A7003204A4AF6E75F2906D10523FD
:100710003B70474B03221A700023D3E75029C2D104
:1007200006233B700222424BF5E7013B052BBAD86A
:10073000DFE813F03805C705F3040600E505EE050C
:100740003B4D2978B9B9404BFF2C1E7809D93A485E
:10075000FFF7CEFD16B13A4B00221A7001232B7021
:10076000A1E7E4B234482146FFF7C2FDA642F5D026
:10077000FF2CF3D0EFE70139082994D801A353F8EF
:1007800021F000BFA9070008C1070008A70600085C
:10079000A7060008A7060008A7060008EB07000840
:1007A0001312000855080008B4F5807F274B224833
:1007B00028BF0024E1B21970FFF79AFD0223CEE7AB
:1007C000FF2C1E4B08D900211B481970FFF790FD24
:1007D000174B08221A7066E7E1B217481970FFF745
:1007E00087FD002CF4D00723B9E712480378B4F54D
:1007F000807F28BF0024FF22B3FBF2F21A440133AA
:10080000DDB2E1B202F0FF02114C05700A48A154BA
:10081000FFF76EFD094B1B78AB427FF444AFD7E77F
:1008200054070020580700202E03002060070020F6
:100830002D0300202C030020010000202B030020AA
:10084000000000200A000020060000201602002000
:100850002C020020D14BD24A4FF0000883F80080D0
:100860001278D04B5B78002A00F0C381B4F5807F0A
:1008700028BF44469C4240F0BC81CB4BCB49CC4A7C
:100880001B780978B2F900200091002B00F0AB81B1
:100890008A4200F0A881C74C94F80090B9F1F50F96
:1008A00040F0AA81C44B93F800B0BBF1FF0F00F0F9
:1008B0009A81C24A1388002B00F09581C049C14E2D
:1008C000D1F800A0013B13800AF10103B8EB030249
:1008D00002F01F0203F01F0358BF53420B60BA4BD4
:1008E000BA4A1D881288ADF80C204FF4967403A8FC
:1008F0005021FFF7FDFCB5FBF4F204FB125292B25B
:100900005021B1545946FFF7F3FC6A1C92B2B2FB76
:10091000F4F104FB112292B206F802B0DFF8C0B283
:100920009BF800100191FFF7E3FCAA1C92B2B2FB06
:10093000F4FC04FB1C22019992B2B15401318BF8F2
:1009400000101321FFF7D4FCEA1C92B2B2FBF4F1C1
:1009500004FB112292B21321B1544946FFF7C8FC9F
:100960002A1D92B2B2FBF4F104FB112292B20121D2
:1009700006F80290FFF7BCFC6A1D92B2B2FBF4F1DC
:1009800004FB112292B24FF00109414606F8029091
:10099000FFF7AEFCAA1D92B2B2FBF4F104FB1122E8
:1009A00092B22E2106F80280FFF7A2FCEA1D92B255
:1009B000B2FBF4F104FB112292B22E21B1540521B5
:1009C000FFF796FC05F1080292B2B2FBF4F104FBCA
:1009D000112292B20521B1544946FFF789FC05F175
:1009E000090292B2B2FBF4F104FB112292B2414629
:1009F00006F80290FFF77CFC05F10A0292B2B2FB06
:100A0000F4F104FB112292B2672106F80280FFF78D
:100A10006FFC05F10B0292B2B2FBF4F104FB112260
:100A200092B26721B1546421FFF762FC05F10C0218
:100A300092B2B2FBF4F104FB112292B26421B154E0
:100A40003321FFF755FC05F10D0292B2B2FBF4F130
:100A500004FB112292B24FF03308322106F80280D3
:100A6000FFF746FC05F10E0292B2B2FBF4F104FB73
:100A7000112292B23221B1546621FFF739FC05F1FF
:100A80000F0292B2B2FBF4F104FB112292B2662182
:100A9000B1544146FFF72CFC05F1100292B2B2FBB3
:100AA000F4F104FB112292B2414606F80280FFF7EE
:100AB0001FFC05F1110292B2B2FBF4F104FB11220A
:100AC00092B2302106F80280FFF712FC05F1120203
:100AD00092B2B2FBF4F104FB112292B23021B15474
:100AE0006B21FFF705FC05F1130292B2B2FBF4F1A2
:100AF00004FB112292B26B21B1543821FFF7F8FBAD
:100B000005F1140292B2B2FBF4F104FB112292B28D
:100B10003821B1547521FFF7EBFB05F1150292B2B4
:100B2000B2FBF4F104FB112292B27521B1543621CB
:100B3000FFF7DEFB05F1160292B2B2FBF4F104FB03
:100B4000112292B23621B15405F1170292B2B2FBD2
:100B5000F4F104FB112292B29DF80C10B15405F18E
:100B6000180292B2B2FBF4F104FB112292B2164BBE
:100B70009DF80D10B15405F119021A80144B23F899
:100B80001A50144B192203F80A20134B102203F8B1
:100B90000A20124A13884B4424E000BF3D03002082
:100BA00000000020010000202B030020160200207E
:100BB000040000202C020020060000200800002075
:100BC00074040020400300203E030020AC240008F1
:100BD000B804002098040020780400206C04002051
:100BE000170200201380B94B01221A70B84B009AEB
:100BF0001A8000233B7056E5B9F1FB0FF3D1012BAE
:100C00000BD1BFF34F8FB349B34BCA6802F4E06214
:100C10001343CB60BFF34F8FFEE7072BE3D9B4F844
:100C20000110002940F01181182BDCD1AB4BE27987
:100C30001970B4F80510A37AB1F5385FD3D1052A3D
:100C4000D1D1012BCFD194F80CB094F80DA094F829
:100C50000E9094F80F8094F810E094F811C0A67CE0
:100C6000E57C207D617DA27DE37DBBF1670FBAD17C
:100C7000BAF1640FB7D1B9F1330FB4D1B8F1320F73
:100C8000B1D1BEF1660FAED1BCF1330FABD1332E73
:100C9000A9D1302DA7D16B28A5D13829A3D1752A88
:100CA000A1D1362B9FD172B600F06AFE202000F051
:100CB0007DFE102000F07AFE042000F077FE8848C8
:100CC00000F098FE202000F071FE102000F06EFE73
:100CD000042000F06BFE00F061FE62B6B4F8033051
:100CE000804A5BBA1380804B4FF00209A3F8009052
:100CF0007E4B93F800A0BAF1FF0F00F0A2807C4A6F
:100D00001388002B00F09D807A49DFF804B2D1F8F7
:100D10000080BBF80050784E013B138008F10103BE
:100D20005A4202F01F0203F01F0358BF53420B60E8
:100D3000724B4FF4967403A81B88ADF80C30502109
:100D4000FFF7D6FAB5FBF4F304FB13539BB2502222
:100D50005146F254FFF7CCFA6B1C9BB2B3FBF4F292
:100D600004FB12339BB206F803A0DFF8A8A19AF89F
:100D700000100191FFF7BCFA05EB09039BB2B3FB2E
:100D8000F4F204FB123301999BB2F15401318AF859
:100D900000100321FFF7ACFAEB1C9BB2B3FBF4F29B
:100DA00004FB12339BB20322FB21F254FFF7A0FA9B
:100DB0002B1D9BB2B3FBF4F204FB12339BB2FB225C
:100DC0000021F254FFF794FA6B1D9BB2B3FBF4F2CF
:100DD00004FB12339BB200224946F254FFF788FA13
:100DE000AB1D9BB2B3FBF4F204FB12339BB206F8CB
:100DF0000390EB1D9BB2B3FBF4F204FB12339BB2E6
:100E00009DF80C20F25405F108039BB2B3FBF4F2F9
:100E100004FB12339BB29DF80D20F25405F1090337
:100E2000ABF80030364B23F81850364B092203F844
:100E30000820354B102203F80820344A1388013368
:100E40001380264B01221A70CDE6274E4DBA328808
:100E5000ADB2AA427FF4C7AED4F803801F48DC1FAE
:100E60000022C4F38504B1F5807F027098FA88F8F7
:100E700004F1FF3450D1154624E04FEA850909F109
:100E80000700FFF77FF9064672B600F079FD2020D3
:100E900000F08CFD102000F089FD042000F086FD9C
:100EA000314609EB080000F0C1FD202000F07EFD76
:100EB000102000F07BFD042000F078FD00F06EFDB6
:100EC00062B60135A542D8DD8DE600BF31030020B2
:100ED0000400002000ED00E00400FA0510020020EC
:100EE0000028000814020020120200200600002042
:100EF000080000207404002040030020AC240008F7
:100F0000B804002098040020780400206C0400201D
:100F10003E03002017020020C8F30903D3B972B6BC
:100F200000F02EFD202000F041FD102000F03EFDDD
:100F3000042000F03BFD404600F05CFD202000F066
:100F400035FD102000F032FD042000F02FFD00F0F0
:100F500025FD62B64FF00009A14540F3B780B44BC0
:100F60001B88AB42B34B93F800A01ABF0135ADB25A
:100F70000125BAF1FF0F35803FF463AFAE4A138805
:100F8000002B3FF45EAFAD49DFF8E8B2D1F8009036
:100F9000BBF80060DFF8E082013B138009F1010338
:100FA0005A4202F01F0203F01F0358BF53420B6066
:100FB000A34B4FF4967403A81B88ADF80C30502156
:100FC000FFF796F9B6FBF4F304FB13639BB25022D0
:100FD000514608F80320FFF78BF9731C9BB2B3FB53
:100FE000F4F204FB12339BB208F803A0DFF88CA2E2
:100FF0009AF800100191FFF77BF9B31C9BB2B3FB89
:10100000F4F204FB123301999BB208F8031001318A
:101010008AF800100321FFF76BF9F31C9BB2B3FBB6
:10102000F4F204FB12339BB20322FB2108F80320E5
:10103000FFF75EF9331D9BB2B3FBF4F204FB1233EE
:101040009BB24FEA152AFB22514608F80320FFF70E
:101050004FF9731D9BB2B3FBF4F204FB12339BB246
:10106000EDB2294608F803A0FFF742F9B31D9BB281
:10107000B3FBF4F204FB12339BB208F80350F31DE8
:101080009BB2B3FBF4F204FB12339BB29DF80C202D
:1010900008F8032006F108039BB2B3FBF4F204FB4B
:1010A00012339BB29DF80D2008F8032006F10903C6
:1010B000ABF80030634B23F81960634B092203F847
:1010C0000920624B102203F80920B6E64FEA890B8B
:1010D0000BF10700FFF756F8824672B600F050FC9D
:1010E000202000F063FC102000F060FC042000F0E1
:1010F0005DFC51460BEB080000F098FC202000F04E
:1011000055FC102000F052FC042000F04FFC00F0D1
:1011100045FC62B609F101091EE74D4B1978C9B9C2
:10112000444BFF2C1D7805D94A48FFF7E1F865B913
:10113000FFF74EBBE4B247482146FFF7D9F8A54276
:101140003FF446ABFF2C3FF443AB434B00221A70F5
:10115000FFF73EBB082907D13E4BB4F5807F1B78D3
:1011600028BF0024A3425BE009297FF49CAA3B4BE3
:10117000394900221A700978364B5B7800293FF410
:1011800038ADB4F5807F28BF14469C427FF431AD62
:10119000334B197800293FF42CAD324901200870F7
:1011A0001A7026E52A4E3378032B23D12E4F294877
:1011B0003D780622B5FBF2F302FB1353DBB22B4A58
:1011C000B4F5807FD35C28BF0024E1B28B4218BF06
:1011D000214B05F1010518BF0022EDB218BF1A70AE
:1011E000FFF786F8062D3D707FF45DAA002333706B
:1011F000FFF759BA5BB9B4F5807F1D4B154828BF7E
:101200000024E1B21970FFF773F80823EFE7082B09
:1012100036D1104BB4F5807F1B7828BF00249C4248
:101220001EBF0D4B00221A70094B0922FFF7D2BADC
:101230001402002006000020080000207404002092
:10124000AC240008B8040020980400207804002092
:101250002D03002001000020000000203D0300209D
:101260002F030020300300202C0300206009002001
:10127000160200203E030020400300201702002039
:10128000092B7FF410AA2A4B2A4A00251D701278D8
:10129000294B5B78002A3FF4ACACB4F5807F28BFC3
:1012A0002C469C427FF4A5AC244B1A78244B1A7030
:1012B000FFF75AF8FFF778F8224B01221D70224BF6
:1012C0006EE7224B197800293FF42AAF0829A0D0F5
:1012D00009297FF4E8A9164B00221A70154A164B0B
:1012E00012785B78002A3FF484ACB4F5807F28BF85
:1012F00000249C427FF47DAC114BFF2250E7134A3F
:101300001378012B7FF675AC013B1370FFF7CBB957
:101310000E4A1378012BF7D8FF2C98BF02344FF0F8
:10132000050394BFE4B202243B701470FFF7BBB90D
:101330003D030020000000200100002016020020D4
:1013400006000020310300200C0000202D030020A7
:10135000714B2DE9F74F1B78704F3C78002B40F014
:10136000AD80002C40F0AA806D4B6E4D1B786E4E08
:10137000FF2B00F0B9806D4B1A78E2B110214FF0CD
:1013800090401C7000F0C5FB694A6A4B11781980C7
:10139000517859809178D2789980DA80664B674885
:1013A00004221A80664B07211C8000F0AEFD3368D2
:1013B0002B6001233B70D6F800A02B68AAEB030337
:1013C000012B58D95F490B88002B54D05E4ADFF8B7
:1013D00098B114681BF80490B9F1000F7FD05B48F6
:1013E00030F8140001905A4890F80080B8F1000FCE
:1013F00014D04FF0000C013B01340B8080F800C08A
:10140000BCEB040303F01F0304F01F0458BF5C424D
:101410001460504A1388013313802CE04E4B4FF078
:1014200090401B5D0093102100F073FB424BDFF8EE
:1014300004C1A3F80080009BDFF830E15A1E4FF48E
:10144000967043469A423CDAB8F1000F02D03A4B0C
:10145000009A1A803A4B3948002207211A8009F174
:10146000FF3900F052FD3D4A0BF804900123137040
:10147000C5F800A03B7033682A689B1AB3F57A7FE1
:101480001CD910214FF0904000F043FB344A294B07
:1014900011781980517859809178D278DA809980C2
:1014A000254B04221A80264B2448002207211A804B
:1014B00000F02BFD33682B6001233B7003B0BDE8C7
:1014C000F08F01995918B1FBF0F800FB18114FF09B
:1014D00001081EF801102CF813100133B2E7013B8C
:1014E00001340B8063428DE733682A689B1AB3F599
:1014F0007A7FE3D910214FF0904000F00AFB194A9F
:101500000C49234612F8010B21F8130001330C2B70
:10151000F8D1094A1380C6E73D0300203C030020B0
:101520000600002034030020680900203103002059
:1015300028020020FC040020F804002000440040A1
:10154000FA0400206C04002070040020B80400207D
:101550003003002008000020980400202F03002002
:1015600024020020180200207804002040030020FC
:101570000D4B0E4A19681368CB1A012B10B511D9FF
:1015800072B60B48002303600A4803600A484FF410
:10159000807404800948038062B6094811600370B2
:1015A0000848037010BD00BF680900203803002000
:1015B000580700205C0700200A0000205407002084
:1015C0002E0300203D0300204B4B1B782DE9F347F1
:1015D000002B00F08E80494B93F80090B9F1FF0F7B
:1015E00000F08780464A1388002B00F0828045492E
:1015F000DFF830810F68B8F80050434E013B13808C
:101600007B1C5A4202F01F0203F01F0358BF5342D3
:101610000B603E4B4FF4967401A81B88ADF8043064
:101620005021FEF765FEB5FBF4F304FB13539BB2A8
:1016300050224946F254FEF75BFE6B1C9BB2B3FB93
:10164000F4F204FB12339BB206F80390DFF8D89053
:1016500099F800A05146FEF74BFEAB1C9BB2B3FBC2
:10166000F4F204FB12339BB2012106F803A00AF145
:10167000010A89F800A0FEF73BFEEB1C9BB2B3FB0E
:10168000F4F204FB12339BB20122F254204B93F884
:1016900000904946FEF72CFE2B1D9BB2B3FBF4F2E3
:1016A00004FB12339BB206F803906B1D9BB2B3FB95
:1016B000F4F204FB12339BB29DF80420F254AB1DEC
:1016C0009BB2B3FBF4F204FB12339BB29DF80520EE
:1016D000F254EB1DA8F800300E4B23F817500E4BB8
:1016E0000722DA550D4B1022DA550D4A13880133C3
:1016F000138002B0BDE8F0870C0000200600002037
:10170000080000207404002040030020AC240008DE
:1017100007000020B804002098040020780400206E
:101720006C0400203E03002017020020064BD3F873
:101730000028013207D072B6D3F8002882F3088857
:10174000D3F8043818477047002000085A4B1B781C
:101750002DE9F74F002B00F0AC80584B93F800A018
:10176000BAF1FF0F00F0A580554A1388002B00F056
:10177000A0805449DFF86C81B1F800905249B8F864
:1017800000500F68514E013B13807B1C5A4202F0FF
:101790001F0203F01F0358BF53420B604C4B4FF422
:1017A000967401A81B88ADF804305021FEF7A0FD07
:1017B000B5FBF4F304FB13539BB250225146F25491
:1017C000FEF796FD6B1C9BB2B3FBF4F204FB1233E5
:1017D0009BB206F803A0DFF810A19AF800B05946B2
:1017E000FEF786FDAB1C9BB2B3FBF4F204FB123395
:1017F0009BB2032106F803B00BF1010B8AF800B08D
:10180000FEF776FDEB1C9BB2B3FBF4F204FB123344
:101810009BB20322FB21F254FEF76AFD2B1D9BB203
:10182000B3FBF4F204FB12339BB24FEA192AFB22FA
:101830005146F254FEF75CFD6B1D9BB2B3FBF4F214
:1018400004FB12339BB25FFA89F9494606F803A0FC
:10185000FEF74EFDAB1D9BB2B3FBF4F204FB12335B
:101860009BB206F80390EB1D9BB2B3FBF4F204FBB2
:1018700012339BB29DF80420F25405F108039BB289
:10188000B3FBF4F204FB12339BB29DF80520F25433
:1018900005F10903A8F800300E4B23F817500E4B42
:1018A0000922DA550D4B1022DA550D4A13880133FF
:1018B000138003B0BDE8F08F100200200600002066
:1018C00008000020120200207404002040030020C1
:1018D000AC240008B80400209804002078040020FC
:1018E0006C0400203E0300201702002008B5FEF71C
:1018F0005BFCFEF773FCFEF79FFCFEF7B8FCFEF7FF
:10190000D1FCFEF7DBFCFEF7EEFCFEF701FDFEF777
:101910002BFDFEF749FDBDE80840FEF75DBE000067
:101920002DE9F0470025DFF848802F462E4643F684
:10193000972940F6B73AD8F80040A31BB3F5FA6FE1
:1019400002D3FFF741FE2646E31B4B4502D9FFF7C2
:10195000EDFE2746631B534502D9FFF7F7FE2546E8
:10196000FEF76EFEFFF7F4FCFFF702FEE3E700BFB1
:101970006809002008B5FFF7B9FFFFF7D1FF0000A5
:10198000044B1A69120641BF034A5A6002F18832B9
:101990005A6070470020024023016745024A1369DC
:1019A00043F080031361704700200240014BD86070
:1019B000704700BF00200240074BDA68D10707D408
:1019C000DA68D20606D4D868C0F3800040007047B9
:1019D00001207047032070470020024010B50446E4
:1019E000FFF7EAFF012804F1FF3402D1002CF7D100
:1019F000042010BD38B505464FF47020FFF7EEFF08
:101A000088B9094C236943F00203236165612369A6
:101A100043F0400323614FF47020FFF7DFFF236999
:101A200023F00203236138BD0020024070B5054653
:101A30004FF470200E46FFF7D1FF68B9074C2369B9
:101A400043F0010323614FF470202E60FFF7C6FFBF
:101A5000236923F00103236170BD00BF0020024011
:101A60002DE9F0430568C46800264FF0010E4FF0E1
:101A700003080EFA06F71F420DD0770008FA07FC9C
:101A800001FA07F925EA0C0524EA0C0402FA07F723
:101A900049EA05053C430136102EEAD10560C460D1
:101AA000BDE8F08301294168F0B50CBF19439943A3
:101AB0004FF6FF744160A242816815D1C46B0022C9
:101AC00001274FF0030C07FA02F61E421CBF550017
:101AD0000CFA05F502F101021CBF29433443102A18
:101AE000F1D18160C463F0BD002401274FF0030CE5
:101AF00007FA04F51D4207D065000CFA05F621EA45
:101B0000060102FA05F529430134102CF0D1816059
:101B1000E9E78161704781627047F0B5066A456AFE
:101B200000234FF0010C4FF00F0E0CFA03F4144297
:101B300007D09C000EFA04F726EA070601FA04F41F
:101B400026430133082BF0D100234FF0010C4FF056
:101B50000F0E03F108040CFA04F4144207D09C00A1
:101B60000EFA04F725EA070501FA04F425430133C8
:101B7000082BEED106624562F0BD000010B51D4C89
:101B8000E36803F4E063B3F5A06F08D020D8B3F5A1
:101B9000407F26D0B3F5806F26D0174BE360022339
:101BA0001C46C4F10404A140C3F104040F23E34024
:101BB0001340124A0B431B011118DBB281F80033AA
:101BC0004109012300F01F00834042F8213010BD7D
:101BD000B3F5C06F0BD0B3F5E06FDED10423002462
:101BE000DFE700230424DCE701230324D9E70323F0
:101BF0000124D6E700ED00E00005FA0500E100E071
:101C000021F06041034B21F07F0101439960BFF354
:101C10004F8F704700ED00E0830903F1804303F527
:101C2000043300F01F001968012282400A431A6041
:101C30007047830903F1804303F5043300F01F006C
:101C40001A680121814022EA01021A607047FFF7F9
:101C5000E3BFFFF7EEBF0000F0B55D4B89B005466E
:101C600004AC03F110061F4618685968224603C2E7
:101C70000833B3421446F7D1716838696B4603C321
:101C800003C354494B68C3F38103022B44D14A6810
:101C90004868CB6A0601C2F383424FEAD37334D457
:101CA000002B30D102324B68C86ADC0332D5CB6AD4
:101CB000400003F00F0354BF474848480133B0FBCE
:101CC000F3F35A434B68C3F3031320336B4413F805
:101CD000104C4B68C3F3022320336B4422FA04F404
:101CE00013F8206C4B68C3F3C22320336B4413F802
:101CF000183C24FA03F0062D10D8DFE805F0641232
:101D0000141017464F002132CDE70BB91132CAE744
:101D10003132C8E7324BD4E72F4AD3E7002009B06D
:101D2000F0BD2046FBE724FA06F0F8E70B6BDA0576
:101D300007D40B6B2B4813F4803F2B4B08BF18467E
:101D4000EDE74A680B6BC2F38132022A4FEAD37384
:101D50000FD0032A14D0012A06D00BB94008DEE7C1
:101D60000320B4FBF0F0DAE70BB98008D7E70520D1
:101D7000F7E71BB90623B0FBF3F0D0E70720F0E745
:101D80000BB9C008CBE70920EBE70B6B13F0400F52
:101D900048F2120018BF4FF40040C0E70B6B9B07DE
:101DA000BDD00B6B03F00303012B0CD00B6B03F0C6
:101DB0000303022B09D00B6B074803F00303032B2B
:101DC00018BF0020ABE71046A9E74FF40040A6E794
:101DD000AE2400080010024000127A00006CDC0201
:101DE00000093D00003FAB01809FD50008B50C4BBA
:101DF00098420DD003F57443984210D140F20E3052
:101E0000FFF725FF40F20E30BDE80840FFF721BF85
:101E100040F21140FFF71BFF40F21140F4E708BD0C
:101E20000044004038B5134B984204460D4618D084
:101E300003F57443984216D10620FFF70DFF226880
:101E400012044FEA550310D503EB4003B3FBF5F141
:101E5000C1F3420321F00F010904090C0B43E360B5
:101E600038BD0220E9E70020E9E70344B3FBF5F3BE
:101E70009BB2F4E700440040036823F001030360D1
:101E8000036823F4C063036003680B430360704777
:101E9000036823F001030360036823F480530360A5
:101EA00003680B4303607047036823F0010303607A
:101EB000436823F44053436043680B4343607047D7
:101EC000036843F0010303607047036823F00803CD
:101ED000036003680B4303607047036823F0040347
:101EE000036003680B4303607047C1F3080181621C
:101EF0007047406AC0F308007047026A01F01F0192
:101F000001238B401343036270478A0910B501F027
:101F10001F01145801238B402343135010BD10B5EB
:101F20008C090122235801F01F018A4023EA020391
:101F3000235010BDC1F3891310B51C588B0D1A58CE
:101F4000C1F30440012303FA00F0104006D001F071
:101F50001F018B40234214BF0120002010BD000050
:101F6000084B994206D1D0F8D03023F40043C0F892
:101F7000D0307047026AC1F3044101238B40134300
:101F80000362704709340F34DFF830D0002103E0DA
:101F90000B4B5B58435004310A480B4B42189A4292
:101FA000F6D30A4A02E0002342F8043B084B9A4267
:101FB000F9D300F011F8FFF7DDFC704710020020A4
:101FC000D826000800000020100000201002002089
:101FD0006C090020FEE700007E4BDA6902F0060281
:101FE000062A82B047D0DA69900444D57A4A7B4900
:101FF00059605A6099609A601A6942F020021A6129
:102000001A6942F040021A61DA68D107FCD41A69F1
:1020100022F020021A611A6942F010021A61DA698C
:1020200012F0060F6E4A40F0C780A5231380694B5B
:102030006B4AD969090A01F0DF015180D969C1F3FE
:1020400007419180D969090ED180196AC9B21181FD
:10205000196AC1F307215181DA68D207FCD41A69E1
:1020600022F010021A611A6922F400721A611A69C8
:1020700042F080021A615B4AD2F8883043F4700360
:10208000C2F88830584B1A6842F001021A601A6888
:102090009007FCD55A6842F080025A6000220192F3
:1020A000019A4F2A40F290805A6842F090025A609A
:1020B00000220192019A4F2A40F289805A6822F048
:1020C00003025A601A6822F0867222F480321A6083
:1020D0005968464A0A405A605A6822F0084222F477
:1020E00074125A60DA6A22F0404222F00F02DA6279
:1020F0001A6B22F4817222F001021A631A6B22F425
:1021000080321A631A6B22F000421A635A6B22F073
:1021100001025A63D3F8C02022F48032C3F8C020F1
:1021200000229A60C3F8CC201A6842F480321A6008
:102130004FF400621968890301D4013AFAD11A6890
:10214000900333D55A685A605A6842F400525A6074
:102150005A6842F480625A605A6822F0036222F49C
:1021600070225A60DA6A22F0404222F00F02DA62EC
:102170005A6842F0016242F480325A60DA6A42F0F0
:102180000102DA62DA6ADA621A6842F080721A6070
:102190001A689101FCD55A6822F003025A605A6805
:1021A00042F002025A605A681207FCD500214FF033
:1021B000006002B0FFF724BDDB6903F00603022BC9
:1021C0007FF435AFBB2331E7019A013267E7019A0B
:1021D00001326EE700200240AB89EFCD2301674555
:1021E00000F8FF1F00ED00E0001002400C00FF08A7
:1021F0002DE9F047089D0C46002B4ED194468C45A6
:102200008646B2FA82F262D94AB1C2F12003914005
:1022100020FA03F30CFA02FC194300FA02FE4FEA1B
:102220001C471FFA8CF6B1FBF7F44FEA1E4307FB7D
:10223000141143EA014304FB06F199420AD91CEB4D
:10224000030304F1FF3080F01381994240F21081C2
:10225000023C6344591A1FFA8EF3B1FBF7F007FBF7
:10226000101143EA014300FB06F69E420AD91CEB1B
:10227000030300F1FF3180F0FD809E4240F2FA80BE
:10228000634402389B1B40EA044000211DB1D34047
:102290000022C5E90032BDE8F0878B4205D90DB1B7
:1022A000C5E9000100210846F5E7B3FA83F10029EA
:1022B00046D1A34202D39042C0F0F180861A64EB6B
:1022C00003030120002DE6D0C5E90063E3E7002AFF
:1022D00040F09180A1EB0C044FEA1C481FFA8CF7E8
:1022E0000121B4FBF8F64FEA1E4308FB164443EA0B
:1022F000044307FB06F0984208D91CEB030306F1E0
:10230000FF3402D2984200F2CE8026461C1A1FFAF1
:102310008EF3B4FBF8F008FB104443EA044300FBDF
:1023200007F79F4208D91CEB030300F1FF3402D2E8
:102330009F4200F2B1802046DB1B40EA0640A5E741
:10234000C1F120068B4022FA06F71F4320FA06FC53
:1023500004FA01F343EA0C03F44000FA01F8380CE4
:102360004FEA1349B4FBF0FE1FFA87FC00FB1E4442
:1023700049EA04440EFB0CF9A14502FA01F20AD91C
:102380003C190EF1FF3A80F08580A14540F2828031
:10239000AEF1020E3C44A4EB09041FFA83F9B4FB2E
:1023A000F0F300FB134449EA044403FB0CFCA4458E
:1023B00007D93C1903F1FF3068D2A44566D9023B26
:1023C0003C4443EA0E40A0FB0293A4EB0C049C4265
:1023D000CE469C4652D34FD055B1B8EB0E0364EBBA
:1023E0000C0404FA06F6CB40CC401E43C5E9006459
:1023F0000021BDE8F087C2F1200320FA03F10CFAB6
:1024000002FC24FA03F394400C434FEA1C4800FA00
:1024100002FE1FFA8CF7B3FBF8F008FB1031230C17
:1024200043EA014300FB07F1994208D91CEB03037F
:1024300000F1FF362CD299422AD9023863445B1A44
:10244000A4B2B3FBF8F108FB113344EA034401FBE7
:1024500007F3A34208D91CEB040401F1FF3613D2A1
:10246000A34211D902396444E41A41EA004138E731
:102470000446EFE6084605E7C845ADD2B9EB020EC3
:1024800063EB070C0138A7E73146EDE7034698E711
:102490003046D4E7D6467EE7634402384CE706462A
:1024A000234608460EE7023E63442FE7FFFF000085
:1024B00000000000000001020304060708090000F4
:1024C00000000102030400C0C101C30302C2C6062A
:1024D00007C705C5C404CC0C0DCD0FCFCE0E0ACA5C
:1024E000CB0BC90908C8D81819D91BDBDA1A1EDEAC
:1024F000DF1FDD1D1CDC14D4D515D71716D6D2125C
:1025000013D311D1D010F03031F133F3F23236F66B
:10251000F737F53534F43CFCFD3DFF3F3EFEFA3A1B
:102520003BFB39F9F83828E8E929EB2B2AEAEE2EAB
:102530002FEF2DEDEC2CE42425E527E7E62622E21B
:10254000E323E12120E0A06061A163A3A26266A66B
:10255000A767A56564A46CACAD6DAF6F6EAEAA6ADB
:102560006BAB69A9A86878B8B979BB7B7ABABE7E2B
:102570007FBF7DBDBC7CB47475B577B7B67672B2DB
:10258000B373B17170B0509091519353529296566B
:102590005797559594549C5C5D9D5F9F9E5E5A9A9B
:1025A0009B5B99595898884849894B8B8A4A4E8E2B
:1025B0008F4F8D4D4C8C448485458747468682429B
:1025C00043834181804000C1814001C0804101C0FE
:1025D000804100C1814001C0804100C1814000C1F3
:1025E000814001C0804101C0804100C1814000C1E3
:1025F000814001C0804100C1814001C0804101C0D3
:10260000804100C1814001C0804100C1814000C1C2
:10261000814001C0804100C1814001C0804101C0B2
:10262000804100C1814000C1814001C0804101C0A2
:10263000804100C1814001C0804100C1814000C192
:10264000814001C0804101C0804100C1814000C182
:10265000814001C0804100C1814001C0804101C072
:10266000804100C1814000C1814001C0804101C062
:10267000804100C1814001C0804100C1814000C152
:10268000814001C0804100C1814001C0804101C042
:10269000804100C1814001C0804100C1814000C132
:1026A000814001C0804101C0804100C1814000C122
:1026B000814001C0804100C1814001C0804101C012
:0826C000804100C181400000CF
:0426C800F8B500BFA2
:0426CC00F8B500BF9E
:0826D00020FBFF7F0100000068
:1026D80001FFFF00FFFFFFF22000000101000000E2
:0400000508001F8947
:020000040800F2
:1028000074030020DDA2000829A3000829A3000802
:1028100029A3000829A3000829A30008000000003C
:1028200000000000000000000000000029A30008D4
:1028300029A300080000000029A30008B929000806
:102840000000000029A3000829A3000829A300080C
:1028500029A3000829A3000829A3000829A3000828
:1028600029A3000829A300083192000829A3000821
:1028700029A3000829A3000829A3000829A3000808
:1028800029A3000829A300080000000029A30008CC
:1028900029A3000829A3000829A3000829A30008E8
:1028A00029A3000829A3000829A3000829A30008D8
:1028B000E92B00080000000029A300080000000028
:1028C00029A300080000000029A3000829A300088C
:1028D00029A3000800000000000000000000000024
:1028E000000000000000000029A300080000000014
:1028F00000000000000000000000000000000000D8
:1029000029A30008000000000000000029A300081F
:1029100000000000000000000000000000000000B7
:1029200000000000000000000000000000000000A7
:102930000000000000000000000000000000000097
:1029400000000000000000000000000029A30008B3
:1029500053B94AB9002908BF00281CBF4FF0FF3106
:102960004FF0FF3000F00CB8ADF1080C6DE904CE6B
:1029700007F0E8FDDDF804E0DDE9022304B070476C
:10298000704700BF02440346934200D1704703F8EA
:10299000011BF9E74FF0E023054A5A61054AF0218F
:1029A00082F8231000229A6107221A61704700BF43
:1029B0001E48010000ED00E0024A13680133136075
:1029C000704700BFA0180020F8B5144B6FF03A0212
:1029D000D3F8E017D3F8AC07D3F8B067D3F8B477DF
:1029E0004FF6FF73FFF7B4FF384614461D466FF0ED
:1029F0003A024FF6FF733146FFF7AAFF08486240DC
:102A00006B400021013100F8012B06294FEA122208
:102A100042EA03624FEA1323F4D1F8BD00F0FF1F2E
:102A20009818002008B503494FF0006006F0EAFF4F
:102A300062B608BD0028000808B540F2115006F043
:102A4000EDFF0823032200214FF0904006F026FFFF
:102A50000823002202214FF0904006F0FDFEBDE861
:102A60000840082201214FF0904006F058BF08B5F9
:102A700040F2115006F0D2FF0423032200214FF050
:102A8000904006F00BFF0423002202214FF09040FB
:102A900006F0E2FEBDE80840042201214FF090401C
:102AA00006F03DBF08B500221C20114606F068FF65
:102AB000BDE8084040F2117006F0B0BF10B540F21A
:102AC000115006F0ABFF1023032200214FF090407D
:102AD00006F0E4FEBDE810401023002201214FF073
:102AE000904006F0B9BE10214FF0904006F00FBFA5
:102AF000037810B55940044C044B5A5C4378615C30
:102B000042704B40037010BDC0B50008C0B400084F
:102B100073B5124C2246552102F8011B1049086872
:102B20008988C4F8010091800122227262720D4AE4
:102B300000251288E571ADF80420264614F8011B23
:102B400001A80135FFF7D4FF0A2DF7D19DF8043015
:102B5000B3729DF80530F37202B070BD50110020C1
:102B60009818002094A8000837B50C4B0C4C1D7821
:102B70000C4B65701B88ADF804305F2101A82170F3
:102B8000FFF7B6FF2946FFF7B3FF9DF80430A370A7
:102B90009DF80530E37003B030BD00BF6A0100202E
:102BA0006011002094A8000837B50C4B0C4C1D7820
:102BB0000C4B65701B88ADF80430332101A82170DF
:102BC000FFF796FF2946FFF793FF9DF80430A370A7
:102BD0009DF80530E37003B030BD00BF6A010020EE
:102BE0005C11002094A80008F8B56549654807F015
:102BF0004BFB064640B1634840F2017107F027FBEA
:102C00005F49604807F056FB5F495E4807F03CFBB0
:102C1000074640B15B4840F2027107F018FB5A4981
:102C2000584807F047FB5949564807F02DFB054621
:102C300040B1544840F2037107F009FB5349514831
:102C400007F038FB52494F4807F01EFB044640B1DD
:102C50004C484FF4E06107F0FAFA4D49494807F053
:102C600029FB4C49474807F00FFBD0B1454840F2DB
:102C7000037107F0ECFA4749424807F01BFB72B6B4
:102C8000454A00231360454A1360454A4FF480715A
:102C90001180444A138062B6434A1370434A13704A
:102CA00005E03E4335432C43E4B2002CE7D14049D4
:102CB000344807F0E9FA10B3394A1388DBB13749D1
:102CC00030480C68013B1380631C5A42D2B2DBB21D
:102CD00058BF53420B6007F0B6FA364B23F8140086
:102CE000324B01221A70344B1A68344B1A602D4A49
:102CF0001388013313802E49224807F0DBFA30494C
:102D0000204807F0C1FAC0B12E4D2F4B2C881B88EC
:102D1000A34226D94FF49672B4FBF2F302FB13439D
:102D20009BB22A4A174832F81310013407F087FA89
:102D30002C802349134807F0BDFA2549114807F0B4
:102D4000A3FAE0B10F48062107F093FA10214FF0E3
:102D5000904006F0DCFDBDE8F8401D49094807F049
:102D6000A9BA0848072107F084FA0648062107F0A7
:102D700076FA0E4A00231370164A1370D9E7F8BD8D
:102D8000000201070044004000020207000203079E
:102D90000800000705000307901600209416002085
:102DA0006E0100208C160020661200207512002093
:102DB0000500050798160020A018002070120020BA
:102DC00007000707321400203014002034140020BC
:102DD000060006077412002010B5174C204607F0B5
:102DE000AFF92046042107F022FA2046082107F017
:102DF00016FA2046052107F032FA20464FF40071FA
:102E000007F02DFA2046082107F029FA20460B4941
:102E100007F0B2F92046002107F0E4F9204600212E
:102E200007F0ECF92046002107F0D0F92046BDE874
:102E3000104007F0EFB900BF0044004040420F00CF
:102E40002DE9F04F974B1A888BB0002A31D072B61B
:102E50001A88013A1A8062B6934801684B1C5A429C
:102E6000D2B2DBB258BF53420360904A904B33F862
:102E700011401378002B58D1FF2C14D8AA2CE1B2A2
:102E80001AD1012111708B4A032010708A4A8B4895
:102E900013708B4A13708B4B1970FF2303704370B0
:102EA0002146FFF725FE72B6874A13880133138047
:102EB00062B60BB0BDE8F08FCC290FD102201070A4
:102EC0007C4A13707C4A7D4813707D4A13707D4B99
:102ED00001221A70FF2303704370E2E7AF2901D18A
:102EE0000320ECE7A02901D10420E8E7552905D10A
:102EF000052010706F4A0B201070E3E7332904D1CE
:102F0000052010706B4A0320F6E75F2906D10523E0
:102F10001370684B03221A700023D3E75029C2D1E3
:102F200006231370634B0222F5E7013B052BBAD849
:102F3000DFE813F0B60B0E0C4A0B0600340C3D0C08
:102F40005C4D2978B9B9614BFF2C1E7809D95B48D3
:102F5000FFF7CEFD16B15B4B00221A7001232B70D8
:102F6000A1E7E4B255482146FFF7C2FDA642F5D0DD
:102F7000FF2CF3D0EFE70139082994D801A353F8C7
:102F800021F000BFA92F0008C12F0008A72E0008BC
:102F9000A72E0008A72E0008A72E0008EB2F000878
:102FA0004546000821300008B4F5807F484B43486F
:102FB00028BF0024E1B21970FFF79AFD0223CEE783
:102FC000FF2C3F4B08D900213C481970FFF790FDBA
:102FD000384B08221A7066E7E1B238481970FFF7DB
:102FE00087FD002CF4D00723B9E733480378B4F504
:102FF000807F28BF0024FF22B3FBF2F21A44013382
:10300000DDB2E1B202F0FF02324C05702B48A15450
:10301000FFF76EFD2A4B1B78AB427FF444AFD7E736
:103020002D4B284A00271F701278244B5B78002A0A
:1030300034D0B4F5807F28BF3C46A3422ED1204B2C
:10304000234A1C78254B1278B3F900300592FCB165
:1030500093421DD01F4B93F80080B8F1F40F4DD16F
:103060001F4B1F721F7583F8207083F82C701D4B47
:103070001F701D4B1F601D4B01221A701C4B5A7391
:1030800001370A2F03F11003F9D11A4B00221A60FD
:10309000194B01221A70114B059A1A80034B00221A
:1030A00098E700BF8C1600209016002066120020C2
:1030B000981600206512002064120020650100208F
:1030C00063120020640100206E0100206A010020CC
:1030D0004E110020641100207512002068010020AC
:1030E000E4100020840300207C03002085030020DE
:1030F0007C0000208003002069120020B8F1480FF6
:1031000011D8B8F13F0FC3D9A8F14108B8F1070FA2
:1031100072D8DFE818F02D00B80095023E03E404F1
:103120006F0558062F07B8F1F50F01F0CF80B8F101
:10313000FB0F01F03D82B8F1F20FA9D10B2CA7D102
:103140008549864A9FED867A002311F8010F07EE24
:10315000900AF8EE677A013367EE877A0A2BC2EDA0
:10316000027A02F11002F0D17E4B00221A708FE732
:10317000022C8DD15B78013BDBB2092B88D87A4ACF
:103180007A4CDFF8FCE10C2101FB0322282000FB34
:1031900003F7002100264FF07E551160556016722E
:1031A0004FF0200CE21904F807C0DFF8D8C1C2F8CC
:1031B00020E011615561C2F818C0D16182F8256024
:1031C000012210FB03231A19E6544FF0FF10FF23CE
:1031D000A2F80130C2F80300D371654A1320D31955
:1031E000D05540F2011219615D61C3F818C0D96170
:1031F0001A6283F825604BE7022C7FF449AF5B78B5
:10320000013BDBB2092B3FF643AF574A574EDFF87D
:1032100074E10C2101FB0322282000FB03F50021AF
:103220004FF07E5400271160546017724FF0200C4D
:10323000721906F805C0DFF848C1C2F820C04FF087
:10324000010C10FB03C311615461C2F818E0D16195
:1032500082F825709A19F7544FF0FF10FF23A2F857
:103260000130C2F80300D371414A0320531950556D
:1032700040F2011219615C61C3F818E0D9611A6269
:1032800083F825C004E7083CE4B20C2C3FF600AFFD
:103290005A780192511EC9B209293FF6F9AE01EBE5
:1032A0008107DA7831480292FF001A7993F8069084
:1032B00093F8078093F802A003927E1C5A79049237
:1032C00035180023835107442A4E6B60AB603846A3
:1032D000A342B8BFF55C03F10103A8BF00250C2B86
:1032E00000F8015FF4D1DDED027A9FED237A1F48EB
:1032F000049AF8EE677AF7EE006A77EEA67A282449
:1033000087EE276A4C430319161E055D00F804A0DA
:1033100018BF0126012483F8214083F82060DDEDE9
:10332000037A83ED066AB8EE677ADFED147A37EE3A
:10333000677A27EE067A83ED077AB9F1000F23D179
:1033400083F82290B8F1000F00F0368183F82390C3
:1033500040F2011432E100BF641100207C00002023
:103360008180803B7001002004000020780E002046
:10337000E80C00206C1100200AD7233E0000004317
:10338000010101000AD7233DB8F1000618BF01264C
:10339000AA4583F825605C8483F8244040F00F81BF
:1033A0009B4B93F800B0BBF1FF0F3FF471AE99490E
:1033B0000B88002B3FF46CAE974C984E013B0B8072
:1033C00023680793591C484200F01F0001F01F01B9
:1033D00058BF4142924B216092491D880988ADF83F
:1033E00024104FF4967409A85021FFF781FBB5FB18
:1033F000F4F104FB115189B24FF0500C06F801C0F2
:103400005946FFF775FB691C89B2B1FBF4FC04FB5C
:103410001C1189B206F801B0DFF820B29BF8001049
:103420000691FFF765FB05F1020C1FFA8CFCBCFB53
:10343000F4FE04FB1ECC06991FFA8CFC06F80C1057
:1034400001318BF800101421FFF752FBE91C89B2FF
:10345000B1FBF4FC04FB1C1189B24FF0140C06F80C
:1034600001C04221FFF744FB291D89B2B1FBF4FCE6
:1034700004FB1C1189B24FF0420C06F801C00199FF
:10348000FFF736FB691D89B2B1FBF4FC04FB1C118C
:1034900089B2019B73545146FFF72AFBA91D89B2DB
:1034A000B1FBF4FC04FB1C1189B206F801A00299DF
:1034B000FFF71EFBEA1D92B2B2FBF4F104FB1122EE
:1034C00092B2029B0399B354FFF712FB05F1080275
:1034D00092B2B2FBF4F104FB112292B2039B049965
:1034E000B354FFF705FB05F1090292B2B2FBF4F108
:1034F00004FB112292B2049BB3544946FFF7F8FA39
:1035000005F10A0292B2B2FBF4F104FB112292B26D
:10351000414606F80290FFF7EBFA05F10B0292B272
:10352000B2FBF4F104FB112292B205F10C0906F88A
:103530000280079B05F118081FFA89F91FFA88F81D
:1035400017F801AF0193514609A8FFF7D1FAB9FB6B
:10355000F4F204FB129209F1010992B21FFA89F9FF
:10356000C84506F802A0019BEAD1B8FBF4F204FBBF
:1035700012881FFA88F89DF8242006F8082005F123
:10358000190292B2B2FBF4F104FB112292B29DF83F
:103590002510B154224905F11A020A80224A22F864
:1035A0001350224A1A21D154214A1021D154214AC0
:1035B0001388013313806BE583F823809C841E4BB2
:1035C00003EB011300241B7907EE903AF8EE677ABB
:1035D000282377EEE67A67EE877AF5EEC07AF1EE89
:1035E00010FA07DD03FB010377EEA67A1C61C3ED39
:1035F000057AD5E651BF03FB010003FB0103C3EDD0
:10360000047AC3ED056A5CBF0461C0ED056AC7E6D4
:103610006A0100206C010020AC1300207812002009
:103620007612002094A80008F0130020D013002088
:10363000B0130020A41300207C0000204F110020B4
:10364000022C7FF425AD93F8019009F1FF33DBB232
:10365000092B3FF61DAD924A282101FB03230022CE
:1036600083F821208F4B93F800A0BAF1FF0F3FF4AD
:103670000FAD8D4A1388002B3FF40AAD8B49DFF85C
:1036800058B2D1F80080BBF80060894F013B13802D
:1036900008F101035A4202F01F0203F01F0358BF52
:1036A00053420B60834B4FF4967509A81B88ADF805
:1036B00024305021FFF71CFAB6FBF5F305FB13632A
:1036C0009BB250225146FA54FFF712FA731C9BB278
:1036D000B3FBF5F205FB12339BB207F803A0DFF84A
:1036E000FCA19AF800100191FFF702FAB31C9BB2FB
:1036F000B3FBF5F205FB123301999BB2F95401318A
:103700008AF800102146FFF7F3F9F31C9BB2B3FBD4
:10371000F5F205FB12339BB24321FC54FFF7E8F9A5
:10372000331D9BB2B3FBF5F205FB12339BB2432270
:10373000FA544946FFF7DCF9731D9BB2B3FBF5F26F
:1037400005FB12339BB207F80390B31D9BB2B3FB8A
:10375000F5F205FB12339BB29DF82420FA54F31DB9
:103760009BB2B3FBF5F205FB12339BB29DF825200B
:10377000FA5406F10803ABF800304F4B23F81860F9
:103780004E4B082203F808204D4B102203F8082066
:103790000DE7083CE4B20C2C3FF67AAC5A78019263
:1037A000511EC9B209293FF673AC01EB8107DA78E3
:1037B00044480292FF001A7993F8069093F8078024
:1037C00093F802A003927E1C5A79049235180023C4
:1037D000835107443C4E6B60AB6038469C42C8BF87
:1037E000F55C03F10103D8BF00250C2B00F8015F45
:1037F000F4D1DDED027A9FED357A3248049AF8EE85
:10380000677AF7EE006A77EEA67A282487EE276AB1
:103810004C430319161E055D00F804A018BF0126CD
:10382000012483F8214083F82060DDED037A83EDE5
:10383000066AB8EE677ADFED267A37EE677A27EE0A
:10384000067A83ED077AB9F1000F49D183F8229007
:10385000B8F1000F1ED183F823809C841D4B03EB2D
:10386000011300241B7907EE903AF8EE677A2823BB
:1038700077EEE67A67EE877AF5EEC07AF1EE10FA27
:1038800040F31F8103FB010377EEA67A1C61C3EDB1
:10389000057A30E083F8239040F20114DDE700BFA1
:1038A000780E00206A0100206C010020AC1300207B
:1038B0007812002094A80008F0130020D0130020F4
:1038C000B0130020E80C00206C1100200AD7233E22
:1038D000000000437C000020761200204F110020E1
:1038E000B8F1000618BF0126AA4583F825605C845C
:1038F00083F82440B2D1B64B93F800B0BBF1FF0F70
:103900003FF4C6ABB3490B88002B3FF4C1ABB24CBC
:10391000B24E013B0B8023680793591C484200F0CC
:103920001F0001F01F0158BF4142AD4B2160AD495E
:103930001D880988ADF824104FF4967409A8502109
:10394000FFF7D6F8B5FBF4F104FB115189B24FF043
:10395000500C06F801C05946FFF7CAF8691C89B235
:10396000B1FBF4FC04FB1C1189B206F801B0DFF8CE
:103970007CB29BF800100691FFF7BAF805F1020C33
:103980001FFA8CFCBCFBF4FE04FB1ECC06991FFA4C
:103990008CFC06F80C1001318BF800101421FFF795
:1039A000A7F8E91C89B2B1FBF4FC04FB1C1189B235
:1039B0004FF0140C06F801C04421FFF799F8291DB7
:1039C00089B2B1FBF4FC04FB1C1189B24FF0440C2A
:1039D00006F801C00199FFF78BF8691D89B2B1FBA8
:1039E000F4FC04FB1C1189B2019B73545146FFF790
:1039F0007FF8A91D89B2B1FBF4FC04FB1C1189B24C
:103A000006F801A00299FFF773F8EA1D92B2B2FB23
:103A1000F4F104FB112292B2029B0399B354FFF715
:103A200067F805F1080292B2B2FBF4F104FB11222F
:103A300092B2039B0499B354FFF75AF805F10902B7
:103A400092B2B2FBF4F104FB112292B2049BB35484
:103A50004946FFF74DF805F10A0292B2B2FBF4F1C4
:103A600004FB112292B2414606F80290FFF740F89B
:103A700005F10B0292B2B2FBF4F104FB112292B2F7
:103A800005F10C0906F80280079B05F118081FFADA
:103A900089F91FFA88F817F801AF0193514609A870
:103AA000FFF726F8B9FBF4F204FB129209F10109C1
:103AB00092B21FFA89F9C84506F802A0019BEAD123
:103AC00053E551BF03FB010003FB0103C3ED047A7F
:103AD000C3ED056A5CBF0461C0ED056A0BE7022C0B
:103AE0007FF4D6AA93F8019009F1FF33DBB2092BDA
:103AF0003FF6CEAA3C4A282101FB0323002283F88B
:103B00002120334B93F800A0BAF1FF0F3FF4C0AA75
:103B1000304A1388002B3FF4BBAA2F49DFF8C0B00E
:103B2000D1F80080BBF800602C4F013B138008F1F6
:103B300001035A4202F01F0203F01F0358BF534211
:103B40000B60284B4FF4967509A81B88ADF82430FC
:103B50005021FEF7CDFFB6FBF5F305FB13639BB2D7
:103B600050225146FA54FEF7C3FF731C9BB2B3FBBD
:103B7000F5F205FB12339BB207F803A0DFF86CA047
:103B80009AF800100191FEF7B3FFB31C9BB2B3FB90
:103B9000F5F205FB123301999BB2F95401318AF811
:103BA00000102146FEF7A4FFF31C9BB2B3FBF5F215
:103BB00005FB12339BB24521FC54FEF799FF331DE0
:103BC0009BB2B3FBF5F205FB12339BB24522AFE586
:103BD0006A0100206C010020AC1300207812002044
:103BE0007612002094A80008E80C00204F11002055
:103BF0008180803B052C7FF44BAA93F801A00AF149
:103C0000FF32D2B2092A3FF643AA93F802901FED81
:103C1000087AD97893F80480C94B019107EE909AFD
:103C2000F8EE677A0C2167EE877A01FB0233C3ED69
:103C3000007ADDED017AF8EE677AB8F1000267EEFE
:103C4000877A18BF0122C3ED017A1A72BD4B93F82F
:103C500000B0BBF1FF0F3FF41BAABB4A1388002B37
:103C60003FF416AAB948BA4F013B13800368039387
:103C70005A1C514201F01F0102F01F0258BF4A4274
:103C80000260B449B44A09881688ADF824104FF48C
:103C9000967509A85021FEF72BFFB6FBF5F105FB41
:103CA000116189B24FF0500C07F801C05946FEF778
:103CB0001FFF711C89B2B1FBF5FC05FB1C1189B219
:103CC00007F801B0DFF8A8B29BF800100291FEF7E8
:103CD0000FFF06F1020C1FFA8CFCBCFBF5FE05FB86
:103CE0001ECC02991FFA8CFC07F80C1001318BF8DE
:103CF00000102146FEF7FCFEF11C89B2B1FBF5FC79
:103D000005FB1C1189B27C544621FEF7F1FE311DE2
:103D100089B2B1FBF5F405FB141189B246247C5439
:103D20005146FEF7E5FE711D89B2B1FBF5F405FBC6
:103D3000141189B207F801A04946FEF7D9FEB11D5A
:103D400089B2B1FBF5F405FB141189B207F80190B3
:103D50000199FEF7CDFEF11D89B2B1FBF5F405FB2B
:103D6000141189B2019B7B544146FEF7C1FE06F156
:103D7000080189B2B1FBF5F005FB101189B2764A52
:103D800007F8018006F1090189B2B1FBF5F005FBE6
:103D9000101189B29DF82400785406F10A0189B205
:103DA000B1FBF5F005FB101189B29DF825007854A0
:103DB00006F10B011180039B684A0B2122F8136066
:103DC000674AFFF7F0BB032C7FF462A993F80190D8
:103DD00009F1FF32D2B2092A3FF65AA993F80280BC
:103DE0009FED607A604B07EE908AF8EE677A03EBFE
:103DF000021367EE877AC3ED027A524B93F800A064
:103E0000BAF1FF0F3FF444A94F4A1388002B3FF447
:103E10003FA94E494E4FD1F800B0013B13800BF142
:103E200001035A4202F01F0203F01F0358BF53421E
:103E30000B60494B474A1E881288ADF824204FF486
:103E4000967509A85021FEF753FEB6FBF5F205FB67
:103E5000126292B25021B9545146FEF749FE721CCB
:103E600092B2B2FBF5F105FB112292B207F802A063
:103E7000DFF8FCA09AF800100191FEF739FEB21CA1
:103E800092B2B2FBF5FC05FB1C22019992B2B95427
:103E900001318AF800102146FEF72AFEF21C92B288
:103EA000B2FBF5F105FB112292B24721BC54FEF79B
:103EB0001FFE321D92B2B2FBF5F105FB112292B248
:103EC0004721B9544946FEF713FE721D92B2B2FB68
:103ED000F5F105FB112292B2414607F80290FEF778
:103EE00007FEB21D92B2B2FBF5F105FB112292B2B0
:103EF000194B07F80280F21D92B2B2FBF5F105FBF7
:103F0000112292B29DF82410B95406F1080292B21F
:103F1000B2FBF5F105FB112292B29DF82510B954C0
:103F200006F109021A800D4B23F81B600C4B092285
:103F300003F80B200D4B102203F80B20FFF737BBC3
:103F4000040000206A0100206C010020AC13002056
:103F50007812002094A8000876120020F0130020A8
:103F6000D01300208180803B7C000020B013002013
:103F70004F110020032C7FF68BA858780138C0B26F
:103F800009283FF685A8997893F803908B1E012B9A
:103F900040F2D3800B1F5A425A419200BE4B03EBB2
:103FA00000154FEA001C6A70002203F80C10154639
:103FB00011469B461E798842A8BF2A4601313544E6
:103FC0000A29EDB203F11003F4D10BEB0C031B79BA
:103FD0009945C0F0B480994500F2EB806421B2FBB2
:103FE000F1F301FB13234A44D2B2013AE34492FBBA
:103FF000F1F601FB1622A949A74EDFF8CCC28BF8D7
:104000000490DDB201EB45010027042306EB001606
:104010004FF0FF0EAA42778001F1020180F20A817F
:104020009F4B01221A709F4B1D78FF2D3FF430A843
:104030009D4A1388002B3FF42BA89C499C4FD1F834
:104040000080013B138008F101035A4202F01F0275
:1040500003F01F0358BF53420B60964B1E88964BCC
:104060004FF4967B1B88ADF8243009A85021FEF749
:104070003FFDB6FBFBF20BFB126292B25021B9542A
:104080002946FEF735FD721C92B2B2FBFBF10BFB29
:10409000112292B2BD54894D95F800A05146FEF709
:1040A00027FDB21C92B2B2FBFBF10BFB112292B2C4
:1040B000214607F802A00AF1010A85F800A0FEF7E0
:1040C00017FDF21C92B2B2FBFBF10BFB112292B274
:1040D0004FF0000ABC54FF22B4FBF2F2144404F087
:1040E000FF04631E01930AF10405019B56FA85F54E
:1040F000ADB25345B5FBFBF10BFB1155ADB280F2F0
:10410000B5809DF824207A55621D56FA82F292B24B
:10411000B2FBFBF10BFB112292B29DF82530BB5490
:104120000634644A56FA84F31380654B23F818600A
:10413000644B03F80840FFF727BB03222EE709EB87
:1041400002016426C9B2B1FBF6F706FB1711A3EB17
:104150000907FFB2039709F16307FF1AFFB2B7FB24
:10416000F6F806FB1877DFF834815FFA81FE08EB7A
:104170004E015FFA87FA01910199F24501F10201BE
:104180000191FFF628AF039F7744B7FBF6F106FBDA
:104190001171029108EB4101019F497807F8011C58
:1041A000029918F8117001990EF1010E01F8027CC4
:1041B000E2E7C5F16405A9EB0301EDB2C9B2A9427A
:1041C00005D91D445FFA85F94B45BFF407AF03F1EC
:1041D0006301A9EB030EA1EB090113446425C9B2E5
:1041E000DBB2B1FBF5F6DFF8B480B3FBF5F705FB06
:1041F000161105FB1733CEB2DBB25FFA8EFE0193C8
:1042000008EB4601019BB342A1F102013FF7E6AE84
:10421000CF7806EB0E0A3B46BAFBF5F705FB17A76E
:1042200008EB470A013E8AF8013091F802A008F82D
:1042300017A0E7E71CF80300003818BF012001F8B9
:10424000010C581C90FBFEF8C8EB0828A0EB0800F6
:1042500002331CF8000001F8020C384487B293FBCB
:10426000FEF0C0EB00201B1A0135D3E6BAF1030FB4
:1042700008D1494609A8FEF73BFC494679550AF1A1
:10428000010A30E7104B09A813F80A100291FEF753
:104290002FFC0299F2E700BF7C00002008100020EC
:1042A000860300206A0100206C010020AC1300206E
:1042B000781200207612002094A800084F110020E8
:1042C000F0130020D013002064110020CD4B93F890
:1042D00000A0BAF1FF0F3EF4DBAECB4A1388002BEF
:1042E0003EF4D6AEC949DFF850B3D1F80090BBF820
:1042F0000050C74E013B138009F101035A4202F0FE
:104300001F0203F01F0358BF53420B60C14B4FF411
:10431000967409A81B88ADF824305021FEF7E8FBFD
:10432000B5FBF4F304FB13539BB250225146F254F5
:10433000FEF7DEFB6B1C9BB2B3FBF4F204FB123303
:104340009BB206F803A0DFF8F4A29AF800100191DE
:10435000FEF7CEFBAB1C9BB2B3FBF4F204FB1233B3
:1043600001999BB2F15401318AF800101321FEF734
:10437000BFFBEB1C9BB2B3FBF4F204FB12339BB20A
:1043800013224146F254FEF7B3FB2B1D9BB2B3FB45
:10439000F4F204FB12339BB2394606F80380FEF7B1
:1043A000A7FB6B1D9BB2B3FBF4F204FB12339BB271
:1043B0003946F754FEF79CFBAB1D9BB2B3FBF4F2FE
:1043C00004FB12339BB22E21F754FEF791FBEB1D39
:1043D0009BB2B3FBF4F204FB12339BB22E220521F5
:1043E000F254FEF785FB05F108039BB2B3FBF4F230
:1043F00004FB12339BB205220221F254FEF778FB34
:1044000005F109039BB2B3FBF4F204FB12339BB238
:1044100002220C21F254FEF76BFB05F10A039BB25A
:10442000B3FBF4F204FB12339BB20C226721F2546B
:10443000FEF75EFB05F10B039BB2B3FBF4F204FB4A
:1044400012339BB267226421F254FEF751FB05F14F
:104450000C039BB2B3FBF4F204FB12339BB2642255
:104460003321F254FEF744FB05F10D039BB2B3FB7D
:10447000F4F204FB12339BB233273221F754FEF7D8
:1044800037FB05F10E039BB2B3FBF4F204FB1233CE
:104490009BB232226621F254FEF72AFB05F10F038C
:1044A0009BB2B3FBF4F204FB12339BB26622394693
:1044B000F254FEF71DFB05F110039BB2B3FBF4F2BF
:1044C00004FB12339BB23946F754FEF711FB05F19A
:1044D00011039BB2B3FBF4F204FB12339BB2302105
:1044E000F754FEF705FB05F112039BB2B3FBF4F2A0
:1044F00004FB12339BB230226B21F254FEF7F8FA20
:1045000005F113039BB2B3FBF4F204FB12339BB22D
:104510006B223821F254FEF7EBFA05F114039BB23B
:10452000B3FBF4F204FB12339BB238227521F25430
:10453000FEF7DEFA05F115039BB2B3FBF4F204FBC0
:1045400012339BB275223621F254FEF7D1FA05F1EF
:1045500016039BB2B3FBF4F204FB12339BB2362278
:10456000F25405F117039BB2B3FBF4F204FB1233D0
:104570009BB29DF82420F25405F118039BB2B3FBC3
:10458000F4F204FB12339BB29DF82520F25405F19E
:104590001903ABF80030204B23F819501F4B192298
:1045A00003F809201E4B102203F80920FEF7FFBF75
:1045B000BFF34F8F1B491C4BCA6802F4E0621343E0
:1045C000CB60BFF34F8FFEE7184B1978002937D126
:1045D0000C4BFF2C1D7805D91548FEF789FA65B9F3
:1045E000FEF7F6BCE4B212482146FEF781FAA54276
:1045F0003EF4EEACFF2C3EF4EBAC0E4B00221A70F6
:10460000FEF7E6BC6A0100206C010020AC1300201C
:104610007812002094A80008F0130020D013002086
:10462000B013002000ED00E00400FA056512002040
:104630006501002064010020761200204F11002047
:1046400008290ED1644BB4F5807F1B7828BF002465
:104650009C421EBF614B00221A70614B0922FEF77B
:10466000B9BC09297EF41FAC5E4B5C4900221A706C
:104670000978594B5B7800293EF410ADB4F5807F82
:1046800028BF14469C427EF409AD574B1978002987
:104690003EF404AD5549012008701A70FEF7FEBCC7
:1046A0004F4E3378032B23D1514F4B483D78062290
:1046B000B5FBF2F302FB1353DBB24E4AB4F5807F35
:1046C000D35C28BF0024E1B28B4218BF434B05F1F5
:1046D000010518BF0022EDB218BF1A70FEF708FAE4
:1046E000062D3D707EF4DFAB00233370FEF7DBBB9D
:1046F0005BB9B4F5807F404B374828BF0024E1B256
:104700001970FEF7F5F90823EFE7082B9AD0092B6B
:104710007EF4C9AB334B314A00251D7012782E4B05
:104720005B78002A3EF4BAACB4F5807F28BF2C46F3
:104730009C427EF4B3AC304B1A78304B1A70FEF7C3
:1047400013FAFEF731FA2E4B01221D702D4BA4E710
:10475000234B197800293FF43BAF082907D11E4BA2
:10476000B4F5807F1B7828BF0024A34271E7092994
:104770007EF499AB1B4B00221A70184A164B127824
:104780005B78002A3EF48AACB4F5807F28BF002411
:104790009C427EF483AC194BFF227EE7104A1378CB
:1047A000012B7EF67BAC013B1370FEF77CBB0C4902
:1047B0000B78012B03D9013B0B70FEF774BBFF2C68
:1047C00098BF02344FF0050394BFE4B20224137083
:1047D0000C70FEF768BB00BF65010020640100207B
:1047E0006512002075120020671200206812002058
:1047F00064120020981800204E1100206A01002049
:104800006912002070010020714B2DE9F74F1B78D1
:10481000704F3C78002B40F0AD80002C40F0AA8017
:104820006D4B6E4D1B786E4EFF2B00F0B9806D4BBB
:104830001A78E2B110214FF090401C7005F065F835
:10484000694A6A4B11781980517859809178D278E9
:104850009980DA80664B674804221A80664B0721EC
:104860001C8005F0FCFC33682B6001233B70D6F8FC
:1048700000A02B68AAEB0303012B58D95F490B88D2
:10488000002B54D05E4ADFF898B114681BF80490EE
:10489000B9F1000F7FD05B4830F8140001905A48FE
:1048A00090F80080B8F1000F14D04FF0000C013BDD
:1048B00001340B8080F800C0BCEB040303F01F033D
:1048C00004F01F0458BF5C421460504A138801333F
:1048D00013802CE04E4B4FF090401B5D0093102155
:1048E00005F013F8424BDFF804C1A3F80080009BE9
:1048F000DFF830E15A1E4FF4967043469A423CDA94
:10490000B8F1000F02D03A4B009A1A803A4B39485E
:10491000002207211A8009F1FF3905F0A0FC3D4A69
:104920000BF8049001231370C5F800A03B703368A6
:104930002A689B1AB3F57A7F1CD910214FF090405A
:1049400004F0E3FF344A294B1178198051785980DB
:104950009178D278DA809980254B04221A80264BF0
:104960002448002207211A8005F079FC33682B6067
:1049700001233B7003B0BDE8F08F01995918B1FBDA
:10498000F0F800FB18114FF001081EF801102CF888
:1049900013100133B2E7013B01340B8063428DE712
:1049A00033682A689B1AB3F57A7FE3D910214FF058
:1049B000904004F0AAFF194A0C49234612F8010B53
:1049C00021F8130001330C2BF8D1094A1380C6E7F4
:1049D00075120020741200206A0100206C12002061
:1049E000A01800206912002060110020341400205B
:1049F000301400200044004032140020A413002092
:104A0000A8130020F0130020681200206C01002081
:104A1000D0130020671200205C11002050110020EC
:104A2000B0130020781200200D4B0E4A196813684D
:104A3000CB1A012B10B511D972B60B4800230360B5
:104A40000A4803600A484FF48074048009480380D0
:104A500062B60948116003700848037010BD00BFBA
:104A6000A01800207012002090160020941600203C
:104A70006E0100208C1600206612002075120020A6
:104A80004B4B1B782DE9F347002B00F08E80494BF0
:104A900093F80090B9F1FF0F00F08780464A138821
:104AA000002B00F082804549DFF830810F68B8F8AC
:104AB0000050434E013B13807B1C5A4202F01F0200
:104AC00003F01F0358BF53420B603E4B4FF49674E4
:104AD00001A81B88ADF804305021FEF709F8B5FB9A
:104AE000F4F304FB13539BB250224946F254FDF7F2
:104AF000FFFF6B1C9BB2B3FBF4F204FB12339BB2BF
:104B000006F80390DFF8D89099F800A05146FDF719
:104B1000EFFFAB1C9BB2B3FBF4F204FB12339BB26E
:104B2000012106F803A00AF1010A89F800A0FDF7A7
:104B3000DFFFEB1C9BB2B3FBF4F204FB12339BB21E
:104B40000122F254204B93F800904946FDF7D0FF24
:104B50002B1D9BB2B3FBF4F204FB12339BB206F89D
:104B600003906B1D9BB2B3FBF4F204FB12339BB2B8
:104B70009DF80420F254AB1D9BB2B3FBF4F204FB8E
:104B800012339BB29DF80520F254EB1DA8F80030BB
:104B90000E4B23F817500E4B0722DA550D4B1022FF
:104BA000DA550D4A13880133138002B0BDE8F0874F
:104BB000700100206A0100206C010020AC1300206D
:104BC0007812002094A800086B010020F013002048
:104BD000D0130020B0130020A41300207612002070
:104BE0004F11002008B540F2096004F017FF0220C1
:104BF00004F034FF002004F011FC0121084604F009
:104C00001BFC4FF46021012004F0C8FC0121084680
:104C100004F09CFC04F0DCFBBDE8084004F0E6BBBB
:104C200010B540F2115004F0F9FE022303220021D6
:104C30004FF0904004F032FEBDE810400223002205
:104C400003214FF0904004F007BE10B540F2115020
:104C500004F0E4FE4023032200214FF0904004F0D2
:104C60001DFEBDE810404023002203214FF090407C
:104C700004F0F2BD10B540F2115004F0CFFE202335
:104C8000032200214FF0904004F008FEBDE81040E0
:104C90002023002203214FF0904004F0DDBD10B529
:104CA00040F2115004F0BAFE0123032200214FF01C
:104CB000904004F0F3FDBDE81040012300220321E1
:104CC0004FF0904004F0C8BD10B540F2115004F010
:104CD000A5FE8023032200214FF0904004F0DEFD6A
:104CE000BDE810408023002203214FF0904004F0E3
:104CF000B3BD000000B52DED0A8B002083B0052266
:104D0000012104F0C3FB012004F062FC022004F046
:104D10007DFC0028FAD0022004F082FC04F06EFC36
:104D200007EE900AE84B9FEDE9CAD3ED005ADFED9C
:104D3000E8BAF8EE677A67EE8C7A37EEE57AB0EE8D
:104D4000C77AB4EEEB7AF1EE10FA09D5DFEDE16A3D
:104D500067EEA67ADFEDE06AE5EEA67AC3ED007AAB
:104D60009FEDDEBADE4ADF4BD2ED006A93ED006ABA
:104D7000B4EECB7AF1EE10FAB7EE008A40F3DE82A1
:104D80009FEDD95ADFEDD97AE6EE857AB0EE475A33
:104D9000DFEDD79ADFEDD7AAC2ED007AF0EE697A9F
:104DA000E6EE2A7AF4EEC77AF1EE10FA09DDDFEDCD
:104DB000C97A27EE277ADFEDC87AA6EE277A83ED47
:104DC000007ADFEDCD8A9FEDCDAACD4A78EE657AE7
:104DD000B0EE687AA6EE0A7A1178F4EEC56AF1EEC2
:104DE00010FAF4EEE57AB8BFF0EE456AF1EE10FA8B
:104DF000B8BFF0EE657A77EEC77A76EEC76AB0EEA6
:104E0000009A86EEA77AF1EEC77A77EE877AF4EE0B
:104E1000C97AF1EE10FA00F2AA829FEDBA7A67EE33
:104E2000877AF5EEC07AF1EE10FAC0F2A082FCEEBD
:104E3000E77ACDED017A9DF804308B4238BF0B46FE
:104E4000137000200522062104F020FB012004F04D
:104E5000BFFB022004F0DAFB0028FAD0022004F0A5
:104E6000DFFB04F0CBFB07EE900AA74BF8EE677A66
:104E7000D3ED005A67EE8C7A37EEE57AB0EEC77A5A
:104E8000B4EEEB7AF1EE10FA09D5DFED926A67EE37
:104E9000A67ADFED916AE5EEA67AC3ED007A9B4A29
:104EA0009B4BD2ED006A93ED006AB4EECB7AF1EE43
:104EB00010FA40F35E829FED8C5ADFED8C7AE6EEBD
:104EC000857AB0EE475AC2ED007AF0EE697AE6EEE6
:104ED0002A7AF4EEC77AF1EE10FA09DDDFED7D7A79
:104EE00027EE277ADFED7C7AA6EE277A83ED007A2B
:104EF00078EE657AB0EE687AA6EE0A7A854AF4EE24
:104F0000C56AF1EE10FAF4EEE57AB8BFF0EE456A44
:104F1000F1EE10FAB8BFF0EE657A77EEC77A76EE6A
:104F2000C76A117886EEA77AF1EEC77A77EE877AAC
:104F3000F4EEC97AF1EE10FA00F234829FED717A44
:104F400067EE877AF5EEC07AF1EE10FAC0F22A82A7
:104F5000FCEEE77ACDED017A9DF804308B4238BF44
:104F60000B46137005220020114604F08FFA012031
:104F700004F02EFB022004F049FB0028FAD00220A6
:104F800004F04EFB04F03AFB07EE900A624BF8EE99
:104F9000677AD3ED005A67EE8C7A37EEE57AB0EE99
:104FA000C77AB4EEEB7AF1EE10FA09D5DFED496A73
:104FB00067EEA67ADFED486AE5EEA67AC3ED007AE1
:104FC000564A574BD2ED006A93ED006AB4EECB7AA5
:104FD000F1EE10FA40F3E8819FED435ADFED437A9A
:104FE000E6EE857AB0EE475AC2ED007AF0EE697AC5
:104FF000E6EE2A7AF4EEC77AF1EE10FA09DDDFED7B
:10500000357A27EE277ADFED347AA6EE277A83ED1C
:10501000007A78EE657AB0EE687AA6EE0A7A414AAE
:10502000F4EEC56AF1EE10FAF4EEE57AB8BFF0EEF0
:10503000456AF1EE10FAB8BFF0EE657A77EEC77AFE
:1050400076EEC76A117886EEA77AF1EEC77A77EE28
:10505000877AF4EEC97AF1EE10FA00F2BE819FED84
:10506000297A67EE877AF5EEC07AF1EE10FAC0F28F
:10507000B481FCEEE77ACDED017A9DF804308B42E5
:1050800038BF0B46002113700846052204F0FEF9D4
:10509000012004F09DFA022004F0B8FA0028FAD0AA
:1050A000022004F0BDFA04F0A9FA07EE900A1E4BA4
:1050B000F8EE677AD3ED005A67EE8C7A37EEE57A30
:1050C000B0EEC77A36E000BF6001002001088039E9
:1050D0009A99993E17B7D13872F97F3FCDCCCC3D24
:1050E000481100205C01002052B87E3F6F12033A45
:1050F00090C2753C9A99593FA69B443CAE47613F8C
:105100004D1100200000FF42580100203C110020FA
:1051100054010020411100205001002030110020D6
:105120004C010020351100204801002017B7D1386C
:1051300072F97F3FB4EEEB7AF1EE10FA09D55FED2C
:10514000056A67EEA67A5FED066AE5EEA67AC3ED1C
:10515000007ABE4ABE4BD2ED006A93ED006AB4EE0F
:10516000CB7AF1EE10FA40F33A819FEDBA5ADFEDB7
:10517000BA7AE6EE857AB0EE475AC2ED007AF0EEE2
:10518000697AE6EE2A7AF4EEC77AF1EE10FA09DDD2
:10519000DFEDB27A27EE277ADFEDB17AA6EE277A35
:1051A00083ED007A78EE657AB0EE687AA6EE0A7A38
:1051B000AC4AF4EEC56AF1EE10FAF4EEE57AB8BF47
:1051C000F0EE456AF1EE10FAB8BFF0EE657A77EED0
:1051D000C77A76EEC76A117886EEA77AF1EEC77ABB
:1051E00077EE877AF4EEC97AF1EE10FA00F21081C8
:1051F0009FED9D7A67EE877AF5EEC07AF1EE10FAB0
:10520000C0F20681FCEEE77ACDED017A9DF804301C
:105210008B4238BF0B46137000200522072104F093
:1052200035F9012004F0D4F9022004F0EFF9002848
:10523000FAD0022004F0F4F904F0E0F907EE900A45
:105240008A4BF8EE677A93ED006A67EE8C7A37EE58
:10525000C67AB0EEC77AB4EEEB7AF1EE10FA09D561
:10526000DFED7E6A67EEA67ADFED7D6AE6EE267AEE
:10527000C3ED007A7E4A7F4BD2ED006AD3ED005A2F
:10528000B4EECB7AF1EE10FA40F3C4809FED715A80
:10529000DFED717AE6EE857AB0EE475AE5EEAA9A2E
:1052A000C2ED007AF4EEC79AF1EE10FA09DDDFEDF7
:1052B0006B7A27EE277ADFED6A7AA5EEA77A83ED7F
:1052C000007A38EE468AF4EEC56AE5EE8A8A6A4AC2
:1052D000F1EE10FAB4EEC68AB8BFF0EE456AF1EE10
:1052E00010FAB8BFB0EE468A76EEE86A38EE688A01
:1052F000117886EE887AF1EEC77A77EE877AF4EE47
:10530000C97AF1EE10FA00F29E809FED577A67EEAF
:10531000877AF5EEC07AF1EE10FAC0F29480FCEED6
:10532000E77ACDED017A9DF804308B4238BF0B4609
:10533000137003B0BDEC0A8B5DF804FBDFED4F7A10
:10534000B4EEC67AF1EE10FACBBF67EE277A66EEBE
:10535000277A38EE675A38EE675ACCBF67EE277A5D
:1053600066EE277AE5EE267A9FED455A10E5002392
:1053700063E5DFED427AB4EEC67AF1EE10FACBBF08
:1053800067EE277A66EE277A38EE675A38EE675A64
:10539000CCBF67EE277A66EE277AE5EE267A9FED98
:1053A000385A90E50023D9E5DFED347AB4EEC67AB9
:1053B000F1EE10FACBBF67EE277A66EE277A38EE69
:1053C000675A38EE675ACCBF67EE277A66EE277ABF
:1053D000E5EE267A9FED2A5A06E600234FE6DFED3A
:1053E000277AB4EEC67AF1EE10FACBBF67EE277AD1
:1053F00066EE277A38EE675A38EE675ACCBF67EE0A
:10540000277A66EE277AE5EE267A9FED1D5AB4E6F6
:105410000023FDE6DFED197AB4EEE57AF1EE10FA3D
:10542000CBBF67EE277A65EEA77A38EE675A38EE7B
:10543000675ACCBF67EE277A65EEA77AE5EE267A43
:105440009FED0F5A2AE700236FE700BF24110020C9
:105450004401002052B87E3F6F12033A17B7D1388B
:1054600072F97F3F291100200000FF424001002017
:10547000181100203C0100201D110020CDCC4C3D16
:10548000000000002DE9F04FB04B8BB01B6800937B
:10549000AF4B1A78AF4B1978914203D3009900298A
:1054A00040F0A9811A700125AB4BAC491B680193F0
:1054B000AB4B08781B78984203D30198002840F042
:1054C0009C810B700124A7490F68A74909780291B4
:1054D000A649029E0878B04202D3002F40F08F8187
:1054E000029808700120A24909680391A14991F826
:1054F0000090A1490E784E4503D3039E002E40F044
:10550000808181F8009001219C4EDFF8A0E236688E
:1055100004969B4E9EF800C096F80080C44503D3C5
:10552000049E002E40F06F818EF8008001262DB978
:1055300024B918B911B9002E00F0DD80914991F815
:1055400000B0BBF1FF0F00F0D6808F480188002922
:1055500000F0D1808D4C8E4ED4F800A0013901802E
:105560000AF10101484200F01F0001F01F0158BF7D
:105570004142CDE906232160864B87491D88098871
:10558000ADF824104FF4967409A85021FDF7B0FA35
:10559000B5FBF4F104FB115189B24FF0500C06F841
:1055A00001C05946FDF7A4FA691C89B2B1FBF4FCAD
:1055B00004FB1C1189B206F801B0DFF8F4B19BF8C6
:1055C00000100591FDF794FA05F1020C1FFA8CFC0E
:1055D000BCFBF4FE04FB1ECC05991FFA8CFC06F8FC
:1055E0000C1001318BF800100621FDF781FAE91C3F
:1055F00089B2B1FBF4FC04FB1C1189B24FF0060C1C
:1056000006F801C0B221FDF773FA291D89B2B1FB7A
:10561000F4FC04FB1C11069A059289B24FF0B20CFF
:1056200006F801C01146FDF763FA691D89B2B1FBA6
:10563000F4FC04FB1C11079B059A059389B2725474
:105640001946FDF755FAAA1D92B2B2FBF4F104FB1C
:10565000112292B2059B0299B354FDF749FAEB1D52
:105660009BB2B3FBF4F204FB12339BB20299F154E8
:105670004946FDF73DFA05F108039BB2B3FBF4F28E
:1056800004FB12339BB2414606F80390FDF730FA53
:1056900005F109039BB2B3FBF4F204FB12339BB296
:1056A00006F8038005F10A039BB2B3FBF4F204FB96
:1056B00012339BB29DF82420F25405F10B039BB2E8
:1056C000B3FBF4F204FB12339BB29DF82520F25495
:1056D000304A05F10C031380304B23F81A50304B3D
:1056E0000C2203F80A202F4B102203F80A202E4A1E
:1056F000138801331380009B5A1C052392FBF3F39C
:1057000003EB8303D21A114B1A60009B13B9104BA1
:10571000009A1A70019B5A1C052392FBF3F303EBCA
:105720008303D21A0C4B1A60019B13B90C4B019ADC
:105730001A707A1C052392FBF3F303EB8303D21A4E
:10574000084B1A60B7BB084B1F7033E044110020B0
:105750004D1100204C110020381100204011002074
:10576000411100202C11002035110020341100209F
:1057700020110020291100202811002014110020E0
:105780001D1100206A0100206C010020AC130020D4
:10579000781200207612002094A80008F013002050
:1057A000D0130020B0130020A41300201C110020EF
:1057B0004F110020039B5A1C052392FBF3F303EBCC
:1057C0008303D21A114B1A60039B13B9104B039A2F
:1057D0001A70049B5A1C052392FBF3F303EB83031B
:1057E000D21A0C4B1A60049B13B90B4B049A1A7013
:1057F0000BB0BDE8F08F002556E6002463E60020DC
:1058000071E6002180E6002691E600BF201100200D
:1058100029110020141100201D11002010B540F2A4
:10582000115004F0FBF84FF48053032200214FF095
:10583000904004F033F8BDE810404FF4805301224B
:1058400000214FF0904004F007B810B540F211501D
:1058500004F0E4F84FF40063032200214FF090407D
:1058600004F01CF8BDE810404FF400630122002151
:105870004FF0904003F0F0BF10B540F2115004F02B
:10588000CDF84FF48063032200214FF0904004F0E4
:1058900005F8BDE810404FF48063012200214FF06D
:1058A000904003F0D9BF10B540F2115004F0B6F8A3
:1058B0004FF40073032200214FF0904003F0EEFFFD
:1058C000BDE810404FF40073012200214FF09040DA
:1058D00003F0C2BFF8B5274C274D27782E684FF448
:1058E00080514FF0904004F014F8B0FA80F0400975
:1058F00087421CBF002320704FF400614FF090409E
:1059000018BF2372277B18BF66602E6804F001F869
:10591000B0FA80F0400987421CBF002320734FF487
:1059200080614FF090401CBF23752661277E2E6852
:1059300003F0EFFFB0FA80F0400987421CBF00235C
:1059400020764FF400714FF090401CBFE66184F860
:1059500020302D6894F8246003F0DBFFB0FA80F06B
:10596000400986421FBF002384F82400A56284F802
:105970002C30F8BDE4100020A01800202DE9F04FD5
:10598000604BDFF8B0A11B7887B003F0030B0193E5
:105990000C2303FB0BF30AEB0301097A002940F007
:1059A000A980594F1AF80330BB70584B1E7801215B
:1059B0003970FF2E5944797000F0968054490B8855
:1059C000002B00F09180534CDFF86C81013B0B8081
:1059D00023680293591C484200F01F0001F01F0188
:1059E00058BF41424C4B21604C491D880988ADF895
:1059F00014104FF4967405A85021FDF779F8B5FB03
:105A0000F4F104FB115189B24FF0500C08F801C0B9
:105A10003146FDF76DF8691C89B2B1FBF4FC04FB5B
:105A20001C1189B208F801603D4E96F80090494675
:105A3000FDF75EF8A91C89B2B1FBF4FC04FB1C1154
:105A400089B208F8019009F10109032186F8009054
:105A5000FDF74EF8E91C89B2B1FBF4F004FB10111C
:105A600089B20320B946EE1D2F1D08F80100029BE4
:105A7000BFB2B6B219F8011B039305A80291FDF756
:105A800037F8B7FBF4F004FB1070013780B2BFB2F7
:105A9000029908F80010BE42039BEBD1B6FBF4F16B
:105AA00004FB1166B6B29DF8141008F8061005F153
:105AB000080189B2B1FBF4F004FB101189B29DF822
:105AC0001500154A08F8010005F109011180154972
:105AD00021F8135014490920C85414491020C854FF
:105AE00013490B8801330B800C2303FB0BAA012302
:105AF0008AF80830019B034A0133137007B0BDE8F0
:105B0000F08F00BFDE100020DF1000206A010020AF
:105B10006C010020AC1300207612002094A800082D
:105B20004F110020F0130020D0130020B0130020EC
:105B3000A4130020E4100020781200201FB50C4CA4
:105B400040F2116003F06AFF204604F099F8002348
:105B5000642269462046CDE9003302928DF80C306C
:105B600004F0E2F8204604F06FF904B010BD00BF65
:105B70000044014010B50D4C40F2125003F04EFFAE
:105B800020464FF480730322002103F087FE204655
:105B9000002202214FF4807303F05EFE20464FF492
:105BA0008072BDE81040022103F0B9BE0004004835
:105BB00030B54FF4A06085B003F030FF1B4B1C4A9A
:105BC0001A601C4B1C4C0FCB6D4685E80F002A4613
:105BD0002046002104F04CF900221146204604F032
:105BE0007BFA20466022002104F050FA0822204669
:105BF000002104F07FFA2046012104F030F94FF42F
:105C00008071204604F027F9204604F01DF9012296
:105C100011460A2003F0B4FE022003F00BFD02211E
:105C2000084603F069FD05B030BD00BF1C0100202F
:105C30003444014098A80008004401404E4B4F4AAC
:105C40002DE9F341D3F8006C1288D3F8048CD3F813
:105C5000087CADF80420FF2E94BF31460021C9B264
:105C600001A8FCF745FF464C464D2168B1F5807F01
:105C700028BF002101A8C9B2FCF73AFF6168B1F55D
:105C8000807F28BF0021C9B2FCF732FFA168B1F5BF
:105C9000807F28BF0021C9B20C34FCF729FFAC4239
:105CA000E3D1394D2168B1F5807F28BF0021C9B209
:105CB00001A8FCF71DFF6168B1F5807F28BF0021B6
:105CC000C9B20834FCF714FFAC42EBD19DF80430A4
:105CD000434542D19DF80530BB423ED1012E3CD117
:105CE0002A4B274A2A481E461168B1F5807F28BFF3
:105CF0000021197051680139FE2902F108028CBF98
:105D0000002101218242597003F10203ECD12149A3
:105D1000002064271368B3F5807F28BF00230B7031
:105D20005368B3F5807F28BF00234B709368B3F5A9
:105D3000807F28BF0023DBB20B71B3FBF7F407FBB6
:105D40001433DBB20024013BA4469C454C8007DDA4
:105D50000C32AA4201F11001DCD102B0BDE8F081A1
:105D600016F810E001307444A4B2B0FBF7FE0CF159
:105D7000010C07FB1E00E8E700F0000894A80008EB
:105D80000CFC000884FC0008A4FF00080810002098
:105D90002CFF00087C0000202DE9F04F2DED108B2A
:105DA00095B0AA4B0593AA4B0893AA4B009303F115
:105DB000010AA94CDFEDA9DA0023029309939B465F
:105DC000059B5B780B93059B5B8809EE103A059B5E
:105DD000D3ED029A089B93ED00BAD3ED01BA1B7A7A
:105DE0000E93009B93F820300F9394F8203010937B
:105DF000059B1B796422B3FBF2F102FB1133DBB28A
:105E0000013B944A119300230AEE103A0693039340
:105E1000282303FB0B2307931AEE102A119B9A42A7
:105E20003BDD059B069A1B7B934205D0059A012317
:105E300053731346069A1A73009B93F82130002B74
:105E400001F00C82009A009BD2ED047AD2ED066A32
:105E500093F8223092ED057A77EEA67AF5EEC07AC5
:105E6000F1EE10FAC1F2EE81002B01F0DF81B4EE09
:105E7000E77A0123F1EE10FA82F8233001F2DB8198
:105E8000009A002313614FF07E535361012382F87F
:105E9000233082F8243001F0E1B9714B099A13F8EC
:105EA00012200192099ADDED017A03EB4203039A75
:105EB0005B781293019BB8EE67DA13440D932BEED7
:105EC0000DCA01236BEE8DCA0A93F7EE008A0A9B76
:105ED00003F1FF39019B99450FDB099A64230132D5
:105EE000B2FBF3F103FB112309931AEE103A0133CD
:105EF0000AEE103A0D9B03938EE7129B1BB1019B98
:105F00000A9AA3EB020907EE909AF5EEC09AF1EE19
:105F100010FAF8EEE7AA60DDB4EEEACAF1EE10FA84
:105F200059D8F4EEEACAF1EE10FACCBF01230023EF
:105F30000E9A934251D0109A267894F82130002A74
:105F400061D19FED48EA102E28BFB0EE68EA002B21
:105F500000F0298194F8233094ED048A2BB1B0EE3F
:105F6000480A04F04DFC38EE408AB5EEC08AF1EEE6
:105F700010FA67D4B4EEE88AF1EE10FA00F3138158
:105F8000252E00F26881DFE816F0130225032803AE
:105F9000A403DA0366016601660166016601660113
:105FA00066016601660166016601660156062C04FB
:105FB0009F04ED04660166016601660166016601E3
:105FC000660166016601660166013E05600582059F
:105FD000DB0500062E060023AAE70B9B4FF4166292
:105FE000581E0023834200F3F080029D1E494FF0AB
:105FF00000064E5529460131B1FBF2F602FB16119F
:1060000002910133EEE79FED17EA102E28BFB0EEA4
:1060100068EA002B00F0C78094ED077A94ED048ABB
:1060200094F82330F8EECA7AA7EEC78A2BB1B0EE07
:10603000480A04F0E5FB38EE408AB5EEC08AF1EE7E
:1060400010FA13D538EECEEAADE000BF7C00002098
:1060500004000020780E0020E80C002000007F43A0
:10606000081000200000000087030020B4EEE88A3A
:10607000F1EE10FA00F39780252E00F2EC80DFE8B5
:1060800016F09701A9022600B700ED00EA00EA0029
:10609000EA00EA00EA00EA00EA00EA00EA00EA00B0
:1060A000EA00EA00DA053701A901F301EA00EA0093
:1060B000EA00EA00EA00EA00EA00EA00EA00EA0090
:1060C000EA00C204E40406053D025F028602602382
:1060D00099FBF3F203FB129294F82430002B00F0AA
:1060E0008480002AC94B4FF00C0172DB92FBF1F067
:1060F000282101FB0B31014400234B700C23B2FB20
:10610000F3F2C24B282101FB0B33134409F00701C2
:106110005E78D9F1000303F0070358BF5942002904
:10612000B8BF083146FA01F3DF0700F14181DFF81B
:10613000F082DFF8F0C2B64F9CF8003098F800000B
:1061400004933B788CF8003080EA0010C0B283EAF8
:106150005303434083EA4003DBB207EE903A94EDE9
:10616000067ADFEDAC6ADFF8C0E23B70F8EE677AE2
:1061700037EE087A67EEA67A9EF8005088F800504D
:10618000F4EEC77A049D8EF80050F1EE10FA62D555
:106190009E4B282000FB0B33134401228A403243DC
:1061A0005A709FED9DEA0B9BB8EECA8A013B139390
:1061B00000260823B0460493B1EE488A049BA3F15D
:1061C0000807139B9F4240F33A850A9B01330A93C9
:1061D0007DE602F16000B0FBF1F1282000FB0B33FB
:1061E0000B4400215970603288E7002A86DAFAE70A
:1061F00094F82530DFED8F7AC3B138EEC88A28EEE7
:106200000D8AB4EEE78AF1EE10FA0DD8DFED8A7A46
:10621000B4EEE78AF1EE10FA06DBFDEEC87A17EE6F
:10622000903A4B4517DCC3E00023FAE72DEE088ACD
:10623000B4EEE78AF1EE10FA0AD8DFED7F7AB4EE19
:10624000E78AF1EE10FAA4BFFDEEC87A17EE903A95
:106250004B4580F2AD80B7EE00EAA4E7019B9FEDCD
:10626000737A013303F4FF7307EE903A94F8253004
:10627000F8EE677A03B338EEC88A28EE278AB4EEC0
:10628000C78AF1EE10FA15D8DFED697AB4EEE78A25
:10629000F1EE10FA0EDBF6EE007A28EE278AFDEE1C
:1062A000C87A17EE903A4B45D5DC019AD31A4B4584
:1062B000D1DD7DE00023F6E768EE277AF4EEC77AB9
:1062C000F1EE10FA0ED89FED5A7AF4EEC77AF1EE9D
:1062D00010FAA1BFB6EE007A67EE877AFDEEE77A94
:1062E00017EE903A4B4563DA019AD31A013B98E7CF
:1062F000602399FBF3F203FB129294F82430002BF5
:1063000065D0002A414B4FF00C0154DB92FBF1F0B9
:10631000282101FB0B31014400234B700C23B2FBFD
:10632000F3F23A4B282101FB0B33134409F0070128
:106330005E78D9F1000303F0070358BF59420029E2
:10634000B8BF083146FA01F3DD0784D4DFF8D08006
:10635000DFF8D0C02E4F9CF8003098F8000004936E
:106360003B788CF8003080EA0010C0B283EA530317
:10637000434083EA4003DBB207EE903A94ED067A9D
:10638000DFED246ADFF8A0E03B70F8EE677A37EEC5
:10639000087A67EEA67A9EF8005088F80050F4EE6E
:1063A000C77A049D8EF80050F1EE10FA3FF5F0AE7A
:1063B0009FED1AEAF7E602F16000B0FBF1F1282048
:1063C00000FB0B330B44002159706032A6E7002A12
:1063D000A4DAFAE794F82530DFED167A73B338EED5
:1063E000C88A28EE0D8AB4EEE78AF1EE10FA0BD8CF
:1063F000DFED117AB4EEE78AF1EE10FA04DBFDEE80
:10640000C87A17EE903A52E7002350E7E80C0020D4
:10641000000000208180803B00007F4300000000DE
:106420007803002076030020770300200000804FCF
:10643000000080CF0000004F000000CF2DEE088A42
:10644000B4EEE78AF1EE10FA0AD85FED057AB4EE01
:10645000E78AF1EE10FAA4BFFDEEC87A17EE903A83
:106460004B45BFF6F8AEA3E7019B1FED107A013351
:1064700003F4FF7307EE903A94F82530F8EE677A4C
:10648000FBB138EEC88A28EE278AB4EEC78AF1EE4F
:1064900010FA14D85FED1A7AB4EEE78AF1EE10FA2A
:1064A0000DDBF6EE007A28EE278AFDEEC87A17EEAD
:1064B000903A4B453FF77CAF019AD31AB1E60023DF
:1064C000F7E768EE277AF4EEC77AF1EE10FA0ED805
:1064D0001FED297AF4EEC77AF1EE10FAA1BFB6EEFD
:1064E000007A67EE877AFDEEE77A17EE903A4B4531
:1064F000BFF6B1AE019AD31A013BD8E6E37807EEB6
:10650000903A94F825300BB138EEC88A2DEE088AFF
:106510001FED387AB4EEC78AF1EE10FA0ED81FEDEF
:106520003A7AB4EEC78AF1EE10FA07DBBDEEC87A0C
:1065300017EE103A4B4540F0F482A6E20023F9E74B
:10654000E37807EE903A94F825300BB138EEC88A1C
:106550002DEE088A1FED4B7AB4EEC78AF1EE10FAE1
:1065600036D81FED4D7AB4EEC78AF1EE10FA2FDB64
:10657000B6EE007A28EE078ABDEEC87A17EE103A1A
:106580004B4500F08282019AD31A013BD2E7E378AF
:1065900007EE903A94F8253053B1B6EE007AB4EE97
:1065A000C78AF1EE10FAD4BF38EE078A38EE478A70
:1065B0002DEE088A1FED617AB4EEC78AF1EE10FA6B
:1065C00006D81FED637AB4EEC78AF1EE10FAD3DA7B
:1065D0000023D5E738EEC8EAE5E5039B03EB0902A3
:1065E000602392FBF3F103FB112194F82430002B7C
:1065F0006CD00029C54B4FF00C005BDB91FBF0F633
:10660000282000FB0B303044002343700C23B1FBE7
:10661000F3F1BE4B282000FB0B330B445E78534252
:1066200003F0070302F0070258BF5A42002AB8BF1E
:10663000083246FA02F3D8073FF5BAAEDFF8DC823B
:10664000DFF8DCC2B24F9CF8003098F800000493E9
:106650003B788CF8003080EA0010C0B283EA530324
:10666000434083EA4003DBB207EE103AD4ED067AEA
:10667000DFEDA86ADFF8ACE23B70B8EE477A77EE60
:10668000887A27EE267A9EF8005088F80050B4EEFB
:10669000E77A049D8EF80050F1EE10FA7FF5DBAD3D
:1066A0009A4B282000FB0B330B44012191403143CE
:1066B000597076E501F16006B6FBF0F0282606FB7E
:1066C0000B3303440020587060319FE700299DDAA6
:1066D000FAE7039BDFED906A03EB090294F825309B
:1066E000B8EE497ABBB178EEC87A67EE877AF4EEF5
:1066F000E67AF1EE10FA0CD89FED8B7AF4EEC77AB9
:10670000F1EE10FA05DBFDEEE77A17EE903A9342D0
:1067100088E50023FBE768EE077AF4EEE67AF1EE0F
:1067200010FA0AD89FED807AF4EEC77AF1EE10FAEB
:10673000A4BFFDEEE77A17EE903A934289E519EE91
:10674000103A013323F001039BB200EE103A039B91
:106750009FED767A03EB090294F82530B8EE400AF3
:106760000BB378EEC87A67EE807AF4EEC77AF1EE72
:1067700010FA16D89FED6E7AF4EEC77AF1EE10FAA1
:106780000FDBB6EE007A67EE877AFDEEE77A17EE5A
:10679000903A93423FF75FAD19EE101ACB1A93422D
:1067A00086E50023F5E728EE000AB4EEC70AF1EE0D
:1067B00010FA0ED8DFED5E7AB4EEE70AF1EE10FAC9
:1067C000A1BFF6EE007A20EE270AFDEEC07A17EEA2
:1067D000903A9342BFF6ECAD19EE101ACB1A013B7A
:1067E00095E7039B03EB0902602392FBF3F103FBA4
:1067F000112194F82430002B63D00029434B4FF033
:106800000C0052DB91FBF0F6282000FB0B303044EB
:10681000002343700C23B1FBF3F13C4B282000FB19
:106820000B330B445E78534203F0070302F0070278
:1068300058BF5A42002AB8BF083246FA02F3DB07B3
:106840003FF509ADDFF8D480DFF8D4C0304F9CF8B5
:10685000003098F8000004933B788CF8003080EA10
:106860000010C0B283EA5303434083EA4003DBB223
:1068700007EE103AD4ED067ADFED266ADFF8A4E0E1
:106880003B70B8EE477A77EE887A27EE267A9EF844
:10689000005088F80050B4EEE77A049D8EF800505E
:1068A000F1EE10FA7FF584ADFAE601F16006B6FB71
:1068B000F0F0282606FB0B330344002058706031AB
:1068C000A8E70029A6DAFAE7039BDFED136A03EBDA
:1068D000090294F82530B8EE497A7BB378EEC87A8D
:1068E00067EE877AF4EEE67AF1EE10FA0BD89FEDB8
:1068F0000E7AF4EEC77AF1EE10FA04DBFDEEE77AD9
:1069000017EE903A4BE7002349E700BFE80C002060
:10691000000000208180803B0000004F78030020B1
:106920007603002077030020000000CF0000804F96
:10693000000080CF0000004B000000CB68EE077A1B
:10694000F4EEE67AF1EE10FA0AD81FED097AF4EEC9
:10695000C77AF1EE10FAA4BFFDEEE77A17EE903A8F
:1069600093427EE519EE103A013323F001039BB206
:1069700000EE103A039B1FED137A03EB090294F823
:106980002530B8EE400A03B378EEC87A67EE807A15
:10699000F4EEC77AF1EE10FA15D81FED1B7AF4EE7B
:1069A000C77AF1EE10FA0EDBB6EE007A67EE877A60
:1069B000FDEEE77A17EE903A93423FF7F9AC19EE05
:1069C000101ACB1AA3E60023F6E728EE000AB4EE6D
:1069D000C70AF1EE10FA0ED85FED2B7AB4EEE70A93
:1069E000F1EE10FAA1BFF6EE007A20EE270AFDEED6
:1069F000C07A17EE903A9342BFF62DAC19EE101AFA
:106A0000CB1A013BCBE65FED357AB4EEE78AF1EEC7
:106A100010FA18D85FED387AB4EEE78AF1EE10FA82
:106A200011DBF0EE487AFEEECC7A17EE903A5A423D
:106A3000D2B2DBB258BF5342B04A02EB830292EDAE
:106A400000EAFFF7B0BB0023F6E7AD4FE378AD49AE
:106A50003A78AD48AD4E90F800E094F804C096F84E
:106A6000008087F8008007EE903A0B78037082EA86
:106A70000212D2B283EA5303534083EA4203DBB2E9
:106A80009C4586F800E00B704BD9A3784AE0E37888
:106A9000DFED9F6A07EE903AB4EEE68A2379F1EED5
:106AA00010FA07EE103A49D8DFED9A6AB4EEE68A9A
:106AB000F1EE10FA42DBF0EE486AFEEECC6A16EE1A
:106AC000903A5A42D2B2DBB258BF53428B4A8C4FF3
:106AD0008C498D488D4E90F800C096F800E086F8FD
:106AE00000C002EB830292ED006A3A780B780370E3
:106AF00082EA0212D2B283EA5303534083EA42038A
:106B0000DBB206EE903AB8EE477AF8EE666A27EE08
:106B1000067A87F800E0F4EEC76AF1EE10FA0B701F
:106B2000B3D4637807EE103AF8EE677AB8EE477A96
:106B300077EEA87A87EE27EAFFF735BB0023C5E793
:106B4000E37807EE903A94F825300BB138EEC88A16
:106B5000B8EE490A9FED737A039B20EE080A03EB17
:106B60000902B4EEC70AF1EE10FA0CD89FED6E7A66
:106B7000B4EEC70AF1EE10FA05DBBDEEC07A17EEEF
:106B8000103A9A42D7E40023FBE7E37807EE903A05
:106B900094F825300BB138EEC88AB8EE490A9FED5B
:106BA0005E7A039B20EE080A03EB0902B4EEC70AE3
:106BB000F1EE10FA3DD89FED597AB4EEC70AF1EE26
:106BC00010FA36DBB6EE007A20EE070ABDEEC07A88
:106BD00017EE103A93423FF458AF19EE101ACB1A41
:106BE000013B9342A7E4E37807EE903A94F825300E
:106BF00053B1B6EE007AB4EEC78AF1EE10FAD4BF04
:106C000038EE078A38EE478AB8EE490A9FED457A92
:106C1000039B20EE080A03EB0902B4EEC70AF1EE6B
:106C200010FA06D89FED407AB4EEC70AF1EE10FADA
:106C3000CCDA0023CEE7B0EE48EAFFF7B4BA029A06
:106C4000374B9B5C0F9A0FEE103A009B93F8213064
:106C5000002A00F02781002B4DD0009A009BD2ED36
:106C6000077A92ED040A93F82330A8EE270AF0EE93
:106C700040EA1BB103F0C4FD7EEEC0EAF5EEC0EAC7
:106C8000F1EE10FA37D4F4EEE8EAF1EE10FA32DC65
:106C9000009B1B78112B49D028D8002B00F0908145
:106CA000102B28D10C23B6FBF3F203FB1262711CEC
:106CB0001AF8022007EE102AB1FBF3F203FB1212BE
:106CC000B11C1AF8022007EE902AB1FBF3F203FB85
:106CD0001212009B1AF8021093F825300BB178EECF
:106CE000EEEAB8EE477AAEEEAD7A48E0202B00F03F
:106CF0000B82212B6ED0F8EE4F7A9CE1C0A80008E1
:106D00007803002000000020760300207703002095
:106D10000000004B000000CB0000804F000080CF3F
:106D2000870300200000004F000000CF0C23B6FBBB
:106D3000F3F203FB1262711C1AF8022007EE102A0C
:106D4000B1FBF3F203FB1212B11C1AF8022007EE9A
:106D5000902AB1FBF3F203FB1212009B1AF8021007
:106D600093F825300BB178EEEEEAC8EE8D6AB0EEFE
:106D70006E0AAAEEA60AB8EE477AA0EE2D7A5FED6B
:106D8000176AB4EEE67AF1EE10FA00F2AD815FED2B
:106D90001A6AB4EEE67AF1EE10FAC0F2A581BDEE01
:106DA000C77A17EE103A5A42D2B2DBB258BF5342FA
:106DB00007EE101ACD4AF8EE677AB8EE477A02EB82
:106DC000830237EE677AD2ED006AE7EE267A69EE43
:106DD000A77A30E1C64ADFF828E3DFF828C3107845
:106DE0009EF80010C34F0C919CF800103B78137074
:106DF00080EA0010C0B281EA5102424082EA4002B9
:106E0000D2B207EE902A00989FEDBB6A0C9D3D70B0
:106E1000B8EE677AD0ED067A8EF80010F3EE096AC4
:106E200027EE067A67EEA67A8CF80020B4EEE77AB1
:106E3000F1EE10FA00F2F0810C27B8FBF7F007FB37
:106E4000108083EA03131AF800508EF8002008F12E
:106E50000100DBB207EE905AB0FBF7F583EA43037B
:106E600007FB150053401AF80050A24FA048397094
:106E700083EA5203DBB206EE905A07EE103AF8EEC0
:106E8000677AF8EE666AB8EE477A76EEE76A27EE3A
:106E9000067A0C9D0570E6EE877A8CF8003067EE76
:106EA000A97A94E7002B3FF426AF009BD3ED04EAC8
:106EB00093F823302BB1B0EE6E0A03F0A1FC7EEE06
:106EC000C0EAF5EEC0EAF1EE10FA3FF514AFF4EEC9
:106ED000E8EAF1EE10FA3FF70EAF009B1B78112B9A
:106EE00000F0D2807FF6D9AE202B00F00D81212B4F
:106EF0007FF401AF7E4ADFF808E2DFF808C21078BD
:106F00009EF800107B4F0C919CF800103B7813709A
:106F100080EA0010C0B281EA5102424082EA400297
:106F2000D2B207EE902A00989FED736A0C9D3D70D7
:106F3000B8EE677AD0ED067A8EF80010F3EE096AA3
:106F400027EE067A67EEA67A8CF80020B4EEE77A90
:106F5000F1EE10FA00F260810C27B8FBF7F007FBA6
:106F6000108083EA03131AF800508EF8002008F10D
:106F70000100DBB207EE905AB0FBF7F583EA43035A
:106F800007FB150053401AF800505A4F5848397003
:106F900083EA5203DBB206EE905A07EE103AF8EE9F
:106FA000677AB8EE477AF8EE666A27EE067A76EEEA
:106FB000E76A0C9D0570E7EE267A8CF800306EE7E4
:106FC0000C21B7FBF1F201FB127207990A44B8EEEB
:106FD0004F7A527807EE902AF8EE677A67EEA97A30
:106FE000F4EEED7AF1EE10FA0AD8F5EEC07AF1EE91
:106FF00010FAA2BFFCEEE76ACDED0C6A9DF83030C6
:107000001FEE102A934200F00A81009B93F8223071
:107010008BB9009B38EEEE0AD3ED066AF4EEC06A37
:10702000F1EE10FA07D877EEC77A67EEA67AC7EEC8
:10703000806A76EE877A6EEE277AF4EEED7AF1EEDC
:1070400010FA00F3EF80F5EEC07AF1EE10FA40F39B
:10705000EB80FCEEE77ACDED067A9DF81830012240
:1070600006920299254A53544A1C4FF41663B2FB08
:10707000F3F103FB11230293049B0133049308F102
:1070800002080336FFF79AB80C23B6FBF3F203FBB2
:107090001262711C1AF8022007EE102AB1FBF3F2FB
:1070A00003FB1212B11C1AF8022007EE902AB1FB62
:1070B000F3F203FB1212009B1AF8021093F825302A
:1070C0000BB178EEEEEA039B4B4406EE103AF8EE75
:1070D000495AB8EEC66AB8EE477AC6EE256A76EE29
:1070E000AE6AA6EEAD7A4AE6002361E6C0A80008C3
:1070F00078030020770300208180803B87030020F5
:107100007603002000000020009B93F82430002B21
:1071100058D00C23B8FBF3F203FB128208F10101F3
:107120001AF80220DFF84CC288489FED896A90F86F
:1071300000E0884F07EE102AB1FBF3F203FB1212B6
:1071400085491AF802309CF800203D788CF80050F0
:1071500006EE903A0B78037082EA0212D2B283EA0A
:107160005303534083EA4203DBB207EE903AB8EE92
:10717000477AF8EE666AF8EE677A76EEC76A67EEE7
:10718000867A87F800E0A6EEA77A0B7027EE297AB8
:10719000B4EEED7AF1EE10FA3CD8B5EEC07AF1EE2D
:1071A00010FA37DBFCEEC77ACDED0C7A9DF8302073
:1071B0000498049B0C21B3FBF1F301FB1303079923
:1071C0000B445A700499049B0C22B3FBF2F302FBAC
:1071D0001313079A13441FEE102A5B789A42F8EEB5
:1071E0004F7A3FF428AF009A38EEEE0AD2ED066AE5
:1071F00007EE103AF4EEC06AF1EE10FAB8EE477AF4
:107200000DD837EE677A27EE267AC7EE006A77EE5A
:10721000A67A10E70022CBE7F8EE4F7AD7E5F0EE3A
:10722000477A08E7FF231AE700231AE7B4EEE77A64
:10723000F1EE10FA0ED9009B009AC3ED047A0023F8
:10724000FEF727BEB4EEE77AF1EE10FAF3D8002B82
:107250007EF416AE009A002382F8213094F8213093
:10726000ABB3D4ED047AD4ED066A94F8223094EDF1
:10727000057A77EEA67AF5EEC07AF1EE10FA1CDB0D
:1072800043B9B4EEE77AF1EE10FA1DD9C4ED047AF1
:1072900000230FE0B4EEE77A0123F1EE10FA84F850
:1072A0002330F3D8002323614FF07E536361012321
:1072B00084F8233084F8243009E0B4EEE77AF1EE64
:1072C00010FAE3D8002BEDD1002384F82130059B80
:1072D00010330593089B0C330893009B0BF1010BB3
:1072E0002833BBF10A0F009304F128040AF1280A9D
:1072F0007EF466AD029B194CB3F5166FC3F51662AA
:1073000004EB0300C8BF00220021FBF73BFB144B3A
:107310002178144C01221A80134A144B02EBC1004D
:1073200052F831201A60426811485A600021E36027
:1073300002F08FFD2146022002F09AF9022015B0DA
:10734000BDEC108BBDE8F04F02F07EB97603002053
:107350008180803B7703002000000020870300200D
:10736000D01000201C010020C0AC0008D21000206A
:1073700000440140780300202DE9F04F2DED108BE3
:1073800097B0AE4B0693AE4B0A93AE4B019303F10D
:10739000010AAD4C9FEDADEA0023079304930B93D4
:1073A0009B46069B5B780D93069B5B8809EE103A23
:1073B000069BD3ED029A0A9BD3ED00BA93ED01CA66
:1073C0001B7A1093019B93F82030119394F820308E
:1073D0001293069B1B796422B3FBF2F102FB11337B
:1073E000DBB2013B139300230AEE103A0893039398
:1073F000944B282202FB0B3309931AEE102A139B9D
:107400009A423BDD069B089A1B7B934205D0069A65
:10741000012353731346089A1A73019B93F8213082
:10742000002B01F0FF81019A019BD2ED047AD2ED8D
:10743000066A93F8223092ED057A77EEA67AF5EE99
:10744000C07AF1EE10FAC1F2E181002B01F0D28195
:10745000B4EEE77A0123F1EE10FA82F8233001F25C
:10746000CE81019A002313614FF07E5353610123B3
:1074700082F8233082F8243001F0D4B9744B0B9A8F
:107480009FED74BA13F8122002920B9ADDED027A86
:1074900003EB4203F8EE67DA5B781493DDE902321E
:1074A00013440F936BEEADCA01232CEE2DDA0C932F
:1074B000F7EE008A0C9B03F1FF39029B99450FDB25
:1074C0000B9A64230132B2FBF3F103FB11230B93FC
:1074D0001AEE103A01330AEE103A0F9B03938CE731
:1074E000149B1BB1029B0C9AA3EB020907EE909A26
:1074F000F5EEC09AF1EE10FAF8EEE7AA60DDF4EED0
:10750000EACAF1EE10FA59D8B4EEEADAF1EE10FA5E
:10751000CCBF01230023109A934251D0129A2678AF
:1075200094F82130002A66D1102E2CBFF0EE68EAC4
:10753000F0EE4BEA002B00F02E8194F8233094ED0E
:10754000048A2BB1B0EE480A03F05AF938EE408AAB
:10755000B5EEC08AF1EE10FA6CD4B4EEE88AF1EE22
:1075600010FA00F31881252E00F26D81DFE816F085
:1075700018022A032D03A903DF036B016B016B01C2
:107580006B016B016B016B016B016B016B016B019B
:107590006B015E063104A404F2046B016B016B0104
:1075A0006B016B016B016B016B016B016B016B017B
:1075B000430565058705E005050633060023AAE7B0
:1075C0000D9B581E00231E464FF41662834200F3A3
:1075D000F480214F0499795C0029079918BF012193
:1075E000079104997E540131B1FBF2F702FB1711A8
:1075F00004910133EAE7102E2CBFF0EE68EAF0EEBA
:107600004BEA002B00F0C78094ED077A94ED048AD2
:1076100094F82330F8EECA7AA7EEC78A2BB1B0EE01
:10762000480A03F0EDF838EE408AB5EEC08AF1EE74
:1076300010FA13D578EEEEEAADE000BF7C00002032
:1076400004000020780E0020E80C002000007F439A
:10765000081000200000000087030020B4EEE88A34
:10766000F1EE10FA00F39780252E00F2EC80DFE8AF
:1076700016F09701A9022600B700ED00EA00EA0023
:10768000EA00EA00EA00EA00EA00EA00EA00EA00AA
:10769000EA00EA00DD053701A901F301EA00EA008A
:1076A000EA00EA00EA00EA00EA00EA00EA00EA008A
:1076B000EA00C204E40406053D025F02860260237C
:1076C00099FBF3F203FB129294F82430002B00F0A4
:1076D0008480002AC94B4FF00C0172DB92FBF1F061
:1076E000282101FB0B31014400234B700C23B2FB1A
:1076F000F3F2C24B282101FB0B33134409F00701BD
:107700005E78D9F1000303F0070358BF59420029FE
:10771000B8BF083146FA01F3DF0700F14181DFF815
:10772000F082DFF8F0C2B64F9CF8003098F8000005
:1077300005933B788CF8003080EA0010C0B283EAF1
:107740005303434083EA4003DBB207EE903A94EDE3
:10775000067ADFEDAC6ADFF8C0E23B70F8EE677ADC
:1077600037EE087A67EEA67A9EF8005088F8005047
:10777000F4EEC77A059D8EF80050F1EE10FA62D54E
:107780009E4B282000FB0B33134401228A403243D6
:107790005A70DFED9DEA0D9BB8EECA8A013B159346
:1077A00000260823B0460593B1EE488A059BA3F155
:1077B0000807159B9F4240F33D850C9B01330C93BA
:1077C00078E602F16000B0FBF1F1282000FB0B33FA
:1077D0000B4400215970603288E7002A86DAFAE704
:1077E00094F82530DFED8F7AC3B138EEC88A28EEE1
:1077F0002D8AB4EEE78AF1EE10FA0DD8DFED8A7A21
:10780000B4EEE78AF1EE10FA06DBFDEEC87A17EE69
:10781000903A4B4517DCC3E00023FAE72DEE888A47
:10782000B4EEE78AF1EE10FA0AD8DFED7F7AB4EE13
:10783000E78AF1EE10FAA4BFFDEEC87A17EE903A8F
:107840004B4580F2AD80F7EE00EAA4E7029B9FED86
:10785000737A013303F4FF7307EE903A94F82530FE
:10786000F8EE677A03B338EEC88A28EE278AB4EEBA
:10787000C78AF1EE10FA15D8DFED697AB4EEE78A1F
:10788000F1EE10FA0EDBF6EE007A28EE278AFDEE16
:10789000C87A17EE903A4B45D5DC029AD31A4B457D
:1078A000D1DD7DE00023F6E768EE277AF4EEC77AB3
:1078B000F1EE10FA0ED89FED5A7AF4EEC77AF1EE97
:1078C00010FAA1BFB6EE007A67EE877AFDEEE77A8E
:1078D00017EE903A4B4563DA029AD31A013B98E7C8
:1078E000602399FBF3F203FB129294F82430002BEF
:1078F00065D0002A414B4FF00C0154DB92FBF1F0B4
:10790000282101FB0B31014400234B700C23B2FBF7
:10791000F3F23A4B282101FB0B33134409F0070122
:107920005E78D9F1000303F0070358BF59420029DC
:10793000B8BF083146FA01F3DD0784D4DFF8D08000
:10794000DFF8D0C02E4F9CF8003098F80000059367
:107950003B788CF8003080EA0010C0B283EA530311
:10796000434083EA4003DBB207EE903A94ED067A97
:10797000DFED246ADFF8A0E03B70F8EE677A37EEBF
:10798000087A67EEA67A9EF8005088F80050F4EE68
:10799000C77A059D8EF80050F1EE10FA3FF5F0AE73
:1079A000DFED1AEAF7E602F16000B0FBF1F1282002
:1079B00000FB0B330B44002159706032A6E7002A0C
:1079C000A4DAFAE794F82530DFED167A73B338EECF
:1079D000C88A28EE2D8AB4EEE78AF1EE10FA0BD8A9
:1079E000DFED117AB4EEE78AF1EE10FA04DBFDEE7A
:1079F000C87A17EE903A52E7002350E7E80C0020CF
:107A0000000000208180803B00007F4300000000D8
:107A10007803002076030020770300200000804FC9
:107A2000000080CF0000004F000000CF2DEE888ABC
:107A3000B4EEE78AF1EE10FA0AD85FED057AB4EEFB
:107A4000E78AF1EE10FAA4BFFDEEC87A17EE903A7D
:107A50004B45BFF6F8AEA3E7029B1FED107A01334A
:107A600003F4FF7307EE903A94F82530F8EE677A46
:107A7000FBB138EEC88A28EE278AB4EEC78AF1EE49
:107A800010FA14D85FED1A7AB4EEE78AF1EE10FA24
:107A90000DDBF6EE007A28EE278AFDEEC87A17EEA7
:107AA000903A4B453FF77CAF029AD31AB1E60023D8
:107AB000F7E768EE277AF4EEC77AF1EE10FA0ED8FF
:107AC0001FED297AF4EEC77AF1EE10FAA1BFB6EEF7
:107AD000007A67EE877AFDEEE77A17EE903A4B452B
:107AE000BFF6B1AE029AD31A013BD8E6E37807EEAF
:107AF000903A94F825300BB138EEC88A2DEE888A7A
:107B00001FED387AB4EEC78AF1EE10FA0ED81FEDE9
:107B10003A7AB4EEC78AF1EE10FA07DBBDEEC87A06
:107B200017EE103A4B4540F0F482A6E20023F9E745
:107B3000E37807EE903A94F825300BB138EEC88A16
:107B40002DEE888A1FED4B7AB4EEC78AF1EE10FA5B
:107B500036D81FED4D7AB4EEC78AF1EE10FA2FDB5E
:107B6000B6EE007A28EE078ABDEEC87A17EE103A14
:107B70004B4500F08282029AD31A013BD2E7E378A8
:107B800007EE903A94F8253053B1B6EE007AB4EE91
:107B9000C78AF1EE10FAD4BF38EE078A38EE478A6A
:107BA0002DEE888A1FED617AB4EEC78AF1EE10FAE5
:107BB00006D81FED637AB4EEC78AF1EE10FAD3DA75
:107BC0000023D5E778EEC8EAE5E5039B03EB09025D
:107BD000602392FBF3F103FB112194F82430002B76
:107BE0006CD00029C54B4FF00C005BDB91FBF0F62D
:107BF000282000FB0B303044002343700C23B1FBE2
:107C0000F3F1BE4B282000FB0B330B445E7853424C
:107C100003F0070302F0070258BF5A42002AB8BF18
:107C2000083246FA02F3D8073FF5BAAEDFF8DC8235
:107C3000DFF8DCC2B24F9CF8003098F800000593E2
:107C40003B788CF8003080EA0010C0B283EA53031E
:107C5000434083EA4003DBB207EE903A94ED067AA4
:107C6000DFEDA86ADFF8ACE23B70F8EE677A37EE3A
:107C7000087A67EEA67A9EF8005088F80050F4EE75
:107C8000C77A059D8EF80050F1EE10FA7FF5DBAD56
:107C90009A4B282000FB0B330B44012191403143C8
:107CA000597076E501F16006B6FBF0F0282606FB78
:107CB0000B3303440020587060319FE700299DDAA0
:107CC000FAE7039BDFED906A03EB090294F8253095
:107CD000B8EE497ABBB178EEC87A67EE877AF4EEEF
:107CE000E67AF1EE10FA0CD89FED8B7AF4EEC77AB3
:107CF000F1EE10FA05DBFDEEE77A17EE903A9342CB
:107D000088E50023FBE768EE077AF4EEE67AF1EE09
:107D100010FA0AD89FED807AF4EEC77AF1EE10FAE5
:107D2000A4BFFDEEE77A17EE903A934289E519EE8B
:107D3000103A013323F001039BB200EE103A039B8B
:107D40009FED767A03EB090294F82530B8EE400AED
:107D50000BB378EEC87A67EE807AF4EEC77AF1EE6C
:107D600010FA16D89FED6E7AF4EEC77AF1EE10FA9B
:107D70000FDBB6EE007A67EE877AFDEEE77A17EE54
:107D8000903A93423FF75FAD19EE101ACB1A934227
:107D900086E50023F5E728EE000AB4EEC70AF1EE07
:107DA00010FA0ED8DFED5E7AB4EEE70AF1EE10FAC3
:107DB000A1BFF6EE007A20EE270AFDEEC07A17EE9C
:107DC000903A9342BFF6ECAD19EE101ACB1A013B74
:107DD00095E7039B03EB0902602392FBF3F103FB9E
:107DE000112194F82430002B63D00029434B4FF02D
:107DF0000C0052DB91FBF0F6282000FB0B303044E6
:107E0000002343700C23B1FBF3F13C4B282000FB13
:107E10000B330B445E78534203F0070302F0070272
:107E200058BF5A42002AB8BF083246FA02F3DB07AD
:107E30003FF509ADDFF8D480DFF8D4C0304F9CF8AF
:107E4000003098F8000005933B788CF8003080EA09
:107E50000010C0B283EA5303434083EA4003DBB21D
:107E600007EE903A94ED067ADFED266ADFF8A4E09B
:107E70003B70F8EE677A37EE087A67EEA67A9EF8DE
:107E8000005088F80050F4EEC77A059D8EF8005037
:107E9000F1EE10FA7FF584ADFAE601F16006B6FB6B
:107EA000F0F0282606FB0B330344002058706031A5
:107EB000A8E70029A6DAFAE7039BDFED136A03EBD4
:107EC000090294F82530B8EE497A7BB378EEC87A87
:107ED00067EE877AF4EEE67AF1EE10FA0BD89FEDB2
:107EE0000E7AF4EEC77AF1EE10FA04DBFDEEE77AD3
:107EF00017EE903A4BE7002349E700BFE80C00205B
:107F0000000000208180803B0000004F78030020AB
:107F10007603002077030020000000CF0000804F90
:107F2000000080CF0000004B000000CB68EE077A15
:107F3000F4EEE67AF1EE10FA0AD81FED097AF4EEC3
:107F4000C77AF1EE10FAA4BFFDEEE77A17EE903A89
:107F500093427EE519EE103A013323F001039BB200
:107F600000EE103A039B1FED137A03EB090294F81D
:107F70002530B8EE400A03B378EEC87A67EE807A0F
:107F8000F4EEC77AF1EE10FA15D81FED1B7AF4EE75
:107F9000C77AF1EE10FA0EDBB6EE007A67EE877A5A
:107FA000FDEEE77A17EE903A93423FF7F9AC19EEFF
:107FB000101ACB1AA3E60023F6E728EE000AB4EE67
:107FC000C70AF1EE10FA0ED85FED2B7AB4EEE70A8D
:107FD000F1EE10FAA1BFF6EE007A20EE270AFDEED0
:107FE000C07A17EE903A9342BFF62DAC19EE101AF4
:107FF000CB1A013BCBE65FED357AB4EEE78AF1EEC2
:1080000010FA18D85FED387AB4EEE78AF1EE10FA7C
:1080100011DBF0EE487AFEEECC7A17EE903A5A4237
:10802000D2B2DBB258BF53429E4A02EB8302D2ED7A
:1080300000EAFFF7B0BB0023F6E79B4FE3789B49CC
:108040003A789B489B4E90F800E094F804C096F86C
:10805000008087F8008007EE903A0B78037082EA80
:108060000212D2B283EA5303534083EA4203DBB2E3
:108070009C4586F800E00B704BD9A3784AE0E37882
:10808000DFED8D6A07EE903AB4EEE68A2379F1EEE1
:1080900010FA07EE103A49D8DFED886AB4EEE68AA6
:1080A000F1EE10FA42DBF0EE486AFEEECC6A16EE14
:1080B000903A5A42D2B2DBB258BF5342794A7A4F11
:1080C0007A497B487B4E90F800C096F800E086F82D
:1080D00000C002EB830292ED006A3A780B780370DD
:1080E00082EA0212D2B283EA5303534083EA420384
:1080F000DBB206EE903AB8EE477AF8EE666A27EE03
:10810000067A87F800E0F4EEC76AF1EE10FA0B7019
:10811000B3D4637807EE103AF8EE677AB8EE477A90
:1081200077EEA87AC7EE27EAFFF735BB0023C5E74D
:10813000E37807EE903A94F825300BB138EEC88A10
:10814000B8EE497ADFED5E6A039B27EE087A03EB0F
:108150000902B4EEE67AF1EE10FA0CD8DFED596AB6
:10816000B4EEE67AF1EE10FA05DBBDEEC77A17EE53
:10817000103A9A42D7E40023FBE7E37807EE903AFF
:1081800094F825300BB138EEC88AB8EE490A9FED55
:108190004E7A039B20EE080A03EB0902B4EEC70AED
:1081A000F1EE10FA40D89FED497AB4EEC70AF1EE2D
:1081B00010FA39DBB6EE007A20EE070ABDEEC07A7F
:1081C00017EE103A93423FF458AF19EE101ACB1A3B
:1081D000013B9342A7E4E37807EE903A94F8253008
:1081E00053B1B6EE007AB4EEC78AF1EE10FAD4BFFE
:1081F00038EE078A38EE478AB8EE497ADFED306A02
:10820000039B27EE087A03EB0902B4EEE67AF1EE5F
:1082100010FA09D8DFED2B6AB4EEE67AF1EE10FA27
:1082200002DBBDEEC77ACBE70023CBE7F0EE48EAEE
:10823000FFF7B1BA049A264B9B5C119A0FEE103AE5
:10824000019B93F82130002A00F08E8133B3019A0C
:10825000019BD2ED077A92ED040A93F82330A8EE41
:10826000270AF0EE40FA1BB102F0CAFA7FEEC0FA1C
:10827000F5EEC0FAF1EE10FA10D4F4EEE8FAF1EEF1
:1082800010FA0BDC019B1B78112B00F0908021D899
:10829000002B00F0E181102B00F04A82F8EE4F7ABB
:1082A00015E200BFC0A800087803002000000020ED
:1082B00076030020770300200000004B000000CB75
:1082C0000000004F000000CF0000804F000080CF72
:1082D00087030020202B00F0BE80212BDED1D64A60
:1082E000DFF86CE3DFF86CC310789EF80010D34F12
:1082F0000E919CF800103B78137080EA0010C0B219
:1083000081EA5102424082EA4002D2B207EE902A4C
:1083100001989FEDCB6A0E9D3D70B8EE677AD0ED67
:10832000067A8EF80010F3EE096A27EE067A67EEF9
:10833000A67A8CF80020B4EEE77AF1EE10FA00F29B
:108340004F820C27B8FBF7F007FB108083EA03137A
:108350001AF80050DBB208F1010007EE905AB0FBAA
:10836000F7F583EA430307FB150053401AF8005062
:10837000B24FB148397083EA5203DBB206EE905A2D
:1083800007EE103AF8EE677AF8EE666AB8EE477ACA
:1083900076EEE76A27EE067A0E9D0570E6EE877A9E
:1083A0008EF800208CF8003067EEA97A50E00C239C
:1083B000B6FBF3F203FB1262711C1AF8022007EEFF
:1083C000102AB1FBF3F203FB1212B11C1AF80220BF
:1083D00007EE902AB1FBF3F203FB1212019B1AF88D
:1083E000021093F825300BB178EEEFFAC8EEAD6AC3
:1083F000B0EE6F0AAAEEA60AB8EE477AA0EE0E7AA1
:10840000DFED906AB4EEE67AF1EE10FA00F2E48164
:10841000DFED8D6AB4EEE67AF1EE10FAC0F2DC819F
:10842000BDEEC77A17EE103A5A42D2B2DBB258BF4D
:10843000534207EE101A854AF8EE677AB8EE477A8B
:1084400002EB830237EE677AD2ED006AE7EE267A16
:1084500069EEA77A3BE1019B93F82430002B5AD0B8
:108460000C23B8FBF3F203FB128208F101011AF8A6
:108470000220DFF8C4C176489FED716A90F800E0F1
:108480006E4F07EE902AB1FBF3F203FB1212714913
:108490001AF802309CF800203D788CF8005006EE67
:1084A000903A0B78037082EA0212D2B283EA530345
:1084B000534083EA4203DBB207EE103AF8EE677AE4
:1084C000B8EE477AF8EE666A27EE067A76EEE76A45
:1084D00087F800E0E7EE267A0B7067EEA97AF4EEF3
:1084E000CE7AF1EE10FA00F27981F5EEC07AF1EE73
:1084F00010FAC0F27381FCEEE77ACDED0E7A9DF8AA
:1085000038200598059B0C21B3FBF1F301FB130305
:1085100009990B445A700599059B0C22B3FBF2F3A1
:1085200002FB1313099A13441FEE102A5B789A4238
:10853000F8EE4F7A00F0CB80019A38EEEF0AD2EDD8
:10854000066A07EE103AF4EEC06AF1EE10FAB8EEE1
:10855000477A00F2488137EE677A27EE267AC7EE2F
:10856000006A77EEA67AB2E0002B3FF497AE019B4B
:10857000D3ED04FA93F823302BB1B0EE6F0A02F07A
:108580003FF97FEEC0FAF5EEC0FAF1EE10FA3FF5D2
:1085900085AEF4EEE8FAF1EE10FA3FF77FAE019BFC
:1085A0001B78112B00F0E8807FF672AE202B7FF451
:1085B00094AE019B93F82430002BACD00C23B8FB75
:1085C000F3F203FB128208F101011AF80220DFF82E
:1085D00068C01F489FED1A6A90F800E0174F07EE39
:1085E000902AB1FBF3F203FB12121A491AF8023077
:1085F0009CF800203D788CF8005006EE903A0B78FD
:10860000037082EA0212D2B283EA5303534083EA30
:108610004203DBB207EE103AF8EE677AF8EE666ACC
:10862000B8EE477A76EEE76A27EE067A87F800E03A
:10863000E6EE877A0B7050E778030020770300207E
:108640008180803B0000004F000000CFC0A80008E0
:1086500076030020000000200C21B7FBF1F201FBA3
:10866000127209990A44B8EE4F7A527807EE902AAE
:10867000F8EE677A67EEA97AF4EECE7AF1EE10FAA8
:108680000AD8F5EEC07AF1EE10FAA2BFFCEEE76A66
:10869000CDED0E6A9DF838301FEE102A934200F09F
:1086A000A280019B93F822308BB9019B38EEEF0A30
:1086B000D3ED066AF4EEC06AF1EE10FA07D877EE51
:1086C000C77A67EEA67AC7EE806A76EE877A6EEE94
:1086D000A77AF4EECE7AF1EE10FA00F38780F5EE89
:1086E000C07AF1EE10FA40F38380FCEEE77ACDED2C
:1086F000087A9DF82030012208920499894A53543F
:10870000079A1FEE101A8B4218BF0122049B079292
:108710005A1C4FF41663B2FBF3F103FB11230493CD
:10872000059B0133059308F102080336FFF73EB8B5
:108730000C23B6FBF3F203FB1262711C1AF8022041
:1087400007EE102AB1FBF3F203FB1212B11C1AF868
:10875000022007EE902AB1FBF3F203FB1212019BF9
:108760001AF8021093F825300BB178EEEFFAB8EE54
:10877000477AAFEE8E7A43E60C23B6FBF3F203FBA7
:108780001262711C1AF8022007EE102AB1FBF3F2F4
:1087900003FB1212B11C1AF8022007EE902AB1FB5B
:1087A000F3F203FB1212019B1AF8021093F8253022
:1087B0000BB178EEEFFA039B4B4406EE103AF8EE5D
:1087C000495AB8EEC66AB8EE477AC6EE256A76EE22
:1087D000AF6AA6EE8E7A13E600232AE6002290E620
:1087E000F8EE4F7A34E6F0EE477A70E7FF2382E73F
:1087F000002382E7B4EEE77AF1EE10FA0ED9019B7E
:10880000019AC3ED047A0023FEF734BEB4EEE77A92
:10881000F1EE10FAF3D8002B7EF423AE019A002378
:1088200082F8213094F82130ABB3D4ED047AD4ED42
:10883000066A94F8223094ED057A77EEA67AF5EE82
:10884000C07AF1EE10FA1CDB43B9B4EEE77AF1EE30
:1088500010FA1DD9C4ED047A00230FE0B4EEE77AD4
:108860000123F1EE10FA84F82330F3D800232361BA
:108870004FF07E536361012384F8233084F8243061
:1088800009E0B4EEE77AF1EE10FAE3D8002BEDD16F
:10889000002384F82130069B103306930A9B0C3387
:1088A0000A93019B0BF1010B2833BBF10A0F0193D3
:1088B00004F128040AF1280A7EF473AD049B194CD4
:1088C000B3F5166FC3F5166204EB0300C8BF0022B0
:1088D0000021FAF757F8079BF3B1134B2178134C9B
:1088E00001221A80124A134B02EBC10052F83120C8
:1088F0001A60426810485A600021E36001F0A9FA4A
:108900002146022000F0B4FE022017B0BDEC108B0F
:10891000BDE8F04F00F098BE17B0BDEC108BBDE87D
:10892000F08F00BF87030020D01000201C01002022
:10893000C0AC0008D2100020004401402DE9F743EC
:10894000A84F3B78002B00F0388172B600F014FF7E
:10895000202000F027FF102000F024FF042000F06A
:1089600021FFA14800F042FF202000F01BFF102053
:1089700000F018FF042000F015FF00F00BFF62B6B6
:1089800072B600F0F9FE202000F00CFF102000F07D
:1089900009FF042000F006FF0121934800F042FF88
:1089A000202000F0FFFE102000F0FCFE042000F06C
:1089B000F9FE00F0EFFE62B68C4B8D4D1B88ADF8D2
:1089C0000430012101A8FAF793F88A4CDFF83892B5
:1089D0002E7801A83146FAF78BF872B600F0CCFE7B
:1089E000202000F0DFFE102000F0DCFE042000F06C
:1089F000D9FE3146204600F015FF202000F0D2FEBF
:108A0000102000F0CFFE042000F0CCFE00F0C2FEEB
:108A100062B66E7804F10408002E00F0D1800121C6
:108A200001A8FAF765F872B600F0A6FE202000F063
:108A3000B9FE102000F0B6FE042000F0B3FE0121C4
:108A4000404600F0EFFE202000F0ACFE102000F0C9
:108A5000A9FE042000F0A6FE00F09CFE62B60834D9
:108A60004C4505F10205B3D1634D2E7801A831467E
:108A7000FAF73EF872B600F07FFE202000F092FE7A
:108A8000102000F08FFE042000F08CFE31462046BE
:108A900000F0C8FE202000F085FE102000F082FECD
:108AA000042000F07FFE00F075FE62B66E7801A82B
:108AB0003146FAF71DF872B600F05EFE202000F095
:108AC00071FE102000F06EFE042000F06BFE3146B7
:108AD000201D00F0A7FE202000F064FE102000F012
:108AE00061FE042000F05EFE00F054FE62B62E79B6
:108AF00001A83146F9F7FCFF72B600F03DFE2020D8
:108B000000F050FE102000F04DFE042000F04AFE60
:108B1000314604F1080000F085FE202000F042FEFE
:108B2000102000F03FFE042000F03CFE00F032FE7A
:108B300062B6324B0C349C4205F1100595D19DF87C
:108B4000044072B600F018FE202000F02BFE10202A
:108B500000F028FE042000F025FE2146284800F001
:108B600061FE202000F01EFE102000F01BFE0420FD
:108B700000F018FE00F00EFE62B69DF8054072B6D9
:108B800000F0FAFD202000F00DFE102000F00AFE9B
:108B9000042000F007FE21461A4800F043FE202082
:108BA00000F000FE102000F0FDFD042000F0FAFDB2
:108BB00000F0F0FD62B600233B7003B0BDE8F08327
:108BC000314601A8F9F794FF72B600F0D5FD2020D8
:108BD00000F0E8FD102000F0E5FD042000F0E2FDCB
:108BE00031462DE78603002000FC000894A8000809
:108BF000081000200CFC00087C000020A4FF0008E6
:108C000004FC000808FC00082CFF00082DE9F04FC8
:108C10006B4B6C4F1D6885B007EB05122B01009361
:108C2000537B002B00F0BC80674B93F80090B9F1A8
:108C3000FF0F00F0B18065490B88002B00F0AC807D
:108C40006348DFF8A8B1D0F80080BBF8004001927B
:108C5000013B0B8008F10103594201F01F0103F0B1
:108C60001F0358BF4B4203605A4B5B4E1B88ADF845
:108C70000C304FF4967A03A85021F9F739FFB4FB72
:108C8000FAF10AFB114189B24FF0500C06F801C00D
:108C90004946F9F72DFF611C89B2B1FBFAFC0AFBCA
:108CA0001C1189B206F80190DFF8449199F8001080
:108CB0000091F9F71DFF04F1020C1FFA8CFCBCFBBC
:108CC000FAFE0AFB1ECC00991FFA8CFC06F80C1069
:108CD000013189F800100221F9F70AFFE11C89B27D
:108CE000019AB1FBFAFC0AFB1C1189B204F10409D8
:108CF0001FFA89F94FF0020C137B06F801C0B9FB8B
:108D0000FAF10AFB11991FFA89F9002B53D041217E
:108D1000F9F7EEFE412306F8093005F10109B9F52E
:108D2000807F28BF4FF000095FFA89F9494603A800
:108D3000F9F7DEFE631D4FF496729BB2B3FBF2F1BE
:108D400002FB11339BB206F80390A31D9BB2B3FB49
:108D5000F2F102FB11339BB29DF80C10F154E31DAC
:108D60009BB2B3FBF2F102FB11339BB29DF80D20D5
:108D7000F25404F10803ABF80030184B23F8184004
:108D8000174B082203F80820164B102203F808207E
:108D9000154A1388013313802B011F4400237B7372
:108DA0000A23013595FBF3F203FB1255044B1D60BA
:108DB00005B0BDE8F08F4021F9F79AFE4023AAE7FD
:108DC000800300207C0000206A0100206C0100204C
:108DD000AC13002094A8000878120020F0130020A3
:108DE000D0130020B0130020A4130020761200201E
:108DF0004F1100202DE9F04F924B1A7887B0002ACE
:108E000000F0E480904A1278092A00F217818F4B13
:108E100093F800A002F10108BAF1FF0F5FFA88F899
:108E200000F0D1808A480188002900F0CC80013907
:108E30000180DFF848B28748874DD0F800901301D1
:108E40000BEB02124FF496761779019309F10102A8
:108E5000514201F01F0102F01F0258BF4A42026056
:108E60007E4A14887E4A05A81288ADF81420502145
:108E7000F9F73EFEB4FBF6F206FB124292B2502125
:108E8000A9545146F9F734FE621C92B2B2FBF6F1D6
:108E900006FB112292B205F802A0DFF8E4A19AF8CD
:108EA00000100091F9F724FEA21C92B2B2FBF6FC6E
:108EB00006FB1C22009992B2A95401318AF80010D5
:108EC00007F1020A4FEA4A0A5FFA8AFA5146F9F7AD
:108ED0000FFEE21C92B2B2FBF6F106FB112292B237
:108EE000482105F802A0F9F703FE221D92B2B2FB59
:108EF000F6F106FB112292B24821A9544146F9F736
:108F0000F7FD019B621D92B21BF803A0B2FBF6F1C4
:108F100006FB112292B2514605F80280F9F7E8FDEE
:108F2000A31D9BB2B3FBF6F206FB12339BB239468C
:108F300005F803A0F9F7DCFDE31D9BB2B3FBF6F2E5
:108F400006FB12339BB24FF0000AEF546423B7FBC9
:108F5000F3F203FB1277FBB20093013B029304F19F
:108F600008031FFA83FB029B4FF496715345BBFB2A
:108F7000F1F701FB17B7BFB22BDA009A9DF8143056
:108F8000EB5504325200D2B2531C54FA83F39BB215
:108F9000B3FBF1F001FB10339BB29DF81510E954BF
:108FA000931CDBB22D4A191911802E4A22F8194060
:108FB0002D4A02F809302D4B102203F809202C4AC3
:108FC000138801331380204B83F8008007B0BDE87D
:108FD000F08F284B1E68284B13F81620019203EBE4
:108FE0004602517821B3012105A8F9F781FD01213D
:108FF000E95505A80199F9F77BFD0BF101024FF442
:10900000967192B2B2FBF1F001FB102292B2019B79
:10901000AB540136174B642296FBF2F102FB11664A
:109020001E600BF102030AF1010A1FFA83FB9AE7A3
:1090300005A80391F9F75CFD0399D9E700221A709E
:10904000C4E700BF85030020840300206A010020DC
:109050006C010020AC130020781200207612002052
:1090600094A80008F0130020D0130020B0130020B3
:10907000A41300207C030020081000207C000020A6
:109080004F1100202DE9F74FDFF898915B4D002339
:10909000F42289F8002089F801301A4619460C2478
:1090A000012604FB01F0285C20B106FA01F31A4303
:1090B000D2B2034601310429F3D10BB189F8012062
:1090C0004F4B93F800A0BAF1FF0F00F093804D4A88
:1090D0001388002B00F08E804B49DFF84C810F681D
:1090E000B8F80050494E013B13807B1C5A4202F0F5
:1090F0001F0203F01F0358BF53420B60444B4FF451
:10910000967401A81B88ADF804305021F9F7F0FCE3
:10911000B5FBF4F304FB13539BB250225146F254B7
:10912000F9F7E6FC6B1C9BB2B3FBF4F204FB1233C1
:109130009BB206F803A0DFF8F4A09AF800B05946F5
:10914000F9F7D6FCAB1C9BB2B3FBF4F204FB123371
:109150009BB2022106F803B00BF1010B8AF800B0B4
:10916000F9F7C6FCEB1C9BB2B3FBF4F204FB123321
:109170009BB20222F421F254F9F7BAFC2B1D9BB2E8
:1091800099F80190B3FBF4F204FB12339BB2F42282
:109190004946F254F9F7ACFC6B1D9BB2B3FBF4F2F9
:1091A00004FB12339BB206F80390AB1D9BB2B3FBDA
:1091B000F4F204FB12339BB29DF80420F254EB1D31
:1091C0009BB2B3FBF4F204FB12339BB29DF8052073
:1091D000F25405F10803A8F800300E4B23F817509D
:1091E0000D4B0822DA550D4B1022DA550C4A138824
:1091F0000133138003B0BDE8F08F00BFE4100020FE
:109200006A0100206C010020AC13002078120020BD
:1092100094A80008F0130020D0130020B013002001
:10922000A413002074030020761200204F110020A8
:10923000022170B5084600F069FA10B3114D012102
:10924000022000F097FA2C88B4F5166F19D20E4A56
:109250000E4B115D0E4A0F4E02EBC10052F8312049
:109260001A6042680C485A600021F36000F0F1FD7A
:109270003146022000F0FCF90134022000F0E4F94C
:109280002C8070BDD010002087030020D210002059
:10929000C0AC00081C0100200044014008B5F9F7EB
:1092A00079FBF9F791FBF9F7BDFBF9F7C5FBF9F786
:1092B000DEFBF9F7F7FBF9F701FCF9F714FCF9F716
:1092C00027FCF9F751FCF9F76FFCF9F785FDFBF77F
:1092D00089FCFBF7A5FCFBF7B8FCFBF7CBFCFBF725
:1092E000DEFCFBF7F1FCFCF799FAFCF7AEFAFCF7B1
:1092F000C3FAFCF7D8FAFCF721FCFCF73BFCFCF7BF
:1093000057FCFCF79BFCBDE80840FCF745BD00009E
:109310002DE9F74F0025AB46AA46A946A8462F4699
:109320002E462B460095264A1468009AA21AB2F5DA
:10933000FA6F04D30193FBF7A3FB019B00949C42BB
:1093400001D0FBF7D7FCA31BC72B02D9FCF79AF877
:109350002646E31B092B02D9FCF7BCFA2746A4EBEF
:109360000803272B02D9FEF707F8A046A4EB090350
:10937000632B02D9FFF7E2FAA146A4EB0A034A2BBA
:1093800003D9FFF743FCA4F1230AA4EB0B034B2BF7
:1093900003D9FFF72FFDA4F1240B631B41F28732A1
:1093A000934202D9FFF76EFE2546F9F749FDFBF718
:1093B0002BFAFBF739FBFCF7E1FA2346B3E700BFD2
:1093C000A018002008B5FFF769FFFFF7A1FF000014
:1093D000054BD3F80824D2075EBFD3F8082442F027
:1093E0000102C3F808247047002001400A4BD3F85B
:1093F000082442F00802C3F80824D3F8082411070F
:10940000FBD4D3F8082442F00402C3F80824D3F8AC
:1094100008245207FBD4704700200140054BD3F8C5
:10942000082420B142F40062C3F80824704722F4F3
:109430000062F9E700200140012802D0022811D083
:109440007047114BD3F82C2422F47002C3F82C245B
:109450000139D3F82C24090501F470011143C3F834
:109460002C147047084BD3F8382422F44012C3F868
:1094700038240139D3F83824090501F44011114387
:10948000C3F83814704700BF00200140052870B5AC
:109490001ED82D4D00EB8000D5F834341F248440B5
:1094A00023EA040301FA00F01843C5F8340409293B
:1094B00036D8254C01EB4101D4F810340720884000
:1094C00023EA000302FA01F11943C4F8101470BD35
:1094D0000B2811D81C4D05236FF01D0613FB0063EC
:1094E000D5F830441F20984024EA000001FA03F325
:1094F0000343C5F83034DAE70F28D8D8124D0523D6
:109500006FF03B0613FB0063D5F82C441F209840F6
:1095100024EA000001FA03F30343C5F82C34C6E73C
:109520001229D4D8084C03236FF01D0513FB0153F7
:10953000D4F80C040721994020EA01019A400A431B
:10954000C4F80C24C3E700BF0020014000F0010371
:1095500000F0020081B133B10F4AD2F8083443F46D
:109560008013C2F8083430B10B4AD2F8083443F4FF
:109570000043C2F80834704733B1074AD2F80834C0
:1095800023F48013C2F808340028F4D0024AD2F839
:10959000083423F40043ECE700200140012802D006
:1095A00002280DD07047094BD3F8082422F460221A
:1095B000C3F80824D3F808240A43C3F808247047E2
:1095C000024BD3F8082422F4E042F1E700200140E6
:1095D000C20741BF084AD2F8083443F48003C2F8F6
:1095E0000834830741BF044AD2F8083443F4001317
:1095F000C2F80834704700BF00200140024BD3F886
:109600004C0480B2704700BF00200140034BD3F8E8
:109610000034034214BF01200020704700200140A5
:10962000034AD2F8003423EA0003C2F8003470473A
:10963000002001401423034A5843835823F0200399
:1096400083507047080002401423034A584383584C
:1096500043F0010383507047080002401423034A7B
:109660005843835823F00103835070470800024099
:1096700038B50446FFF7F2FF142303FB04F0184B40
:109680000A68C2500433CA68C250083B0A8BC250F1
:10969000043B0D694A68C4582A43CD6924F47C54BC
:1096A0002A432243C2500A7A012AC2580CBF42F010
:1096B000400222F04002C2500A7D012AC2580CBF6B
:1096C00042F0800222F08002C2504A7D22B9C25884
:1096D00022F01002C25038BDC25842F01002F9E721
:1096E00010000240034B80005A68814011435960CA
:1096F000704700BF000002401423034A58438358B8
:109700000B438350704700BF08000240042913D068
:1097100008291DD0022927D1144B82001B689140D3
:1097200019401423124A4343985800F00200D9B15B
:10973000003818BF012070470C4B82001B68914015
:10974000194014230A4A4343985800F00400EEE7F6
:10975000064B82001B689140194014235843044B68
:10976000C05800F00800E2E7002070470000024007
:1097700008000240FFF7B6BF044B1A69120641BF4A
:10978000034A5A6002F188325A6070470020024052
:1097900023016745024A136943F080031361704750
:1097A00000200240014BD860704700BF00200240FB
:1097B000074BDA68D10707D4DA68D20606D4D8682E
:1097C000C0F38000400070470120704703207047BD
:1097D0000020024010B50446FFF7EAFF012804F11B
:1097E000FF3402D1002CF7D1042010BD38B5054656
:1097F0004FF47020FFF7EEFF88B9094C236943F05E
:10980000020323616561236943F0400323614FF440
:109810007020FFF7DFFF236923F00203236138BDC7
:109820000020024070B505464FF470200E46FFF749
:10983000D1FF68B9074C236943F0010323614FF45A
:1098400070202E60FFF7C6FF236923F00103236118
:1098500070BD00BF002002402DE9F0430568C468D8
:1098600000264FF0010E4FF003080EFA06F71F42D4
:109870000DD0770008FA07FC01FA07F925EA0C0574
:1098800024EA0C0402FA07F749EA05053C430136CD
:10989000102EEAD10560C460BDE8F083012941685B
:1098A000F0B50CBF194399434FF6FF744160A242D3
:1098B000816815D1C46B002201274FF0030C07FA11
:1098C00002F61E421CBF55000CFA05F502F101021A
:1098D0001CBF29433443102AF1D18160C463F0BD19
:1098E000002401274FF0030C07FA04F51D4207D0AE
:1098F00065000CFA05F621EA060102FA05F529438E
:109900000134102CF0D18160E9E7816170478162F8
:10991000704703690B4214BF012000207047F0B567
:10992000066A456A00234FF0010C4FF00F0E0CFA47
:1099300003F4144207D09C000EFA04F726EA070647
:1099400001FA04F426430133082BF0D100234FF031
:10995000010C4FF00F0E03F108040CFA04F414424A
:1099600007D09C000EFA04F725EA070501FA04F473
:1099700025430133082BEED106624562F0BD00009D
:1099800010B51D4CE36803F4E063B3F5A06F08D095
:1099900020D8B3F5407F26D0B3F5806F26D0174B83
:1099A000E36002231C46C4F10404A140C3F1040493
:1099B0000F23E3401340124A0B431B011118DBB283
:1099C00081F800334109012300F01F00834042F871
:1099D000213010BDB3F5C06F0BD0B3F5E06FDED111
:1099E00004230024DFE700230424DCE7012303240D
:1099F000D9E703230124D6E700ED00E00005FA05CE
:109A000000E100E021F06041034B21F07F010143C0
:109A10009960BFF34F8F704700ED00E0830903F1B9
:109A2000804303F5043300F01F00196801228240CF
:109A30000A431A607047830903F1804303F5043336
:109A400000F01F001A680121814022EA01021A6019
:109A50007047FFF7E3BFFFF7EEBF0000214B5A68E6
:109A600022F440425A60196B1F4A0A401A630928BF
:109A70000ED8DFE800F0050E12181F23272B2F3316
:109A80001A6B22F480321A631A6B22F480721A6302
:109A900070471A6B42F48032F5E75A685A601A6BC5
:109AA00042F48072F3E75A685A601A6B42F000423F
:109AB0001A63F4E75A6842F48042EFE75A6842F4C6
:109AC0008042F1E75A6842F40042E7E75A6842F4FC
:109AD0000042E9E75A6842F44042DFE75A6842F43C
:109AE0004042E1E700100240FFFEFE7FF0B55D4B13
:109AF00089B0054604AC03F110061F461868596882
:109B0000224603C20833B3421446F7D1716838695C
:109B10006B4603C303C354494B68C3F38103022B51
:109B200044D14A684868CB6A0601C2F383424FEACF
:109B3000D37334D4002B30D102324B68C86ADC03B3
:109B400032D5CB6A400003F00F0354BF4748484862
:109B50000133B0FBF3F35A434B68C3F303132033D1
:109B60006B4413F8104C4B68C3F3022320336B444F
:109B700022FA04F413F8206C4B68C3F3C223203399
:109B80006B4413F8183C24FA03F0062D10D8DFE8D4
:109B900005F06412141017464F002132CDE70BB9BF
:109BA0001132CAE73132C8E7324BD4E72F4AD3E744
:109BB000002009B0F0BD2046FBE724FA06F0F8E7E4
:109BC0000B6BDA0507D40B6B2B4813F4803F2B4B40
:109BD00008BF1846EDE74A680B6BC2F38132022AD0
:109BE0004FEAD3730FD0032A14D0012A06D00BB941
:109BF0004008DEE70320B4FBF0F0DAE70BB9800899
:109C0000D7E70520F7E71BB90623B0FBF3F0D0E751
:109C10000720F0E70BB9C008CBE70920EBE70B6B97
:109C200013F0400F48F2120018BF4FF40040C0E795
:109C30000B6B9B07BDD00B6B03F00303012B0CD008
:109C40000B6B03F00303022B09D00B6B074803F0E7
:109C50000303032B18BF0020ABE71046A9E74FF41E
:109C60000040A6E7A8A800080010024000127A00F1
:109C7000006CDC0200093D00003FAB01809FD50075
:109C800008B5274B98421ED00BD8A3F594339842C1
:109C90002AD003F5E05398422DD0B0F1804F1CD06C
:109CA00008BD204B98422DD003F58063984230D0F8
:109CB000A3F500639842F3D14FF44470FFF7C9FE57
:109CC0004FF4447005E040F20B30FFF7C2FE40F263
:109CD0000B30BDE80840FFF7BEBE4FF48060FFF7D1
:109CE000B8FE4FF48060F4E740F20140FFF7B1FEA8
:109CF00040F20140EDE74FF48160FFF7AAFE4FF418
:109D00008160E6E740F21130FFF7A3FE40F2113028
:109D1000DFE740F21230FFF79CFE40F21230D8E746
:109D2000002C0140004401400B8810B58362424B77
:109D300098421BD020F48063B3F1804F16D08B681B
:109D4000C3623E4B98423CD003F5903398424FD0CB
:109D50003B4A904255D002F5806290425ED0A3F516
:109D6000A053984228D10B7B036325E0036823F0BE
:109D70007003036002684B881343036002688B889A
:109D8000134303608B68C3622B4B984222D0B0F11F
:109D9000804F16D0A3F594339842D2D14FF0804330
:109DA000D3F8002422F44072C3F80024D3F800440E
:109DB000CA882243C3F80024436943F00103436186
:109DC00010BD036823F4407303600268CB8813431B
:109DD0000360F1E71B4BD3F8002C22F44072C3F868
:109DE000002CD3F8004CCA882243C3F8002CBAE7F1
:109DF000036823F4407303600268CB881343036055
:109E0000B1E7D3F8002422F44072C3F80024D3F859
:109E10000044CA882243C3F80024A4E7D3F80028EA
:109E200022F44072C3F80028D3F80048CA882243BD
:109E3000C3F8002897E700BF002C01400020004035
:109E40000044014000200140036843F00103036027
:109E5000704741627047C3681943C1607047436CE3
:109E600001290CBF43F4004323F4004343647047CB
:109E7000032900F20381DFE811F0040047009A0093
:109E8000DF00036A23F001030362836923F0030305
:109E90008361036A11680B430362036A23F00203C0
:109EA0000362016AD3880B430362754B98420AD060
:109EB00020F4806103F5A053994204D003F50063B8
:109EC000984240F0DB80036A23F004030362016AD6
:109ED00093880B430362036A23F008030362016A59
:109EE00013890B430362436823F480734360416822
:109EF00053890B434360436823F400734360416814
:109F000093890B4343607047036A23F01003036295
:109F1000836923F440738361036A116843EA011380
:109F20000362036AD18823F020030362036A43EAD1
:109F300001130362524B98422DD1036A918823F09A
:109F400040030362036A43EA01130362036A11894F
:109F500023F080030362036A43EA01130362494B5F
:109F60005089D3F8041C928921F48061C3F8041C41
:109F7000D3F8041C41EA8001C3F8041CD3F8041C84
:109F800021F40061C3F8041CD3F8041C41EA8202E6
:109F9000C3F8042C70473C4B98426FD143685289F8
:109FA00023F480634360436843EA8203AAE7036AB9
:109FB00023F480730362C36923F00303C361036A5C
:109FC000116843EA01230362036AD18823F4007312
:109FD0000362036A43EA01230362294B98424DD18D
:109FE000036A918823F480630362036A43EA0123CE
:109FF0000362036A118923F400630362036A43EA7C
:10A00000012303621F4B5089D3F8041C928921F469
:10A010008051C3F8041CD3F8041C41EA0011C3F8B2
:10A02000041CD3F8041C21F40051C3F8041CD3F819
:10A03000041C41EA0212ABE7036A23F48053036273
:10A04000C36923F44073C361036A116843EA0133AF
:10A050000362036AD18823F400530362036A43EA6C
:10A0600001330362064B984208D15968528921F4A2
:10A0700080415960596841EA82125A60704700BFB6
:10A08000002C0140002001400040014003291AD863
:10A09000DFE801F0020A121A836923F0700383617A
:10A0A0008369134383617047836923F4E0438361C9
:10A0B000836943EA0223F5E7C36923F07003C361B0
:10A0C000C3691343C3617047C36923F4E043C361A9
:10A0D000C36943EA0223F5E703290AD8DFE801F060
:10A0E000020406084263704782637047C263704788
:10A0F0000264704703291AD8DFE801F0020A121A35
:10A10000836923F008038361836913438361704784
:10A11000836923F400638361836943EA0223F5E7DB
:10A12000C36923F00803C361C3691343C361704764
:10A13000C36923F40063C361C36943EA0223F5E7FB
:10A1400008B50C4B98420DD003F57443984210D1DA
:10A1500040F20E30FFF77DFC40F20E30BDE80840C3
:10A16000FFF779BC40F21140FFF773FC40F2114059
:10A17000F4E708BD0044004038B5134B984204464C
:10A180000D4618D003F57443984216D10620FFF708
:10A19000ADFC226812044FEA550310D503EB4003CF
:10A1A000B3FBF5F1C1F3420321F00F010904090CDF
:10A1B0000B43E36038BD0220E9E70020E9E70344F0
:10A1C000B3FBF5F39BB2F4E700440040036823F0CF
:10A1D00001030360036823F4C063036003680B4357
:10A1E00003607047036823F001030360036823F4EE
:10A1F0008053036003680B4303607047036823F0D8
:10A2000001030360436823F44053436043680B43F6
:10A2100043607047036843F00103036070470368BD
:10A2200023F00803036003680B430360704703686F
:10A2300023F00403036003680B4303607047C1F31A
:10A24000080181627047406AC0F308007047026AE3
:10A2500001F01F0101238B401343036270478A09F9
:10A2600010B501F01F01145801238B4023431350F4
:10A2700010BD10B58C090122235801F01F018A403E
:10A2800023EA0203235010BDC1F3891310B51C58F3
:10A290008B0D1A58C1F30440012303FA00F010405B
:10A2A00006D001F01F018B40234214BF0120002083
:10A2B00010BD0000084B994206D1D0F8D03023F4ED
:10A2C0000043C0F8D0307047026AC1F30441012353
:10A2D0008B4013430362704709340F34DFF830D0EA
:10A2E000002103E00B4B5B58435004310A480B4BF1
:10A2F00042189A42F6D30A4A02E0002342F8043B8D
:10A30000084B9A42F9D300F011F8FFF75BF8704759
:10A3100074030020D0B60008000000207401002063
:10A3200074030020A4180020FEE700007E4BDA69C9
:10A3300002F00602062A82B047D0DA69900444D5BA
:10A340007A4A7B4959605A6099609A601A6942F06A
:10A3500020021A611A6942F040021A61DA68D107D4
:10A36000FCD41A6922F020021A611A6942F0100224
:10A370001A61DA6912F0060F6E4A40F0C780A52311
:10A380001380694B6B4AD969090A01F0DF015180DA
:10A39000D969C1F307419180D969090ED180196A41
:10A3A000C9B21181196AC1F307215181DA68D20754
:10A3B000FCD41A6922F010021A611A6922F40072A0
:10A3C0001A611A6942F080021A615B4AD2F8883039
:10A3D00043F47003C2F88830584B1A6842F0010207
:10A3E0001A601A689007FCD55A6842F080025A60D9
:10A3F00000220192019A4F2A40F290805A6842F05E
:10A4000090025A6000220192019A4F2A40F28980FC
:10A410005A6822F003025A601A6822F0867222F407
:10A4200080321A605968464A0A405A605A6822F0D7
:10A43000084222F474125A60DA6A22F0404222F092
:10A440000F02DA621A6B22F4817222F001021A639F
:10A450001A6B22F480321A631A6B22F000421A63DC
:10A460005A6B22F001025A63D3F8C02022F48032E2
:10A47000C3F8C02000229A60C3F8CC201A6842F4C6
:10A4800080321A604FF400621968890301D4013ADE
:10A49000FAD11A68900333D55A685A605A6842F460
:10A4A00000525A605A6842F480625A605A6822F038
:10A4B000036222F470225A60DA6A22F0404222F0EB
:10A4C0000F02DA625A6842F0016242F480325A6046
:10A4D000DA6A42F00102DA62DA6ADA621A6842F093
:10A4E00080721A601A689101FCD55A6822F0030242
:10A4F0005A605A6842F002025A605A681207FCD544
:10A5000000214FF0006002B0FFF77CBADB6903F076
:10A510000603022B7FF435AFBB2331E7019A0132EA
:10A5200067E7019A01326EE700200240AB89EFCD68
:10A530002301674500F8FF1F00ED00E00010024016
:10A540000C00FF082DE9F047089D0C46002B4ED16A
:10A5500094468C458646B2FA82F262D94AB1C2F17B
:10A560002003914020FA03F30CFA02FC194300FA8D
:10A5700002FE4FEA1C471FFA8CF6B1FBF7F44FEAD4
:10A580001E4307FB141143EA014304FB06F1994201
:10A590000AD91CEB030304F1FF3080F013819942C8
:10A5A00040F21081023C6344591A1FFA8EF3B1FB4A
:10A5B000F7F007FB101143EA014300FB06F69E4249
:10A5C0000AD91CEB030300F1FF3180F0FD809E42AD
:10A5D00040F2FA80634402389B1B40EA04400021A9
:10A5E0001DB1D3400022C5E90032BDE8F0878B429F
:10A5F00005D90DB1C5E9000100210846F5E7B3FA18
:10A6000083F1002946D1A34202D39042C0F0F180E9
:10A61000861A64EB03030120002DE6D0C5E9006330
:10A62000E3E7002A40F09180A1EB0C044FEA1C48BC
:10A630001FFA8CF70121B4FBF8F64FEA1E4308FB22
:10A64000164443EA044307FB06F0984208D91CEB82
:10A65000030306F1FF3402D2984200F2CE80264670
:10A660001C1A1FFA8EF3B4FBF8F008FB104443EAFF
:10A67000044300FB07F79F4208D91CEB030300F1DA
:10A68000FF3402D29F4200F2B1802046DB1B40EA39
:10A690000640A5E7C1F120068B4022FA06F71F43CA
:10A6A00020FA06FC04FA01F343EA0C03F44000FA32
:10A6B00001F8380C4FEA1349B4FBF0FE1FFA87FC8F
:10A6C00000FB1E4449EA04440EFB0CF9A14502FAC2
:10A6D00001F20AD93C190EF1FF3A80F08580A145BC
:10A6E00040F28280AEF1020E3C44A4EB09041FFA52
:10A6F00083F9B4FBF0F300FB134449EA044403FB81
:10A700000CFCA44507D93C1903F1FF3068D2A445DD
:10A7100066D9023B3C4443EA0E40A0FB0293A4EB03
:10A720000C049C42CE469C4652D34FD055B1B8EB58
:10A730000E0364EB0C0404FA06F6CB40CC401E4337
:10A74000C5E900640021BDE8F087C2F1200320FACA
:10A7500003F10CFA02FC24FA03F394400C434FEA91
:10A760001C4800FA02FE1FFA8CF7B3FBF8F008FB56
:10A770001031230C43EA014300FB07F1994208D949
:10A780001CEB030300F1FF362CD299422AD9023880
:10A7900063445B1AA4B2B3FBF8F108FB113344EA3B
:10A7A000034401FB07F3A34208D91CEB040401F1A5
:10A7B000FF3613D2A34211D902396444E41A41EAA4
:10A7C000004138E70446EFE6084605E7C845ADD244
:10A7D000B9EB020E63EB070C0138A7E73146EDE752
:10A7E000034698E73046D4E7D6467EE7634402380E
:10A7F0004CE70646234608460EE7023E63442FE731
:10A8000010EE102AC2F3C7537F3B162B22F00041F3
:10A8100029DC002B104618DB1A4919410A4221D0C5
:10A82000DFED197A70EE277AF5EEC07AF1EE10FAC4
:10A8300018DD002A04DA4FF4000242FA03F3184448
:10A8400020EA010300EE103A7047DFED0F7A70EE58
:10A85000277AF5EEC07AF1EE10FA03DD002A08DB64
:10A860009FED0A0A7047B1F1FF4FFBD330EE000AAB
:10A870007047DFED077A0029BFEE000A08BFB0EE8F
:10A88000670A7047FFFF7F00CAF2497100000000AD
:10A8900000000080FFFF0000010000000000000039
:10A8A00000000001000000000000000000000000A7
:10A8B0000102030406070809000000000102030466
:10A8C0000000000000E81D3900E21D3A0093B13A93
:10A8D00080C91D3B006E763B0055B13B0036F13B15
:10A8E00040681D3C600C473C0081753C905F943C87
:10A8F000505FB03C90BBCE3C806FEF3C103B093DBD
:10A9000010E51B3DD0B22F3D40A1443D38AD5A3D2E
:10A9100048D3713DEC07853D98AF913DB4DE9E3D37
:10A920003C93AC3D0CCBBA3DF883C93DB8BBD83D98
:10A93000F46FE83D409EF83D0EA2043E7C2F0D3E94
:10A940001AF6153E8CF41E3E6E29283E5693313E73
:10A95000CE303B3E5E00453E80004F3EAC2F593E20
:10A960004E8C633ECA146E3E88C7783E6DD1813EE0
:10A970008C52873E46E68C3EC08B923E1C42983EEF
:10A9800076089E3EECDDA33E96C1A93E8FB2AF3E57
:10A99000E8AFB53EB6B8BB3E0ECCC13EFBE8C73E05
:10A9A000910ECE3ED83BD43EDF6FDA3EB2A9E03EF8
:10A9B00059E8E63EE12AED3E4D70F33EACB7F93E74
:10A9C0000000003F2B24033FDA47063F906A093F0F
:10A9D000D48B0C3F27AB0F3F11C8123F15E2153F38
:10A9E000B8F8183F830B1C3FFA191F3FA623223FDC
:10A9F0000D28253FB926283F361F2B3F0A112E3F31
:10AA0000C6FB303FF3DE333F20BA363FDE8C393FA2
:10AA1000BB563C3F4A173F3F1ECE413FCE7A443F94
:10AA2000EE1C473F15B4493FE03F4C3FEABF4E3F65
:10AA3000CC33513F2B9B533FA6F5553FDE42583F49
:10AA40007A825A3F22B45C3F7ED75E3F38EC603F4B
:10AA500002F2623F8AE8643F82CF663F9EA6683F6B
:10AA6000996D6A3F2A246C3F0DCA6D3F035F6F3FAB
:10AA7000CCE2703F2C55723FECB5733FD404753F68
:10AA8000B041763F4F6C773F8484783F248A793F8A
:10AA9000067D7A3F045D7B3FFC297C3FCFE37C3F12
:10AAA000608A7D3F941D7E3F569D7E3F92097F3F89
:10AAB00036627F3F37A77F3F88D87F3F22F67F3FB0
:10AAC0000000803F22F67F3F88D87F3F36A77F3F38
:10AAD00036627F3F92097F3F569D7E3F941D7E3FA9
:10AAE0005F8A7D3FCEE37C3FFC297C3F045D7B3F5A
:10AAF000057D7A3F248A793F8484783F4E6C773F86
:10AB0000AF41763FD304753FECB5733F2C55723F90
:10AB1000CCE2703F025F6F3F0CCA6D3F2A246C3F4E
:10AB2000986D6A3F9EA6683F81CF663F89E8643F83
:10AB300001F2623F37EC603F7CD75E3F20B45C3F60
:10AB400078825A3FDE42583FA4F5553F2C9B533F35
:10AB5000CD33513FE8BF4E3FDF3F4C3F14B4493F38
:10AB6000EB1C473FCB7A443F1FCE413F4A173F3F44
:10AB7000BA563C3FDC8C393F1FBA363FF0DE333FDC
:10AB8000C3FB303F0B112E3F351F2B3FB926283F0B
:10AB90000B28253FA323223FF7191F3F800B1C3FA3
:10ABA000B9F8183F14E2153F10C8123F26AB0F3F0B
:10ABB000D28B0C3F8E6A093FD747063F2B24033FB9
:10ABC0000000003FA9B7F93E4A70F33EDC2AED3E93
:10ABD00054E8E63EACA9E03EE06FDA3ED73BD43E17
:10ABE0008E0ECE3EF8E8C73E09CCC13EB2B8BB3EA1
:10ABF000E2AFB53E8EB2AF3E96C1A93EEADDA33EBE
:10AC000072089E3E1742983EBB8B923E40E68C3EB9
:10AC10008C52873E6CD1813E84C7783EC6146E3E0E
:10AC2000468C633EA22F593E82004F3E5E00453E59
:10AC3000CC303B3E5293313E6829283E84F41E3E80
:10AC400012F6153E7E2F0D3E0EA2043E3C9EF83DB0
:10AC5000EC6FE83DB0BBD83DEC83C93D00CBBA3DBD
:10AC60003C93AC3DB4DE9E3D94AF913DE407853D01
:10AC700038D3713D28AD5A3D30A1443DD0B22F3D6F
:10AC800008E51B3D103B093D706FEF3C70BBCE3CAF
:10AC9000405FB03C705F943C0081753C600C473C69
:10ACA00020681D3C0036F13BC054B13B006E763B42
:10ACB00000C91D3B0093B13A00E21D3A00E81D397E
:10ACC0001919191919191919191919191919194BC2
:10ACD0001919191919194B191919191919194B4B4E
:10ACE00019191919194B191919191919194B194B3E
:10ACF00019191919194B4B1919191919194B4B4BCA
:10AD0000191919194B191919191919194B19194B1D
:10AD1000191919194B194B19191919194B194B4BA9
:10AD2000191919194B4B1919191919194B4B194B99
:10AD3000191919194B4B4B19191919194B4B4B4B25
:10AD40001919194B191919191919194B1919194BDD
:10AD50001919194B19194B191919194B19194B4B69
:10AD60001919194B194B19191919194B194B194B59
:10AD70001919194B194B4B191919194B194B4B4BE5
:10AD80001919194B4B1919191919194B4B19194B39
:10AD90001919194B4B194B191919194B4B194B4BC5
:10ADA0001919194B4B4B19191919194B4B4B194BB5
:10ADB0001919194B4B4B4B191919194B4B4B4B4B41
:10ADC00019194B191919191919194B191919194B5D
:10ADD00019194B1919194B1919194B1919194B4BE9
:10ADE00019194B19194B191919194B19194B194BD9
:10ADF00019194B19194B4B1919194B19194B4B4B65
:10AE000019194B194B19191919194B194B19194BB8
:10AE100019194B194B194B1919194B194B194B4B44
:10AE200019194B194B4B191919194B194B4B194B34
:10AE300019194B194B4B4B1919194B194B4B4B4BC0
:10AE400019194B4B1919191919194B4B1919194B78
:10AE500019194B4B19194B1919194B4B19194B4B04
:10AE600019194B4B194B191919194B4B194B194BF4
:10AE700019194B4B194B4B1919194B4B194B4B4B80
:10AE800019194B4B4B19191919194B4B4B19194BD4
:10AE900019194B4B4B194B1919194B4B4B194B4B60
:10AEA00019194B4B4B4B191919194B4B4B4B194B50
:10AEB00019194B4B4B4B4B1919194B4B4B4B4B4BDC
:10AEC000194B191919191919194B19191919194B5C
:10AED000194B191919194B19194B191919194B4BE8
:10AEE000194B1919194B1919194B1919194B194BD8
:10AEF000194B1919194B4B19194B1919194B4B4B64
:10AF0000194B19194B191919194B19194B19194BB7
:10AF1000194B19194B194B19194B19194B194B4B43
:10AF2000194B19194B4B1919194B19194B4B194B33
:10AF3000194B19194B4B4B19194B19194B4B4B4BBF
:10AF4000194B194B19191919194B194B1919194B77
:10AF5000194B194B19194B19194B194B19194B4B03
:10AF6000194B194B194B1919194B194B194B194BF3
:10AF7000194B194B194B4B19194B194B194B4B4B7F
:10AF8000194B194B4B191919194B194B4B19194BD3
:10AF9000194B194B4B194B19194B194B4B194B4B5F
:10AFA000194B194B4B4B1919194B194B4B4B194B4F
:10AFB000194B194B4B4B4B19194B194B4B4B4B4BDB
:10AFC000194B4B1919191919194B4B191919194BF7
:10AFD000194B4B1919194B19194B4B1919194B4B83
:10AFE000194B4B19194B1919194B4B19194B194B73
:10AFF000194B4B19194B4B19194B4B19194B4B4BFF
:10B00000194B4B194B191919194B4B194B19194B52
:10B01000194B4B194B194B19194B4B194B194B4BDE
:10B02000194B4B194B4B1919194B4B194B4B194BCE
:10B03000194B4B194B4B4B19194B4B194B4B4B4B5A
:10B04000194B4B4B19191919194B4B4B1919194B12
:10B05000194B4B4B19194B19194B4B4B19194B4B9E
:10B06000194B4B4B194B1919194B4B4B194B194B8E
:10B07000194B4B4B194B4B19194B4B4B194B4B4B1A
:10B08000194B4B4B4B191919194B4B4B4B19194B6E
:10B09000194B4B4B4B194B19194B4B4B4B194B4BFA
:10B0A000194B4B4B4B4B1919194B4B4B4B4B194BEA
:10B0B000194B4B4B4B4B4B19194B4B4B4B4B4B4B76
:10B0C0004B191919191919194B1919191919194B5A
:10B0D0004B19191919194B194B19191919194B4BE6
:10B0E0004B191919194B19194B191919194B194BD6
:10B0F0004B191919194B4B194B191919194B4B4B62
:10B100004B1919194B1919194B1919194B19194BB5
:10B110004B1919194B194B194B1919194B194B4B41
:10B120004B1919194B4B19194B1919194B4B194B31
:10B130004B1919194B4B4B194B1919194B4B4B4BBD
:10B140004B19194B191919194B19194B1919194B75
:10B150004B19194B19194B194B19194B19194B4B01
:10B160004B19194B194B19194B19194B194B194BF1
:10B170004B19194B194B4B194B19194B194B4B4B7D
:10B180004B19194B4B1919194B19194B4B19194BD1
:10B190004B19194B4B194B194B19194B4B194B4B5D
:10B1A0004B19194B4B4B19194B19194B4B4B194B4D
:10B1B0004B19194B4B4B4B194B19194B4B4B4B4BD9
:10B1C0004B194B19191919194B194B191919194BF5
:10B1D0004B194B1919194B194B194B1919194B4B81
:10B1E0004B194B19194B19194B194B19194B194B71
:10B1F0004B194B19194B4B194B194B19194B4B4BFD
:10B200004B194B194B1919194B194B194B19194B50
:10B210004B194B194B194B194B194B194B194B4BDC
:10B220004B194B194B4B19194B194B194B4B194BCC
:10B230004B194B194B4B4B194B194B194B4B4B4B58
:10B240004B194B4B191919194B194B4B1919194B10
:10B250004B194B4B19194B194B194B4B19194B4B9C
:10B260004B194B4B194B19194B194B4B194B194B8C
:10B270004B194B4B194B4B194B194B4B194B4B4B18
:10B280004B194B4B4B1919194B194B4B4B19194B6C
:10B290004B194B4B4B194B194B194B4B4B194B4BF8
:10B2A0004B194B4B4B4B19194B194B4B4B4B194BE8
:10B2B0004B194B4B4B4B4B194B194B4B4B4B4B4B74
:10B2C0004B4B1919191919194B4B19191919194BF4
:10B2D0004B4B191919194B194B4B191919194B4B80
:10B2E0004B4B1919194B19194B4B1919194B194B70
:10B2F0004B4B1919194B4B194B4B1919194B4B4BFC
:10B300004B4B19194B1919194B4B19194B19194B4F
:10B310004B4B19194B194B194B4B19194B194B4BDB
:10B320004B4B19194B4B19194B4B19194B4B194BCB
:10B330004B4B19194B4B4B194B4B19194B4B4B4B57
:10B340004B4B194B191919194B4B194B1919194B0F
:10B350004B4B194B19194B194B4B194B19194B4B9B
:10B360004B4B194B194B19194B4B194B194B194B8B
:10B370004B4B194B194B4B194B4B194B194B4B4B17
:10B380004B4B194B4B1919194B4B194B4B19194B6B
:10B390004B4B194B4B194B194B4B194B4B194B4BF7
:10B3A0004B4B194B4B4B19194B4B194B4B4B194BE7
:10B3B0004B4B194B4B4B4B194B4B194B4B4B4B4B73
:10B3C0004B4B4B19191919194B4B4B191919194B8F
:10B3D0004B4B4B1919194B194B4B4B1919194B4B1B
:10B3E0004B4B4B19194B19194B4B4B19194B194B0B
:10B3F0004B4B4B19194B4B194B4B4B19194B4B4B97
:10B400004B4B4B194B1919194B4B4B194B19194BEA
:10B410004B4B4B194B194B194B4B4B194B194B4B76
:10B420004B4B4B194B4B19194B4B4B194B4B194B66
:10B430004B4B4B194B4B4B194B4B4B194B4B4B4BF2
:10B440004B4B4B4B191919194B4B4B4B1919194BAA
:10B450004B4B4B4B19194B194B4B4B4B19194B4B36
:10B460004B4B4B4B194B19194B4B4B4B194B194B26
:10B470004B4B4B4B194B4B194B4B4B4B194B4B4BB2
:10B480004B4B4B4B4B1919194B4B4B4B4B19194B06
:10B490004B4B4B4B4B194B194B4B4B4B4B194B4B92
:10B4A0004B4B4B4B4B4B19194B4B4B4B4B4B194B82
:10B4B0004B4B4B4B4B4B4B194B4B4B4B4B4B4B4B0E
:10B4C00000C0C101C30302C2C60607C705C5C40444
:10B4D000CC0C0DCD0FCFCE0E0ACACB0BC90908C8B4
:10B4E000D81819D91BDBDA1A1EDEDF1FDD1D1CDCA4
:10B4F00014D4D515D71716D6D21213D311D1D01014
:10B50000F03031F133F3F23236F6F737F53534F403
:10B510003CFCFD3DFF3F3EFEFA3A3BFB39F9F83873
:10B5200028E8E929EB2B2AEAEE2E2FEF2DEDEC2C63
:10B53000E42425E527E7E62622E2E323E12120E0D3
:10B54000A06061A163A3A26266A6A767A56564A4C3
:10B550006CACAD6DAF6F6EAEAA6A6BAB69A9A86833
:10B5600078B8B979BB7B7ABABE7E7FBF7DBDBC7C23
:10B57000B47475B577B7B67672B2B373B17170B093
:10B580005090915193535292965657975595945483
:10B590009C5C5D9D5F9F9E5E5A9A9B5B99595898F3
:10B5A000884849894B8B8A4A4E8E8F4F8D4D4C8CE3
:10B5B0004484854587474686824243834181804053
:10B5C00000C1814001C0804101C0804100C1814073
:10B5D00001C0804100C1814000C1814001C0804163
:10B5E00001C0804100C1814000C1814001C0804153
:10B5F00000C1814001C0804101C0804100C1814043
:10B6000001C0804100C1814000C1814001C0804132
:10B6100000C1814001C0804101C0804100C1814022
:10B6200000C1814001C0804101C0804100C1814012
:10B6300001C0804100C1814000C1814001C0804102
:10B6400001C0804100C1814000C1814001C08041F2
:10B6500000C1814001C0804101C0804100C18140E2
:10B6600000C1814001C0804101C0804100C18140D2
:10B6700001C0804100C1814000C1814001C08041C2
:10B6800000C1814001C0804101C0804100C18140B2
:10B6900001C0804100C1814000C1814001C08041A2
:10B6A00001C0804100C1814000C1814001C0804192
:10B6B00000C1814001C0804101C0804100C1814082
:04B6C000F8B500BF1A
:04B6C400F8B500BF16
:08B6C8007CEEFF7F0100000091
:10B6D00001000000000000000000803F00000000AA
:10B6E000000000000000803F00000000000000009B
:10B6F0000000803F00000000000000000000803FCC
:10B7000000000000000000000000803F000000007A
:10B71000000000000000803F00000000000000006A
:10B720000000803F00000000000000000000803F9B
:10B7300000000000000000000000803F000000004A
:10B74000000000000000803F00000000000000003A
:10B75000000000000000003F0001000000000000A9
:10B76000000000000000003F000100000000000099
:10B77000000000000000003F000100000000000089
:10B78000000000000000003F000100000000000079
:10B79000000000000000003F000100000000000069
:10B7A000000000000000003F000100000000000059
:10B7B000000000000000003F000100000000000049
:10B7C000000000000000003F000100000000000039
:10B7D000000000000000003F000100000000000029
:10B7E000000000000000003F000100000000000019
:10B7F0000001000000000000000000000000000048
:10B80000010100000C00000000000000CDCC4C3D08
:10B810000000003FCDCC4C3D0000003FCDCC4C3D66
:10B820000000003FCDCC4C3D0000003FCDCC4C3D56
:10B830000000003F01FFFF00FFFFFFF220000001BA
:04B840000100000003
:040000050800A2DD70
:00000001FF
