:020000040800F2
:1000000010020020911F0008DD1F0008DD1F0008FE
:10001000DD1F0008DD1F0008DD1F000800000000D4
:10002000000000000000000000000000DD1F0008CC
:10003000DD1F000800000000DD1F0008CD010008E2
:1000400000000000DD1F0008DD1F0008DD1F0008A4
:10005000DD1F0008DD1F0008DD1F0008DD1F000890
:10006000DD1F0008DD1F0008DD1F0008DD1F000880
:10007000DD1F0008DD1F0008DD1F0008DD1F000870
:10008000DD1F0008DD1F000800000000DD1F000864
:10009000DD1F0008DD1F0008DD1F0008DD1F000850
:1000A000DD1F0008DD1F0008DD1F0008F103000848
:1000B000DD1F000800000000DD1F00080000000038
:1000C000DD1F000800000000DD1F0008DD1F000824
:1000D000DD1F00080000000000000000000000001C
:1000E0000000000000000000DD1F0008000000000C
:1000F0000000000000000000000000000000000000
:10010000DD1F00080000000000000000DD1F0008E7
:1001100000000000000000000000000000000000DF
:1001200000000000000000000000000000000000CF
:1001300000000000000000000000000000000000BF
:10014000000000000000000000000000DD1F0008AB
:1001500053B94AB9002908BF00281CBF4FF0FF312E
:100160004FF0FF3000F00CB8ADF1080C6DE904CE93
:1001700002F042F8DDF804E0DDE9022304B0704744
:10018000704700BF074B591E1A5C095C41EA022107
:100190009A1E033B125C185C42EA012240EA0220EC
:1001A000704700BF2F0200204FF0E023054A5A613C
:1001B000054AF02182F8231000229A6107221A6171
:1001C000704700BF1E48010000ED00E0024A1368BE
:1001D00001331360704700BF68090020F8B5144B65
:1001E0006FF03A02D3F8E017D3F8AC07D3F8B06752
:1001F000D3F8B4774FF6FF73FFF7AAFF38461446DB
:100200001D466FF03A024FF6FF733146FFF7A0FF2D
:10021000084862406B400021013100F8012B06299B
:100220004FEA122242EA03624FEA1323F4D1F8BDE7
:1002300000F0FF1F6009002010B50C4C40F2125076
:1002400001F0EEFC204640230322002101F02EFCA9
:10025000204600220221402301F006FC20464022D5
:10026000BDE81040002101F05CBC00BF0004004864
:1002700010B50C4C40F2125001F0D2FC2046802305
:100280000322002101F012FC2046002202218023DB
:1002900001F0EAFB20468022BDE81040002101F079
:1002A00040BC00BF0004004808B500221B201146D6
:1002B00001F068FCBDE8084040F20E6001F0B0BCFF
:1002C00010B5094C40F2125001F0AAFC204604235C
:1002D0000322002101F0EAFB20460423BDE8104080
:1002E0000022012101F0C0BB0004004801480421A4
:1002F00001F015BC00040048037810B55940044CC7
:10030000044B5A5C4378615C42704B40037010BDF3
:10031000CE250008CE24000873B5124C2246552184
:1003200002F8011B104908688988C4F8010091800F
:100330000122227262720D4A00251288E571ADF821
:100340000420264614F8011B01A80135FFF7D4FF4D
:100350000A2DF7D19DF80430B3729DF80530F37281
:1003600002B070BD1802002060090020B42400080B
:1003700037B50C4B0C4C1D780C4B65701B88ADF8D9
:1003800004305F2101A82170FFF7B6FF2946FFF76F
:10039000B3FF9DF80430A3709DF80530E37003B0FF
:1003A00030BD00BF0600002028020020B424000851
:1003B00037B50C4B0C4C1D780C4B65701B88ADF899
:1003C0000430332101A82170FFF796FF2946FFF77B
:1003D00093FF9DF80430A3709DF80530E37003B0DF
:1003E00030BD00BF0600002024020020B424000815
:1003F000F8B56549654801F0A1FD064640B163487E
:1004000040F2017101F07DFD5F49604801F0ACFDF3
:100410005F495E4801F092FD074640B15B4840F2FB
:10042000027101F06EFD5A49584801F09DFD59498D
:10043000564801F083FD054640B1544840F203712F
:1004400001F05FFD5349514801F08EFD52494F487C
:1004500001F074FD044640B14C484FF4E06101F0F6
:1004600050FD4D49494801F07FFD4C49474801F096
:1004700065FDD0B1454840F2037101F042FD4749A6
:10048000424801F071FD72B6454A00231360454AA7
:100490001360454A4FF480711180444A138062B65C
:1004A000434A1370434A137005E03E4335432C43DF
:1004B000E4B2002CE7D14049344801F03FFD10B3CD
:1004C000394A1388DBB1374930480C68013B138047
:1004D000631C5A42D2B2DBB258BF53420B6001F0E8
:1004E0000CFD364B23F81400324B01221A70344BAA
:1004F0001A68344B1A602D4A1388013313802E4931
:10050000224801F031FD3049204801F017FDC0B10B
:100510002E4D2F4B2C881B88A34225D94FF4967261
:10052000B4FBF2F302FB13439BB22A4A174832F89A
:100530001310013401F0DDFC2C802349134801F035
:1005400013FD2549114801F0F9FCD8B10F480621E7
:1005500001F0E9FC2148042101F0E1FABDE8F8408E
:100560001D490A4801F000BD0848072101F0DBFCE5
:100570000648062101F0CDFC0E4A00231370184AEC
:100580001370DAE7F8BD00BF000201070038014030
:100590000002020700020307080000070500030726
:1005A000580700205C0700200A00002054070020A4
:1005B0002E0300203D0300200500050760070020F2
:1005C000680900203803002007000707FA0400200C
:1005D000F8040020FC040020060006070004004880
:1005E0003C03002010B5174C204601F003FC2046C8
:1005F000042101F076FC2046082101F06AFC204627
:10060000052101F086FC20464FF4007101F081FCC9
:100610002046082101F07DFC20460B4901F006FC34
:100620002046002101F038FC2046002101F040FC6A
:100630002046002101F024FC2046BDE8104001F0D6
:1006400043BC00BF0038014040420F002DE9F04F8D
:10065000764B1A8885B0002A31D072B61A88013AD2
:100660001A8062B67248734F01684B1C5A42D2B26C
:10067000DBB258BF534203606F4B33F811403B78F5
:10068000002B58D1FF2C14D8AA2CE1B21AD16B49F7
:10069000032008706A496B480B706B490B706B4BF9
:1006A00001221A70FF233A70037043702146FFF74E
:1006B00023FE72B6664A13880133138062B605B012
:1006C000BDE8F08FCC290FD102223A705B4A13703B
:1006D0005B4A5C4813705C4A13705C4B01221A70D1
:1006E000FF2303704370E2E7AF2901D10322ECE757
:1006F000A02901D10422E8E7552905D105223A7045
:100700004E4A0B201070E3E7332904D105223A70DA
:1007100003204A4AF6E75F2906D105233B70474B81
:1007200003221A700023D3E75029C2D106233B705D
:100730000222424BF5E7013B052BBAD8DFE813F064
:100740003805C705F3040600E505EE053B4D29789D
:10075000B9B9404BFF2C1E7809D93A48FFF7CCFDB8
:1007600016B13A4B00221A7001232B70A1E7E4B2B4
:1007700034482146FFF7C0FDA642F5D0FF2CF3D048
:10078000EFE70139082994D801A353F821F000BFFD
:10079000B5070008CD070008B3060008B306000837
:1007A000B3060008B3060008F70700081F12000888
:1007B00061080008B4F5807F274B224828BF002439
:1007C000E1B21970FFF798FD0223CEE7FF2C1E4B14
:1007D00008D900211B481970FFF78EFD174B08221E
:1007E0001A7066E7E1B217481970FFF785FD002C13
:1007F000F4D00723B9E712480378B4F5807F28BF07
:100800000024FF22B3FBF2F21A440133DDB2E1B25D
:1008100002F0FF02114C05700A48A154FFF76CFD6D
:10082000094B1B78AB427FF444AFD7E75407002055
:10083000580700202E030020600700202D03002011
:100840002C030020010000202B03002000000020CA
:100850000A00002006000020160200202C020020C2
:10086000D14BD24A4FF0000883F800801278D04B69
:100870005B78002A00F0C381B4F5807F28BF44462E
:100880009C4240F0BC81CB4BCB49CC4A1B780978C9
:10089000B2F900200091002B00F0AB818A4200F0F9
:1008A000A881C74C94F80090B9F1F50F40F0AA81E7
:1008B000C44B93F800B0BBF1FF0F00F09A81C24A1D
:1008C0001388002B00F09581C049C14ED1F800A0DB
:1008D000013B13800AF10103B8EB030202F01F028F
:1008E00003F01F0358BF53420B60BA4BBA4A1D882E
:1008F0001288ADF80C204FF4967403A85021FFF72E
:10090000FBFCB5FBF4F204FB125292B25021B1543D
:100910005946FFF7F1FC6A1C92B2B2FBF4F104FBFA
:10092000112292B206F802B0DFF8C0B29BF80010B4
:100930000191FFF7E1FCAA1C92B2B2FBF4FC04FBAC
:100940001C22019992B2B15401318BF8001013218D
:10095000FFF7D2FCEA1C92B2B2FBF4F104FB1122C5
:1009600092B21321B1544946FFF7C6FC2A1D92B238
:10097000B2FBF4F104FB112292B2012106F80290BD
:10098000FFF7BAFC6A1D92B2B2FBF4F104FB11222C
:1009900092B24FF00109414606F80290FFF7ACFC15
:1009A000AA1D92B2B2FBF4F104FB112292B24121D2
:1009B00006F80280FFF7A0FCEA1D92B2B2FBF4F148
:1009C00004FB112292B24121B1540321FFF794FCA0
:1009D00005F1080292B2B2FBF4F104FB112292B2CB
:1009E0000321B1544946FFF787FC05F1090292B291
:1009F000B2FBF4F104FB112292B2414606F80290D8
:100A0000FFF77AFC05F10A0292B2B2FBF4F104FBA3
:100A1000112292B2672106F80280FFF76DFC05F102
:100A20000B0292B2B2FBF4F104FB112292B26721E5
:100A3000B1546421FFF760FC05F10C0292B2B2FBE5
:100A4000F4F104FB112292B26421B1543321FFF777
:100A500053FC05F10D0292B2B2FBF4F104FB11223A
:100A600092B24FF03308322106F80280FFF744FCBF
:100A700005F10E0292B2B2FBF4F104FB112292B224
:100A80003221B1546621FFF737FC05F10F0292B213
:100A9000B2FBF4F104FB112292B26621B15441463B
:100AA000FFF72AFC05F1100292B2B2FBF4F104FB4D
:100AB000112292B2414606F80280FFF71DFC05F1B3
:100AC000110292B2B2FBF4F104FB112292B2302176
:100AD00006F80280FFF710FC05F1120292B2B2FB99
:100AE000F4F104FB112292B23021B1546B21FFF7D3
:100AF00003FC05F1130292B2B2FBF4F104FB1122E4
:100B000092B26B21B1543821FFF7F6FB05F11402C4
:100B100092B2B2FBF4F104FB112292B23821B1542B
:100B20007521FFF7E9FB05F1150292B2B2FBF4F172
:100B300004FB112292B27521B1543621FFF7DCFB80
:100B400005F1160292B2B2FBF4F104FB112292B24B
:100B50003621B15405F1170292B2B2FBF4F104FB55
:100B6000112292B29DF80C10B15405F1180292B204
:100B7000B2FBF4F104FB112292B2164B9DF80D105A
:100B8000B15405F119021A80144B23F81A50144B72
:100B9000192203F80A20134B102203F80A20124AE4
:100BA00013884B4424E000BF3D03002000000020D8
:100BB000010000202B03002016020020040000206A
:100BC0002C020020060000200800002074040020F1
:100BD000400300203E030020B4240008B804002095
:100BE00098040020780400206C04002017020020E4
:100BF0001380B94B01221A70B84B009A1A80002357
:100C00003B7056E5B9F1FB0FF3D1012B0BD1BFF3CC
:100C10004F8FB349B34BCA6802F4E0621343CB6011
:100C2000BFF34F8FFEE7072BE3D9B4F8011000297B
:100C300040F01181182BDCD1AB4BE2791970B4F87C
:100C40000510A37AB1F5824FD3D1032AD1D1012B5C
:100C5000CFD194F80CB094F80DA094F80E9094F8BD
:100C60000F8094F810E094F811C0A67CE57C207DFC
:100C7000617DA27DE37DBBF1670FBAD1BAF1640F4C
:100C8000B7D1B9F1330FB4D1B8F1320FB1D1BEF150
:100C9000660FAED1BCF1330FABD1332EA9D1302DBD
:100CA000A7D16B28A5D13829A3D1752AA1D1362B7C
:100CB0009FD172B600F068FE202000F07BFE10206D
:100CC00000F078FE042000F075FE884800F096FEE3
:100CD000202000F06FFE102000F06CFE042000F0D9
:100CE00069FE00F05FFE62B6B4F80330804A5BBA7A
:100CF0001380804B4FF00209A3F800907E4B93F8CD
:100D000000A0BAF1FF0F00F0A2807C4A1388002BEC
:100D100000F09D807A49DFF804B2D1F80080BBF87A
:100D20000050784E013B138008F101035A4202F053
:100D30001F0203F01F0358BF53420B60724B4FF466
:100D4000967403A81B88ADF80C305021FFF7D4FA35
:100D5000B5FBF4F304FB13539BB250225146F254FB
:100D6000FFF7CAFA6B1C9BB2B3FBF4F204FB12331D
:100D70009BB206F803A0DFF8A8A19AF80010019131
:100D8000FFF7BAFA05EB09039BB2B3FBF4F204FBDD
:100D9000123301999BB2F15401318AF800100321FA
:100DA000FFF7AAFAEB1C9BB2B3FBF4F204FB12337D
:100DB0009BB20322FB21F254FFF79EFA2B1D9BB23C
:100DC000B3FBF4F204FB12339BB2FB220021F2547A
:100DD000FFF792FA6B1D9BB2B3FBF4F204FB1233E4
:100DE0009BB200224946F254FFF786FAAB1D9BB234
:100DF000B3FBF4F204FB12339BB206F80390EB1D35
:100E00009BB2B3FBF4F204FB12339BB29DF80C20AF
:100E1000F25405F108039BB2B3FBF4F204FB123366
:100E20009BB29DF80D20F25405F10903ABF8003098
:100E3000364B23F81850364B092203F80820354B5F
:100E4000102203F80820344A138801331380264BFC
:100E500001221A70CDE6274E4DBA3288ADB2AA42B1
:100E60007FF4C7AED4F803801F48DC1F0022C4F310
:100E70008504B1F5807F027098FA88F804F1FF3498
:100E800050D1154624E04FEA850909F10700FFF724
:100E900079F9064672B600F077FD202000F08AFD51
:100EA000102000F087FD042000F084FD314609EB9E
:100EB000080000F0BFFD202000F07CFD102000F0B5
:100EC00079FD042000F076FD00F06CFD62B601357E
:100ED000A542D8DD8DE600BF3103002004000020CC
:100EE00000ED00E00400FA051002002000280008D0
:100EF000140200201202002006000020080000203A
:100F00007404002040030020B4240008B80400202A
:100F100098040020780400206C0400203E03002088
:100F200017020020C8F30903D3B972B600F02CFDF4
:100F3000202000F03FFD102000F03CFD042000F0D8
:100F400039FD404600F05AFD202000F033FD10200E
:100F500000F030FD042000F02DFD00F023FD62B60E
:100F60004FF00009A14540F3B780B44B1B88AB425A
:100F7000B34B93F800A01ABF0135ADB20125BAF109
:100F8000FF0F35803FF463AFAE4A1388002B3FF468
:100F90005EAFAD49DFF8E8B2D1F80090BBF8006071
:100FA000DFF8E082013B138009F101035A4202F0AD
:100FB0001F0203F01F0358BF53420B60A34B4FF4B3
:100FC000967403A81B88ADF80C305021FFF794F9F4
:100FD000B6FBF4F304FB13639BB25022514608F8AE
:100FE0000320FFF789F9731C9BB2B3FBF4F204FBF7
:100FF00012339BB208F803A0DFF88CA29AF8001015
:101000000191FFF779F9B31C9BB2B3FBF4F204FB37
:10101000123301999BB208F8031001318AF80010CD
:101020000321FFF769F9F31C9BB2B3FBF4F204FB55
:1010300012339BB20322FB2108F80320FFF75CF96F
:10104000331D9BB2B3FBF4F204FB12339BB24FEAA5
:10105000152AFB22514608F80320FFF74DF9731DAE
:101060009BB2B3FBF4F204FB12339BB2EDB2294600
:1010700008F803A0FFF740F9B31D9BB2B3FBF4F2ED
:1010800004FB12339BB208F80350F31D9BB2B3FB71
:10109000F4F204FB12339BB29DF80C2008F80320F5
:1010A00006F108039BB2B3FBF4F204FB12339BB2CC
:1010B0009DF80D2008F8032006F10903ABF8003075
:1010C000634B23F81960634B092203F80920624B34
:1010D000102203F80920B6E64FEA890B0BF107004E
:1010E000FFF750F8824672B600F04EFC202000F068
:1010F00061FC102000F05EFC042000F05BFC514617
:101100000BEB080000F096FC202000F053FC1020B0
:1011100000F050FC042000F04DFC00F043FC62B6EF
:1011200009F101091EE74D4B1978C9B9444BFF2C51
:101130001D7805D94A48FFF7DFF865B9FFF74EBBC0
:10114000E4B247482146FFF7D7F8A5423FF446AB43
:10115000FF2C3FF443AB434B00221A70FFF73EBB1A
:10116000082907D13E4BB4F5807F1B7828BF0024A7
:10117000A3425BE009297FF49CAA3B4B394900223A
:101180001A700978364B5B7800293FF438ADB4F516
:10119000807F28BF14469C427FF431AD334B1978D1
:1011A00000293FF42CAD3249012008701A7026E561
:1011B0002A4E3378032B23D12E4F29483D7806221F
:1011C000B5FBF2F302FB1353DBB22B4AB4F5807F7D
:1011D000D35C28BF0024E1B28B4218BF214B05F13C
:1011E000010518BF0022EDB218BF1A70FFF784F88E
:1011F000062D3D707FF45DAA00233370FFF759BAC6
:101200005BB9B4F5807F1D4B154828BF0024E1B2BF
:101210001970FFF771F80823EFE7082B36D1104B50
:10122000B4F5807F1B7828BF00249C421EBF0D4B65
:1012300000221A70094B0922FFF7D2BA14020020CB
:10124000060000200800002074040020B4240008D8
:10125000B804002098040020780400202D0300200A
:1012600001000020000000203D0300202F0300208B
:10127000300300202C03002060090020160200200B
:101280003E0300204003002017020020092B7FF4BA
:1012900010AA2A4B2A4A00251D701278294B5B7828
:1012A000002A3FF4ACACB4F5807F28BF2C469C42AA
:1012B0007FF4A5AC244B1A78244B1A70FFF758F82A
:1012C000FFF776F8224B01221D70224B6EE7224B6E
:1012D000197800293FF42AAF0829A0D009297FF402
:1012E000E8A9164B00221A70154A164B12785B7843
:1012F000002A3FF484ACB4F5807F28BF00249C42D0
:101300007FF47DAC114BFF2250E7134A1378012B79
:101310007FF675AC013B1370FFF7CBB90E4A13781B
:10132000012BF7D8FF2C98BF02344FF0050394BF70
:10133000E4B202243B701470FFF7BBB93D030020F8
:1013400000000020010000201602002006000020FE
:10135000310300200C0000202D0300206F4B2DE9ED
:10136000F74F1B786E4F3C78002B40F0AA80002C82
:1013700040F0A7806B4B6C4D1B786C4EFF2B00F040
:10138000B6806B4B1A78DAB16A481C70042100F001
:10139000C4FB694A694B117819805178598091785A
:1013A000D2789980DA80664B664804221A80664BB0
:1013B00007211C8000F0ADFD33682B6001233B70DA
:1013C000D6F800A02B68AAEB0303012B57D95F497D
:1013D0000B88002B53D05E4ADFF894B114681BF8D9
:1013E0000490B9F1000F7DD05A4830F814000190F4
:1013F000594890F80080B8F1000F14D04FF0000C5D
:10140000013B01340B8080F800C0BCEB040303F007
:101410001F0304F01F0458BF5C4214604F4A138836
:10142000013313802BE04E4B42481B5D0093042197
:1014300000F073FB424BDFF804C1A3F80080009B6F
:10144000DFF830E15A1E4FF4967043469A423BDA79
:10145000B8F1000F02D03A4B009A1A803A4B394843
:10146000002207211A8009F1FF3900F052FD3D4AA0
:101470000BF8049001231370C5F800A03B7033688B
:101480002A689B1AB3F57A7F1BD90421294800F0FA
:1014900044FB354A294B117819805178598091784D
:1014A000D278DA809980264B04221A80264B254870
:1014B000002207211A8000F02CFD33682B600123E5
:1014C0003B7003B0BDE8F08F01995918B1FBF0F8FB
:1014D00000FB18114FF001081EF801102CF8131032
:1014E0000133B3E7013B01340B8063428FE733687C
:1014F0002A689B1AB3F57A7FE3D904210D4800F0DE
:101500000CFB1A4A0D49234612F8010B21F813006F
:1015100001330C2BF8D10A4A1380C7E73D030020A2
:101520003C0300200600002034030020680900204E
:10153000310300200004004828020020FC040020A1
:10154000F804002000380140FA0400206C04002058
:1015500070040020B80400203003002008000020A0
:10156000980400202F0300202402002018020020ED
:1015700078040020400300200D4B0E4A19681368C0
:10158000CB1A012B10B511D972B60B48002303609A
:101590000A4803600A484FF48074048009480380B5
:1015A00062B60948116003700848037010BD00BF9F
:1015B0006809002038030020580700205C0700203D
:1015C0000A000020540700202E0300203D030020C5
:1015D0004B4B1B782DE9F347002B00F08E80494BD5
:1015E00093F80090B9F1FF0F00F08780464A138806
:1015F000002B00F082804549DFF830810F68B8F891
:101600000050434E013B13807B1C5A4202F01F02E4
:1016100003F01F0358BF53420B603E4B4FF49674C8
:1016200001A81B88ADF804305021FEF765FEB5FB1C
:10163000F4F304FB13539BB250224946F254FEF7D5
:101640005BFE6B1C9BB2B3FBF4F204FB12339BB248
:1016500006F80390DFF8D89099F800A05146FEF7FD
:101660004BFEAB1C9BB2B3FBF4F204FB12339BB2F8
:10167000012106F803A00AF1010A89F800A0FEF78B
:101680003BFEEB1C9BB2B3FBF4F204FB12339BB2A8
:101690000122F254204B93F800904946FEF72CFEAD
:1016A0002B1D9BB2B3FBF4F204FB12339BB206F882
:1016B00003906B1D9BB2B3FBF4F204FB12339BB29D
:1016C0009DF80420F254AB1D9BB2B3FBF4F204FB73
:1016D00012339BB29DF80520F254EB1DA8F80030A0
:1016E0000E4B23F817500E4B0722DA550D4B1022E4
:1016F000DA550D4A13880133138002B0BDE8F08734
:101700000C000020060000200800002074040020C7
:1017100040030020B424000807000020B804002083
:1017200098040020780400206C0400203E03002070
:1017300017020020064BD3F80028013207D072B6FA
:10174000D3F8002882F30888D3F804381847704784
:10175000002000085A4B1B782DE9F74F002B00F0B2
:10176000AC80584B93F800A0BAF1FF0F00F0A580B1
:10177000554A1388002B00F0A0805449DFF86C8193
:10178000B1F800905249B8F800500F68514E013B33
:1017900013807B1C5A4202F01F0203F01F0358BF44
:1017A00053420B604C4B4FF4967401A81B88ADF864
:1017B00004305021FEF7A0FDB5FBF4F304FB1353F6
:1017C0009BB250225146F254FEF796FD6B1C9BB221
:1017D000B3FBF4F204FB12339BB206F803A0DFF86C
:1017E00010A19AF800B05946FEF786FDAB1C9BB2DB
:1017F000B3FBF4F204FB12339BB2032106F803B0EF
:101800000BF1010B8AF800B0FEF776FDEB1C9BB2E2
:10181000B3FBF4F204FB12339BB20322FB21F2541C
:10182000FEF76AFD2B1D9BB2B3FBF4F204FB1233EF
:101830009BB24FEA192AFB225146F254FEF75CFD97
:101840006B1D9BB2B3FBF4F204FB12339BB25FFA45
:1018500089F9494606F803A0FEF74EFDAB1D9BB281
:10186000B3FBF4F204FB12339BB206F80390EB1DBA
:101870009BB2B3FBF4F204FB12339BB29DF804203D
:10188000F25405F108039BB2B3FBF4F204FB1233EC
:101890009BB29DF80520F25405F10903A8F8003029
:1018A0000E4B23F817500E4B0922DA550D4B102220
:1018B000DA550D4A13880133138003B0BDE8F08F69
:1018C0001002002006000020080000201202002064
:1018D0007404002040030020B4240008B804002051
:1018E00098040020780400206C0400203E030020AF
:1018F0001702002008B5FEF757FCFEF76FFCFEF755
:101900009BFCFEF7B5FCFEF7CFFCFEF7D9FCFEF71B
:10191000EDFCFEF701FDFEF72BFDFEF749FDBDE8EE
:101920000840FEF75FBE00002DE9F0470025DFF814
:1019300048802F462E4643F6972940F6B73AD8F806
:101940000040A31BB3F5FA6F02D3FFF741FE264612
:10195000E31B4B4502D9FFF7EDFE2746631B5345BA
:1019600002D9FFF7F7FE2546FEF770FEFFF7F6FCFB
:10197000FFF702FEE3E700BF6809002008B5FFF7A4
:10198000B9FFFFF7D1FF0000044B1A69120641BFEF
:10199000034A5A6002F188325A60704700200240C0
:1019A00023016745024A136943F0800313617047BE
:1019B00000200240014BD860704700BF0020024069
:1019C000074BDA68D10707D4DA68D20606D4D8689C
:1019D000C0F380004000704701207047032070472B
:1019E0000020024010B50446FFF7EAFF012804F189
:1019F000FF3402D1002CF7D1042010BD38B50546C4
:101A00004FF47020FFF7EEFF88B9094C236943F0CB
:101A1000020323616561236943F0400323614FF4AE
:101A20007020FFF7DFFF236923F00203236138BD35
:101A30000020024070B505464FF470200E46FFF7B7
:101A4000D1FF68B9074C236943F0010323614FF4C8
:101A500070202E60FFF7C6FF236923F00103236186
:101A600070BD00BF002002402DE9F0430568C46846
:101A700000264FF0010E4FF003080EFA06F71F4242
:101A80000DD0770008FA07FC01FA07F925EA0C05E2
:101A900024EA0C0402FA07F749EA05053C4301363B
:101AA000102EEAD10560C460BDE8F08301294168C9
:101AB000F0B50CBF194399434FF6FF744160A24241
:101AC000816815D1C46B002201274FF0030C07FA7F
:101AD00002F61E421CBF55000CFA05F502F1010288
:101AE0001CBF29433443102AF1D18160C463F0BD87
:101AF000002401274FF0030C07FA04F51D4207D01C
:101B000065000CFA05F621EA060102FA05F52943FB
:101B10000134102CF0D18160E9E781617047816266
:101B20007047F0B5066A456A00234FF0010C4FF08C
:101B30000F0E0CFA03F4144207D09C000EFA04F7BF
:101B400026EA070601FA04F426430133082BF0D1F4
:101B500000234FF0010C4FF00F0E03F108040CFAB4
:101B600004F4144207D09C000EFA04F725EA070596
:101B700001FA04F425430133082BEED106624562D5
:101B8000F0BD000010B51D4CE36803F4E063B3F54D
:101B9000A06F08D020D8B3F5407F26D0B3F5806F72
:101BA00026D0174BE36002231C46C4F10404A14075
:101BB000C3F104040F23E3401340124A0B431B01FB
:101BC0001118DBB281F800334109012300F01F0036
:101BD000834042F8213010BDB3F5C06F0BD0B3F590
:101BE000E06FDED104230024DFE700230424DCE7D8
:101BF00001230324D9E703230124D6E700ED00E005
:101C00000005FA0500E100E021F06041034B21F0FE
:101C10007F0101439960BFF34F8F704700ED00E0F3
:101C2000830903F1804303F5043300F01F001968B2
:101C3000012282400A431A607047830903F18043FE
:101C400003F5043300F01F001A680121814022EAE5
:101C500001021A607047FFF7E3BFFFF7EEBF000015
:101C6000F0B55D4B89B0054604AC03F110061F4684
:101C700018685968224603C20833B3421446F7D1A4
:101C8000716838696B4603C303C354494B68C3F397
:101C90008103022B44D14A684868CB6A0601C2F32B
:101CA00083424FEAD37334D4002B30D102324B68D5
:101CB000C86ADC0332D5CB6A400003F00F0354BF7F
:101CC000474848480133B0FBF3F35A434B68C3F32A
:101CD000031320336B4413F8104C4B68C3F30223F7
:101CE00020336B4422FA04F413F8206C4B68C3F3DE
:101CF000C22320336B4413F8183C24FA03F0062D5A
:101D000010D8DFE805F06412141017464F00213296
:101D1000CDE70BB91132CAE73132C8E7324BD4E70D
:101D20002F4AD3E7002009B0F0BD2046FBE724FA94
:101D300006F0F8E70B6BDA0507D40B6B2B4813F4AE
:101D4000803F2B4B08BF1846EDE74A680B6BC2F388
:101D50008132022A4FEAD3730FD0032A14D0012A0A
:101D600006D00BB94008DEE70320B4FBF0F0DAE759
:101D70000BB98008D7E70520F7E71BB90623B0FBAE
:101D8000F3F0D0E70720F0E70BB9C008CBE7092054
:101D9000EBE70B6B13F0400F48F2120018BF4FF443
:101DA0000040C0E70B6B9B07BDD00B6B03F0030338
:101DB000012B0CD00B6B03F00303022B09D00B6B30
:101DC000074803F00303032B18BF0020ABE71046BE
:101DD000A9E74FF40040A6E7B6240008001002402F
:101DE00000127A00006CDC0200093D00003FAB01EC
:101DF000809FD50008B50C4B98420DD003F5744375
:101E0000984210D140F20E30FFF725FF40F20E301D
:101E1000BDE80840FFF721BF40F21140FFF71BFF6C
:101E200040F21140F4E708BD0044004038B5134BC0
:101E3000984204460D4618D003F57443984216D1D3
:101E40000620FFF70DFF226812044FEA550310D554
:101E500003EB4003B3FBF5F1C1F3420321F00F01A3
:101E60000904090C0B43E36038BD0220E9E70020B8
:101E7000E9E70344B3FBF5F39BB2F4E70044004009
:101E8000036823F001030360036823F4C063036065
:101E900003680B4303607047036823F0010303608A
:101EA000036823F48053036003680B4303607047A7
:101EB000036823F001030360436823F44053436045
:101EC00043680B4343607047036843F001030360BA
:101ED0007047036823F00803036003680B43036043
:101EE0007047036823F00403036003680B43036037
:101EF0007047C1F3080181627047406AC0F308006F
:101F00007047026A01F01F0101238B4013430362F3
:101F100070478A0910B501F01F01145801238B4046
:101F20002343135010BD10B58C090122235801F032
:101F30001F018A4023EA0203235010BDC1F3891315
:101F400010B51C588B0D1A58C1F30440012303FA35
:101F500000F0104006D001F01F018B40234214BF57
:101F60000120002010BD0000084B994206D1D0F896
:101F7000D03023F40043C0F8D0307047026AC1F378
:101F8000044101238B4013430362704709340F342B
:101F9000DFF830D0002103E00B4B5B584350043195
:101FA0000A480B4B42189A42F6D30A4A02E0002331
:101FB00042F8043B084B9A42F9D300F011F8FFF7BE
:101FC000DDFC704710020020E02600080000002021
:101FD00010000020100200206C090020FEE7000025
:101FE0007E4BDA6902F00602062A82B047D0DA692F
:101FF000900444D57A4A7B4959605A6099609A6046
:102000001A6942F020021A611A6942F040021A610C
:10201000DA68D107FCD41A6922F020021A611A6921
:1020200042F010021A61DA6912F0060F6E4A40F0AF
:10203000C780A5231380694B6B4AD969090A01F04F
:10204000DF015180D969C1F307419180D969090E37
:10205000D180196AC9B21181196AC1F3072151816E
:10206000DA68D207FCD41A6922F010021A611A69E0
:1020700022F400721A611A6942F080021A615B4A06
:10208000D2F8883043F47003C2F88830584B1A688D
:1020900042F001021A601A689007FCD55A6842F0B3
:1020A00080025A6000220192019A4F2A40F29080E9
:1020B0005A6842F090025A6000220192019A4F2A17
:1020C00040F289805A6822F003025A601A6822F0AE
:1020D000867222F480321A605968464A0A405A6071
:1020E0005A6822F0084222F474125A60DA6A22F026
:1020F000404222F00F02DA621A6B22F4817222F05F
:1021000001021A631A6B22F480321A631A6B22F0EE
:1021100000421A635A6B22F001025A63D3F8C020BE
:1021200022F48032C3F8C02000229A60C3F8CC2089
:102130001A6842F480321A604FF400621968890309
:1021400001D4013AFAD11A68900333D55A685A601B
:102150005A6842F400525A605A6842F480625A60E7
:102160005A6822F0036222F470225A60DA6A22F07E
:10217000404222F00F02DA625A6842F0016242F4F1
:1021800080325A60DA6A42F00102DA62DA6ADA62AE
:102190001A6842F080721A601A689101FCD55A6878
:1021A00022F003025A605A6842F002025A605A68EA
:1021B0001207FCD500214FF0006002B0FFF724BDEC
:1021C000DB6903F00603022B7FF435AFBB2331E755
:1021D000019A013267E7019A01326EE7002002405E
:1021E000AB89EFCD2301674500F8FF1F00ED00E04C
:1021F000001002400C00FF082DE9F047089D0C4636
:10220000002B4ED194468C458646B2FA82F262D9B2
:102210004AB1C2F12003914020FA03F30CFA02FC08
:10222000194300FA02FE4FEA1C471FFA8CF6B1FB75
:10223000F7F44FEA1E4307FB141143EA014304FB82
:1022400006F199420AD91CEB030304F1FF3080F038
:102250001381994240F21081023C6344591A1FFADB
:102260008EF3B1FBF7F007FB101143EA014300FBCB
:1022700006F69E420AD91CEB030300F1FF3180F001
:10228000FD809E4240F2FA80634402389B1B40EA84
:10229000044000211DB1D3400022C5E90032BDE851
:1022A000F0878B4205D90DB1C5E900010021084630
:1022B000F5E7B3FA83F1002946D1A34202D3904255
:1022C000C0F0F180861A64EB03030120002DE6D0F4
:1022D000C5E90063E3E7002A40F09180A1EB0C041C
:1022E0004FEA1C481FFA8CF70121B4FBF8F64FEABD
:1022F0001E4308FB164443EA044307FB06F09842DA
:1023000008D91CEB030306F1FF3402D2984200F215
:10231000CE8026461C1A1FFA8EF3B4FBF8F008FB99
:10232000104443EA044300FB07F79F4208D91CEB23
:10233000030300F1FF3402D29F4200F2B180204635
:10234000DB1B40EA0640A5E7C1F120068B4022FADC
:1023500006F71F4320FA06FC04FA01F343EA0C03D4
:10236000F44000FA01F8380C4FEA1349B4FBF0FED0
:102370001FFA87FC00FB1E4449EA04440EFB0CF9DB
:10238000A14502FA01F20AD93C190EF1FF3A80F098
:102390008580A14540F28280AEF1020E3C44A4EB60
:1023A00009041FFA83F9B4FBF0F300FB134449EA74
:1023B000044403FB0CFCA44507D93C1903F1FF308E
:1023C00068D2A44566D9023B3C4443EA0E40A0FBD8
:1023D0000293A4EB0C049C42CE469C4652D34FD0B1
:1023E00055B1B8EB0E0364EB0C0404FA06F6CB40CF
:1023F000CC401E43C5E900640021BDE8F087C2F16E
:10240000200320FA03F10CFA02FC24FA03F39440AF
:102410000C434FEA1C4800FA02FE1FFA8CF7B3FB8C
:10242000F8F008FB1031230C43EA014300FB07F1ED
:10243000994208D91CEB030300F1FF362CD29942D4
:102440002AD9023863445B1AA4B2B3FBF8F108FB43
:10245000113344EA034401FB07F3A34208D91CEB00
:10246000040401F1FF3613D2A34211D902396444A6
:10247000E41A41EA004138E70446EFE6084605E77A
:10248000C845ADD2B9EB020E63EB070C0138A7E7E4
:102490003146EDE7034698E73046D4E7D6467EE777
:1024A000634402384CE70646234608460EE7023EE0
:1024B00063442FE7FFFF000000000000000001025E
:1024C000030406070809000000000102030400C01D
:1024D000C101C30302C2C60607C705C5C404CC0CAC
:1024E0000DCD0FCFCE0E0ACACB0BC90908C8D8181C
:1024F00019D91BDBDA1A1EDEDF1FDD1D1CDC14D42C
:10250000D515D71716D6D21213D311D1D010F0305B
:1025100031F133F3F23236F6F737F53534F43CFC6B
:10252000FD3DFF3F3EFEFA3A3BFB39F9F83828E81B
:10253000E929EB2B2AEAEE2E2FEF2DEDEC2CE424EB
:1025400025E527E7E62622E2E323E12120E0A0605B
:1025500061A163A3A26266A6A767A56564A46CAC2B
:10256000AD6DAF6F6EAEAA6A6BAB69A9A86878B89B
:10257000B979BB7B7ABABE7E7FBF7DBDBC7CB474AB
:1025800075B577B7B67672B2B373B17170B050905B
:1025900091519353529296565797559594549C5CEB
:1025A0005D9D5F9F9E5E5A9A9B5B9959589888489B
:1025B00049894B8B8A4A4E8E8F4F8D4D4C8C44846B
:1025C000854587474686824243834181804000C1DA
:1025D000814001C0804101C0804100C1814001C0F3
:1025E000804100C1814000C1814001C0804101C0E3
:1025F000804100C1814000C1814001C0804100C1D3
:10260000814001C0804101C0804100C1814001C0C2
:10261000804100C1814000C1814001C0804100C1B2
:10262000814001C0804101C0804100C1814000C1A2
:10263000814001C0804101C0804100C1814001C092
:10264000804100C1814000C1814001C0804101C082
:10265000804100C1814000C1814001C0804100C172
:10266000814001C0804101C0804100C1814000C162
:10267000814001C0804101C0804100C1814001C052
:10268000804100C1814000C1814001C0804100C142
:10269000814001C0804101C0804100C1814001C032
:1026A000804100C1814000C1814001C0804101C022
:1026B000804100C1814000C1814001C0804100C112
:1026C000814001C0804101C0804100C181400000C3
:0426D000F8B500BF9A
:0426D400F8B500BF96
:0826D80020FBFF7F0100000060
:1026E00001FFFF00FFFFFFF22000000101000000DA
:0400000508001F913F
:020000040800F2
:102800001C030020498D0008958D0008958D000857
:10281000958D0008958D0008958D0008000000003A
:10282000000000000000000000000000958D00087E
:10283000958D000800000000958D0008CD29000846
:1028400000000000958D0008958D0008958D00080A
:10285000958D0008958D0008958D0008958D0008D0
:10286000958D0008958D0008958D0008958D0008C0
:10287000958D0008958D0008958D0008958D0008B0
:10288000958D0008958D000800000000958D0008CA
:10289000958D000869570008958D0008958D0008F2
:1028A000958D0008958D0008958D0008052C000871
:1028B000958D000800000000958D000800000000C4
:1028C000958D000800000000958D0008958D00088A
:1028D000958D0008000000000000000000000000CE
:1028E0000000000000000000958D000800000000BE
:1028F00000000000000000000000000000000000D8
:10290000958D00080000000000000000958D000873
:1029100000000000000000000000000000000000B7
:1029200000000000000000000000000000000000A7
:102930000000000000000000000000000000000097
:10294000000000000000000000000000958D00085D
:1029500053B94AB9002908BF00281CBF4FF0FF3106
:102960004FF0FF3000F00CB8ADF1080C6DE904CE6B
:1029700006F01EFBDDF804E0DDE9022304B0704739
:10298000704700BF074B591E1A5C095C41EA0221DF
:102990009A1E033B125C185C42EA012240EA0220C4
:1029A000704700BF590600204FF0E023054A5A61E6
:1029B000054AF02182F8231000229A6107221A6149
:1029C000704700BF1E48010000ED00E0024A136896
:1029D00001331360704700BF900D0020F8B5144B11
:1029E0006FF03A02D3F8E017D3F8AC07D3F8B0672A
:1029F000D3F8B4774FF6FF73FFF7AAFF38461446B3
:102A00001D466FF03A024FF6FF733146FFF7A0FF05
:102A1000084862406B400021013100F8012B062973
:102A20004FEA122242EA03624FEA1323F4D1F8BDBF
:102A300000F0FF1F880D002008B503494FF000602B
:102A400005F04EFD62B608BD0028000810B50C4C1C
:102A500040F2125005F050FD204640230322002191
:102A600005F084FC204600220221402305F05CFC96
:102A700020464022BDE81040002105F0BEBC00BF4A
:102A80000004004810B50C4C40F2125005F034FD23
:102A9000204680230322002105F068FC2046002206
:102AA0000221802305F040FC20468022BDE8104032
:102AB000002105F0A2BC00BF0004004808B50022B8
:102AC0001B20114605F0CAFCBDE8084040F20E602C
:102AD00005F012BD10B5094C40F2125005F00CFD86
:102AE000204604230322002105F040FC2046042355
:102AF000BDE810400022012105F016BC000400488A
:102B00000148042105F06BBC00040048037810B5AF
:102B10005940044C044B5A5C4378615C42704B4012
:102B2000037010BD989300089892000873B5124C7A
:102B30002246552102F8011B104908688988C4F80B
:102B4000010091800122227262720D4A00251288D2
:102B5000E571ADF80420264614F8011B01A80135E3
:102B6000FFF7D4FF0A2DF7D19DF80430B3729DF81A
:102B70000530F37202B070BD42060020880D0020BF
:102B80006C92000837B50C4B0C4C1D780C4B6570E3
:102B90001B88ADF804305F2101A82170FFF7B6FF54
:102BA0002946FFF7B3FF9DF80430A3709DF8053068
:102BB000E37003B030BD00BF0E01002052060020BC
:102BC0006C92000837B50C4B0C4C1D780C4B6570A3
:102BD0001B88ADF80430332101A82170FFF796FF60
:102BE0002946FFF793FF9DF80430A3709DF8053048
:102BF000E37003B030BD00BF0E0100204E06002080
:102C00006C920008F8B56549654806F073F8064609
:102C100040B1634840F2017106F04FF85F496048E7
:102C200006F07EF85F495E4806F064F8074640B15A
:102C30005B4840F2027106F040F85A49584806F0E5
:102C40006FF85949564806F055F8054640B15448C2
:102C500040F2037106F031F85349514806F060F82C
:102C600052494F4806F046F8044640B14C484FF4EC
:102C7000E06106F022F84D49494806F051F84C4908
:102C8000474806F037F8D0B1454840F2037106F0E6
:102C900014F84749424806F043F872B6454A002303
:102CA0001360454A1360454A4FF480711180444ACD
:102CB000138062B6434A1370434A137005E03E43E3
:102CC00035432C43E4B2002CE7D14049344806F0A8
:102CD00011F810B3394A1388DBB1374930480C6812
:102CE000013B1380631C5A42D2B2DBB258BF53423D
:102CF0000B6005F0DEFF364B23F81400324B012247
:102D00001A70344B1A68344B1A602D4A13880133F9
:102D100013802E49224806F003F83049204805F078
:102D2000E9FFC0B12E4D2F4B2C881B88A34225D91B
:102D30004FF49672B4FBF2F302FB13439BB22A4AA0
:102D4000174832F81310013405F0AFFF2C802349E7
:102D5000134805F0E5FF2549114805F0CBFFD8B130
:102D60000F48062105F0BBFF2148042105F037FB81
:102D7000BDE8F8401D490A4805F0D2BF08480721C0
:102D800005F0ADFF0648062105F09FFF0E4A00231F
:102D90001370184A1370DAE7F8BD00BF000201078C
:102DA0000038014000020207000203070800000784
:102DB00005000307800B0020840B00201201002077
:102DC0007C0B002058070020650700200500050740
:102DD000880B0020900D00206007002007000707E7
:102DE00022090020200900202409002006000607EF
:102DF000000400486407002010B5174C204605F079
:102E0000D5FE2046042105F048FF2046082105F0A4
:102E10003CFF2046052105F058FF20464FF4007185
:102E200005F053FF2046082105F04FFF20460B49CF
:102E300005F0D8FE2046002105F00AFF20460021BB
:102E400005F012FF2046002105F0F6FE2046BDE801
:102E5000104005F015BF00BF0038014040420F0090
:102E60002DE9F04F994B1A8885B0002A31D072B6FF
:102E70001A88013A1A8062B69548964D01684B1C33
:102E80005A42D2B2DBB258BF53420360924B33F87E
:102E900011402B78002B58D1FF2C14D8AA2CE1B26A
:102EA0001AD18E49032008708D498E480B708E49C7
:102EB0000B708E4B01221A70FF232A70037043702F
:102EC0002146FFF723FE72B6894A13880133138027
:102ED00062B605B0BDE8F08FCC290FD102222A706E
:102EE0007E4A13707E4A7F4813707F4A13707F4B6F
:102EF00001221A70FF2303704370E2E7AF2901D16A
:102F00000322ECE7A02901D10422E8E7552905D1E5
:102F100005222A70714A0B201070E3E7332904D18F
:102F200005222A7003206D4AF6E75F2906D10523A2
:102F30002B706A4B03221A700023D3E75029C2D1A9
:102F400006232B700222654BF5E7013B052BBAD80F
:102F5000DFE813F06B07C0071E070600E607EF0760
:102F60005E4E3178B9B9634BFF2C1D7809D95D48A5
:102F7000FFF7CCFD15B15D4B00221A7001233370B1
:102F8000A1E7E4B257482146FFF7C0FDA542F5D0BE
:102F9000FF2CF3D0EFE70139082994D801A353F8A7
:102FA00021F000BFC92F0008E12F0008C72E00083C
:102FB000C72E0008C72E0008C72E00080B300008D7
:102FC000CF3D000841300008B4F5807F4A4B4548AA
:102FD00028BF0024E1B21970FFF798FD0223CEE765
:102FE000FF2C414B08D900213E481970FFF78EFD98
:102FF0003A4B08221A7066E7E1B23A481970FFF7B7
:1030000085FD002CF4D00723B9E735480378B4F5E3
:10301000807F28BF0024FF22B3FBF2F21A44013361
:10302000DDB2E1B202F0FF02344C05702D48A1542C
:10303000FFF76CFD2C4B1B78AB427FF444AFD7E716
:103040002F4B2A4A00261E701278264B5B78FAB165
:10305000B4F5807F28BF34469C4219D1224B2649C3
:103060001A78284B0978B3F90030009152B18B429D
:1030700008D0254B214C1878237880F0010153B9F2
:10308000002947D1214B01221A701E4B009A1A8049
:1030900000232B7017E7022B40F08C810029F1D020
:1030A000062AEFD96378013BDBB2012BEAD80C2268
:1030B0005343A2781649003A18BF01220320CF18C3
:1030C000CA54FFF75FFC3E727860DBE77C0B0020A0
:1030D000800B002058070020880B00205707002095
:1030E0005607002009010020550700200801002094
:1030F000120100200E01002040060020560600208C
:10310000650700200C010020140100205B0700204F
:1031100020060020022AB5D96678013EF7B2012FB9
:10312000B0D8A3789BB9A04A182303FB06F1501826
:10313000515C807D0028A5D10029A3D07343D1180C
:10314000D0549A4B1B680B61C1E902009AE7012B2E
:1031500040F0E580944C1823734304EB0308062ADF
:1031600098F81690D8F80C7014F803B06ED90320B4
:10317000FFF708FCB9F1000F5AD1BBF1000F57D18E
:10318000002F55D1894B98F814C01A68234696B180
:10319000BE46197D614509D1997D39B91F78D3F8AB
:1031A0000C8067B1C3E9021119701A61BEF1000FFA
:1031B0000BD1012E09D018334FF0010EE9E7B8F119
:1031C000000FF3D0C3E90277F0E7794B0CF1FF3140
:1031D0000C2701F0010107FB01335F68A37D7BB180
:1031E00094F82E30E3B93B46217EB9B994F82C10FF
:1031F000614513D1A16A511A8B4228BF0B460DE0DD
:103200002378D3B9237D634517D12169531ABB4273
:1032100028BF3B4694F82E100029E5D09F420ED8D7
:1032200018237343E1180027C1E903720122E25415
:10323000182303FB0643986024E73B46EAE718217E
:1032400001FB0641FB1AC1E90332F1E7B9F1000FB6
:1032500056D1BBF1000F53D1002F51D1534B98F8E9
:1032600014C01A6823467EB1197D614509D1997D44
:1032700039B91878D3F80CE048B1C3E902111970D4
:103280001A6157B9012E08D018330127ECE7BEF1B7
:10329000000FF6D0C3E90200F3E7454B0CF1FF3114
:1032A0000C2001F0010100FB01335868A37D7BB1C4
:1032B00094F82E30E3B90346217EB9B994F82C1066
:1032C000614513D1A16A511A8B4228BF0B460DE00C
:1032D0002378DBB9237D634518D12169531A8342D2
:1032E00028BF034694F82E100029E5D098420FD845
:1032F00018237343E1180020C1E903020122E254BC
:10330000182303FB06446368A360BBE60346E9E7B2
:10331000182101FB0641C31AC1E90332F0E7022B71
:103320000DD1062A7FF6AEAE0320FFF72BFB1E4B16
:10333000182202FB0733586000225A75A2E6032BBD
:103340007FF4A0AE194BE678D3F800E0164B184690
:1033500007B34FF0000C01241A7DB24207D0224679
:103360006446E4B1182303FB02031E75E4E79A7D6B
:10337000002AF4D11978D3F80C8029B1C3E90222CC
:103380001A70C3F810E0EAE7B8F1000FE7D0C3E91C
:103390000211E4E73C4618334FF0010CDCE7012F43
:1033A000F9D13A46DEE700BFD8000020900D00209A
:1033B00020060020D02B36D100293FF463AE022A2C
:1033C0007FF660AE6378013BDBB2052B3FF65AAE69
:1033D000A178002940F0FA801C22B6485A4384188C
:1033E000825C1AB100226260226121761C2202FBFB
:1033F00003000021047BAF4A0E468B420DD0177BA1
:10340000A7420AD1876897604768576007781770A6
:10341000076917614769576116760131062902F17C
:103420001C02EAD12EE6032B40F0058200293FF46E
:1034300029AE062A60787FF425AE431EDBB2072B47
:103440003FF620AE9C4A94F802C002F813C002EB8B
:103450004302E6785670994A994F94F804E002F8CE
:1034600013E002EB430203233B70964B617993F820
:1034700000805170B8F1FF0F787087F802C0FE70BD
:1034800087F804E0797100F09D808F4A1388002B43
:1034900000F098808D48DFF858A2D0F800B0013BCA
:1034A00013800BF10103594201F01F0103F01F03C8
:1034B00058BF4B420360864B1E88864B4FF4967470
:1034C0001B88ADF80C3003A85021FFF71FFBB6FB9B
:1034D000F4F104FB116189B24FF0500C0AF801C0FD
:1034E0004146FFF713FB711C89B2B1FBF4FC04FBEE
:1034F0001C1189B20AF80180DFF8F88198F8009071
:103500004946FFF703FBB11C89B2B1FBF4FC04FB95
:103510001C1189B20AF8019009F10109062188F805
:103520000090FFF7F3FAF11C89B2B1FBF4F004FB51
:10353000101189B2062006F1040906F10A080AF8FA
:1035400001001FFA89F91FFA88F817F8011B019189
:1035500003A8FFF7DBFAB9FBF4F004FB109009F1C4
:10356000010980B21FFA89F901990AF80010C845CB
:10357000EBD1B8FBF4F104FB11881FFA88F89DF831
:103580000C100AF80810524A06F10B0189B206F134
:103590000C031380B1FBF4F04F4B504A23F81B602F
:1035A00004FB101189B24E4B9DF80D000AF8010082
:1035B0000C2103F80B104B4B102103F80B10138850
:1035C00001331380484B01221A705BE5013904294D
:1035D0003FF658ADDFE811F005002E009000E7003F
:1035E0000D011C2233495A4388188A5C2AB14FF0D6
:1035F0007E5242600261002202761C2202FB03110D
:1036000000200C7B2B4A064683420DD0177BA74235
:103610000AD18F6897604F6857600F7817700F69ED
:1036200017614F69576116760130062802F11C02B6
:10363000EAD127E5032A3FF425AD1C221D495A4350
:103640008A5CD2B1E0789FED297A07EE900AF8EE15
:10365000677A042A67EE877A06D1F5EE407AF1EEB2
:1036600010FA18BFF7EE007A1C2202FB03120020AA
:10367000C2ED017AC2ED047A10761C2202FB03111E
:1036800000200C7B0B4A064683420DD0177BA742D5
:103690000AD18F6897604F6857600F7817700F696D
:1036A00017614F69576116760130062802F11C0236
:1036B000EAD1E7E4300000201000002020000020C4
:1036C000A40500200E010020100100209C0800200D
:1036D000660700206C920008E00800209408002093
:1036E000C0080020A0080020A20500208180803BA7
:1036F0006807002041060020042A7FF6C3AC1C2185
:10370000B04859434218415CE9B12679E478DFEDCD
:10371000AE6A07EE104AB8EE477A042907EE906ABF
:1037200027EE267A2CD1B5EE407AF1EE10FA4FF062
:10373000000118BF4FF07E51516011611C2202FB45
:103740000302002111761C2101FB03019D4A0C7B21
:103750000020064683420DD0177BA7420AD18F680E
:1037600097604F6857600F7817700F6917614F693E
:10377000576116760130062802F11C02EAD181E475
:10378000F8EE677A82ED017A67EEA67A9FED8F7A7E
:10379000DFED8F6AC2ED027A77EE677A86EEA77A5E
:1037A00082ED057ACAE7032A3FF46CAC854AE478D7
:1037B0001C21594350185454002141600161047B7D
:1037C000002101760E468B420DD0177BA7420AD10D
:1037D00087689760476857600778177007691761AF
:1037E0004769576116760131062902F11C02EAD1B8
:1037F00048E4032A3FF446AC724AE4781C2000FBFC
:1038000003200021047301760E468B420DD0177BF6
:10381000A7420AD187689760476857600778177092
:10382000076917614769576116760131062902F168
:103830001C02EAD126E4F23B092B3FF623AC01A19E
:1038400051F823F06D38000885300008E53900088C
:10385000393A0008853000088530000885300008B6
:103860008530000885300008793D0008282A7FF659
:1038700009AC6378574E584F003B18BF0123022014
:103880003370FFF77FF8A3797060003B18BF012306
:1038900007203373FFF776F8504B3061D3F800A060
:1038A00007F130080B264FF0FF0906F1020B9BFBD6
:1038B000F9F3C3EB0323ABEB030BBB7D43B9A35D70
:1038C000003B18BF01233B705846FFF75BF8B86018
:1038D000731C93FBF9F1C1EB01215B1A5846E35CC1
:1038E0003B75FFF74FF81837063647F8140C96FB70
:1038F000F9F347F808ACC3EB03234745A6EB0306EF
:10390000D3D1304F9FED307A00223B46FF204FF05D
:10391000000B9446711C91FBF0F8C8EB0828A1EB52
:10392000080114F806E014F8018083F80080B11C47
:1039300091FBF0F9C9EB0929A1EB090183F80CE02F
:10394000615CC3F808B007EE901AF8EE677A394662
:1039500067EE877A4FF00008C3ED017AC3ED047A71
:10396000904519D091F80C90F14515D1D3F80890F5
:10397000C1F80890D3F80490C1F8049093F800902F
:1039800081F80090D3F81090C1F81090D3F81490FB
:10399000C1F8149081F818C008F10108B8F1060FB9
:1039A00001F11C01DCD101320336062A96FBF0F14D
:1039B000C1EB0121A6EB010603F11C03AAD1084BC0
:1039C000002201E6300000208180803B5C8F823F36
:1039D00017B7D13820060020D8000020900D002015
:1039E00014010020D44A00231372137582F820308A
:1039F00082F82C3082F8383082F8443082F8503027
:103A000082F85C30CD4A137000287FF43BABCC4B7E
:103A1000587583F82D00CB4B18721875CA4B187661
:103A200083F8340083F8500083F86C0083F8880032
:103A300083F8A400FFF726BBC44B93F80080B8F1CD
:103A4000FF0F3FF41FABC24A1388002B3FF41AABA1
:103A5000C049DFF81CB3D1F80090BBF80060BE4F3E
:103A6000013B138009F101035A4202F01F0203F0E7
:103A70001F0358BF53420B60B84B4FF4967403A812
:103A80001B88ADF80C305021FFF740F8B6FBF4F37B
:103A900004FB13639BB250224146FA54FFF736F8F9
:103AA000731C9BB2B3FBF4F204FB12339BB207F816
:103AB0000380DFF8C08298F800100191FFF726F824
:103AC000B31C9BB2B3FBF4F204FB123301999BB21B
:103AD000F954013188F800101321FFF717F8F31C8F
:103AE0009BB2B3FBF4F204FB12339BB21322F52119
:103AF000FA54FFF70BF8331D9BB2B3FBF4F204FB4F
:103B000012339BB2F5220021FA54FEF7FFFF731D1A
:103B10009BB2B3FBF4F204FB12334FF000089BB2EC
:103B2000414607F80380FEF7F1FFB31D9BB2B3FBDC
:103B3000F4F204FB12339BB2412107F80380FEF735
:103B4000E5FFF31D9BB2B3FBF4F204FB12339BB20F
:103B500041220321FA54FEF7D9FF06F108039BB274
:103B6000B3FBF4F204FB12334FF003089BB241465F
:103B700007F80380FEF7CAFF06F109039BB2B3FB07
:103B8000F4F204FB12339BB2042107F80380FEF722
:103B9000BDFF06F10A039BB2B3FBF4F204FB123340
:103BA0009BB204226721FA54FEF7B0FF06F10B0323
:103BB0009BB2B3FBF4F204FB12339BB26722642185
:103BC000FA54FEF7A3FF06F10C039BB2B3FBF4F229
:103BD00004FB12339BB264223321FA54FEF796FFA2
:103BE00006F10D039BB2B3FBF4F204FB12339BB25C
:103BF0004FF03308322107F80380FEF787FF06F104
:103C00000E039BB2B3FBF4F204FB12339BB23222DD
:103C10006621FA54FEF77AFF06F10F039BB2B3FB5D
:103C2000F4F204FB12339BB266224146FA54FEF7CB
:103C30006DFF06F110039BB2B3FBF4F204FB1233E9
:103C40009BB2414607F80380FEF760FF06F11103BF
:103C50009BB2B3FBF4F204FB12339BB2302107F8A2
:103C60000380FEF753FF06F112039BB2B3FBF4F29D
:103C700004FB12339BB230226B21FA54FEF746FF4D
:103C800006F113039BB2B3FBF4F204FB12339BB2B5
:103C90006B223821FA54FEF739FF06F114039BB268
:103CA000B3FBF4F204FB12339BB238227521FA54B1
:103CB000FEF72CFF06F115039BB2B3FBF4F204FBF5
:103CC00012339BB275223621FA54FEF71FFF06F11C
:103CD00016039BB2B3FBF4F204FB12339BB2362201
:103CE000FA5406F117039BB2B3FBF4F204FB123350
:103CF0009BB29DF80C20FA5406F118039BB2B3FB5B
:103D0000F4F204FB12339BB29DF80D20FA5406F135
:103D10001903ABF80030124B23F81960114B19222C
:103D200003F80920104B102203F809200F4A1388CA
:103D300001331380FFF7A6B9B8050020A3050020C2
:103D4000D800002020060020300000200E010020B6
:103D5000100100209C080020680700206C920008D9
:103D6000E0080020C0080020A008002094080020DF
:103D70006607002041060020BFF34F8F7549764B40
:103D8000CA6802F4E0621343CB60BFF34F8FFEE7D3
:103D9000724B1978C9B9724BFF2C1D7805D971483F
:103DA000FEF7B4FE65B9FFF723B9E4B26D482146CA
:103DB000FEF7ACFEA5423FF41BA9FF2C3FF418A967
:103DC000694B00221A70FFF713B908290ED1654B11
:103DD000B4F5807F1B7828BF00249C421EBF624B35
:103DE00000221A705D4B0922FFF704B909297FF4FC
:103DF0006AA85E4B5C4900221A700978594B5B78BF
:103E000000293FF445A9B4F5807F28BF14469C42A1
:103E10007FF43EA9564B197800293FF439A955493A
:103E2000012008701A70FFF733B94C4E3378032B1A
:103E30001FD1514D514B2F784A480621B7FBF1F263
:103E400001FB1272D2B2B4F5807F9B5C28BF0024C4
:103E5000E1B28B421EBF444B00221A70FEF756FEA1
:103E60007B1CDBB2062B2B707FF42DA80023FFF701
:103E700086B863B9B4F5807F414B3A4828BF002427
:103E8000E1B21970FEF742FE0823FFF778B8082B5D
:103E90009DD0092B7FF417A8344B334A00261E709F
:103EA0001278304B5B78002A3FF4F2A8B4F5807F9B
:103EB00028BF34469C427FF4EBA8314B1A78284B3C
:103EC0001A70FEF75FFEFEF77DFE2E4B01221E707C
:103ED0002D4BA7E7214B197800293FF45CAF082947
:103EE00007D1204BB4F5807F1B7828BF0024A34264
:103EF00074E709297EF4E7AF1C4B00221A701A4AB6
:103F0000184B12785B78002A3FF4C2A8B4F5807F82
:103F100028BF00249C427FF4BBA8114BFF2281E7FD
:103F20000E4A1378012B7FF6B3A8013B1370FEF7FE
:103F3000CABF0A4A1378012BF7D8FF2C98BF023466
:103F40004FF0050394BFE4B202242B701470FEF707
:103F5000BABF00BF00ED00E00400FA0557070020DB
:103F60000E01002009010020080100206507002043
:103F7000590700205A07002056070020880D00200E
:103F8000400600205B070020140100206F4B2DE944
:103F9000F74F1B786E4F3C78002B40F0AA80002C26
:103FA00040F0A7806B4B6C4D1B786C4EFF2B00F0E4
:103FB000B6806B4B1A78DAB16A481C70042104F0A1
:103FC0000CFA694A694B11781980517859809178B7
:103FD000D2789980DA80664B664804221A80664B54
:103FE00007211C8004F071FE33682B6001233B70B5
:103FF000D6F800A02B68AAEB0303012B57D95F4921
:104000000B88002B53D05E4ADFF894B114681BF87C
:104010000490B9F1000F7DD05A4830F81400019097
:10402000594890F80080B8F1000F14D04FF0000C00
:10403000013B01340B8080F800C0BCEB040303F0AB
:104040001F0304F01F0458BF5C4214604F4A1388DA
:10405000013313802BE04E4B42481B5D009304213B
:1040600004F0BBF9424BDFF804C1A3F80080009BC9
:10407000DFF830E15A1E4FF4967043469A423BDA1D
:10408000B8F1000F02D03A4B009A1A803A4B3948E7
:10409000002207211A8009F1FF3904F016FE3D4A7B
:1040A0000BF8049001231370C5F800A03B7033682F
:1040B0002A689B1AB3F57A7F1BD90421294804F09A
:1040C0008CF9354A294B11781980517859809178AB
:1040D000D278DA809980264B04221A80264B254814
:1040E000002207211A8004F0F0FD33682B600123C1
:1040F0003B7003B0BDE8F08F01995918B1FBF0F89F
:1041000000FB18114FF001081EF801102CF81310D5
:104110000133B3E7013B01340B8063428FE733681F
:104120002A689B1AB3F57A7FE3D904210D4804F07D
:1041300054F91A4A0D49234612F8010B21F81300CD
:1041400001330C2BF8D10A4A1380C7E7650700201A
:10415000640700200E0100205C070020900D002065
:104160005B070020000400485206002024090020BC
:104170002009002000380140220900209408002076
:1041800098080020E00800205A07002010010020B5
:10419000C0080020590700204E06002042060020DB
:1041A000A0080020680700200D4B0E4A196813680C
:1041B000CB1A012B10B511D972B60B48002303603E
:1041C0000A4803600A484FF4807404800948038059
:1041D00062B60948116003700848037010BD00BF43
:1041E000900D002060070020800B0020840B002031
:1041F000120100207C0B00205807002065070020DA
:104200004B4B1B782DE9F347002B00F08E80494B78
:1042100093F80090B9F1FF0F00F08780464A1388A9
:10422000002B00F082804549DFF830810F68B8F834
:104230000050434E013B13807B1C5A4202F01F0288
:1042400003F01F0358BF53420B603E4B4FF496746C
:1042500001A81B88ADF804305021FEF757FCB5FBD0
:10426000F4F304FB13539BB250224946F254FEF779
:104270004DFC6B1C9BB2B3FBF4F204FB12339BB2FC
:1042800006F80390DFF8D89099F800A05146FEF7A1
:104290003DFCAB1C9BB2B3FBF4F204FB12339BB2AC
:1042A000012106F803A00AF1010A89F800A0FEF72F
:1042B0002DFCEB1C9BB2B3FBF4F204FB12339BB25C
:1042C0000122F254204B93F800904946FEF71EFC61
:1042D0002B1D9BB2B3FBF4F204FB12339BB206F826
:1042E00003906B1D9BB2B3FBF4F204FB12339BB241
:1042F0009DF80420F254AB1D9BB2B3FBF4F204FB17
:1043000012339BB29DF80520F254EB1DA8F8003043
:104310000E4B23F817500E4B0722DA550D4B102287
:10432000DA550D4A13880133138002B0BDE8F087D7
:10433000140100200E010020100100209C08002024
:10434000680700206C9200080F010020E0080020A0
:10435000C0080020A0080020940800206607002064
:104360004106002010B540F2115004F0C5F84FF49A
:104370000063032200214FF0904003F0F7FFBDE8F7
:1043800010404FF40063002201214FF0904003F0F1
:10439000CBBF10B540F2115004F0AEF84FF480637B
:1043A000032200214FF0904003F0E0FFBDE81040F1
:1043B0004FF48063002201214FF0904003F0B4BF1E
:1043C000F8B5334B1968334B00201C461E781A6928
:1043D000D3E90257002E50D137B18A1ABA4203D915
:1043E00001221A70DE6019611833002843D0257845
:1043F0006DB94FF400614FF0904003F0F8FF30B119
:104400004FF400614FF09040657503F0E8FF257EA2
:1044100075B94FF480614FF0904003F0E8FF38B178
:104420004FF480614FF0904084F82D5003F0D7FF97
:1044300023786BB14FF400614FF0904003F0D7FF49
:1044400030B960754FF400614FF0904003F0C5FF44
:10445000237EE3B14FF480614FF0904003F0C7FF3B
:10446000A8B984F82D004FF48061BDE8F8404FF002
:10447000904003F0B2BF0120A8E7002DB4D08A1A03
:10448000AA42B1D90022C3E902221A70ABE7F8BDF3
:10449000900D0020D80000202DE9F04FC64B1B786E
:1044A00087B0002B40F0AE81C44BDFF844B31B78DB
:1044B000019303F00108182202FB08F20BEB020142
:1044C000487D002840F0B680BD4D1BF80220AA7040
:1044D0000A7DEA704A682A71110A6971110C120E7C
:1044E000EA71B84A28701778A97108F10100FF2F06
:1044F000687000F09A80B4490A88002A00F095801C
:10450000B24CB34BDFF8ECA21E88013A0A80226855
:104510000292511C484200F01F0001F01F0158BFD9
:1045200041422160AB490988ADF814104FF49674EC
:1045300005A85021FEF7EAFAB6FBF4F104FB11617D
:1045400089B24FF0500C0AF801C03946FEF7DEFA86
:10455000711C89B2B1FBF4FC04FB1C1189B20AF88E
:1045600001709D4F97F800904946FEF7CFFAB11CB5
:1045700089B2B1FBF4FC04FB1C1189B20AF801906A
:1045800009F10109082187F80090FEF7BFFAF11C34
:1045900089B2B1FBF4F004FB101189B2082006F1D6
:1045A000040906F10C070AF80100029A1FFA89F9BA
:1045B000BFB215F8011B039205A80291FEF7A6FAF7
:1045C000B9FBF4F004FB109009F1010980B21FFA65
:1045D00089F902990AF800104F45039AE9D1B7FB0F
:1045E000F4F104FB1177BFB29DF814100AF807101C
:1045F00006F10D0189B2B1FBF4F004FB101189B290
:104600009DF81500724B0AF8010006F10E011980A1
:10461000724921F8126072490E20885471491020A5
:10462000885471490A8801320A80182202FB08B3B3
:1046300001225A75DFF8C0B10C2202FB08F20BEB25
:104640000201087A002840F0D980684D1BF802204A
:10465000AA704A68EA70110A2971110C120EAA7127
:10466000584A6971177802202870FF2F08F101005D
:10467000687000F09A8054490A88002A00F09580FA
:10468000524C534BDFF86CA11E88013A0A80226815
:104690000292511C484200F01F0001F01F0158BF58
:1046A000414221604B490988ADF814104FF49674CB
:1046B00005A85021FEF72AFAB6FBF4F104FB1161BC
:1046C00089B24FF0500C0AF801C03946FEF71EFAC5
:1046D000711C89B2B1FBF4FC04FB1C1189B20AF80D
:1046E00001703D4F97F800904946FEF70FFAB11C54
:1046F00089B2B1FBF4FC04FB1C1189B20AF80190E9
:1047000009F10109072187F80090FEF7FFF9F11C74
:1047100089B2B1FBF4F004FB101189B2072006F155
:10472000040906F10B070AF80100029A1FFA89F939
:10473000BFB215F8011B039205A80291FEF7E6F936
:10474000B9FBF4F004FB109009F1010980B21FFAE3
:1047500089F902990AF800104F45039AE9D1B7FB8D
:10476000F4F104FB1177BFB29DF814100AF807109A
:1047700006F10C0189B2B1FBF4F004FB101189B20F
:104780009DF81500124B0AF8010006F10D01198081
:10479000124921F8126012490D2088541149102045
:1047A000885411490A8801320A800C2202FB08B39E
:1047B00001221A7222E000BF140100201806002016
:1047C000380600200E010020100100209C08002067
:1047D000660700206C92000841060020E0080020D7
:1047E000C0080020A008002094080020190600201E
:1047F000D80000206807002020060020019B034A03
:104800000133137007B0BDE8F08F00BF1806002019
:1048100010B540F2115003F06FFE0823032200216F
:104820004FF0904003F0A2FDBDE8104008230122A4
:1048300000214FF0904003F077BD10B540F21150C9
:1048400003F05AFE0423032200214FF0904003F0AE
:104850008DFDBDE810400423012200214FF090405F
:1048600003F062BD10B540F2115003F045FE022383
:10487000032200214FF0904003F078FDBDE8104086
:104880000223012200214FF0904003F04DBD10B5EE
:1048900040F2115003F030FE0123032200214FF0BB
:1048A000904003F063FD0123BDE810401A4600214B
:1048B0004FF0904003F038BD10B5094C40F2125053
:1048C00003F01AFE204620230322002103F04EFDB0
:1048D00020462023BDE810400122002103F024BD22
:1048E0000004004810B5094C40F2125003F004FED9
:1048F000204610230322002103F038FD2046102318
:10490000BDE810400122002103F00EBD0004004864
:1049100010B5094C40F2125003F0EEFD204608237A
:104920000322002103F022FD20460823BDE81040A9
:104930000122002103F0F8BC0004004810B540F249
:10494000115003F0D9FD4FF40043032200214FF032
:10495000904003F00BFDBDE810404FF400430122EE
:1049600000214FF0904003F0DFBC0000F8B5514C3F
:10497000514D27782E6808214FF0904003F031FD0B
:10498000B0FA80F0400987421CBF002320704FF02E
:1049900004014FF0904018BF2372277B18BF666058
:1049A0002E6803F01EFDB0FA80F0400987421CBF5C
:1049B000002320734FF002014FF0904018BF237581
:1049C000277E18BF26612E6803F00BFDB0FA80F039
:1049D000400987421CBF002320764FF001014FF0B1
:1049E000904018BF84F8203094F8247018BFE66116
:1049F0002E6803F0F6FCB0FA80F0400987421CBF35
:104A0000002384F824004FF020012C4818BF84F8BC
:104A10002C3094F8307018BFA6622E6803F0E1FCC9
:104A2000B0FA80F0400987421CBF002384F83000B0
:104A30004FF01001214818BF84F8383094F83C70CA
:104A400018BF66632E6803F0CCFCB0FA80F0400912
:104A500087421CBF002384F83C004FF00801174830
:104A60001CBF84F84430266494F848702E6803F024
:104A7000B8FCB0FA80F0400987421CBF002384F8DC
:104A800048004FF400414FF090401CBFE66484F8AA
:104A900050302D6894F8546003F0A3FCB0FA80F015
:104AA000400986421FBF002384F85400A56584F89E
:104AB0005C30F8BDB8050020900D002000040048CF
:104AC0002DE9F04F604BDFF8B0A11B7887B003F001
:104AD000070B01930C2303FB0BF30AEB0301097A89
:104AE000002940F0A980594F1AF80330BB70584B89
:104AF0001E7801213970FF2E5944797000F096809C
:104B000054490B88002B00F09180534CDFF86C81E6
:104B1000013B0B8023680293591C484200F01F00A0
:104B200001F01F0158BF41424C4B21604C491D8888
:104B30000988ADF814104FF4967405A85021FDF7BC
:104B4000E5FFB5FBF4F104FB115189B24FF0500CB5
:104B500008F801C03146FDF7D9FF691C89B2B1FBE5
:104B6000F4FC04FB1C1189B208F801603D4E96F874
:104B700000904946FDF7CAFFA91C89B2B1FBF4FCBD
:104B800004FB1C1189B208F8019009F10109032105
:104B900086F80090FDF7BAFFE91C89B2B1FBF4F08A
:104BA00004FB101189B20320B946EE1D2F1D08F831
:104BB0000100029BBFB2B6B219F8011B039305A80E
:104BC0000291FDF7A3FFB7FBF4F004FB107001376F
:104BD00080B2BFB2029908F80010BE42039BEBD12D
:104BE000B6FBF4F104FB1166B6B29DF8141008F898
:104BF000061005F1080189B2B1FBF4F004FB1011B5
:104C000089B29DF81500154A08F8010005F109015F
:104C10001180154921F8135014490920C85414492A
:104C20001020C85413490B8801330B800C2303FB5D
:104C30000BAA01238AF80830019B034A0133137041
:104C400007B0BDE8F08F00BFB1050020B20500201D
:104C50000E010020100100209C08002066070020A3
:104C60006C92000841060020E0080020C0080020E7
:104C7000A008002094080020B80500206807002044
:104C80001FB540F20B6003F037FC114803F01EFD26
:104C9000104B114A1B68B3FBF2F3013B0022B3F542
:104CA000803F28BF1346ADF80030694640F2E73335
:104CB0000748ADF80220019202938DF80C2003F012
:104CC00059FD034803F0E6FD05B05DF804FB00BFA5
:104CD000002C01401801002040420F0008B540F2AE
:104CE000115003F009FC4FF40073032200214FF030
:104CF000904003F03BFB4FF40073002202214FF081
:104D0000904003F011FBBDE808404FF4007202210F
:104D10004FF0904003F071BB30B5124B124C0FCBEB
:104D200085B06D4685E80F002A462046012103F034
:104D3000D5FD20460022012103F004FF2046402239
:104D4000012103F0D9FE00222046012103F008FFD3
:104D50000121204603F0B8FD204603F09BFD05B07D
:104D600030BD00BF70920008002C014008B540F231
:104D7000115003F0C1FB4FF48073032200214FF068
:104D8000904003F0F3FA4FF48073002202214FF0B9
:104D9000904003F0C9FABDE808404FF48072022148
:104DA0004FF0904003F029BB30B5124B124C0FCBA3
:104DB00085B06D4685E80F002A462046002103F0A5
:104DC0008DFD00221146204603F0BCFE2046402205
:104DD000002103F091FE00221146204603F0C0FEA0
:104DE0000121204603F070FD204603F053FD05B07D
:104DF00030BD00BF70920008002C01401FB540F28A
:104E0000017003F079FB114803F060FC104B114A6C
:104E10001B68B3FBF2F3013B0022B3F5803F28BFD0
:104E20001346ADF80030694640F2E7330748ADF865
:104E30000220019202938DF80C2003F09BFC0348A2
:104E400003F028FD05B05DF804FB00BF000400403E
:104E50001801002040420F0010B50C4C40F21250D7
:104E600003F04AFB204602230322002103F07EFACE
:104E7000022320460022194603F056FA2046022259
:104E8000BDE81040012103F0B8BA00BF000400489B
:104E900030B5124B124C0FCB85B06D4685E80F0034
:104EA0002A462046032103F019FD20460022032153
:104EB00003F048FE20464022032103F01DFE00229D
:104EC0002046032103F04CFE0121204603F0FCFCA8
:104ED000204603F0DFFC05B030BD00BF7092000833
:104EE0000004004010B50C4C40F2125003F004FBDB
:104EF000204601230322002103F038FA2046002235
:104F00000221012303F010FA012220461146BDE8D8
:104F1000104003F072BA00BF0004004830B5124BD5
:104F2000124C0FCB85B06D4685E80F002A4620460F
:104F3000022103F0D3FC20460022022103F002FEEE
:104F400020464022022103F0D7FD00222046022104
:104F500003F006FE0121204603F0B6FC204603F0D4
:104F600099FC05B030BD00BF7092000800040040FD
:104F700008B540F2115003F0BFFA8023032200214C
:104F80004FF0904003F0F2F98023002202214FF00D
:104F9000904003F0C9F9BDE80840802201214FF09C
:104FA000904003F02ABA000030B5124B124C0FCBE0
:104FB00085B06D4685E80F002A462046012103F0A2
:104FC0008DFC20460022012103F0BCFD204640223A
:104FD000012103F091FD00222046012103F0C0FDD4
:104FE0000121204603F070FC204603F053FC05B07D
:104FF00030BD00BF709200080004004008B540F2C8
:10500000115003F079FA4023032200214FF0904021
:1050100003F0ACF94023002202214FF0904003F04E
:1050200083F9BDE80840402201214FF0904003F091
:10503000E4B9000030B5124B124C0FCB85B06D4671
:1050400085E80F002A462046002103F047FC002295
:105050001146204603F076FD20464022002103F051
:105060004BFD00221146204603F07AFD0121204627
:1050700003F02AFC204603F00DFC05B030BD00BF54
:1050800070920008000400402DE9F04F734B1B782C
:1050900087B0002B40F0DF80714B724A93F800908C
:1050A0004FF0060AB9FBFAF70AFB1797FFB21C2369
:1050B0007B43D118087E002840F0C8809FED6A7AB3
:1050C000D1ED017A694ED35CF37067EE877AD02018
:1050D000FCEEE77A307017EE903AD1ED027A337138
:1050E00067EE877A781CFCEEE77A707017EE903ADC
:1050F00073715F4B087B93F800B0B070BBF1FF0F8A
:1051000000F09D805B490B88002B00F098805A4C82
:10511000DFF88081013B0B8023680293591C4842D1
:1051200000F01F0001F01F0158BF4142534B2160A6
:1051300053491D880988ADF814104FF4967405A8DA
:105140005021FDF7E3FCB5FBF4F104FB115189B2EA
:105150004FF0500C08F801C05946FDF7D7FC691C08
:1051600089B2B1FBF4FC04FB1C1189B208F801B050
:10517000DFF824B19BF800100191FDF7C7FC05F1A1
:10518000020C1FFA8CFCBCFBF4FE04FB1ECC019944
:105190001FFA8CFC08F80C1001318BF800105146F6
:1051A000FDF7B4FCE91C89B2B1FBF4F004FB10116B
:1051B00089B22A1D05F10A0B08F801A0029B92B2E0
:1051C0001FFA8BFB16F8011B019105A8CDE90232ED
:1051D000FDF79CFC039AB2FBF4F004FB10200132B3
:1051E00080B292B2019908F800109345029BE9D170
:1051F000BBFBF4F204FB12BB1FFA8BFB9DF81420DF
:1052000008F80B2005F10B0292B2B2FBF4F104FB9B
:10521000112292B29DF8151008F80210174905F1F5
:105220000C020A80174A22F81350174A0C21D15455
:10523000164A1021D154164A138801331380094AA3
:105240001C2303FB072A01238AF81830044B09F1B9
:10525000010983F8009007B0BDE8F08F1401002029
:10526000AA0500203000002000007F43AB0500208D
:105270000E010020100100209C080020660700207D
:105280006C920008E0080020C0080020A008002060
:1052900094080020680700204106002010B5DD4C6E
:1052A000D4ED017A94ED047AD4ED056AF4EEC77A70
:1052B000F1EE10FA2DED028B40F3D08037EE267A16
:1052C000F4EEC77AF1EE10FA58BFF0EE477AC4ED6B
:1052D000047AD4ED048AF5EE408AF1EE10FA40F03B
:1052E000C9804022CC48012103F006FCD4ED087AA5
:1052F00094ED0B7AD4ED0C6AF4EEC77AF1EE10FA65
:1053000040F3D88037EE267AF4EEC77AF1EE10FA41
:1053100058BFF0EE477AC4ED0B7AD4ED0B8AF5EE68
:10532000408AF1EE10FA40F0D1804022BA480021C4
:1053300003F0E2FBD4ED0F7A94ED127AD4ED136A08
:10534000F4EEC77AF1EE10FA40F3E08037EE267AF9
:10535000F4EEC77AF1EE10FA58BFF0EE477AC4EDDA
:10536000127AD4ED128AF5EE408AF1EE10FA40F08E
:10537000D9804022A948032103F0BEFBD4ED167A60
:1053800094ED197AD4ED1A6AF4EEC77AF1EE10FAB8
:1053900040F3E88037EE267AF4EEC77AF1EE10FAA1
:1053A00058BFF0EE477AC4ED197AD4ED198AF5EEBC
:1053B000408AF1EE10FA40F0E18040229748022145
:1053C00003F09AFBD4ED1D7A94ED207AD4ED216A96
:1053D000F4EEC77AF1EE10FA40F3F08037EE267A59
:1053E000F4EEC77AF1EE10FA58BFF0EE477AC4ED4A
:1053F000207AD4ED208AF5EE408AF1EE10FA40F0E2
:10540000E98040228548012103F076FBD4ED247A1F
:1054100094ED277AD4ED286AF4EEC77AF1EE10FA0B
:1054200040F3028137EE267AF4EEC77AF1EE10FAF5
:1054300058BFF0EE477AC4ED277AD4ED278AF5EE0F
:10544000408AF1EE10FA40F0FB804022BDEC028B66
:105450007248BDE81040002103F04EBB7FF539AF24
:1054600037EE667AF4EEC77AF1EE10FAD8BFF0EEB6
:10547000477A2CE7B7EE008AF4EE488AF1EE10FA8C
:1054800001D150222EE764487022012103F034FB41
:1054900038EE688A9FED627ADFED627A5E48E8EE68
:1054A000077A0121FCEEE77A17EE903A9AB203F000
:1054B00049FB1BE77FF531AF37EE667AF4EEC77A2A
:1054C000F1EE10FAD8BFF0EE477A24E7B7EE008A83
:1054D000F4EE488AF1EE10FA01D1502226E74E4848
:1054E0007022002103F008FB38EE688A9FED4C7AA9
:1054F000DFED4C7A4848E8EE077A0021FCEEE77AC7
:1055000017EE903A9AB203F01DFB13E77FF529AF2F
:1055100037EE667AF4EEC77AF1EE10FAD8BFF0EE05
:10552000477A1CE7B7EE008AF4EE488AF1EE10FAEB
:1055300001D150221EE739487022032103F0DCFA22
:1055400038EE688A9FED367ADFED367A3348E8EE3A
:10555000077A0321FCEEE77A17EE903A9AB203F04D
:10556000F1FA0BE77FF521AF37EE667AF4EEC77AF2
:10557000F1EE10FAD8BFF0EE477A14E7B7EE008AE2
:10558000F4EE488AF1EE10FA01D1502216E72348D2
:105590007022022103F0B0FA38EE688A9FED207A7B
:1055A000DFED207A1D48E8EE077A0221FCEEE77A6B
:1055B00017EE903A9AB203F0C5FA03E77FF519AFF8
:1055C00037EE667AF4EEC77AF1EE10FAD8BFF0EE55
:1055D000477A0CE7B7EE008AF4EE488AF1EE10FA4B
:1055E00001D150220EE70D487022012103F084FA08
:1055F00038EE688A9FED0A7ADFED0A7A0748E8EE0E
:10560000077A0121FCEEE77A17EE903A9AB203F09E
:1056100099FAFBE630000020002C01400004004015
:1056200000007044000020427FF507AF37EE667A35
:10563000F4EEC77AF1EE10FAD8BFF0EE477AFAE648
:10564000B7EE008AF4EE488AF1EE10FA01D150224A
:10565000FCE60D487022002103F04EFA38EE688A0D
:105660009FED0A7ADFED0A7A0748E8EE077ABDEC8B
:10567000028BFCEEE77ABDE8104017EE903A00216D
:105680009AB203F05FBA00BF00040040000070440B
:105690000000204210B540F2115002F02DFF2023EF
:1056A000032201214FF0904002F060FEBDE810405F
:1056B0002023002201214FF0904002F035BE00006F
:1056C0001FB540F2116002F017FF104802F0FEFF14
:1056D0000F4B104A1B68B3FBF2F3013B0022B3F5FA
:1056E000803F28BF1346ADF80030694609230748BC
:1056F000ADF80220019202938DF80C2003F03AF8E5
:10570000024803F0C7F805B05DF804FB004401400F
:105710001801002040420F0020214FF0904002F07D
:105720005CBE30B5421EC31D002012F8014F082197
:1057300045086040C0074CBF85F08C002846013901
:105740004FEA5404F4D19A42EFD130BD08B500229B
:105750001146152002F082FEBDE8084001480121F3
:1057600003F09DB8004401402DE9F041A14801211A
:1057700003F09EF8002800F0F3819F4B1B78022B6A
:105780004AD19E4D2B78022B1BD19D4A13786BB9C1
:1057900020214FF0904002F022FE994B01221A7016
:1057A000BDE8F0419348012103F08BB8302B40F065
:1057B000C38020214FF0904002F00FFE8F4B032258
:1057C000EDE7032B12D18E4A1378372B40F0B480CB
:1057D00020214FF0904002F004FE884B08B90422CB
:1057E000DDE7884A012111700E22D8E7042BD7D1BA
:1057F000834C2378612B76D120214FF0904002F02A
:10580000F0FD20B10023237005232B70C8E77D4BEA
:1058100002221A70794BE7E7002B30D1774B1B78C7
:10582000002BBDD1764D784F2C783B78C4B9774E9C
:105830003478072C11D820214FF0904002F0CFFD92
:10584000734B1B78234113F0010F0CBF0723012377
:1058500001343B7034700123D7E7684B05229EE783
:105860009C4207D120214FF0904002F0B6FD013458
:105870002C7095E7082CFAD1614B00228FE7012BA1
:1058800033D15E4A1378012B8AD15D4C2378002BEB
:105890003FF47EAF012B07D120214FF0904002F062
:1058A0009CFD574B02227AE7022B13D120214FF0A7
:1058B000904002F096FD554A554913780D7800380E
:1058C00018BF012098402843013313700870032348
:1058D000237065E7082B06D14C4B1B78082BCBD1E6
:1058E0000C231370C8E70133F2E7032B7FF458AFA2
:1058F000424C2378022B3FF448AF0B2B3FF650AFBE
:1059000001A252F823F000BF61590008A157000816
:10591000A1570008C75700083F590008A1570008C1
:10592000A1570008BD590008195A00084D5A00082F
:10593000D55A0008055B00080133137030E7304D7D
:105940002B78612B0AD120214FF0904002F049FDC5
:1059500000283FF45CAF00232B70B9E7013354E714
:10596000274EDFF8A480357898F80030CDB9274F5E
:105970003D78072D13D820214FF0904002F02FFDE5
:10598000234B1B782B4113F0010F0CBF072301237E
:1059900088F80030013501233D70337000E707239C
:1059A00096E79D4207D120214FF0904002F015FD6F
:1059B00001353570F4E6082DFAD15DE7104D2B78EE
:1059C000002B3FF4E5AE012B3FF466AF022B0BD169
:1059D00020214FF0904002F004FD0E4B003818BF1C
:1059E00001201870032310E7082BB7D100222A707A
:1059F0006EE700BF004401408B030020020000203E
:105A0000880300201C030020320300203103002003
:105A10003303002024030020524D2B78002B3FF449
:105A2000B7AE012B3FF438AF022B09D120214FF044
:105A3000904002F0D6FC00384B4B18BF0120D0E755
:105A4000082B8BD100232B70092341E7474B187893
:105A5000454B1D78C0B1002D7FF4FFAE444B454A45
:105A60001978454B1B7803F00703D25C434D28702F
:105A700042480078002829D00A4301213D48C254F9
:105A80003F4B19700A2323E7394B3A4A19783A4BAE
:105A90001B7803F00703D25C002DE7D139483A4D5B
:105AA00000782D78A8420DD2114214BF012500259F
:105AB000324E3570002DDBD1344D08282870D7D8F0
:105AC000334DD4E70CBF01250025F1E722EA01029E
:105AD0000721D3E7234D2B78002B3FF459AE284AFA
:105AE00016789E4207D120214FF09040013602F0F7
:105AF00074FC2E7054E6082B7FF430AF00232B701B
:105B00000B23E5E61A481F4E027833781A49013311
:105B10005200DBB2D2B20D78337002701AB96A1C2F
:105B20000A70012202700A78082A7FF438AF402BED
:105B3000184B09D9154A144912780A7012B9164A35
:105B40000121117001221A700A4A1B78127803B1E0
:105B500022B9124B03221A700E23B9E60D23B7E6C1
:105B6000BDE8F081880300202303002024030020E7
:105B70001F03002028030020200300201D03002015
:105B800032030020220300202703002021030020ED
:105B9000250300201E030020260300201C030020F4
:105BA00030B5421E00F10803002012F8014F082111
:105BB00045086040C0074CBF85F08C00284601397D
:105BC0004FEA5404F4D19A42EFD130BD2DE9F04FA1
:105BD000AB4D2B78052B85B04BD1AA4A1388002BEF
:105BE00040D0A949013B13800B6818205A1C92FB36
:105BF000F0F400FB14220A60A44A03EB4303D1181B
:105C0000D35C88784A78A2490B70A2490A70A249ED
:105C100008702BB9A1490A70A14A13702B701CE0BF
:105C2000012B05D19D4900220A709D490A70F5E7B4
:105C3000032B10D19B4A0023136053609A4A1370C0
:105C40009A4A13709A4A13709A4A1370934BF0222F
:105C50001A700623E2E7022BE0D0974A138801333B
:105C600013801AE09548012105B0BDE8F04F02F01D
:105C70001ABE063B092B10D8DFE813F00A000F000C
:105C80000F000F000F000F0021004A0171011F02D9
:105C9000884B1B7823B105232B7005B0BDE8F08F2E
:105CA000874901220A7087490B7087490B70874921
:105CB0000A70874A13707A4A13700223ECE7754B17
:105CC00076491C78744B834E1A7809780923B2FB05
:105CD000F3F303EBC303D31ADBB2082AF154DAD18E
:105CE0003046FFF75DFF0028D5D17B497B4A04F0A1
:105CF0003F0301EBC30051F8333013604368536036
:105D00003388774C03EB830303EB83031BB2002B35
:105D10001A46B8BFDA1C594201F0030103F003032D
:105D200058BF4B42002B6F4B4FEAA202B8BF02F1A3
:105D3000FF3293F800B0B8BF12B26272BBF1FF0F2E
:105D4000C2F30722A272A6D0674A1388002BA2D002
:105D50006649DFF8B081D1F800A0B8F80070DFF82C
:105D6000A891013B13800AF101035A4202F01F027D
:105D700003F01F0358BF53420B605D4B4FF4967600
:105D800003A81B88ADF80C305021FCF7BFFEB7FB11
:105D9000F6F306FB13739BB25022594609F8032011
:105DA000FCF7B4FE7B1C9BB2B3FBF6F206FB12338E
:105DB0009BB209F803B0DFF854B19BF800100091D2
:105DC000FCF7A4FEBB1C9BB2B3FBF6F206FB12333E
:105DD00000999BB209F8031001318BF800100B21D8
:105DE000FCF794FEFB1C9BB2B3FBF6F206FB1233EE
:105DF0009BB20B2209F8032007F10F0B22463C1D32
:105E0000A4B21FFA8BFB12F8011B03A8CDE9001204
:105E1000FCF77CFEB4FBF6F306FB134301349BB2A4
:105E2000A4B2009909F803105C45019AEBD1B4FBC8
:105E3000F6F306FB1344A4B29DF80C3009F80430C5
:105E400007F110039BB2B3FBF6F206FB12339BB2D1
:105E50009DF80D2009F8032007F11103A8F8003080
:105E6000244B23F81A70244B112203F80A20234BE9
:105E7000102203F80A20224A1388013313800AE70C
:105E800002000020340300203803002040030020DB
:105E90008B0300208A0300208903002033030020A5
:105EA00031030020280300203003002027030020B6
:105EB00025030020260300200000002000440140AC
:105EC0002203002021030020200300201F030020C4
:105ED0001E0300208F0500208C03002006000020F8
:105EE000050000200E010020100100209C08002069
:105EF0006C920008E0080020C0080020A0080020E4
:105F00009408002066070020680700204106002052
:105F1000794E7A4F30463C78FFF703FCD0B933789E
:105F2000282B0ED1764977480B78326803F03F0C66
:105F300000EBCC0E40F83C2001337268CEF8042010
:105F40000B70714B1B78A3423FF4A5AE01343C703B
:105F50000623A1E66D4B03221A700E239CE66B4BC1
:105F60006B4A93F800806B4B82F8018093F800B085
:105F7000BBF1FF0F00F0978067490B88002B00F002
:105F800092806648DFF8C0A1D0F80090BAF80060AF
:105F9000634F013B0B8009F10103594201F01F01DE
:105FA00003F01F0358BF4B4203605E4B4FF49674DF
:105FB00003A81B88ADF80C305021FCF7A7FDB6FBF9
:105FC000F4F304FB13639BB25021F9545946FCF7D8
:105FD0009DFD731C9BB2B3FBF4F104FB11339BB228
:105FE00007F803B0DFF864B19BF800100091FCF7EC
:105FF0008DFDB31C9BB2B3FBF4FC04FB1C33009976
:106000009BB2F95401318BF800100221FCF77EFDA0
:10601000F31C3F4A9BB2B3FBF4F104FB113392F83B
:1060200000B09BB20221F9545946FCF76FFD331DB5
:106030009BB2B3FBF4F204FB12339BB2414607F868
:1060400003B0FCF763FD731D9BB2B3FBF4F204FBDA
:1060500012339BB207F80380B31D9BB2B3FBF4F27B
:1060600004FB12339BB29DF80C20FA54F31D9BB233
:10607000B3FBF4F204FB12339BB29DF80D20FA54EB
:1060800006F10803AAF80030274B23F81960274BC4
:10609000082203F80920264B102203F80920254A7C
:1060A00013880133138008F1FF38B8F1010F9EBF48
:1060B000134B00221A700F23EEE51F4A1388002BA2
:1060C0003FF4D0AD1D49013B13800B6818205A1CCA
:1060D00092FBF0F400FB14220A6003EB4303184A1E
:1060E000D35C9A1E012A3FF6B8AD164A032B1370F3
:1060F0003FF4A0AD022391E52803002030030020E7
:106100008E0500208C0300208A0300201C03002041
:10611000030000200E010020100100209C08002038
:10612000680700206C920008E0080020C0080020EA
:10613000A008002094080020340300203803002029
:10614000400300208B03002066070020410600204A
:1061500038B5114A114B002119701388DBB1104872
:10616000013B1380036818245A1C92FBF4F504FBCE
:10617000152202600B4803EB4303C2180324C454E6
:106180009170FF2308485370012102F088FB074AF1
:1061900013880133138038BD000000208E050020D5
:1061A0003C03002040030020004401403403002051
:1061B00038B5334B1B78002B60D0324C2388DBB1D1
:1061C0003149013B23800B6818205A1C92FBF0F5E3
:1061D00000FB15220A602D4903EB4303CA18022075
:1061E000C85400232A4853700121937002F057FBD2
:1061F000284A1388013313802388DBB12249013BED
:1062000023800B6818205A1C92FBF0F500FB152226
:106210001E480A6003EB4303C2180021C154917069
:10622000CC231B485370012102F039FB194A138813
:10623000013313802388DBB11349013B23800B68B2
:1062400018205A1C92FBF0F400FB14220F480A603D
:1062500003EB4303C2180021C154917044230C483E
:106260005370012102F01BFB0A4A1388013313808B
:10627000094B00221A70094B01221A7038BD00BF69
:106280008E050020000000203C0300204003002079
:1062900000440140340300208D0500208C050020BF
:1062A0002DE9F74FDFF8AC9199F80030002B00F0A2
:1062B000BF80614B614C1B78DFF89CA10193238860
:1062C0009AF80050DBB15E49013B23800B6818202F
:1062D0005A1C92FBF0F600FB16220A60594903EBA8
:1062E0004303CA180220C8540023574853700121A1
:1062F000937002F0D4FA554A13880133138023882F
:10630000DBB14F49013B23800B6818205A1C92FBDC
:10631000F0F600FB16224B480A6003EB4303C21859
:106320000021C1549170552347485370012102F058
:10633000B6FA464A138801331380454ADFF800B1A4
:1063400005F03F0702EBC7083E4A00262388F3B159
:10635000013B2380DBF8003018F806C0591C1820D8
:1063600003EB430391FBF0FE00FB1E11CBF8001082
:10637000D1180020D054887081F801C03248012122
:1063800002F08DFA31492F4A0B8801330B80013618
:10639000082EDBD12388DBB12949013B23800B6820
:1063A00018205A1C92FBF0F600FB162225480A60C2
:1063B00003EB4303C2180021C1549170BE2322484D
:1063C0005370012102F06BFA204A138801331380C5
:1063D0005FFA87FBDFF86C80194F1B480026238883
:1063E000D3B1013B23803B6818215A1C03EB4303C4
:1063F00092FBF1FC01FB1C223A6008EB0302012135
:1064000008F8031082F801B0967002F048FA0F4ABB
:106410000D481388013313800136092EDFD1019B0B
:10642000AB428BBF013500238AF8005089F8003059
:1064300003B0BDE8F08F00BF8E05002000000020F3
:106440003C030020400300200044014034030020AE
:106450008C0300208C0500208D0500202E4B73B589
:10646000D3F8005C2D4B2E4E1B88ADF80430FF2D69
:1064700094BF29460021C9B201A8FCF747FB294C6B
:1064800056F8041BB1F5807F28BF0021C9B201A8CE
:10649000FCF73CFBA642F3D11F4A9DF80510D2F849
:1064A000883CB3F5807F28BF0023994231D1D2F8D0
:1064B000843C9DF80420B3F5807F28BF00239A42D6
:1064C00027D1012D25D1184A154B18481968B1F567
:1064D000807F28BF0021117059680833B1F5807F93
:1064E00028BF00218342517002F10202EED1104A0E
:1064F0001968B1F5807F28BF0021117059680833F1
:10650000B1F5807F28BF0021A342517002F1020241
:10651000EED102B070BD00BF00B000086C92000860
:1065200004BC000884BC00081000002044BC000823
:10653000200000202DE9F84F9C4C9D4D27782E68B7
:1065400008214FF0904001F04CFFB0FA80F0400974
:1065500087421CBF002320704FF004014FF0904091
:1065600018BF2372277B18BF66602E6801F039FFC1
:10657000B0FA80F0400987421CBF002320734FF01F
:1065800002014FF0904018BF2375277E18BF266187
:106590002E6801F026FFB0FA80F0400987421CBF48
:1065A000002320764FF001014FF0904018BF84F88F
:1065B000203094F8247018BFE6612E6801F011FFB6
:1065C000B0FA80F0400987421CBF002384F8240001
:1065D0004FF02001774818BF84F82C3094F83070C1
:1065E00018BFA6622E6801F0FCFEB0FA80F04009E8
:1065F00087421CBF002384F830004FF010016D4823
:1066000018BF84F8383094F83C7018BF66632E6861
:1066100001F0E7FEB0FA80F0400987421CBF00237A
:1066200084F83C004FF00801624818BF84F84430F9
:1066300094F8487018BF26642E6801F0D2FEB0FAB4
:1066400080F0400987421CBF002384F848004FF4C3
:1066500000414FF090401CBFE66484F850302E6833
:1066600094F8547001F0BDFEB0FA80F04009874202
:106670001FBF002384F85400A66584F85C304B48A3
:106680004D4C2A680E2590F85470002F00F07D8143
:106690004A4B05EB030C484B00271CF8011B81B942
:1066A000997D002940F09C8093F800E0BEF1000F36
:1066B00000F09680C3E9021119701A6190E0012779
:1066C000EBE701297ED1997D002965D11978002950
:1066D00062D1D3F80CE0BEF1000F5DD193F81480C5
:1066E0002146C7B191F81490C14510D191F8169088
:1066F000B9F1000F0BD191F800A0D1F80CB0BAF1AC
:10670000000F0CD0C1E9029981F800900A61BEF136
:10671000000F0AD14FB918314FF0010EE2E7BBF17B
:10672000000FF4D0C1E902AAF1E7254908F1FF3EC4
:106730000EF0010E4FF00C0909FB0E11D1F804E028
:10674000A17D99B194F82E1009BB714694F8189068
:10675000B9F1000F19D194F82C90C14515D1A66A52
:10676000A2EB0608414528BF41460EE02178B1B9A9
:10677000217D414513D12169511A714528BF7146C8
:1067800094F82E90B9F1000FE0D08E4509D8002181
:10679000C3E90312012119700021996020E07146BC
:1067A000EEE7AEEB0101C3E90312F5E7B8050020FF
:1067B000900D002000040048D80000202000002098
:1067C0002006002002290BD190F85C1041B993F803
:1067D00000E0997DBEF1000F69D000293FF46AAF57
:1067E0001833002F3FF46BAF023DAB1CA0F10C003F
:1067F0007FF449AFAA4B00201E781969D3E90257EC
:10680000002E40F0D78137B1511AB94203D9012186
:106810001970DE601A611833002800F0C9812578EC
:106820006DB94FF400614FF0904001F0E0FD30B1E0
:106830004FF400614FF09040657501F0D0FD257E6A
:1068400075B94FF480614FF0904001F0D0FD38B140
:106850004FF480614FF0904084F82D5001F0BFFD5F
:1068600023786BB14FF400614FF0904001F0BFFD11
:1068700030B960754FF400614FF0904001F0ADFD0C
:10688000237E002B00F0A2814FF480614FF09040F6
:1068900001F0ADFD002840F0998184F82D004FF4FF
:1068A0008061BDE8F84F4FF0904001F096BD00299F
:1068B00062D1D3F80CE0BEF1000F5DD193F81480E3
:1068C0002146C7B191F81490C14510D191F81690A6
:1068D000B9F1000F0BD191F800A0D1F80CB0BAF1CA
:1068E000000F0CD0C1E9029981F800900A61BEF155
:1068F000000F0AD14FB918314FF0010EE2E7BBF19A
:10690000000FF4D0C1E902AAF1E7664908F1FF3EA1
:106910000EF0010E4FF00C0909FB0E11D1F804E046
:10692000A17D99B194F82E1009BB714694F8189086
:10693000B9F1000F19D194F82C90C14515D1A66A70
:10694000A2EB0608414528BF41460EE02178A9B9CF
:10695000217D414512D12169511A714528BF7146E7
:1069600094F82E90B9F1000FE0D08E4508D80021A0
:10697000C3E903120121197059680EE77146EFE768
:10698000AEEB0101C3E90312F6E7474B05EB030C3D
:10699000434B1CF8011B71B9997D002940F094808C
:1069A00093F800E0BEF1000F00F08E80C3E9021101
:1069B00019701A6188E0012978D1997D002965D183
:1069C0001978002962D1D3F80CE0BEF1000F5DD137
:1069D00093F814802146C7B191F81490C14510D1A5
:1069E00091F81690B9F1000F0BD191F800A0D1F8F1
:1069F0000CB0BAF1000F0CD0C1E9029981F80090F7
:106A00000A61BEF1000F0AD14FB918314FF0010EE3
:106A1000E2E7BBF1000FF4D0C1E902AAF1E7214996
:106A200008F1FF3E0EF0010E4FF00C0909FB0E11AC
:106A3000D1F804E0A17D99B194F82E1009BB7146FC
:106A400094F81890B9F1000F19D194F82C90C14521
:106A500015D1A66AA2EB0608414528BF41460EE0C3
:106A60002178B1B9217D414513D12169511A714570
:106A700028BF714694F82E90B9F1000FE0D08E45F2
:106A800009D80021C3E9031201211970002199607E
:106A90001AE07146EEE7AEEB0101C3E90312F5E738
:106AA000D8000020200600201000002002290BD171
:106AB00090F85C1041B993F800E0997DBEF1000FA9
:106AC00008D000293FF472AF1833002F7FF48CAE4A
:106AD00001275EE7002962D1D3F80CE0BEF1000F78
:106AE0005DD193F814802146C7B191F81490C14547
:106AF00010D191F81690B9F1000F0BD191F800A0C8
:106B0000D1F80CB0BAF1000F0CD0C1E9029981F8AC
:106B100000900A61BEF1000F0AD14FB918314FF051
:106B2000010EE2E7BBF1000FF4D0C1E902AAF1E7E0
:106B3000274908F1FF3E0EF0010E4FF00C0909FB4A
:106B40000E11D1F804E0A17D99B194F82E1009BB83
:106B5000714694F81890B9F1000F19D194F82C905F
:106B6000C14515D1A66AA2EB0608414528BF41469A
:106B70000EE02178A9B9217D414512D12169511A30
:106B8000714528BF714694F82E90B9F1000FE0D0FE
:106B90008E4508D80021C3E90312012119705968F4
:106BA00075E77146EFE7AEEB0101C3E90312F6E7C3
:106BB000012021E6002D3FF42EAE511AA9427FF6A6
:106BC0002AAE0021C3E90211197023E6BDE8F88F4F
:106BD000200600202DE9F04FC44BDFF84CA31B78B2
:106BE00087B003F0070B01930C2303FB0BF30AEBB5
:106BF0000301097A002940F0A980BD4F1AF803303B
:106C0000BB70BC4B1E7801213970FF2E594479703E
:106C100000F09680B8490B88002B00F09180B74CAB
:106C2000DFF80883013B0B8023680293591C48421C
:106C300000F01F0001F01F0158BF4142B04B21601E
:106C4000B0491D880988ADF814104FF4967405A852
:106C50005021FBF75BFFB5FBF4F104FB115189B246
:106C60004FF0500C08F801C03146FBF74FFF691C8C
:106C700089B2B1FBF4FC04FB1C1189B208F8016075
:106C8000A14E96F800904946FBF740FFA91C89B237
:106C9000B1FBF4FC04FB1C1189B208F8019009F166
:106CA0000109032186F80090FBF730FFE91C89B247
:106CB000B1FBF4F004FB101189B20320B946EE1DBC
:106CC0002F1D08F80100029BBFB2B6B219F8011BD4
:106CD000039305A80291FBF719FFB7FBF4F004FB3F
:106CE0001070013780B2BFB2029908F80010BE429E
:106CF000039BEBD1B6FBF4F104FB1166B6B29DF831
:106D0000141008F8061005F1080189B2B1FBF4F07F
:106D100004FB101189B29DF81500794A08F80100AA
:106D200005F109011180794921F8135078490920AA
:106D3000C85478491020C85477490B8801330B8018
:106D40000C2303FB0BAA01238AF80830019B674A36
:106D500001331370714B1B78002B40F0AF81704BE7
:106D6000DFF8CCB11B78019303F00108182202FB75
:106D700008F20BEB0201487D002840F0DB80694DF2
:106D80001BF80220AA700A7DEA704A682A71110A6B
:106D90006971110C120EEA71564A28701778A971A0
:106DA00008F10100FF2F687000F09A8052490A88AC
:106DB000002A00F09580514C514BDFF870A11E88DD
:106DC000013A0A8022680292511C484200F01F00DA
:106DD00001F01F0158BF414221604A490988ADF8BE
:106DE00014104FF4967405A85021FBF78FFEB6FBE4
:106DF000F4F104FB116189B24FF0500C0AF801C0A4
:106E00003946FBF783FE711C89B2B1FBF4FC04FB2D
:106E10001C1189B20AF801703B4F97F8009049465F
:106E2000FBF774FEB11C89B2B1FBF4FC04FB1C112E
:106E300089B20AF8019009F10109082187F8009048
:106E4000FBF764FEF11C89B2B1FBF4F004FB1011F6
:106E500089B2082006F1040906F10C070AF80100BE
:106E6000029A1FFA89F9BFB215F8011B039205A80F
:106E70000291FBF74BFEB9FBF4F004FB109009F113
:106E8000010980B21FFA89F902990AF800104F45EA
:106E9000039AE9D1B7FBF4F104FB1177BFB29DF877
:106EA00014100AF8071006F10D0189B2B1FBF4F0D5
:106EB00004FB101189B29DF81500114B0AF801006E
:106EC00006F10E011980114921F8126010490E20B7
:106ED00088541049102088540F490A8801320A80CA
:106EE000182202FB08B301225A7523E0B1050020E5
:106EF000B20500200E010020100100209C08002097
:106F0000660700206C92000841060020E00800207F
:106F1000C0080020A00800209408002014010020D0
:106F20001806002038060020B80500206807002059
:106F3000D8000020DFF870B30C2202FB08F20BEB44
:106F40000201087A002840F0B580C74D1BF80220E6
:106F5000AA704A68EA70110A2971110C120EAA71FE
:106F6000C24A6971177802202870FF2F08F10100CA
:106F7000687000F09A80BE490A88002A00F0958067
:106F8000BC4CBD4BDFF824A31E88013A0A8022685E
:106F90000292511C484200F01F0001F01F0158BF2F
:106FA00041422160B5490988ADF814104FF4967438
:106FB00005A85021FBF7AAFDB6FBF4F104FB116113
:106FC00089B24FF0500C0AF801C03946FBF79EFD1C
:106FD000711C89B2B1FBF4FC04FB1C1189B20AF8E4
:106FE0000170A74F97F800904946FBF78FFDB11C41
:106FF00089B2B1FBF4FC04FB1C1189B20AF80190C0
:1070000009F10109072187F80090FBF77FFDF11CCA
:1070100089B2B1FBF4F004FB101189B2072006F12C
:10702000040906F10B070AF80100029A1FFA89F910
:10703000BFB215F8011B039205A80291FBF766FD8C
:10704000B9FBF4F004FB109009F1010980B21FFABA
:1070500089F902990AF800104F45039AE9D1B7FB64
:10706000F4F104FB1177BFB29DF814100AF8071071
:1070700006F10C0189B2B1FBF4F004FB101189B2E6
:107080009DF815007C4B0AF8010006F10D011980EE
:107090007C4921F812607C490D2088547B491020DE
:1070A00088547B490A8801320A800C2202FB08B30B
:1070B00001221A72019B774A01331370764B1B78B9
:1070C000002B40F0D085754C754A032323700123B3
:1070D00063701378A3705378724AE3701378237146
:1070E00053786371614B1D78FF2D00F09F80604ADB
:1070F0001388002B00F09A805E48DFF8B0A1D0F82A
:1071000000B0DFF87C81013B13800BF1010251429A
:1071100001F01F01584B02F01F0258BF4A420260A3
:10712000564A1F881288ADF814204FF4967605A8A9
:107130005021FBF7EBFCB7FBF6F206FB127292B2A2
:1071400050210AF802102946FBF7E0FC7A1C92B2A3
:1071500098F80090B2FBF6F106FB112292B2494674
:107160000AF80250FBF7D2FCBA1C92B2B2FBF6F15D
:1071700006FB112292B206210AF8029009F10109D8
:1071800088F80090FBF7C2FCFA1C92B2B2FBF6F151
:1071900006FB112292B2062107F1040907F10A0841
:1071A0000AF802101FFA89F922461FFA88F812F825
:1071B000011B05A8CDE90112FBF7A8FCB9FBF6F00D
:1071C00006FB109009F1010980B21FFA89F90199B3
:1071D0000AF80010C845029AE9D1B8FBF6F206FB9E
:1071E00012881FFA88F89DF814200AF8082007F181
:1071F0000B0292B2B2FBF6F106FB112292B29DF89D
:1072000015101D4B0AF8021007F10C021A801D4AD6
:1072100022F81B701C4A0C2102F80B101B4A10218B
:1072200002F80B101A4A1388013313801C4A0223F8
:1072300063709378A370D3781A4AE37093782371BC
:10724000FF2DD378637100F0C480094A1388002BA6
:1072500000F0BF800748DFF854A0D0F800B0DFF896
:107260002080013B138023E0190600200E0100203E
:10727000100100209C080020660700206C92000886
:1072800041060020E0080020C0080020A0080020DF
:107290009408002018060020A3050020A405002063
:1072A0001000002020000020200600206807002099
:1072B0000BF10102514201F01F01CD4B02F01F0200
:1072C00058BF4A420260CB4A1F881288ADF814208A
:1072D0004FF4967605A85021FBF718FCB7FBF6F2A1
:1072E00006FB127292B250210AF802102946FBF7EF
:1072F0000DFC7A1C92B298F80090B2FBF6F106FBF6
:10730000112292B249460AF80250FBF7FFFBBA1C61
:1073100092B2B2FBF6F106FB112292B206210AF8F4
:10732000029009F1010988F80090FBF7EFFBFA1CC5
:1073300092B2B2FBF6F106FB112292B206210AF8D4
:10734000021007F1040907F10A08AB4A1FFA89F98C
:107350001FFA88F812F8011B05A8CDE90112FBF706
:10736000D5FBB9FBF6F006FB109009F1010980B2DC
:107370001FFA89F901990AF80010C845029AE9D163
:10738000B8FBF6F206FB12881FFA88F89DF8142065
:107390000AF8082007F10B0292B2B2FBF6F106FBE5
:1073A000112292B29DF81510914B0AF8021007F1C4
:1073B0000C021A80914A22F81B70914A0C2102F8A3
:1073C0000B10904A102102F80B108F4A13880133DA
:1073D00013808E4A032363701379A37053798C4A08
:1073E000E37013792371FF2D5379637100F09F804F
:1073F000884A1388002B00F09A808748DFF81CA287
:10740000D0F800B0DFF81882013B13800BF10102C5
:10741000514201F01F01764B02F01F0258BF4A4251
:107420000260744A1F881288ADF814204FF49676D3
:1074300005A85021FBF76AFBB7FBF6F206FB1272B8
:1074400092B250210AF802102946FBF75FFB7A1C22
:1074500092B298F80090B2FBF6F106FB112292B2BC
:1074600049460AF80250FBF751FBBA1C92B2B2FB34
:10747000F6F106FB112292B206210AF8029009F1F8
:10748000010988F80090FBF741FBFA1C92B2B2FBAD
:10749000F6F106FB112292B206210AF8021007F15A
:1074A000040907F10A08544A1FFA89F91FFA88F8F3
:1074B00012F8011B05A8CDE90112FBF727FBB9FB68
:1074C000F6F006FB109009F1010980B21FFA89F964
:1074D00001990AF80010C845029AE9D1B8FBF6F202
:1074E00006FB12881FFA88F89DF814200AF8082075
:1074F00007F10B0292B2B2FBF6F106FB112292B237
:107500009DF815103A4B0AF8021007F10C021A8088
:107510003A4A22F81B703A4A0C2102F80B10394AF9
:10752000102102F80B10384A138801331380374AB0
:10753000042363709379A370D379354AE370937908
:107540002371FF2DD379637100F0BA80314A13881B
:10755000002B00F0B5803048DFF8C0A0D0F800B0B4
:10756000DFF8BC80013B13800BF10102514201F0B6
:107570001F011F4B02F01F0258BF4A4202601D4A02
:107580001F881288ADF814204FF4967605A8502174
:10759000FBF7BCFAB7FBF6F206FB127292B250216F
:1075A0000AF802102946FBF7B1FA7A1C92B298F851
:1075B0000090B2FBF6F106FB112292B249460AF89E
:1075C0000250FBF7A3FABA1C92B2B2FBF6F106FB2B
:1075D000112292B206210AF8029009F1010988F8F5
:1075E0000090FBF793FAFA1C92B2B2FBF6F119E0A5
:1075F000660700206C920008A4050020E008002027
:10760000C0080020A00800209408002010000020DE
:1076100020000020100100209C08002068070020A6
:107620004106002006FB112292B206210AF8021040
:1076300007F1040907F10A08CA4A1FFA89F91FFA73
:1076400088F812F8011B05A8CDE90112FBF75EFAD4
:10765000B9FBF6F006FB109009F1010980B21FFAA0
:1076600089F901990AF80010C845029AE9D1B8FBD6
:10767000F6F206FB12881FFA88F89DF814200AF823
:10768000082007F10B0292B2B2FBF6F106FB1122C1
:1076900092B29DF81510B44B0AF8021007F10C02D3
:1076A0001A80B24A22F81B70B14A0C2102F80B1062
:1076B000B04A102102F80B10AF4A1388013313802F
:1076C000AE4A05236370137AA370537AAC4AE37011
:1076D000137A2371FF2D537A637100F09F80A94ABA
:1076E0001388002B00F09A80A748DFF8A4A2D0F8F6
:1076F00000B0DFF8A082013B13800BF10102514280
:1077000001F01F01984B02F01F0258BF4A4202606D
:107710009E4A1F881288ADF814204FF4967605A86B
:107720005021FBF7F3F9B7FBF6F206FB127292B2A7
:1077300050210AF802102946FBF7E8F97A1C92B2A8
:1077400098F80090B2FBF6F106FB112292B249467E
:107750000AF80250FBF7DAF9BA1C92B2B2FBF6F162
:1077600006FB112292B206210AF8029009F10109E2
:1077700088F80090FBF7CAF9FA1C92B2B2FBF6F156
:1077800006FB112292B206210AF8021007F1040941
:1077900007F10A08734A1FFA89F91FFA88F812F8E4
:1077A000011B05A8CDE90112FBF7B0F9B9FBF6F012
:1077B00006FB109009F1010980B21FFA89F90199BD
:1077C0000AF80010C845029AE9D1B8FBF6F206FBA8
:1077D00012881FFA88F89DF814200AF8082007F18B
:1077E0000B0292B2B2FBF6F106FB112292B29DF8A7
:1077F00015105D4B0AF8021007F10C021A805B4A63
:1078000022F81B705A4A0C2102F80B10594A102119
:1078100002F80B10584A138801331380574A937AA1
:10782000A370D37A564AE370937A23714FF0060817
:10783000D37A84F80180FF2D637100F0B980514A3A
:107840001388002B00F0B4804F48DFF844A1D0F833
:1078500000B0DFF84091013B13800BF1010251426F
:1078600001F01F01404B02F01F0258BF4A42026064
:10787000464A1F881288ADF814204FF4967605A862
:107880005021FBF743F9B7FBF6F206FB127292B2F6
:1078900050210AF802102946FBF738F97A1C92B2F7
:1078A000B2FBF6F106FB112292B299F800100AF829
:1078B00002500191FBF72AF9BA1C92B2B2FBF6FC16
:1078C00006FB1C22019992B20AF80210013189F8D4
:1078D00000104146FBF71AF9FA1C92B2B2FBF6F11E
:1078E00006FB112292B207F104090AF8028007F19F
:1078F0000A081C4A1FFA89F91FFA88F812F8011BB6
:1079000005A8CDE90112FBF701F9B9FBF6F006FB7A
:10791000109009F1010980B21FFA89F901990AF85A
:107920000010C845029AE9D1B8FBF6F206FB1288AE
:107930001FFA88F89DF814200AF8082007F10B02B6
:1079400092B2B2FBF6F106FB112292B29DF815102D
:10795000054B0AF8021007F10C021A80034A22F8BC
:107960001B7019E0A405002066070020E008002035
:10797000C0080020A008002094080020100000206B
:1079800020000020100100209C0800206C920008BC
:107990006807002041060020B64A0C2102F80B10AF
:1079A000B54A102102F80B10B44A13880133138032
:1079B000B34ADFF8F0B207236370137BA370537BE5
:1079C000E3709BF80C302371FF2D9BF80D30637131
:1079D00000F09F80AB4A1388002B00F09A80AA48E1
:1079E000DFF8C4A2DFF8B482013B1380036801937F
:1079F0005A1C514201F01F01A44B02F01F0258BF54
:107A00004A420260A24A1F881288ADF814204FF43F
:107A1000967605A85021FBF779F8B7FBF6F206FB3E
:107A2000127292B250210AF802102946FBF76EF842
:107A30007A1C92B298F80090B2FBF6F106FB112284
:107A400092B249460AF80250FBF760F8BA1C92B2AB
:107A5000B2FBF6F106FB112292B206210AF802905F
:107A600009F1010988F80090FBF750F8FA1C92B26E
:107A7000B2FBF6F106FB112292B206210AF80210BF
:107A800007F1040907F10A08824A019B1FFA89F9E4
:107A90001FFA88F812F8011B039305A8CDE901121B
:107AA000FBF734F8B9FBF6F006FB109009F1010979
:107AB00080B21FFA89F901990AF80010C845DDE97A
:107AC0000223E7D1B8FBF6F206FB12881FFA88F80A
:107AD0009DF814200AF8082007F10B0292B2B2FBBD
:107AE000F6F106FB112292B29DF815100AF8021069
:107AF000664907F10C020A80674A22F813705D4A52
:107B00000C21D1545C4A1021D1545C4A13880133B2
:107B100013805B4A08236370937BA370D37BE3706D
:107B20009BF80E302371FF2D9BF80F30637100F02E
:107B30009A80544A1388002B00F095805249534F85
:107B4000D1F800903E88DFF86081DFF848B1013B52
:107B5000138009F101035A4202F01F0203F01F03D0
:107B600058BF53420B604A4B4FF4967405A81B88CC
:107B7000ADF814305021FAF7C9FFB6FBF4F304FB5B
:107B800013639BB25022294608F80320FAF7BEFF80
:107B9000731C9BB2B3FBF4F204FB12339BB208F8E4
:107BA00003503E4D95F800A05146FAF7AFFFB31CC5
:107BB0009BB2B3FBF4F204FB12339BB2062108F82C
:107BC00003A00AF1010A85F800A0FAF79FFFF31C51
:107BD0009BB2B3FBF4F204FB12339BB2062206F114
:107BE000040A06F10A0508F803201FFA8AFAADB262
:107BF0001BF8011B019105A8FAF788FFBAFBF4F303
:107C000004FB13A30AF1010A9BB21FFA8AFA019935
:107C100008F803105545EBD1B5FBF4F304FB1355FD
:107C2000ADB29DF8143008F8053006F10B039BB295
:107C3000B3FBF4F204FB12339BB29DF8152008F855
:107C4000032006F10C033B80134B23F81960094B0A
:107C50000C2203F80920084B102203F80920074AD8
:107C60001388013313800E4A0123137007B0BDE857
:107C7000F08F00BFC0080020A0080020940800205A
:107C800010000020100100209C0800206607002042
:107C90006C920008A4050020E008002041060020A6
:107CA000A305002020000020680700207B4A7C4BB1
:107CB0002DE9F347117819B1642119700021117071
:107CC0001C78002C00F0E780621E012C1A7040F036
:107CD000E28072B600F0B8FA202000F0CBFA102053
:107CE00000F0C8FA042000F0C5FA6E4800F0E6FA89
:107CF000202000F0BFFA102000F0BCFA042000F0B1
:107D0000B9FA00F0AFFA62B672B600F09DFA202020
:107D100000F0B0FA102000F0ADFA042000F0AAFA4A
:107D20002146604800F0E6FA202000F0A3FA102077
:107D300000F0A0FA042000F09DFA00F093FA62B679
:107D4000594B5A4E1B88ADF80430214601A8FAF76A
:107D5000DDFEDFF86881042404F1006505F53C458B
:107D6000374604EB080A17F8019B01A84946FAF7C1
:107D7000CDFE72B600F068FA202000F07BFA1020E9
:107D800000F078FA042000F075FA4946284600F021
:107D9000B1FA202000F06EFA102000F06BFA0420F7
:107DA00000F068FA00F05EFA62B604355545DAD1A3
:107DB0000834442C06F10206CED13D4E04F1006594
:107DC00005F53C45374617F8019B01A84946FAF7E7
:107DD0009DFE72B600F038FA202000F04BFA102019
:107DE00000F048FA042000F045FA4946284600F021
:107DF00081FA202000F03EFA102000F03BFA042027
:107E000000F038FA00F02EFA62B6043504EB0803ED
:107E10009D42D8D10834842C06F10206CED19DF8BB
:107E2000044072B600F010FA202000F023FA10206F
:107E300000F020FA042000F01DFA21461D4800F051
:107E400059FA202000F016FA102000F013FA04204E
:107E500000F010FA00F006FA62B69DF8054072B61E
:107E600000F0F2F9202000F005FA102000F002FAEC
:107E7000042000F0FFF921460F4800F03BFA2020D3
:107E800000F0F8F9102000F0F5F9042000F0F2F904
:107E900000F0E8F962B602B0BDE8F087A205002064
:107EA000A105002000BC00086C9200081000002012
:107EB0002000002084BC000888BC000808BC000822
:107EC0002DE9F04F6F4B1B7885B0002B40F0D78029
:107ED0006D4A6E4D1360F42102F8011C536019467F
:107EE0001A460C24012604FB01F0285C20B106FA96
:107EF00001F31A43D2B2034601310829F3D10BB181
:107F0000634B5A70634B1A7812B1614A0121917028
:107F10001B7E23B15E4A937843F0020393705E495F
:107F20005E489FED5F7A0022D1ED017A67EE877A95
:107F30000132FCEEE77A062A17EE903A01F11C01B5
:107F400000F8013FF0D1574B1C78FF2C00F09780D0
:107F5000554A1388002B00F092805449544FD1F8B1
:107F600000903E88DFF86481DFF824B1013B138084
:107F700009F101035A4202F01F0203F01F0358BF28
:107F800053420B604B4B4FF4967503A81B88ADF81A
:107F90000C305021FAF7BAFDB6FBF5F305FB13637D
:107FA0009BB25022214608F80320FAF7AFFD731C5C
:107FB0009BB2B3FBF5F205FB12339BB208F803400A
:107FC0003D4C94F800A05146FAF7A0FDB31C9BB2BB
:107FD000B3FBF5F205FB12339BB2092108F803A0AD
:107FE0000AF1010A84F800A0FAF790FDF31C9BB295
:107FF000B3FBF5F205FB12339BB20922341D06F1E7
:108000000D0A08F80320A4B21FFA8AFA1BF8011B14
:10801000019103A8FAF77AFDB4FBF5F305FB1343CE
:1080200001349BB2A4B2019908F803105445EDD174
:10803000B4FBF5F305FB1344A4B29DF80C3008F82B
:10804000043006F10E039BB2B3FBF5F205FB1233CD
:108050009BB29DF80D2008F8032006F10F033B802A
:10806000164B23F81960164B0F2203F80920154B05
:10807000102203F80920144A13880133138005B035
:10808000BDE8F08F1401002099050020B8050020FC
:1080900098050020D8000020300000209A0500201C
:1080A00000007F430E010020100100209C080020EA
:1080B000660700206C92000841060020E0080020BE
:1080C000C0080020A00800209408002068070020B5
:1080D00008B5FAF769FCFAF781FCFAF7ADFCFAF794
:1080E000B5FCFAF7CFFCFAF7E9FCFAF7F3FCFAF77C
:1080F00007FDFAF71BFDFAF745FDFAF763FDFAF7FE
:108100007BFEFCF72FF9FCF744F9FCF781FBFCF749
:1081100094FBFCF7A7FBFCF7BAFBFCF7CDFBFCF7E5
:10812000E1FBFCF7F5FBFCF709FCFCF7A9FDFCF70C
:10813000D5FDFCF7F1FDFCF719FEFCF735FEFCF769
:108140005DFEFCF789FEFCF7A3FEFCF7CBFEFCF717
:10815000E5FEFCF70DFFFCF727FFFCF74FFFFCF7F0
:1081600069FFFDF797FAFDF7ABFAFDF7D5FAFDF7D2
:10817000EDFABDE80840FEF771B900002DE9F74FB0
:108180000025AA462E46A9462F46A84601952A4B09
:108190001C68019BE31AB3F5FA6F02D3FCF730F8C1
:1081A0000194A4EB080BBBF1090F02D9FCF7DEFB2D
:1081B000A046BC4201D0FDF771F8A4EB090343F6D9
:1081C0009722934202D9FDF7C3FFA146A31B45F2B4
:1081D0000722934204D9FDF7EBFFA4F5BB56103EEE
:1081E000A4EB0A03632B02D9FEF75AF8A246BBF1AF
:1081F000090F01D9FEF79EF9BC4203D0FEF7EAFC55
:10820000FFF754FD621B41F287339A4202D9FFF710
:1082100057FE2546FAF724FE2746FBF7B7FEFBF785
:10822000C3FFFCF7CDF8FCF737F9FCF749FCFCF786
:108230002BFFFDF7CBFCAAE7900D002008B5FFF758
:1082400047FFFFF79BFF0000044B1A69120641BF6E
:10825000034A5A6002F188325A6070470020024097
:1082600023016745024A136943F080031361704795
:1082700000200240014BD860704700BF0020024040
:10828000074BDA68D10707D4DA68D20606D4D86873
:10829000C0F3800040007047012070470320704702
:1082A0000020024010B50446FFF7EAFF012804F160
:1082B000FF3402D1002CF7D1042010BD38B505469B
:1082C0004FF47020FFF7EEFF88B9094C236943F0A3
:1082D000020323616561236943F0400323614FF486
:1082E0007020FFF7DFFF236923F00203236138BD0D
:1082F0000020024070B505464FF470200E46FFF78F
:10830000D1FF68B9074C236943F0010323614FF49F
:1083100070202E60FFF7C6FF236923F0010323615D
:1083200070BD00BF002002402DE9F0430568C4681D
:1083300000264FF0010E4FF003080EFA06F71F4219
:108340000DD0770008FA07FC01FA07F925EA0C05B9
:1083500024EA0C0402FA07F749EA05053C43013612
:10836000102EEAD10560C460BDE8F08301294168A0
:10837000F0B50CBF194399434FF6FF744160A24218
:10838000816815D1C46B002201274FF0030C07FA56
:1083900002F61E421CBF55000CFA05F502F101025F
:1083A0001CBF29433443102AF1D18160C463F0BD5E
:1083B000002401274FF0030C07FA04F51D4207D0F3
:1083C00065000CFA05F621EA060102FA05F52943D3
:1083D0000134102CF0D18160E9E78161704781623E
:1083E000704703690B4214BF0120002070474369A6
:1083F0000B4214BF012000207047F0B5066A456AA1
:1084000000234FF0010C4FF00F0E0CFA03F414424E
:1084100007D09C000EFA04F726EA070601FA04F4D6
:1084200026430133082BF0D100234FF0010C4FF00D
:108430000F0E03F108040CFA04F4144207D09C0058
:108440000EFA04F725EA070501FA04F4254301337F
:10845000082BEED106624562F0BD000010B51D4C40
:10846000E36803F4E063B3F5A06F08D020D8B3F558
:10847000407F26D0B3F5806F26D0174BE3600223F0
:108480001C46C4F10404A140C3F104040F23E340DB
:108490001340124A0B431B011118DBB281F8003361
:1084A0004109012300F01F00834042F8213010BD34
:1084B000B3F5C06F0BD0B3F5E06FDED10423002419
:1084C000DFE700230424DCE701230324D9E70323A7
:1084D0000124D6E700ED00E00005FA0500E100E028
:1084E00021F06041034B21F07F0101439960BFF30C
:1084F0004F8F704700ED00E0830903F1804303F5DF
:10850000043300F01F001968012282400A431A60F8
:108510007047830903F1804303F5043300F01F0023
:108520001A680121814022EA01021A607047FFF7B0
:10853000E3BFFFF7EEBF0000F0B55D4B89B0054625
:1085400004AC03F110061F4618685968224603C29E
:108550000833B3421446F7D1716838696B4603C3D8
:1085600003C354494B68C3F38103022B44D14A68C7
:108570004868CB6A0601C2F383424FEAD37334D40E
:10858000002B30D102324B68C86ADC0332D5CB6A8B
:10859000400003F00F0354BF474848480133B0FB85
:1085A000F3F35A434B68C3F3031320336B4413F8BC
:1085B000104C4B68C3F3022320336B4422FA04F4BB
:1085C00013F8206C4B68C3F3C22320336B4413F8B9
:1085D000183C24FA03F0062D10D8DFE805F06412E9
:1085E000141017464F002132CDE70BB91132CAE7FC
:1085F0003132C8E7324BD4E72F4AD3E7002009B025
:10860000F0BD2046FBE724FA06F0F8E70B6BDA052D
:1086100007D40B6B2B4813F4803F2B4B08BF184635
:10862000EDE74A680B6BC2F38132022A4FEAD3733B
:108630000FD0032A14D0012A06D00BB94008DEE778
:108640000320B4FBF0F0DAE70BB98008D7E7052088
:10865000F7E71BB90623B0FBF3F0D0E70720F0E7FC
:108660000BB9C008CBE70920EBE70B6B13F0400F09
:1086700048F2120018BF4FF40040C0E70B6B9B0795
:10868000BDD00B6B03F00303012B0CD00B6B03F07D
:108690000303022B09D00B6B074803F00303032BE2
:1086A00018BF0020ABE71046A9E74FF40040A6E74B
:1086B000809200080010024000127A00006CDC0278
:1086C00000093D00003FAB01809FD50008B5274B56
:1086D00098421ED00BD8A3F5943398422AD003F5C4
:1086E000E05398422DD0B0F1804F1CD008BD204BF4
:1086F00098422DD003F58063984230D0A3F50063F3
:108700009842F3D14FF44470FFF711FF4FF44470D7
:1087100005E040F20B30FFF70AFF40F20B30BDE8F6
:108720000840FFF706BF4FF48060FFF700FF4FF4EB
:108730008060F4E740F20140FFF7F9FE40F20140AB
:10874000EDE74FF48160FFF7F2FE4FF48160E6E75A
:1087500040F21130FFF7EBFE40F21130DFE740F25C
:108760001230FFF7E4FE40F21230D8E7002C01404F
:10877000004401400B8810B58362424B98421BD0E5
:1087800020F48063B3F1804F16D08B68C3623E4BF8
:1087900098423CD003F5903398424FD03B4A9042E8
:1087A00055D002F5806290425ED0A3F5A053984266
:1087B00028D10B7B036325E0036823F0700303607B
:1087C00002684B881343036002688B88134303607D
:1087D0008B68C3622B4B984222D0B0F1804F16D0E9
:1087E000A3F594339842D2D14FF08043D3F80024BC
:1087F00022F44072C3F80024D3F80044CA8822430C
:10880000C3F80024436943F00103436110BD0368CA
:1088100023F4407303600268CB8813430360F1E7DD
:108820001B4BD3F8002C22F44072C3F8002CD3F871
:10883000004CCA882243C3F8002CBAE7036823F42B
:10884000407303600268CB8813430360B1E7D3F839
:10885000002422F44072C3F80024D3F80044CA88EC
:108860002243C3F80024A4E7D3F8002822F440727E
:10887000C3F80028D3F80048CA882243C3F8002868
:1088800097E700BF002C0140002000400044014059
:1088900000200140036843F0010303607047C36890
:1088A0000B43C3607047C36823EA0103C36070478A
:1088B000C3680069084003D00B4214BF01200020A8
:1088C0007047C94301617047436C01290CBF43F4F1
:1088D000004323F40043436470470000032900F27F
:1088E0000381DFE811F0040047009A00DF00036A0B
:1088F00023F001030362836923F003038361036AA6
:1089000011680B430362036A23F002030362016AE6
:10891000D3880B430362754B98420AD020F48061E0
:1089200003F5A053994204D003F50063984240F048
:10893000DB80036A23F004030362016A93880B431C
:108940000362036A23F008030362016A13890B437D
:108950000362436823F480734360416853890B4387
:108960004360436823F400734360416893890B4379
:1089700043607047036A23F010030362836923F4A2
:1089800040738361036A116843EA01130362036A57
:10899000D18823F020030362036A43EA01130362D0
:1089A000524B98422DD1036A918823F04003036211
:1089B000036A43EA01130362036A118923F0800307
:1089C0000362036A43EA01130362494B5089D3F8F7
:1089D000041C928921F48061C3F8041CD3F8041CA0
:1089E00041EA8001C3F8041CD3F8041C21F400619F
:1089F000C3F8041CD3F8041C41EA8202C3F8042C17
:108A000070473C4B98426FD14368528923F480638E
:108A10004360436843EA8203AAE7036A23F480734E
:108A20000362C36923F00303C361036A116843EA65
:108A300001230362036AD18823F400730362036A8B
:108A400043EA01230362294B98424DD1036A91887E
:108A500023F480630362036A43EA01230362036A27
:108A6000118923F400630362036A43EA012303626A
:108A70001F4B5089D3F8041C928921F48051C3F80C
:108A8000041CD3F8041C41EA0011C3F8041CD3F8F9
:108A9000041C21F40051C3F8041CD3F8041C41EA5F
:108AA0000212ABE7036A23F480530362C36923F421
:108AB0004073C361036A116843EA01330362036AC6
:108AC000D18823F400530362036A43EA013303624B
:108AD000064B984208D15968528921F48041596067
:108AE000596841EA82125A60704700BF002C014069
:108AF000002001400040014003291AD8DFE801F0BE
:108B0000020A121A836923F0700383618369134395
:108B100083617047836923F4E0438361836943EA97
:108B20000223F5E7C36923F07003C361C3691343EC
:108B3000C3617047C36923F4E043C361C36943EA77
:108B40000223F5E703290AD8DFE801F0020406084A
:108B50004263704782637047C26370470264704724
:108B600003291AD8DFE801F0020A121A836923F0F8
:108B7000080383618369134383617047836923F426
:108B800000638361836943EA0223F5E7C36923F045
:108B90000803C361C3691343C3617047C36923F406
:108BA0000063C361C36943EA0223F5E708B50C4BD0
:108BB00098420DD003F57443984210D140F20E3024
:108BC000FFF7B5FC40F20E30BDE80840FFF7B1BC3E
:108BD00040F21140FFF7ABFC40F21140F4E708BD52
:108BE0000044004038B5134B984204460D4618D057
:108BF00003F57443984216D10620FFF79DFC2268C6
:108C000012044FEA550310D503EB4003B3FBF5F113
:108C1000C1F3420321F00F010904090C0B43E36087
:108C200038BD0220E9E70020E9E70344B3FBF5F390
:108C30009BB2F4E700440040036823F001030360A3
:108C4000036823F4C063036003680B430360704749
:108C5000036823F001030360036823F48053036077
:108C600003680B4303607047036823F0010303604C
:108C7000436823F44053436043680B4343607047A9
:108C8000036843F0010303607047036823F008039F
:108C9000036003680B4303607047036823F0040319
:108CA000036003680B4303607047C1F308018162EE
:108CB0007047406AC0F308007047026A01F01F0164
:108CC00001238B401343036270478A0910B501F0FA
:108CD0001F01145801238B402343135010BD10B5BE
:108CE0008C090122235801F01F018A4023EA020364
:108CF000235010BDC1F3891310B51C588B0D1A58A1
:108D0000C1F30440012303FA00F0104006D001F043
:108D10001F018B40234214BF0120002010BD000022
:108D2000084B994206D1D0F8D03023F40043C0F864
:108D3000D0307047026AC1F3044101238B401343D2
:108D40000362704709340F34DFF830D0002103E0AC
:108D50000B4B5B58435004310A480B4B42189A4264
:108D6000F6D30A4A02E0002342F8043B084B9A4239
:108D7000F9D300F011F8FFF761FA70471C030020E7
:108D8000A8940008000000201C0100201C03002003
:108D9000940D0020FEE700007E4BDA6902F0060227
:108DA000062A82B047D0DA69900444D57A4A7B49D2
:108DB00059605A6099609A601A6942F020021A61FB
:108DC0001A6942F040021A61DA68D107FCD41A69C4
:108DD00022F020021A611A6942F010021A61DA695F
:108DE00012F0060F6E4A40F0C780A5231380694B2E
:108DF0006B4AD969090A01F0DF015180D969C1F3D1
:108E000007419180D969090ED180196AC9B21181CF
:108E1000196AC1F307215181DA68D207FCD41A69B3
:108E200022F010021A611A6922F400721A611A699A
:108E300042F080021A615B4AD2F8883043F4700332
:108E4000C2F88830584B1A6842F001021A601A685A
:108E50009007FCD55A6842F080025A6000220192C5
:108E6000019A4F2A40F290805A6842F090025A606C
:108E700000220192019A4F2A40F289805A6822F01A
:108E800003025A601A6822F0867222F480321A6055
:108E90005968464A0A405A605A6822F0084222F449
:108EA00074125A60DA6A22F0404222F00F02DA624B
:108EB0001A6B22F4817222F001021A631A6B22F4F7
:108EC00080321A631A6B22F000421A635A6B22F046
:108ED00001025A63D3F8C02022F48032C3F8C020C4
:108EE00000229A60C3F8CC201A6842F480321A60DB
:108EF0004FF400621968890301D4013AFAD11A6863
:108F0000900333D55A685A605A6842F400525A6046
:108F10005A6842F480625A605A6822F0036222F46E
:108F200070225A60DA6A22F0404222F00F02DA62BE
:108F30005A6842F0016242F480325A60DA6A42F0C2
:108F40000102DA62DA6ADA621A6842F080721A6042
:108F50001A689101FCD55A6822F003025A605A68D7
:108F600042F002025A605A681207FCD500214FF005
:108F7000006002B0FFF7B4BADB6903F00603022B0E
:108F80007FF435AFBB2331E7019A013267E7019ADD
:108F900001326EE700200240AB89EFCD2301674527
:108FA00000F8FF1F00ED00E0001002400C00FF0879
:108FB0002DE9F047089D0C46002B4ED194468C4578
:108FC0008646B2FA82F262D94AB1C2F120039140D8
:108FD00020FA03F30CFA02FC194300FA02FE4FEAEE
:108FE0001C471FFA8CF6B1FBF7F44FEA1E4307FB50
:108FF000141143EA014304FB06F199420AD91CEB20
:10900000030304F1FF3080F01381994240F2108194
:10901000023C6344591A1FFA8EF3B1FBF7F007FBC9
:10902000101143EA014300FB06F69E420AD91CEBED
:10903000030300F1FF3180F0FD809E4240F2FA8090
:10904000634402389B1B40EA044000211DB1D34019
:109050000022C5E90032BDE8F0878B4205D90DB189
:10906000C5E9000100210846F5E7B3FA83F10029BC
:1090700046D1A34202D39042C0F0F180861A64EB3D
:1090800003030120002DE6D0C5E90063E3E7002AD1
:1090900040F09180A1EB0C044FEA1C481FFA8CF7BA
:1090A0000121B4FBF8F64FEA1E4308FB164443EADD
:1090B000044307FB06F0984208D91CEB030306F1B2
:1090C000FF3402D2984200F2CE8026461C1A1FFAC4
:1090D0008EF3B4FBF8F008FB104443EA044300FBB2
:1090E00007F79F4208D91CEB030300F1FF3402D2BB
:1090F0009F4200F2B1802046DB1B40EA0640A5E714
:10910000C1F120068B4022FA06F71F4320FA06FC25
:1091100004FA01F343EA0C03F44000FA01F8380CB6
:109120004FEA1349B4FBF0FE1FFA87FC00FB1E4414
:1091300049EA04440EFB0CF9A14502FA01F20AD9EE
:109140003C190EF1FF3A80F08580A14540F2828003
:10915000AEF1020E3C44A4EB09041FFA83F9B4FB00
:10916000F0F300FB134449EA044403FB0CFCA44560
:1091700007D93C1903F1FF3068D2A44566D9023BF8
:109180003C4443EA0E40A0FB0293A4EB0C049C4237
:10919000CE469C4652D34FD055B1B8EB0E0364EB8C
:1091A0000C0404FA06F6CB40CC401E43C5E900642B
:1091B0000021BDE8F087C2F1200320FA03F10CFA88
:1091C00002FC24FA03F394400C434FEA1C4800FAD3
:1091D00002FE1FFA8CF7B3FBF8F008FB1031230CEA
:1091E00043EA014300FB07F1994208D91CEB030352
:1091F00000F1FF362CD299422AD9023863445B1A17
:10920000A4B2B3FBF8F108FB113344EA034401FBB9
:1092100007F3A34208D91CEB040401F1FF3613D273
:10922000A34211D902396444E41A41EA004138E703
:109230000446EFE6084605E7C845ADD2B9EB020E95
:1092400063EB070C0138A7E73146EDE7034698E7E3
:109250003046D4E7D6467EE7634402384CE70646FC
:10926000234608460EE7023E63442FE7FFFF000057
:1092700001000000000000000000000100000000EC
:1092800000000000000000000102030406070809B6
:10929000000000000102030400C0C101C30302C2B8
:1092A000C60607C705C5C404CC0C0DCD0FCFCE0E26
:1092B0000ACACB0BC90908C8D81819D91BDBDA1A96
:1092C0001EDEDF1FDD1D1CDC14D4D515D71716D606
:1092D000D21213D311D1D010F03031F133F3F23276
:1092E00036F6F737F53534F43CFCFD3DFF3F3EFEE6
:1092F000FA3A3BFB39F9F83828E8E929EB2B2AEA56
:10930000EE2E2FEF2DEDEC2CE42425E527E7E626C5
:1093100022E2E323E12120E0A06061A163A3A26235
:1093200066A6A767A56564A46CACAD6DAF6F6EAEA5
:10933000AA6A6BAB69A9A86878B8B979BB7B7ABA15
:10934000BE7E7FBF7DBDBC7CB47475B577B7B67685
:1093500072B2B373B17170B05090915193535292F5
:1093600096565797559594549C5C5D9D5F9F9E5E65
:109370005A9A9B5B99595898884849894B8B8A4AD5
:109380004E8E8F4F8D4D4C8C448485458747468645
:10939000824243834181804000C1814001C08041BD
:1093A00001C0804100C1814001C0804100C18140B5
:1093B00000C1814001C0804101C0804100C18140A5
:1093C00000C1814001C0804100C1814001C0804195
:1093D00001C0804100C1814001C0804100C1814085
:1093E00000C1814001C0804100C1814001C0804175
:1093F00001C0804100C1814000C1814001C0804165
:1094000001C0804100C1814001C0804100C1814054
:1094100000C1814001C0804101C0804100C1814044
:1094200000C1814001C0804100C1814001C0804134
:1094300001C0804100C1814000C1814001C0804124
:1094400001C0804100C1814001C0804100C1814014
:1094500000C1814001C0804100C1814001C0804104
:1094600001C0804100C1814001C0804100C18140F4
:1094700000C1814001C0804101C0804100C18140E4
:1094800000C1814001C0804100C1814001C08041D4
:0894900001C0804100C18140D0
:04949800F8B500BF64
:04949C00F8B500BF60
:0894A00010FBFF7F010000003A
:1094A800180005C600C6000000000000000000000B
:1094B800FFFFFFFFFFFFFFFFFFFFFFFFFFFFFFFFB4
:1094C800FFFFFFFFFFFFFFFFFFFFFFFFFFFFFFFFA4
:1094D8000000000000000000000000000100000083
:1094E8000000000000000000000000000000000074
:1094F8000000000000000000020000000000000062
:109508000000000000000000000000000000000053
:109518000000000003000000000000000000000040
:109528000000000000000000000000000000000033
:10953800040000000000000000000000000000001F
:10954800000000000000000000000000050000000E
:109558000000000000000000000000000000000003
:1095680000000000000000000600000000000000ED
:1095780000000000000000000000000000000000E3
:1095880000000000000000000000000001000000D2
:1095980000000000000000000000000000000000C3
:1095A800000000000200000001FFFF00FFFFFFF2C3
:0C95B800200000010100000000BD0105C2
:0400000508008D4919
:00000001FF
