:020000040800F2
:10000000000003200530000849300008493000088E
:10001000493000084930000849300008000000005D
:10002000000000000000000000000000493000084F
:10003000493000080000000049300008E9050008C8
:1000400049300008493000084930000849300008AC
:10005000493000084930000849300008493000089C
:10006000493000084930000849300008493000088C
:10007000493000084930000849300008151C0008C4
:10008000493000084930000849300008493000086C
:10009000493000084930000849300008493000085C
:1000A000493000084930000849300008493000084C
:1000B000493000084930000849300008493000083C
:1000C000493000084930000849300008493000082C
:1000D000493000084930000849300008493000081C
:1000E000493000084930000849300008493000080C
:1000F00049300008493000084930000849300008FC
:1001000049300008493000084930000849300008EB
:100110006D1A0008493000084930000849300008CD
:1001200049300008493000084930000849300008CB
:1001300049300008493000084930000849300008BB
:1001400049300008493000084930000849300008AB
:10015000493000084930000849300008493000089B
:10016000493000084930000849300008493000088B
:1001700049300008493000084930000800000000FC
:10018000493000084930000849300008493000086B
:1001900049300008493000084930000800000000DC
:0C01A000493000084930000849300008D0
:1001AC0053B94AB9002908BF00281CBF4FF0FF31D2
:1001BC004FF0FF3000F00CB8ADF1080C6DE904CE37
:1001CC0003F000F8DDF804E0DDE9022304B0704729
:1001DC00704700BF0348044B834202D0034B03B16A
:1001EC00184770473C0000203C0000200000000035
:1001FC000548064B1B1AD90F01EBA301491002D07D
:10020C00034B03B1184770473C0000203C00002012
:10021C000000000010B5064C237843B9FFF7DAFF55
:10022C00044B13B10448AFF300800123237010BDBD
:10023C0040000020000000008C34000808B5054B7D
:10024C001BB105490548AFF30080BDE80840FFF736
:10025C00CFBF00BF00000000440000208C34000819
:10026C002DE9F04F914B1B78FF2B83B000F0C4802D
:10027C008F4B1978002979D18E4E8F4D37682B68AA
:10028C00FB1A012B40F2B580DFF85CC2BCF80020F1
:10029C0032B38A48DFF85492046819F80480B8F134
:1002AC00000F0DD0DFF848E2DFF848A29EF800B04E
:1002BC003AF814A0BBF1000F00F01E818EF800106C
:1002CC000134013A7E49ACF80020624202F01F0270
:1002DC0004F01F0458BF54420A88046001320A809B
:1002EC00B3F57A7F40F285807648774F4FF4805192
:1002FC0002F072FC754B76491C78B96000221046EE
:10030C0064F30F029C7864F30F005C78DB7864F381
:10031C001F4263F31F4004240A60486021466D4865
:10032C00FC6102F029F83A4621466A4802F056F878
:10033C002146684802F09CF822462146654802F0A6
:10034C00ABF86548802102F005FE10222146614879
:10035C0002F0AEF821465F4802F094F85F4B31682A
:10036C00296001221A7003B0BDE8F08F00245548B3
:10037C001C704FF4805102F02FFC594A234695789B
:10038C0014785078D178524A1E4665F30F0664F300
:10039C000F034D4D042460F31F4361F31F464D487A
:1003AC00136021465660AA60EC6101F0E5FF2A4615
:1003BC004848214602F012F84648214602F058F807
:1003CC0022464448214602F067F84348802102F057
:1003DC00C1FD10223F48214602F06AF83D482146F3
:1003EC0002F050F8334A34493C4B10680860012243
:1003FC001A7003B0BDE8F08F2E4D2F4C2B6822687D
:10040C009B1AB3F57A7FF4D92E484FF4805102F041
:10041C00E3FB344B2E491E7A0022104666F30F0282
:10042C009E7A66F30F005E7A66F31F420A61DA7AEF
:10043C00254E62F31F401A780A805A784A809A78BF
:10044C008A80DA78CA801A790A815A794A819A792B
:10045C00DB794861B1608A81CB811E480C23042171
:10046C00F36101F089FF32461A48042101F0B6FF0E
:10047C001848042101F0FCFF04221146154802F033
:10048C000BF81548802102F065FD1022114804215B
:10049C0002F00EF80F48042101F0F4FF0F4B29680D
:1004AC00216001221A7003B0BDE8F08F0800002013
:1004BC007D010020B407002080010020BC02002038
:1004CC000E000020000802401400002070000020E4
:1004DC004803002000600240004C004088010020CE
:1004EC007400002064000020B8020020C402002028
:1004FC007C010020040300202E4B2F4813F804B07D
:10050C004FF4805102F068FBBBF1000F4ED02B4B27
:10051C00DFF8BCE0CDE900745246DFF8B8A019460C
:10052C0003EB4B0C4FF49670AEFB0274640900FBAA
:10053C00142401321AF8044021F8024B8C45F3D1F3
:10054C00DDE900741FFA8BF1DFF88CA01C48CAF8A7
:10055C001C100421CAF8083001F00EFF524618484E
:10056C00042101F03BFF1648042101F081FF042215
:10057C001146134801F090FF1248802102F0EAFC6A
:10058C0010220F48042101F093FF0D48042101F0C3
:10059C0079FF0D4A2F60012313700C4A13703368D6
:1005AC0008F1FF3809F80480DB1B99E6034B594628
:1005BC00CAE700BFE4020020000802404803002004
:1005CC0000600240004C00407B01002088010020AC
:1005DC00B5814E1B8C01002014000020024A1368C8
:1005EC0001331360704700BFB407002010B4094BEF
:1005FC00094C1978094B0A485970CA43D2B2A15C0C
:10060C00805CD87081F078029A705F221A705DF865
:10061C00044B704708000020BC3500087400002013
:10062C00BC34000810B4094B094C1978094B0A4822
:10063C005970CA43D2B2A15C805CD87081F055026B
:10064C009A7033221A705DF8044B70470800002032
:10065C00BC35000870000020BC3400082DE9F04FB8
:10066C008DB072B68D4A1388013B138062B68C48EC
:10067C008C4C01684B1C5A42D2B2DBB258BF53426D
:10068C000360894A237832F81120FBB9FF2A14D869
:10069C00AA2A23D0D2B2CC2A40F0D581834A8448EE
:1006AC00844D13700221844A2170844903702B708D
:1006BC00012041F2BF530870138072B6804A138830
:1006CC000133138062B60DB0BDE8F08F013B052BF2
:1006DC00F3D8DFE803F013304D7C6E757548734D1D
:1006EC00037001222B70744B22707149734C43F6CA
:1006FC003F701880032322700B70DEE76C490B7877
:10070C00032B00F0ED80002B40F010826A4B6D4DF6
:10071C0018786D4CB2F5807F28BF0022D2B25040C1
:10072C002A706A4A245C105C08220A705A785C7041
:10073C0042401A70C1E75E490B78002B65D0082B3C
:10074C0000F0F980092BB8D161495C4B002008708E
:10075C001B785949497843B1B2F5807F28BF0246CE
:10076C00914202D15B4BFF221A7000232370A4E745
:10077C004F490B78002B48D0082B00F0DC80092B5C
:10078C009BD14E4B52481978002303704A4840784D
:10079C000029EAD0B2F5807F28BF1A469042E4D1F6
:1007AC004D4A11780029E0D04C4913700120087093
:1007BC00DBE73F4A1378012BD7D9013B13707CE759
:1007CC003B490B78012B5FD9013B0B7075E738491E
:1007DC000B78002B3FD13F4BFF2A1C78364B00F295
:1007EC00ED811878394DD2B2504094422E5C5D7830
:1007FC0085EA06051D70344D285C587002D0FF2A1E
:10080C0040F0E88101230B7057E7324BFF2A1C782C
:10081C00294B0FD91A782C48855C2C48825C587867
:10082C005D7042401A7014B1244B00221A700823D8
:10083C000B7042E71878254DD2B2504094422E5C92
:10084C005D7885EA06051D701F4D285C5870EED04A
:10085C00FF2AECD0E8E7013B082B3FF62EAF01A0B6
:10086C0050F823F0330A0008050A0008C7060008F0
:10087C00C7060008C7060008C7060008BD0900081F
:10088C00430900085F0900080523FF2A23709ABF5B
:10089C00931CDBB202230B700FE700BFA0050020F6
:1008AC00A40500207A010020AC050020780100206E
:1008BC0079010020770100200400002000000020B6
:1008CC001000002062000020BC340008BC35000879
:1008DC0089010020080000207B0100207C01002001
:1008EC00A54CA64B2078A64DA3FB00639B0803EBFD
:1008FC004303A0EB4303DBB2B2F5807F28BF002299
:10090C00EB5CD2B2934202D09E4B00251D709E4BE5
:10091C000130C0B220701C7862409C4CA55C9C4C91
:10092C00A45C5A785D70624006281A707FF4C5AEDC
:10093C0000230B70C1E6944BB2F5807F1B7828BF67
:10094C000022934202D08F4B00221A7009230B70A5
:10095C00B3E690498B4B4FF0000008701B788A4926
:10096C004978002B3FF401AFB2F5807F28BF0022FD
:10097C0091427FF4FAAE884B884A1F78884B1278E4
:10098C00B3F90030029267B193420AD0854D95F8C5
:10099C000080B8F1F50F00F0B382B8F1FB0F00F056
:1009AC002B81814B01221A707D4B029A1A80DCE656
:1009BC00714C7E4B2078744D7A4EA3FB0073B2F5CC
:1009CC00807F00EBD31328BF002203F0FF03D2B2C9
:1009DC00F2542B7853406D4A0130D65C6C4AC0B24D
:1009EC002070D45C6C4B1A786B786E7063408242CA
:1009FC002B707FF462AE1AE7FF2A00F2EF80624898
:100A0C00654CD3B2237004786340604CE55C604C59
:100A1C00E45C4378457063400370002A3FF407AFF1
:100A2C0007230B7049E6584B5C4D1878574CB2F5C0
:100A3C00807F28BF0022D2B250402A70544A245CD6
:100A4C00105C022271E65F2A15D04AD8502A23D0B6
:100A5C00552A32D15649504A474D13700520207003
:100A6C000B2008702B704749474B012047F67F72CB
:100A7C0008701A8021E64E49474A3F4D13700520F5
:100A8C002070032008702B703E493F4B012047F625
:100A9C00FF0208701A8010E645493F4A364D137024
:100AAC0006202070022008702B703649364B01202E
:100ABC0047F6BF4208701A80FFE5332A7FF4FDAD7C
:100ACC003B49354A2C4D13700520207003200870CB
:100ADC002B702C492C4B012045F2FF5208701A80C8
:100AEC00EBE5A02A12D0AF2A7FF4E7AD224A3048BA
:100AFC00294D13700321244A2170224903702B7055
:100B0C00012043F6FF4308701380D6E51A4A2848A3
:100B1C00214D137004211C4A21701A4903702B704B
:100B2C00012043F6BF0308701380C6E5082B3FF481
:100B3C0002AF092B7FF4C1AD1649124B00250D7085
:100B4C001B7811494978002B3FF40FAEB2F5807F2A
:100B5C0028BF2A4691427FF408AE104A154B1278F2
:100B6C001A70FFF743FDFFF75DFD0F49124B0D7037
:100B7C0001221A70F9E500BF78010020ABAAAAAADD
:100B8C00AC0700200000002004000020BC3400084A
:100B9C00BC3500088901002077010020620000208C
:100BAC0006000020780000207D01002081808080DC
:100BBC007901002008000020380000201A78BE4877
:100BCC00855CBE48825C58785D7042401A70002C7F
:100BDC003FF418AEBA4B00221A7013E6B94BB74863
:100BEC001A78B54D845CAD5C5A78B7485D7062403C
:100BFC001A70002303701AE6012F00F06F85072F7F
:100C0C007FF6CFAEB5F80120002A40F0CA83182F2A
:100C1C007FF4C7AEB5F80510AC4B0193B1F5844F1A
:100C2C001A70EA79AB7A7FF4BCAE022A7FF4B9AEC3
:100C3C00012B7FF4B6AE95F80CB095F80DA095F895
:100C4C000E9095F80F802F7C6E7C95F812E095F83D
:100C5C0013C0287D697DAA7DEB7DBBF1670F7FF406
:100C6C00A0AEBAF1640F7FF49CAEB9F1330F7FF4F0
:100C7C0098AEB8F1320F7FF494AE662F7FF491AE3C
:100C8C00342E7FF48EAEBEF1350F7FF48AAEBCF1FC
:100C9C00300F7FF486AE76287FF483AE67297FF41D
:100CAC0080AE742A7FF47DAE362B7FF47AAE72B6AA
:100CBC0001F052FD012001F061FE022001F05EFE08
:100CCC00102001F05BFE402001F058FE802001F066
:100CDC0055FE102001F05CFD012001F04FFE0220BA
:100CEC0001F04CFE102001F049FE402001F046FEC0
:100CFC00802001F043FE01F041FD62B6744AB5F864
:100D0C00033092F80080734A5BBA1380724B4FF039
:100D1C000202B8F1FF0F1A8000F0C9806F4A1388E5
:100D2C00002B00F0C480013B6449138088F0BF00A5
:100D3C006B4B614A93F800C00B5C105CDFF8BCA1F4
:100D4C0083EA0C0383F07C03DAF800E0CD5CD35C1F
:100D5C00684080F003000D5C105C6B4083F0FB037B
:100D6C00CD5CD35C68400D5C105C6B4083F002037F
:100D7C00C95CD55C0395414004915A490A88531DBE
:100D8C001FFA83FB931DD51C9BB20693ADB2D31DEA
:100D9C0005951FFA83F9544DCDF81C9002F1080308
:100DAC001FFA83F9CDF82090B5F80090059D0EF14F
:100DBC00010109F10109CDF82490D1F1000909F0E4
:100DCC001F094FF4967301F01F0102F1010758BF80
:100DDC00C9F10001961C101DCAF80010BFB2B2FB7D
:100DEC00F3F1B6B203FB112180B21FFA81F9B7FB04
:100DFC00F3F103FB1177B6FBF3F103FB1166B5FBC3
:100E0C00F3F103FB1155B0FBF3F103FB110080B2BE
:100E1C0005900698BBFBF3F103FB11BBB0FBF3F1A0
:100E2C0003FB110107981FFA8BFA1FFA81FBB0FB29
:100E3C00F3F103FB110188B206900898B0FBF3F1B3
:100E4C0003FB1103294998B2079021F81E2025496C
:100E5C00274B05980932BFB2B6B20A80502203F86C
:100E6C0009201F4A03F80780ADB203F806C00CF145
:100E7C00010C82F800C003225A55069E1D49099D9B
:100E8C00FB221A544FF002070498002203F80A20A0
:100E9C0003F80B7098550798039A1A540923164AAD
:100EAC0001F80E30102302F80E300F4B1D80019A02
:100EBC000123137075E500BFBC340008BC35000875
:100ECC000000002004000020770100205C000020BE
:100EDC0008000020600000205E0000200E000020B2
:100EEC00630000208A010020B802002004030020C7
:100EFC008C010020E4020020C4020020C00200206B
:100F0C00DA4B93F80090B9F1FF0F3FF44AADD84A91
:100F1C001388002B3FF445AD013BD648138089F074
:100F2C00BF03D54AD54992F800C0C25CCB5CDFF850
:100F3C0058B382EA0C0282F07C02DBF800E0855C9C
:100F4C008A5C6B4083F01303C55CCB5C6A4082F017
:100F5C00F502855C6B4083F001038D5CC25C5540EF
:100F6C00CA5C435D5A4082F042024B5D855C6B402B
:100F7C008D5CC34A83F002031288C75CC85C931C67
:100F8C009EB2D31C9BB20493131D7D409BB2059360
:100F9C0085F00105531D01959DB2931D1FFA83FA2F
:100FAC00D31DCDF81CA01FFA83FA02F10803069595
:100FBC00CDF820A00EF101051FFA83FACDF824A07C
:100FCC00D5F1000A0AF01F0A4FF4967305F01F05BD
:100FDC0002F1010758BFCAF10005CBF80050BFB2AF
:100FEC00B2FBF3F503FB15251FFA85FBB7FBF3F5F5
:100FFC0003FB1577B6FBF3F503FB1565049E1FFA8F
:10100C0085FAB6FBF3F503FB1565059ECDF80CA030
:10101C001FFA85FAB6FBF3F503FB1565CDF810A0A6
:10102C001FFA85FACDF814A0069EB6FBF3F503FB68
:10103C001565079E1FFA85FAB6FBF3F503FB1565DC
:10104C00089ECDF818A01FFA85FAB6FBF3F503FB42
:10105C001565099ECDF81CA01FFA85FAB6FBF3F5B1
:10106C0003FB1565CDF820A01FFA85FA854DCDF848
:10107C0024A0BFB24FF0500605F80B60039E05F894
:10108C0007904FF0010A7C4F05F806C0049ED4442B
:10109C0087F800C01327AF55059E05F80680069EFD
:1010AC0005F806A0079E4FF0000C05F806C0089E38
:1010BC004227AF55099E0227AF55019E6D4F11F87F
:1010CC0006B017F8068080EA0808384617F808902A
:1010DC0011F808808BEA090787F0670702F10D0BFE
:1010EC0010F80790CF5D88EA090888F0640802F1CF
:1010FC00090C10F8089011F8088087EA090787F0A6
:10110C0033071FFA8CFC10F80790CF5D88EA0908AA
:10111C0088F0320810F8089011F8088087EA09075F
:10112C0087F0660710F80790CF5D88EA090888F009
:10113C00340810F8089011F8088087EA090787F03E
:10114C00350710F80790CF5D88EA090888F0300859
:10115C0010F8089011F8088087EA090787F07607DD
:10116C0010F80790C85D019088EA090888F06706B6
:10117C0003961FFA8BF602F10E0B1FFA8BFBCDF8C0
:10118C0014B002F10F0B1FFA8BFBCDF818B002F163
:10119C00100B1FFA8BFBCDF81CB002F1110B1FFAD0
:1011AC008BFBCDF820B002F1120B1FFA8BFBCDF8A4
:1011BC0024B002F1130B1FFA8BFBCDF828B0BCFB4B
:1011CC00F3FB03FB1BCC02F10A071FFA8CFCBFB22A
:1011DC0005F80CA0B7FBF3FC049603FB1C770498F2
:1011EC0002F10B0902F10C08BFB21FFA89F91FFAC0
:1011FC0088F84FF00006EE55B9FBF3F603FB169991
:10120C00B8FBF3F603FB1688B0FBF3F603FB1606EC
:10121C0005981FFA89F71FFA86F9B0FBF3F603FB62
:10122C00160606981FFA86FAB0FBF3F603FB1606B1
:10123C0007981FFA86FBB0FBF3F603FB16061FFAA2
:10124C0086FCCDF810C00898B0FBF3F603FB16062D
:10125C0009981FFA86FCB0FBF3F603FB16060A98F6
:10126C00CDF814C01FFA86FC10E000BF0800002067
:10127C000E000020BC35000863000020BC340008C0
:10128C008A0100208C010020C0020020B0FBF3F684
:10129C0003FB1606CDF818C01FFA88F81FFA86FC57
:1012AC00CDF81CC064264FF0670C05F807C005F894
:1012BC000860332605F80960322605F80A60049F99
:1012CC000598DFF8D481662605F80B603426EE55B8
:1012DC00069FB8F800A035262E543026EE55079FF1
:1012EC0063487626EE55039FCE5DC75D0198474057
:1012FC0087F074075E4810F80790CF5D86EA090600
:10130C0086F0360602F11409805D8E5D01961FFA97
:10131C0089F90AF1010AA8F800A0B9FBF3F803FB5C
:10132C00189887EA000B02F1160602F1150702F174
:10133C00170002F118011FFA88F889B2BFB2B6B2D1
:10134C0080B205F808C0B7FBF3FC03FB1C77B6FBB7
:10135C00F3FC03FB1C66B0FBF3FC03FB1C00B1FBB2
:10136C00F3FC03FB1C134349BFB221F81E20424976
:10137C00B6B219324FF0740C0A809BB205F807C054
:10138C0080B23627AF553D49019E3D4A05F800B065
:10139C00EE54192301F80E30102302F80E30FFF72B
:1013AC0000BB384E92FA92F833881FFA88F84345FE
:1013BC007FF4F7AA3449D5F8033001914FF00009B6
:1013CC00B2F5807F81F800901DBA00F00583082BE0
:1013DC0000F0EE822D4A934200F0D6822C4A9342C2
:1013EC0000F0BE822B4A934200F0A682B3F5847FB4
:1013FC0000F08E82B3F5027F00F07682B3F5816F38
:10140C0000F05E82B3F5C16F00F0468240F6080230
:10141C00934200F00F8240F60822934200F0F681CE
:10142C0040F60842934200F0DD8140F60862934298
:10143C0000F0C48142F20802934200F0AB8142F208
:10144C000842934200F0928142F60802934200F067
:10145C00798142F60842934200F04C81073FC7F372
:10146C008507DFF83890013F4FF0000A51E000BFCC
:10147C00BC350008040300208A010020E40200208F
:10148C00C40200205E0000205C0000200800400028
:10149C00080080000800C000B8020020780000207E
:1014AC0099F8063099F8052099F803B042EA03221E
:1014BC0099F8043043EA02234BEA032B72B601F08D
:1014CC004BF9012001F05AFA022001F057FA1020D2
:1014DC0001F054FA402001F051FA802001F04EFA4C
:1014EC00594605EB8A0001F0D3F9012001F046FAC8
:1014FC00022001F043FA102001F040FA402001F0E4
:10150C003DFA802001F03AFA01F038F962B60AF19E
:10151C00010A574509F10409C2DAD04BD04A1B889D
:10152C00434518BF08F1010392F8008014BF9BB229
:10153C000123B8F1FF0F33803FF4B9ACC9490A88D5
:10154C00002A3FF4B4AC013AC7480A8088F0BF05C2
:10155C00C64AC74992F800C0425D4D5DDFF834A31E
:10156C0082EA0C0282F07C02865C8A5C754085F013
:10157C000305465D4F5D724082F0FB02DEB2855C76
:10158C0011F802E004966F4087EA1327B94D2A88B8
:10159C00C55DCF5D8EEA060675401B0A0393435D5D
:1015AC00DAF800E0485D05905F40531D1FFA83FB9D
:1015BC00931D06979BB2571C0893BFB2D31D079778
:1015CC001FFA83F9AC4FCDF8249002F108031FFAEF
:1015DC0083F9CDF82890B7F80090079F0EF1010120
:1015EC0009F10109CDF82C90D1F1000909F01F097E
:1015FC004FF4967301F01F0102F1020658BFC9F1B6
:10160C000001D51C101DCAF80010B6B2B2FBF3F1E4
:10161C00ADB203FB112180B21FFA81F9B7FBF3F1D4
:10162C0003FB1177B6FBF3F103FB1166B5FBF3F18A
:10163C0003FB1155B0FBF3F103FB110081B20898C9
:10164C000791BBFBF3F103FB11BBB0FBF3F103FB05
:10165C00110109981FFA8BFA1FFA81FBB0FBF3F109
:10166C0003FB110189B208910A98B0FBF3F103FB5B
:10167C001103824921F81E207E4998B20932804B11
:10168C000A80BFB2B6B2502203F80920774A03F899
:10169C000780ADB203F806C00CF1010C82F800C053
:1016AC0003225A55079D049E76490B9FFB225A55DF
:1016BC00039A089D03F80A20069A03F80B605A5502
:1016CC0002460598985409236F4A01F80E301023EE
:1016DC0002F80E30684B1F80FFF7E9BBBFF34F8F4A
:1016EC006A496B4BCA6802F4E0621343CB60BFF3E8
:1016FC004F8FFEE772B601F02FF8012001F03EF992
:10170C00022001F03BF9102001F038F9402001F0E3
:10171C0035F9802001F032F9782001F039F80120F8
:10172C0001F02CF9022001F029F9102001F026F922
:10173C00402001F023F9802001F020F901F01EF87F
:10174C0062B68BE672B601F007F8012001F016F9CB
:10175C00022001F013F9102001F010F9402001F0E3
:10176C000DF9802001F00AF97020D6E772B600F06E
:10177C00F3FF012001F002F9022001F0FFF8102024
:10178C0001F0FCF8402001F0F9F8802001F0F6F8A7
:10179C006820C2E772B600F0DFFF012001F0EEF81E
:1017AC00022001F0EBF8102001F0E8F8402001F0E5
:1017BC00E5F8802001F0E2F86020AEE772B600F0A8
:1017CC00CBFF012001F0DAF8022001F0D7F810204D
:1017DC0001F0D4F8402001F0D1F8802001F0CEF8CF
:1017EC0058209AE772B600F0B7FF012001F0C6F856
:1017FC00022001F0C3F8102001F0C0F8402001F0E5
:10180C00BDF8802001F0BAF8502086E772B600F0DF
:10181C00A3FF012001F0B2F8022001F0AFF8102074
:10182C0001F0ACF8402001F0A9F8802001F0A6F8F6
:10183C00482072E772B600F08FFF012001F09EF88D
:10184C00022001F09BF8102001F098F8402001F0E4
:10185C0095F8802001F092F840205EE760000020AF
:10186C00080000200E000020BC350008630000209A
:10187C00BC3400088A010020B802002004030020B8
:10188C008C010020E4020020C402002000ED00E0E6
:10189C000400FA05C002002072B600F05DFF0120C2
:1018AC0001F06CF8022001F069F8102001F066F8E4
:1018BC00402001F063F8802001F060F838202CE71C
:1018CC0072B600F049FF012001F058F8022001F037
:1018DC0055F8102001F052F8402001F04FF880200C
:1018EC0001F04CF8302018E772B600F035FF0120FB
:1018FC0001F044F8022001F041F8102001F03EF80C
:10190C00402001F03BF8802001F038F8282004E753
:10191C0072B600F021FF012001F030F8022001F036
:10192C002DF8102001F02AF8402001F027F8802033
:10193C0001F024F82020F0E672B600F00DFF012033
:10194C0001F01CF8022001F019F8102001F016F833
:10195C00402001F013F8802001F010F81820DCE68C
:10196C0072B600F0F9FE012001F008F8022001F037
:10197C0005F8102001F002F8402000F0FFFF802055
:10198C0000F0FCFF1020C8E672B600F0E5FE012066
:10199C0000F0F4FF022000F0F1FF102000F0EEFF49
:1019AC00402000F0EBFF802000F0E8FF0820B4E6B8
:1019BC0072B600F0D1FE012000F0E0FF022000F032
:1019CC00DDFF102000F0DAFF402000F0D7FF802070
:1019DC0000F0D4FF4846A0E6FB1FC3F385031F4E5F
:1019EC005F1E35E0B379727996F8038042EA0322E0
:1019FC00337943EA022348EA032872B600F0ACFEBE
:101A0C00012000F0BBFF022000F0B8FF102000F016
:101A1C00B5FF402000F0B2FF802000F0AFFF414640
:101A2C0005EB890000F034FF012000F0A7FF022035
:101A3C0000F0A4FF102000F0A1FF402000F09EFF5A
:101A4C00802000F09BFF00F099FE62B609F10109BD
:101A5C004F4506F10406C5DAFEF7A3BF7800002057
:101A6C0070B55849584801F0A3FA0546002840F0D3
:101A7C0083805649544801F09BFA0646002872D1DF
:101A8C005349514801F094FA0446002862D14E485B
:101A9C004FF4427101F08CFAF8B94E494A4801F002
:101AAC0087FA00282CD145EA06000443E4B2002C46
:101ABC002ED14949444801F07BFA38B1474A138882
:101ACC00002B62D14449404801F088FA44493E4811
:101ADC0001F06EFA00282DD170BD3B48002101F0B9
:101AEC003FFA394843F2080101F03AFA36484FF40C
:101AFC00427101F073FA3749334801F059FA38B1A1
:101B0C003148032101F02CFA32492F4801F066FAD2
:101B1C0072B63448344C3149344A002303604FF4D4
:101B2C00807023600880138062B63149314A0B7093
:101B3C001370BEE7244840F2063101F02BFA2E4810
:101B4C004FF4805101F04AF8BDE8704024491E481A
:101B5C0001F044BA1C48032101F002FA1C491A484E
:101B6C0001F03CFA93E71848022101F0F9F9174902
:101B7C00154801F033FA83E71348012101F0F0F91D
:101B8C001049114801F02AFA73E717490E480C68FE
:101B9C001A4E184D013B1380631C5A42D2B2DBB271
:101BAC0058BF53420B6001F0D1F9104A1449138805
:101BBC00096826F8140001331380124B01222A7095
:101BCC0019607FE700050100004C00400005020091
:101BDC0000050300050303000503050010000020A9
:101BEC0006030600A4050020A8050020A00500207F
:101BFC007A0100208901002000080240AC05002079
:101C0C00B40700208401002010B50C4820220421C8
:101C1C0000F060FC00B910BD09480A4C40F20631D6
:101C2C0001F0ACF90849054800230B702370202201
:101C3C00BDE81040042100F073BD00BF00600240FD
:101C4C00004C004088010020890100204FF0E02268
:101C5C008D498E482DE9F8435061F020002481F81D
:101C6C0023008B4B946107211161D3F8201AD3F810
:101C7C00100AD3F8147AD3F8189ADFF84482854EF8
:101C8C00854D6FF03A024FF6FF73FEF789FA48461E
:101C9C00394691461F466FF03A024FF6FF73FEF736
:101CAC007FFA7B4089EA020288F8043040F6024051
:101CBC001B0AC8F8002088F8053001F04FF82146BF
:101CCC0030464FF40063022200F010FF4FF4006323
:101CDC0022463046022100F057FE4FF400620821E4
:101CEC00304600F07DFF40F6024001F037F8214607
:101CFC0030464FF48063022200F0F8FE4FF480630C
:101D0C0022463046022100F03FFE082130464FF4B7
:101D1C00806200F065FF614B614A1A6040F6154025
:101D2C0001F01CF822462146342000F0CBFF22465D
:101D3C0001210F2000F0C6FF41F2130001F00EF854
:101D4C002846042101F0FCF82846082101F0F2F89D
:101D5C00284640F2053101F011F928464FF4A061F4
:101D6C0001F00CF94FF44271284601F007F92846AE
:101D7C0001F0DAF840F6024000F0F0FF2146304660
:101D8C004FF48053022200F0B1FE22464FF48053F0
:101D9C003046012100F0F8FD30464FF4805100F040
:101DAC001DFF404BD8F80000C3F801005E783E4997
:101DBC00987893F803E0B8F804C086F07F065527AE
:101DCC008A5D5040394A80F07F00965D86EA0E06A7
:101DDC0011F800E086EA0E0612F800E0184600F84A
:101DEC00017BA0F804C018798F5D965D80EA0E0027
:101DFC0078405F797E400F5C105C7E409F79784024
:101E0C008F5D7840975D0E5C7740165CC85D4640F0
:101E1C0086F00106D05D8F5D784080F00100975D03
:101E2C000E5C7E409E724FF48077165C2048A3F8BF
:101E3C00077001275F72DE7200781E4EC343DBB25F
:101E4C007070D25CC95C1C4BF270DA7081F0780255
:101E5C00B27081F055015F2258709970327028462B
:101E6C00332216491A7000F0FDFF2146284601F076
:101E7C004BF82146284601F04FF821462846BDE88C
:101E8C00F84301F039B800BF00ED00E03E0D03004F
:101E9C000070FF1F00080240004C0040140000209E
:101EAC00044C004064000020BC350008BC34000821
:101EBC0008000020740000207000002040420F0039
:101ECC00AC0700202DE9F04F91B04FF00009DFF87E
:101EDC0080B2DFF88082CDF80490CA46844B1C682F
:101EEC00A4EB0A03B3F5FA6F04D3824B1B78002BD7
:101EFC0046D1A246019BE21A43F697239A420BD98C
:101F0C007D4B1B68013306D072B67B4A136883F392
:101F1C000888536898470194A4EB090240F6B7333C
:101F2C009A4205D9754B1B78002B40F01581A146C0
:101F3C00734B1B880BB1FEF791FB9BF8003023B958
:101F4C00704B1B780BB9FEF78BF9694B1A68D8F8F4
:101F5C000030D31A012BC1D972B66B496B480023E0
:101F6C000B606B490B6066490B804FF480710180EC
:101F7C0062B6C8F80020674A8BF800301370ADE7E2
:101F8C00654B1978FF29B4D0644A1388002BB0D064
:101F9C00013B634E138081F0BF03624A624F10789D
:101FAC00F25C0491424082F07C02F95C0590B05CDA
:101FBC005E4B5F4D1B882D78BA5C0395414081F0D8
:101FCC0001016A40705C795C5A4F5B4DD7F800A0F8
:101FDC005A4F25F81A3003F1060E1FFA8EFECDF873
:101FEC002CE0A7FB035E4FEA5E1E4FF49675424051
:101FFC0005FB1E3E03F1010C4C4D029206911FFA9B
:10200C008EFE1FFA8CFC981CDE1C191D5A1D073302
:10201C002B80CDF81CE0A7FB0CE35B094FF4967EFC
:10202C000EFB13CC1FFA8CF380B20893A7FB00C3F2
:10203C00B6B25B090EFB1300A7FB06C35B090EFBD4
:10204C001366B3B289B20993A7FB01635B090EFB5C
:10205C0013118BB292B20B9D0A93A7FB02635B091F
:10206C000EFB1322A7FB05635B090EFB1353344DC8
:10207C00069FB5F800C00AF101060CF1010CA5F899
:10208C0000C0D6F1000C2B4D0CF01F0C06F01F06F7
:10209C0058BFCCF100062E60029D214E765D7E402D
:1020AC00214F17F805C0274F079D4FF0500E07F82A
:1020BC0005E0089D0499795580B23D46059F2F5443
:1020CC00781C184F0A993870099F92B20120E85574
:1020DC009BB203986854AE541B4A05F803C00723FF
:1020EC0002F80A30194A102302F80A3001E700BF3F
:1020FC00B407002038000020008000085C0000209D
:10210C00A005002088010020A4050020100000205C
:10211C00A80500207A010020080000200E000020F5
:10212C00BC35000863000020BC3400088A01002084
:10213C000C000020C002002004030020B5814E1BBF
:10214C00B80200208C010020E4020020C402002010
:10215C008901002084010020764B93F80090B9F19E
:10216C00FF0F3FF4E4AE744A1388002B3FF4DFAE4C
:10217C00013B724D138089F0BF02714B714E187880
:10218C00AB5CB15C0390434083F07C036E4FE85C26
:10219C00F35C3A886D4F414081F00301685C715CDF
:1021AC00434083F0FB032846ED5C81EA12214D404D
:1021BC00F15C16F805C0CDF814C05FFA82FC405DE6
:1021CC003B88634FCDF818C0654669404140079184
:1021DC00110A0491591D89B23F680D9103F1070E44
:1021EC005C4902971FFA8EFE21F81730CDF838E0C3
:1021FC00594F03F1080E1FFA8EFECDF83CE0A7FBF9
:10220C00031E4FEA5E1E514F4FF4967101FB1E3EAA
:10221C0003F1010C9E1CDD1C181D9A1D09333B801B
:10222C004D4F0D991FFA8EFE1FFA8CFCCDF820E055
:10223C00A7FB0CE35B094FF4967E0EFB13CC1FFA45
:10224C008CFCB6B2CDF824C0A7FB06C35B090EFB11
:10225C001366ADB2F4461FFA86FEA7FB05635B0955
:10226C000CFB135580B2CDF828E01FFA85FEA7FBB6
:10227C0000535B090CFB1300CDF82CE01FFA80FE19
:10228C00A7FB01035B090CFB131192B2CDF830E0F4
:10229C001FFA81FEA7FB02135B090CFB132292B2FF
:1022AC000D920E9A254D059EA7FB02135B090CFBA4
:1022BC0013200F9AA7FB02135B090CFB1321079A3F
:1022CC00029FAD5C75401F4E7B1C16F802C0089A2D
:1022DC005E4206F01F0603F01F0358BF73421C4EEC
:1022EC0033601E4E5023B354099A039B06F8029098
:1022FC000A9AB354124A013313700B9A0323B35442
:10230C000C9AFB23B354049A06F80E200D9A069BE4
:10231C00B354134A0923D355124A1023D355124AE6
:10232C00138880B289B201333554138006F801C08A
:10233C00FDE500BF080000200E000020BC350008A1
:10234C0063000020BC3400085E0000208A010020DD
:10235C00C002002004030020B5814E1B8C0100201C
:10236C00E4020020C4020020B802002008B5FFF7E8
:10237C006DFCFFF7A7FD00BF01EB410C00EBCC039C
:10238C0003291A6922F001021A614FF000021A6146
:10239C005A619A61DA611A625A620BD849084FEA9B
:1023AC004C0C82680CEB810C3D2303FA0CF31343A9
:1023BC00836070470439CBB203EB4303C1F3400194
:1023CC005B0010B403EB8103C4683D2202FA03F3F3
:1023DC002343C3605DF8044B704700BF01EB410120
:1023EC0000EBC10030B4436A23F00403436213686A
:1023FC0083619368C361D36943611469136A01698A
:10240C009569234321F45E312B4321F0C00143EA4B
:10241C0084030B43036153688BB9036943F4007362
:10242C000361D368B3B9036943F4806303615369EF
:10243C00BBB9036943F4807330BC03617047012B53
:10244C0003690CBF23F4007343F400430361D368A6
:10245C00002BE8D0036923F4806303615369002BDC
:10246C00E7D0036923F4807330BC0361704700BF6D
:10247C0001EB4101C90010300B5823F480730B5051
:10248C00704700BF01EB4101C90010300B5843F0FD
:10249C0001030B50704700BF01EB4101C900103024
:1024AC000B5823F0606343EA42630B50704700BF44
:1024BC0001EB4101802A4FEAC10104D010300B58C6
:1024CC0013430B50704724300B5843F080030B50D0
:1024DC00704700BF032910B418D8013A1F2A11D82D
:1024EC00DFE802F07A10108A1010109A10101010F9
:1024FC00101010AA10101010101010101010101036
:10250C00101010BA00205DF8044B70470B1F013AF5
:10251C00DBB21F2AF6D80FF2080C5CF822F000BFD1
:10252C00852600081125000811250008AF26000893
:10253C00112500081125000811250008D9260008CE
:10254C001125000811250008112500081125000887
:10255C001125000811250008112500080327000883
:10256C001125000811250008112500081125000867
:10257C001125000811250008112500081125000857
:10258C001125000811250008112500081125000847
:10259C00112500081125000811250008AD2500089B
:1025AC0001EB41014468C3F34002103003EB4303D9
:1025BC00C9004FEA430C0CEB820C20230A5803FA97
:1025CC000CF0204002F0100300289CD0181E18BFFD
:1025DC0001205DF8044B704701EB410350F8244B8C
:1025EC005A00DB0049081B5802EB81020120904085
:1025FC00204003F08003E7E701EB410350F8104B58
:10260C005A00DB0049081B5802EB81020420904061
:10261C00204003F00203D7E701EB410350F8104BC5
:10262C005A00DB0049081B5802EB8102082090403D
:10263C00204003F00403C7E701EB410350F8104BB3
:10264C005A00DB0049081B5802EB81021020904015
:10265C00204003F00803B7E701EB410350F8104B9F
:10266C005A00DB0049081B5802EB810220209040E5
:10267C00204003F01003A7E701EB41014468C3F3CA
:10268C004002243003EB4303C9004FEA430C0CEB2C
:10269C00820C01230A5803FA0CF0204002F080034C
:1026AC0092E701EB41014468C3F34002103003EBA5
:1026BC004303C9004FEA430C0CEB820C04230A5869
:1026CC0003FA0CF0204002F002037DE701EB41011C
:1026DC004468C3F34002103003EB4303C9004FEAD4
:1026EC00430C0CEB820C08230A5803FA0CF0204024
:1026FC0002F0040368E701EB41014468C3F34002B4
:10270C00103003EB4303C9004FEA430C0CEB820C73
:10271C0010230A5803FA0CF0204002F0080353E788
:10272C0003290BD84FEA510C01EB41014B0003EB91
:10273C008C0381689A400A43826070470439CBB29B
:10274C0003EB4303C1F340015B0003EB8103C1685E
:10275C009A400A43C2607047054BD3F8102C002AEC
:10276C0005DA0449044AC3F8041CC3F8042C704766
:10277C000030024023016745AB89EFCD034AD2F804
:10278C00103C43F00043C2F8103C7047003002404C
:10279C003E496FF03043D1F80C2C12F4803F4BD1F2
:1027AC0012F4807F4CD112F0800F4ED112F0400FFA
:1027BC0050D112F0100F58D192075DD4012B3DD09F
:1027CC00D1F8103C23F0F80310B4C1F8103CD1F848
:1027DC00103C2E4C034343F00203C1F8103CD1F8DB
:1027EC00103C43F480336FF03042C1F8103CD4F805
:1027FC000C0CC10333D4C30502F1FF3233D40406ED
:10280C0038D441063DD4C3063DD410F0020018BFA5
:10281C000620002A08BF07201C4B5DF8044BD3F898
:10282C00102C22F00202C3F8102CD3F8102C22F03A
:10283C00F802C3F8102C7047013BACD1072070474D
:10284C00012B14BF022007207047012B14BF03205B
:10285C0007207047012B14BF042007207047013A52
:10286C00C5D10720D8E70220D3E7012B14BF0520E0
:10287C00072070470320CCE7012B14BF062007204C
:10288C0070470420C5E70520C3E700BF00300240B5
:10289C0030B4394C6FF03043D4F80C2CD5033FD402
:1028AC00D50542D4150646D4550649D4D50652D47E
:1028BC00920757D4012B35D0D4F8103C2E4D23F46D
:1028CC004073C4F8103CD4F8103C43F40073C4F8C3
:1028DC00103CD4F8103C43F00103C4F8103C6FF0EA
:1028EC0030420160D5F80C0CC3032ED4C50502F19F
:1028FC00FF322ED4040633D4410638D4C30638D460
:10290C0010F0020018BF0620002A08BF07201A4A40
:10291C00D2F8103C23F0010330BCC2F8103C7047D5
:10292C00013BB9D1072030BC7047012B14BF0220EA
:10293C00072030BC7047012B14BF03200720F2E79F
:10294C00012B14BF04200720EDE7013ACAD1072060
:10295C00DDE70220D8E7012B14BF05200720E2E7B2
:10296C000320D1E7012B14BF06200720DBE704204E
:10297C00CAE70520C8E700BF00300240014BC3F88E
:10298C000C0C70470030024013F0010F30B4056896
:10299C00C46806D025F0030C24F003044CEA0105AE
:1029AC00144313F0020F07D025F00C0C24F00C0488
:1029BC004CEA810544EA820413F0040F07D025F099
:1029CC00300C24F030044CEA011544EA021413F0E4
:1029DC00080F07D025F0C00C24F0C0044CEA811578
:1029EC0044EA821413F0100F07D025F4407C24F431
:1029FC0040744CEA012544EA022413F0200F07D05E
:102A0C0025F4406C24F440644CEA812544EA822489
:102A1C0013F0400F07D025F4405C24F440544CEAEA
:102A2C00013544EA023413F0800F07D025F4404CF2
:102A3C0024F440444CEA813544EA823413F4807F18
:102A4C0007D025F4403C24F440344CEA014544EAD8
:102A5C00024413F4007F07D025F4402C24F44024C6
:102A6C004CEA814544EA824413F4806F07D025F484
:102A7C00401C24F440144CEA015544EA025413F46B
:102A8C00006F07D025F4400C24F440044CEA815527
:102A9C0044EA825413F4805F07D025F0407C24F084
:102AAC0040744CEA016544EA026413F4005F07D0F9
:102ABC0025F0406C24F040644CEA816544EA826461
:102ACC0013F4804F07D025F0405C24F040544CEABE
:102ADC00017544EA02741B0444BF61F39F7562F3F1
:102AEC009F740560C46030BC704700BF0129416809
:102AFC000CBF194399434160816813F0010F1CBF4F
:102B0C0021F00301114313F0020F1CBF21F00C0143
:102B1C0041EA820113F0040F1CBF21F0300141EA9D
:102B2C00021113F0080F1CBF21F0C00141EA821101
:102B3C0013F0100F1CBF21F4407141EA022113F075
:102B4C00200F1CBF21F4406141EA822113F0400F99
:102B5C001CBF21F4405141EA023113F0800F1CBF1D
:102B6C0021F4404141EA823113F4807F1CBF21F4EF
:102B7C00403141EA024113F4007F1CBF21F4402193
:102B8C0041EA824113F4806F1CBF21F4401141EAE9
:102B9C00025113F4006F1CBF21F4400141EA825131
:102BAC0013F4805F1CBF21F0407141EA026113F401
:102BBC00005F1CBF21F0406141EA826113F4804F39
:102BCC001CBF21F0405141EA02711B0448BF62F363
:102BDC009F718160704700BF81617047816270474F
:102BEC0010B4046A436A12F0010F1CBF24F00F04E6
:102BFC000C4312F0020F1CBF24F0F00444EA011441
:102C0C0012F0040F1CBF24F4706444EA012412F087
:102C1C00080F1CBF24F4704444EA013412F0100F66
:102C2C001CBF24F4702444EA014412F0200F1CBF92
:102C3C0024F4700444EA015412F0400F1CBF24F039
:102C4C00706444EA016412F0800F18BF61F31F74C2
:102C5C0012F4807F1CBF23F00F030B4312F4007F90
:102C6C001CBF23F0F00343EA011312F4806F1CBF66
:102C7C0023F4706343EA012312F4006F1CBF23F4A6
:102C8C00704343EA013312F4805F1CBF23F47023BA
:102C9C0043EA014312F4005F1CBF23F4700343EAC0
:102CAC00015312F4804F1CBF23F0706343EA01639D
:102CBC00120448BF61F31F7304625DF8044B436256
:102CCC00704700BF10B4224CE36803F4E063B3F523
:102CDC00E06F32D0E36803F4E063B3F5C06F17D054
:102CEC00E36803F4E063B3F5A06F0DD0E36803F47D
:102CFC00E063B3F5806F24D0E36803F4E063B3F5CD
:102D0C00407F22D0134BE36002F00302022302E067
:102D1C0002F007020323104C9940114323180901B8
:102D2C00C9B283F800134209012300F01F0083404D
:102D3C0044F822305DF8044B704702F00F02042374
:102D4C00E9E702F001020123E5E700221346E2E77E
:102D5C0000ED00E00005FA0500E100E0830903F155
:102D6C00804303F50E3300F01F00196801228240E6
:102D7C000A431A60704700BF10B5364C844694E87D
:102D8C000F0088B00DF1200E10340EE90F0094E8FE
:102D9C0003006B4683E8030002AB83E803002E4A72
:102DAC00D2F80838C3F38103012B4ED0022B43D148
:102DBC00D2F80408D2F80418D2F80438D2F804284F
:102DCC00264CC3F3014312F4800F03F10103C1F34A
:102DDC0088124FEA430300F03F01214818BF2046F8
:102DEC00B0FBF1F002FB00F0B0FBF3F01A4BD3F8A0
:102DFC000818D3F80828D3F80838C1F30311203188
:102E0C006944C2F38222C3F342332032203311F8D7
:102E1C00101C6A446B4412F8202C13F8183C20FA4E
:102E2C0001F1BCF1030F12D8DFE80CF0040C02081E
:102E3C0021FA02F008B010BD0948D7E721FA03F0D7
:102E4C0008B010BD084608B010BD0448CEE70020FD
:102E5C00F0E700BFA43400080030024040787D0148
:102E6C000024F40038B5214B984204460D4608D096
:102E7C002ED8A3F53053984203D015D91C4B984249
:102E8C001AD10220FFF778FFE3681B0419D56B08F1
:102E9C004FF6F07103EB4003B3FBF5F3C3F34202BF
:102EAC000B401343A36038BDA3F500639842E8D0F0
:102EBC0003F580639842E4D0E3681B044FF00000F4
:102ECC00E5D400EB5500B0FBF5F080B2A06038BD46
:102EDC00084B20F480629A4204D0A3F51443984224
:102EEC00CFD0E9E70320FFF747FFCDE7007800409C
:102EFC000050004000100140C36823F4C063C3605D
:102F0C00C3680B43C3607047C36823F48053C3602A
:102F1C00C3680B43C3607047036923F440530361D8
:102F2C0003690B4303617047C36843F40053C360E8
:102F3C00704700BFC36823F008030B43C36070479E
:102F4C00C36823F004030B43C36070474068C0F3AD
:102F5C0008007047436923F080030B4343617047BB
:102F6C004FEA911C01225CF8003001F01F018A40ED
:102F7C0023EA02034CF80030704700BF8A0910B4F2
:102F8C0001F01F01145801238B40234313505DF8AB
:102F9C00044B70474FEA911C01225CF8003001F0A1
:102FAC001F018A4023EA02034CF80030704700BF2F
:102FBC00C1F389138A0D30B41D581458C1F304435E
:102FCC00012202FA03F0204006D001F01F018A40D2
:102FDC002A4214BF0120002030BC70474FEA915C9C
:102FEC0001225CF80030C1F304418A4023EA020359
:102FFC004CF80030704700BF002103E00A4B5B58CF
:10300C004350043109480A4B42189A42F6D3094AF4
:10301C0002E0002313600432074B9A42F9D300F00C
:10302C000FF8FFF7A3F97047CC360008000000201A
:10303C003C00002040000020B8070020FEE7000004
:10304C005B495C4AD1F8883010B443F47003C1F882
:10305C008830D2F8003843F0010383B0C2F800384E
:10306C00D2F800389907FBD5D2F80838002143F084
:10307C008003C2F808380191019B4F2B05D8019BA6
:10308C0001330193019B4F2BF9D94A4AD2F80838E6
:10309C00002143F09003C2F808380191019B4F2B9B
:1030AC0005D8019B01330193019B4F2BF9D9414961
:1030BC00414CD1F8083823F00303C1F80838D1F893
:1030CC00002822F0847222F48032C1F80028D1F852
:1030DC000028002022F48022C1F80028C1F808083A
:1030EC00D1F80828C1F80448C1F80C08D1F8002818
:1030FC0042F480324FF6FF73C1F8002801E0013B27
:10310C0003D0D1F800289203F9D52A4BD3F8002824
:10311C0094034CD5D3F840282849294842F08052D2
:10312C00C3F840280A6842F440420A60D3F80828E1
:10313C00C3F80828D3F8082842F40042C3F808283A
:10314C00D3F8082842F4A052C3F80828C3F804089E
:10315C00D3F8002842F08072C3F80028D3F8002876
:10316C009001FBD5154A136843F480331360536800
:10317C00D903FCD51368114943F4003313604B6831
:10318C009A03FCD50B4AD2F8083823F00303C2F893
:10319C000838D2F8083843F00203C2F80838D2F8DD
:1031AC0008381B07FBD503B05DF8044B7047FEE7EE
:1031BC0000ED00E0003002401030002400700040B0
:1031CC00196440092DE9F047089D0C46002B4ED19F
:1031DC0094468C458646B2FA82F262D94AB1C2F163
:1031EC002003914020FA03F30CFA02FC194300FA75
:1031FC0002FE4FEA1C471FFA8CF6B1FBF7F44FEABC
:10320C001E4307FB141143EA014304FB06F19942E8
:10321C000AD91CEB030304F1FF3080F013819942AF
:10322C0040F21081023C6344591A1FFA8EF3B1FB31
:10323C00F7F007FB101143EA014300FB06F69E4230
:10324C000AD91CEB030300F1FF3180F0FD809E4294
:10325C0040F2FA80634402389B1B40EA0440002190
:10326C001DB1D3400022C5E90032BDE8F0878B4286
:10327C0005D90DB1C5E9000100210846F5E7B3FAFF
:10328C0083F1002946D1A34202D39042C0F0F180D1
:10329C00861A64EB03030120002DE6D0C5E9006318
:1032AC00E3E7002A40F09180A1EB0C044FEA1C48A4
:1032BC001FFA8CF70121B4FBF8F64FEA1E4308FB0A
:1032CC00164443EA044307FB06F0984208D91CEB6A
:1032DC00030306F1FF3402D2984200F2CE80264658
:1032EC001C1A1FFA8EF3B4FBF8F008FB104443EAE7
:1032FC00044300FB07F79F4208D91CEB030300F1C2
:10330C00FF3402D29F4200F2B1802046DB1B40EA20
:10331C000640A5E7C1F120068B4022FA06F71F43B1
:10332C0020FA06FC04FA01F343EA0C03F44000FA19
:10333C0001F8380C4FEA1349B4FBF0FE1FFA87FC76
:10334C0000FB1E4449EA04440EFB0CF9A14502FAA9
:10335C0001F20AD93C190EF1FF3A80F08580A145A3
:10336C0040F28280AEF1020E3C44A4EB09041FFA39
:10337C0083F9B4FBF0F300FB134449EA044403FB68
:10338C000CFCA44507D93C1903F1FF3068D2A445C5
:10339C0066D9023B3C4443EA0E40A0FB0293A4EBEB
:1033AC000C049C42CE469C4652D34FD055B1B8EB40
:1033BC000E0364EB0C0404FA06F6CB40CC401E431F
:1033CC00C5E900640021BDE8F087C2F1200320FAB2
:1033DC0003F10CFA02FC24FA03F394400C434FEA79
:1033EC001C4800FA02FE1FFA8CF7B3FBF8F008FB3E
:1033FC001031230C43EA014300FB07F1994208D931
:10340C001CEB030300F1FF362CD299422AD9023867
:10341C0063445B1AA4B2B3FBF8F108FB113344EA22
:10342C00034401FB07F3A34208D91CEB040401F18C
:10343C00FF3613D2A34211D902396444E41A41EA8B
:10344C00004138E70446EFE6084605E7C845ADD22B
:10345C00B9EB020E63EB070C0138A7E73146EDE739
:10346C00034698E73046D4E7D6467EE763440238F5
:10347C004CE70646234608460EE7023E63442FE718
:10348C00F8B500BFF8BC08BC9E467047F8B500BF45
:08349C00F8BC08BC9E46704715
:1034A40000000000000000000102030406070809F0
:1034B400000000000102030400C0C101C30302C2F2
:1034C400C60607C705C5C404CC0C0DCD0FCFCE0E60
:1034D4000ACACB0BC90908C8D81819D91BDBDA1AD0
:1034E4001EDEDF1FDD1D1CDC14D4D515D71716D640
:1034F400D21213D311D1D010F03031F133F3F232B0
:1035040036F6F737F53534F43CFCFD3DFF3F3EFE1F
:10351400FA3A3BFB39F9F83828E8E929EB2B2AEA8F
:10352400EE2E2FEF2DEDEC2CE42425E527E7E626FF
:1035340022E2E323E12120E0A06061A163A3A2626F
:1035440066A6A767A56564A46CACAD6DAF6F6EAEDF
:10355400AA6A6BAB69A9A86878B8B979BB7B7ABA4F
:10356400BE7E7FBF7DBDBC7CB47475B577B7B676BF
:1035740072B2B373B17170B050909151935352922F
:1035840096565797559594549C5C5D9D5F9F9E5E9F
:103594005A9A9B5B99595898884849894B8B8A4A0F
:1035A4004E8E8F4F8D4D4C8C44848545874746867F
:1035B400824243834181804000C1814001C08041F7
:1035C40001C0804100C1814001C0804100C18140EF
:1035D40000C1814001C0804101C0804100C18140DF
:1035E40000C1814001C0804100C1814001C08041CF
:1035F40001C0804100C1814001C0804100C18140BF
:1036040000C1814001C0804100C1814001C08041AE
:1036140001C0804100C1814000C1814001C080419E
:1036240001C0804100C1814001C0804100C181408E
:1036340000C1814001C0804101C0804100C181407E
:1036440000C1814001C0804100C1814001C080416E
:1036540001C0804100C1814000C1814001C080415E
:1036640001C0804100C1814001C0804100C181404E
:1036740000C1814001C0804100C1814001C080413E
:1036840001C0804100C1814001C0804100C181402E
:1036940000C1814001C0804101C0804100C181401E
:1036A40000C1814001C0804100C1814001C080410E
:0836B40001C0804100C181400A
:0836BC0014FBFF7F0100000078
:0436C40049020008AF
:0436C80021020008D3
:1036CC0001000000FFFFFFFFFF000000F2002000E0
:1036DC0000010000000000000100000000000000DC
:1036EC000000000000080000010000004000000085
:0C36FC00000000000000030001000000BE
:0400000508003005BA
:020000040800F2
:108000000000032031E4000875E4000875E400086E
:1080100075E4000875E4000875E40008000000003D
:1080200000000000000000000000000075E40008EF
:1080300075E400080000000075E4000809970008D6
:1080400075E4000875E4000875E4000875E40008AC
:1080500075E4000875E4000875E40008EDAE00085A
:1080600075E4000875E4000875E4000875E400088C
:1080700075E4000875E4000875E40008D1AA00085A
:1080800075E4000875E4000875E4000875E400086C
:1080900075E4000875E4000875E4000875E400085C
:1080A00075E4000875E4000875E4000875E400084C
:1080B00075E4000875E4000875E4000875E400083C
:1080C00075E4000875E4000875E4000875E400082C
:1080D00075E4000875E4000875E4000875E400081C
:1080E00075E4000875E4000875E4000875E400080C
:1080F00075E4000875E4000875E4000875E40008FC
:1081000075E4000875E4000875E4000875E40008EB
:1081100029A9000875E4000875E40008FDB000080E
:1081200075E4000875E4000875E4000875E40008CB
:1081300075E4000875E4000875E4000875E40008BB
:1081400075E4000875E4000875E4000875E40008AB
:1081500075E4000875E4000875E4000875E400089B
:1081600075E4000875E4000875E4000875E400088B
:1081700075E4000875E4000875E4000800000000DC
:1081800075E4000875E4000875E4000875E400086B
:1081900075E4000875E4000875E4000800000000BC
:0C81A00075E4000875E4000875E40008B0
:1081B00053B94AB9002908BF00281CBF4FF0FF314E
:1081C0004FF0FF3000F00CB8ADF1080C6DE904CEB3
:1081D00006F014FADDF804E0DDE9022304B070478C
:1081E000704700BF0348044B834202D0034B03B1E6
:1081F00018477047AC000020AC00002000000000D1
:108200000548064B1B1AD90F01EBA301491002D0F8
:10821000034B03B118477047AC000020AC000020AE
:108220000000000010B5064C237843B9FFF7DAFFD1
:10823000044B13B10448AFF300800123237010BD39
:10824000B000002000000000B8E8000808B5054BA9
:108250001BB105490548AFF30080BDE80840FFF7B2
:10826000CFBF00BF00000000B4000020B8E8000845
:108270002DE9F04F914B1B78FF2B83B000F0C480A9
:108280008F4B1978002979D18E4E8F4D37682B6826
:10829000FB1A012B40F2B580DFF85CC2BCF800206D
:1082A00032B38A48DFF85492046819F80480B8F1B0
:1082B000000F0DD0DFF848E2DFF848A29EF800B0CA
:1082C0003AF814A0BBF1000F00F01E818EF80010E8
:1082D0000134013A7E49ACF80020624202F01F02EC
:1082E00004F01F0458BF54420A88046001320A8017
:1082F000B3F57A7F40F285807648774F4FF480510E
:1083000005F080FB754B76491C78B9600022104659
:1083100064F30F029C7864F30F005C78DB7864F3FD
:108320001F4263F31F4004240A60486021466D48E1
:10833000FC6104F0D9FF3A4621466A4805F006F888
:108340002146684805F04CF822462146654805F06C
:108350005BF86548802106F019F810222146614833
:1083600005F05EF821465F4805F044F85F4B316840
:10837000296001221A7003B0BDE8F08F002455482F
:108380001C704FF4805105F03DFB594A2346957807
:1083900014785078D178524A1E4665F30F0664F37C
:1083A0000F034D4D042460F31F4361F31F464D48F6
:1083B000136021465660AA60EC6104F095FF2A46DE
:1083C0004848214604F0C2FF4648214605F008F817
:1083D00022464448214605F017F84348802105F01D
:1083E000D5FF10223F48214605F01AF83D482146A6
:1083F00005F000F8334A34493C4B1068086001220C
:108400001A7003B0BDE8F08F2E4D2F4C2B682268F8
:108410009B1AB3F57A7FF4D92E484FF4805105F0BA
:10842000F1FA344B2E491E7A0022104666F30F02F1
:108430009E7A66F30F005E7A66F31F420A61DA7A6B
:10844000254E62F31F401A780A805A784A809A783B
:108450008A80DA78CA801A790A815A794A819A79A7
:10846000DB794861B1608A81CB811E480C230421ED
:10847000F36104F039FF32461A48042104F066FF24
:108480001848042104F0ACFF04221146154804F0FA
:10849000BBFF1548802105F079FF10221148042107
:1084A00004F0BEFF0F48042104F0A4FF0F4B29681D
:1084B000216001221A7003B0BDE8F08F7400002023
:1084C00021050020540B0020240500206006002018
:1084D0007A000020000802408000002014040020E0
:1084E000E806002000600240004C00402C050020FF
:1084F00018040020080400205C0600206806002004
:1085000020050020A80600202E4B2F4813F804B0A9
:108510004FF4805105F076FABBF1000F4ED02B4B93
:10852000DFF8BCE0CDE900745246DFF8B8A0194688
:1085300003EB4B0C4FF49670AEFB0274640900FB26
:10854000142401321AF8044021F8024B8C45F3D16F
:10855000DDE900741FFA8BF1DFF88CA01C48CAF823
:108560001C100421CAF8083004F0BEFE5246184818
:10857000042104F0EBFE1648042104F031FF04222C
:108580001146134804F040FF1248802105F0FEFE1A
:1085900010220F48042104F043FF0D48042104F089
:1085A00029FF0D4A2F60012313700C4A13703368A2
:1085B00008F1FF3809F80480DB1B99E6034B5946A4
:1085C000CAE700BF8806002000080240E806002035
:1085D00000600240004C00401F0500202C050020D8
:1085E000B5814E1B30050020800000202DE9F04FA2
:1085F000C34BDFF83CA3587D9AF8002099B0019254
:10860000002840F0A3811E785C681D7D029502461B
:1086100066F30702E3B265F30F22BA4DBA4903933A
:1086200063F31742C4F3072363F31F622F78C1F883
:1086300002204FF480720A80FF2FC4F307424FEAF2
:10864000146404928A710594CC7100F07C81AF4966
:108650000A88002A00F07781013A0A80AC49DFF8E5
:10866000D4B209780F9787F0BF020F461BF80210AB
:108670001097794081F07C01A64F1BF80140BA5C4D
:10868000795C029D0D96624082F008020E931BF801
:108690000240BA5C61401BF80140624082F0010276
:1086A0007C5C1BF8021074406140BC5C1BF801202C
:1086B000795C6C406240039CBD5C61401BF80240E9
:1086C0004C405D401BF80460934B3C5D1A8886EA81
:1086D000050C049DCDF81CC085EA0401541C1FFA4A
:1086E00084FC941C66461FFA84FCD41CCDF820C080
:1086F0001FFA84FC141DCDF824C01FFA84FC541DFD
:1087000063461FFA84FC941D1791CDF828C0834955
:108710001FFA84FCD41DCDF82CC01FFA84FCCDF8C0
:1087200030C00D687E4913960695A1FB0254314670
:108730007B4E159364091194A6FB01456E091296B0
:10874000099D774E0899A6FB0548A6FB0345A6FBA5
:1087500001496B0931460B9D0A9E149302F1080EE4
:10876000A1FB0646A1FB05451FFA8EFE6446A1FB50
:1087700004C4A1FB0E3CDDE912314FEA5C1CCDF8CC
:1087800058C04FF4967C0CFB1313089912934FEAD0
:1087900059190CFB191909994FEA58180CFB1818AC
:1087A000DDE914310CFB13130A99139376090CFBC2
:1087B00016160B99169B6D090CFB15150C9964097F
:1087C0000CFB141411990CFB13EE0CFB11239BB240
:1087D0000893ADB2BDF848300993B6B2BDF84C303D
:1087E0000C95A5B20A930B961195069D079B1799B8
:1087F0006C1C1BF80350464B664285EA010506F0E7
:108800001F06464904F01F0458BF74420C60454CD3
:1088100008995026665409990F9E66541FFA89F9E3
:10882000109E04F809600A991FFA88F801361E7034
:10883000082604F8086060540B9917F80580012099
:108840006054DDE90C16665411990298079E605435
:108850001FFA8EFE039804F80E00BE5D059830499D
:1088600046401BF80500704002F10A061BF8005054
:1088700017F800B002F10907BFB2A1FB07194FEAD0
:1088800059190CFB1977264902F10D00BFB283B2CA
:10889000B6B20E98E055A1FB06977F090CFB176650
:1088A00088EA0508B6B202F10B050498A055ADB2EE
:1088B000A1FB057676090CFB165502F10C0EADB244
:1088C000059860551FFA8EFEA1FB0E65A1FB0361A2
:1088D00049096D090CFB11300CFB15E580B2ADB2F6
:1088E000114904F8058004F800B0069C0F480A4BB3
:1088F00020F814200E321A800A8801321CE000BFD2
:108900001800002074000020680300207A00002076
:1089100005040020E8E800082E0500206406002079
:10892000B5814E1B300500205C060020A806002003
:1089300053030020E8E900080A80CA49CA4A0E2009
:10894000085510211155C94B01225A75C84B1A7A86
:10895000002A40F0A78159681D78C64CC648247883
:10896000CEB265F30702C1F3072766F30F22234651
:1089700067F31742C1F3074464F31F62090EC0F89E
:108980000220FF2B4FF481720294039181710280C7
:1089900000F06481B9490A88002A00F05F81013A39
:1089A000DFF8F4920A80B6480E9383F0BF02037892
:1089B00019F80210DFF8E4B20F93594081F07C01FE
:1089C0001BF8022019F801001BF801100B9542401A
:1089D00082F007020D9719F802001BF802200C968E
:1089E000414081F0020119F80100424082F0010289
:1089F0001BF8010019F80210684041401BF8020002
:108A000019F80120039D704042401BF8010019F83D
:108A100002109C4E784041401BF80200029A19F85F
:108A200001401BF801105040974A128884EA000365
:108A3000501C1FFA80FC901C674605931FFA80FCAF
:108A400085EA0103D01C159363461FFA80FC101DB4
:108A5000CDF818C01FFA80FC501D8C49CDF81CC001
:108A60001FFA80FC901DCDF820C01FFA80FCD01D9D
:108A7000CDF824C01FFA80FCA1FB02504509CDF8B7
:108A800028C0CDE91057069D36680496A1FB070E55
:108A9000A1FB0507079D1293A1FB0506089DA1FBFD
:108AA0000508099DA1FB0505A1FB030C02F10804C3
:108AB00068090A9D1390A4B2A1FB0505A1FB04302F
:108AC0004009119B14904FEA5E1E4FF4967000FB14
:108AD0001E3E129B4FEA5C1C00FB1C3C069B7F0960
:108AE00000FB17330693079B139F760900FB16368E
:108AF000089B4FEA581800FB1838099B00FB1737F2
:108B00000A9B12971FFA8CFC6D0900FB1535CDF8F6
:108B100024C0109BBDF818C0CDF828C01FFA86FCF1
:108B2000149FCDF840C000FB13231FFA88FC9BB2B2
:108B30001FFA8EFECDF844C0BDF848C0079300FB75
:108B40001744CDF820E0CDF848C0059F159B049E42
:108B50001FFA85FCCDF84CC01FFA84FC19F80740B9
:108B6000CDF850C084EA030C741CCDF818C002F193
:108B70000907D4F1000CBFB20CF01F0C04F01F0465
:108B800002F10A0658BFCCF10004A1FB078CB6B273
:108B90004FEA5C1C00FB1C7702F10B0EA1FB068C5C
:108BA00002F10C051FFA8EFE364BADB24FEA5C1C8B
:108BB00000FB1C66A1FB0E8CA1FB05811C60490912
:108BC000334C079B4FEA5C1C00FB1CEC00FB11556F
:108BD0005020E054089B0E98E054099B0F982849B8
:108BE000E0540A9BDFF8B8E0013008700720E05439
:108BF000109B0220E054119B0120E054129B0B9823
:108C0000E054139B0C98E054149B0D98E054BFB2B1
:108C100005980299069BE155B6B20399A1551BF838
:108C2000000019F803601BF803701A491FFA8CFC46
:108C3000ADB2704004F80C006755049CBEF800000B
:108C400021F8142010490D3201300A800549064AE6
:108C5000AEF800000D20085510211155044B0122DB
:108C60001A721FE088060020680600201800002005
:108C70005C03002074000020540300207A000020D0
:108C800005040020640600202E050020B5814E1B3F
:108C900030050020A8060020E8E90008E8E8000800
:108CA0005C060020019B01338AF8003019B0BDE852
:108CB000F08F00BF2DE9F04F994A9A4C1278238823
:108CC00085B00292984A12780192002B40F03A81C6
:108CD00002F03F0823888BB9DDE901329A4207D9B7
:108CE00003F1010B904B83F800B005B0BDE8F08FA5
:108CF0008E4B00221A7005B0BDE8F08F8C4FDFF864
:108D00003C92DFF83CA28B4E013B23803B68591C10
:108D100089FB0120CA17C2EBA00203EB430302EB5D
:108D200042020125A1EBC2010AEB0302396082482D
:108D30000AF80350294682F80180957005F096FAEA
:108D400033882B4433802388002BC5D0013B2380FC
:108D50003B687948591989FB012CCA1703EB430377
:108D6000C2EBAC0202EB4202A1EBC2010AF80350D3
:108D7000534439600222294683F801809A7005F035
:108D800075FA33882B4433802388002BA4D0013B11
:108D900023803B686848591989FB012CCA1703EBEB
:108DA0004303C2EBAC0202EB4202A1EBC2010AF8A0
:108DB0000350534439600322294683F801809A7096
:108DC00005F054FA33882B4433802388002B83D05A
:108DD000013B23803B685848591989FB012CCA176D
:108DE00003EB4303C2EBAC0202EB4202A1EBC20174
:108DF0000AF80350534439600422294683F801805D
:108E00009A7005F033FA33882B4433802388002B83
:108E10003FF462AF013B23803B684748591989FB07
:108E2000012CCA1703EB4303C2EBAC0202EB420274
:108E3000A1EBC2010AF803505344396005222946C8
:108E400083F801809A7005F011FA33882B4433803F
:108E50002388002B3FF440AF013B23803B6836481A
:108E6000591989FB012CCA1703EB4303C2EBAC026F
:108E700002EB4202A1EBC2010AF8035053443960ED
:108E80000622294683F801809A7005F0EFF93388AD
:108E90002B4433802388002B3FF41EAF013B2380FB
:108EA0003B682548591989FB012CCA1703EB43037A
:108EB000C2EBAC0202EB4202A1EBC2010AF8035082
:108EC000534439600722294683F801809A7005F0DF
:108ED000CDF933882B4433802388002B3FF4FCAE3C
:108EE000013B23803B6814485C1989FB042903EB90
:108EF0004303E217C2EBA9020AF8035002EB420255
:108F00005344A4EBC2042946082283F801809A70D6
:108F10003C6005F0ABF933882B443380DCE600BFBE
:108F20003E030020000000203D0300203C03002001
:108F3000EC000020E400002000140040ABAAAA2AA4
:108F4000F0000020DFF87CB3D94FDBF80020D94DCA
:108F5000501C87FB0016C117C1EBA60102EB4202B1
:108F600001EB4101A0EBC100A918D34ECBF80000E2
:108F7000013B4FF0020C4FF0000A2380CF4825F848
:108F800002C081F802A0012105F070F93188013199
:108F900031802188002900F0BE8101392180DBF871
:108FA0000010C64801F1010E87FB0EC84FEAEE7CA7
:108FB000CCEBA80C01EB41010CEB4C0CAEEBCC0361
:108FC00005EB010C4FF4AA4ECBF8003025F801E078
:108FD00001218CF802A005F049F93188019B01318B
:108FE0003180218803F03F0800293FF473AE013936
:108FF0002180DBF80010B24B01F1010C87FB0C0E55
:109000004FEAEC7001EB4101C0EBAE0000EB400019
:10901000ACEBC00005F801A02944CBF8000013F820
:109020003800487081F802A0A448012105F01EF91B
:10903000318801313180218800293FF44BAE01395C
:109040002180DBF800109E4B01F1010C87FB0C0E18
:109050004FEAEC7001EB4101C0EBAE0003EBC80935
:1090600000EB4000ACEBC00005F801A02944CBF8B0
:10907000000099F80100487081F802A08F48012192
:1090800005F0F4F831880131318021884FEAC802B7
:10909000039200293FF41EAE01392180DBF8001055
:1090A00099F802C0481C01EB410105F801A02944D0
:1090B00081F801C081F802A087FB001CC117C1EB39
:1090C000AC0101EB4101A0EBC100CBF80000012194
:1090D0007A4805F0CBF831880131318021880029A8
:1090E0003FF4F8AD01392180DBF8001099F803C096
:1090F000481C01EB410105F801A0294481F801C099
:1091000081F802A087FB001CC117C1EBAC0101EB89
:109110004101A0EBC100CBF800000121674805F038
:10912000A5F8318801313180218800293FF4D2AD82
:1091300001392180DBF8001099F804C0481C01EBCC
:10914000410105F801A0294481F801C081F802A07D
:1091500087FB001CC117C1EBAC0101EB4101A0EB87
:10916000C100CBF800000121544805F07FF8318898
:1091700001313180218800293FF4ACAD01392180D3
:10918000DBF8001099F805C0481C01EB410105F817
:1091900001A0294481F801C081F802A087FB001CCE
:1091A000C117C1EBAC0101EB4101A0EBC100CBF851
:1091B00000000121414805F059F831880131318022
:1091C000218800293FF486AD01392180DBF80010A9
:1091D00099F806E0394801F1010C01EB410187FBE8
:1091E0000C974FEAEC7205F801A0C2EBA7022944E4
:1091F00002EB4202ACEBC20281F801E081F802A06E
:109200000121CBF8002005F031F83288013232809C
:109210002288002A3FF45EAD0399294B244F013A7E
:109220002280DBF800201944501C91F807C087FB0E
:10923000001EC117C1EBAE0102EB420201EB41017E
:10924000A0EBC100A9184FF00009CBF8000081F88D
:1092500001C081F80290194805F80290012105F03B
:1092600005F83288013232802288002A3FF432AD7C
:10927000013A2280DBF80020104802F1010C87FB44
:109280000C1E4FEAEC71C1EBAE0101EB410102EBA8
:109290004202ACEBC101CBF80010A9184FF43E4CD0
:1092A00025F802C081F80290012104F0DFFF0BE0F5
:1092B000ABAAAA2AF0000020E4000020001400401D
:1092C0003C010020EC0000203288013232802288EC
:1092D000002A3FF401AD013A2280DBF80020012191
:1092E000501802EB420287FB00C7A9541544C2176D
:1092F000C2EBA70202EB4202A0EBC200CBF80000D7
:10930000074885F8029085F8018004F0AFFF3388A4
:1093100001333380DEE4019B03F03F08DAE400BF51
:10932000001400402DE9F04FB74BB84918781C7B6A
:1093300000228A70F4220A80021E93B018BF012214
:1093400014B142F0020220461C7E14B142F0040225
:10935000204693F8244014B142F00802204693F8C6
:10936000304014B142F01002204693F83C40002CEB
:1093700000F0A88193F8480042F02002002800F095
:10938000AC8193F8543042F04002002B40F0A281AF
:109390004A709F4B1B780BB101238B709D4ADFED08
:1093A0009E7A9E4BD2ED015A92ED086AD3ED006A87
:1093B00093ED027A9A4A65EEA75A26EE276A66EE80
:1093C000A76AFCEEE55A67EE277ABCEEC66ACDEDD9
:1093D000005ABCEEE67A9DF800608DED016AFCEE65
:1093E000E77A12789DF804C08DED027A0023CDED66
:1093F000007A9DF8087066F3070310466CF30F239C
:109400009DF80020009267F3174362F31F63FF2863
:10941000C1F8033000F05381824A1388002B00F01A
:109420004E81013B1380804B804C1B78089080F06C
:10943000BF021D46A35C7E4809956B4083F07C0308
:10944000825CE55CC35C0B966A4082F0070207977A
:10945000A55C4C78825C6B4025466A4083F0F4033F
:109460000D95724D8C78E95CC35C0A945140634061
:109470006A5C415C5A407140AB5C4B40815C6D4A18
:10948000ED5C1288C35C81EA0C0185EA0104511C81
:109490000C948CB2911C26468CB2D11C7B40274682
:1094A0008CB2111D02948CB2511D03948CB2911D8B
:1094B0000494614D11938CB2D11D604B05948CB214
:1094C000069402F108012D6801958CB2A3FB0251AC
:1094D00049090E91039D0F97A3FB061AB346029EFE
:1094E0001094A3FB0719A3FB0618A3FB0517049E02
:1094F000059DA3FB0616A3FB05150699A3FB011EFC
:109500002146A3FB014149090C464FEA5A1A594624
:109510004FF4967B0BFB1A1A0F994FEA59190BFB64
:10952000191902994FEA58180BFB181803997F096B
:109530000BFB1717049976090BFB161605996D0995
:109540000BFB151506994FEA5E1E0BFB1E1E1099AC
:109550000BFB14140E990BFB112189B2BFB20291BF
:10956000039732490C9FB6B20496AEB20596CE5D13
:109570001199C55D4E40009981EA0507019D0C9740
:1095800001356F4207F01F0705F01F0558BF7D42E8
:10959000294FA4B23D600694294D029C50272F55B7
:1095A0001FFA89F90999089F039C1FFA8AFA1FFA82
:1095B00088F805F80A7005F809104F1C1A490F7051
:1095C000072705F80870F4272F55049C0D99295595
:1095D000059C0A9929551FFA8EFE069C13490B9F7C
:1095E00005F80E7005F804C011F806E00C9C10F8A0
:1095F00006C08EEA040E02F10907BFB211F80E4050
:1096000010F80E8007991DE0A40300204C030020F1
:10961000180000203400002000007F438C0300204D
:10962000740000207A00002005040020E8E900080A
:10963000E8E800082E05002064060020B5814E1BD6
:1096400030050020A3FB079E4FEA5E1E0BFB1E7732
:1096500002F10A06BFB2B6B2E955A3FB06E77F09DD
:109660000BFB17668CEA040C02F10C0002F10B04F0
:10967000B6B2009FAF55A4B280B2A3FB0476A3FBA1
:1096800000735B0976090BFB13000BFB1644A4B2B5
:1096900080B205F804C0019C05F800801548164901
:1096A00020F8142002F10D03144A1380144A0B8889
:1096B0000D201055134A1020013310550B8013B0A4
:1096C000BDE8F08F93F84840002C7FF45AAE93F831
:1096D000543053B142F080025AE693F85430002BD4
:1096E0003FF456AE42F0800252E600283FF451AEFD
:1096F0004EE600BFA80600205C0600202E050020D4
:109700008806002068060020024A136801331360AF
:10971000704700BF540B002010B4094B094C197856
:10972000094B0A485970CA43D2B2A15C805CD87018
:1097300081F078029A705F221A705DF8044B7047CE
:1097400074000020E8E9000818040020E8E8000898
:1097500010B4094B094C1978094B0A485970CA438F
:10976000D2B2A15C805CD87081F055029A7033222D
:109770001A705DF8044B704774000020E8E9000897
:1097800014040020E8E800082DE9F04F8BB072B611
:109790008E4A1388013B138062B68D488D4C016858
:1097A0004B1C5A42D2B2DBB258BF534203608A4AC2
:1097B000237832F81120FBB9FF2A14D8AA2A23D023
:1097C000D2B2CC2A40F0EC81844A8548854D137092
:1097D0000221854A2170854903702B70012041F2D6
:1097E000BF530870138072B6814A13880133138007
:1097F00062B60BB0BDE8F08F013B052BF3D8DFE874
:1098000003F013304E6F8C937648744D0370012231
:109810002B70754B22707249744C43F63F70188060
:10982000032322700B70DEE76D490B78032B00F0E9
:10983000EF80002B40F048826B4B6E4D18786E4CD9
:10984000B2F5807F28BF0022D2B250402A706B4A06
:10985000245C105C08220A705A785C7042401A70CE
:10986000C1E75F490B78002B00F09480082B00F0D3
:10987000FA80092BB7D162495C4B002008701B7835
:109880005949497843B1B2F5807F28BF02468A42E0
:1098900002D15C4BFF221A7000232370A3E75049CA
:1098A0000B78002B60D0082B00F0DD80092B9AD1BB
:1098B0004E4B53481978002303704B4840780029D9
:1098C000EAD0B2F5807F28BF1A469042E4D14E4AD2
:1098D00011780029E0D04D49137001200870DBE7B2
:1098E0003F490B783BBB474BFF2A1C783E4B00F2AD
:1098F00010821878414DD2B2504094422E5C5D786F
:1099000085EA06051D703C4D285C587002D0FF2A80
:1099100040F00B8201230B7065E7314A1378012B6D
:10992000BAD9013B13705EE72D490B78012B43D95F
:10993000013B0B7057E7013B082B3FF654AF01A0EA
:1099400050F823F0F99A0008CB9A0008E79700082E
:10995000E7970008E7970008E7970008839A000850
:10996000679A0008199B0008264BFF2A1C781E4B9B
:1099700040F203811A782048855C2048805C5A7840
:109980005D7042401A7014B1184B00221A700823FF
:109990000B7028E71B4BFF2A1C78134B40F2ED801D
:1099A0001A781548855C1548825C58785D7042408D
:1099B0001A70002CE8D1EAE70523FF2A23709ABF2A
:1099C000931CDBB202230B700DE700BF400900209F
:1099D000440900201E0500204C0900201C05002021
:1099E0001D0500201B050020700000206C000020D9
:1099F0007C00002004040020E8E80008E8E90008F2
:109A00002D050020740000201F05002020050020E7
:109A10009D4C9E4B20789E4DA3FB00639B0803EB5F
:109A20004303A0EB4303DBB2B2F5807F28BF0022E3
:109A3000EB5CD2B2934202D0964B00251D70964B40
:109A40000130C0B220701C786240944CA55C944CEC
:109A5000A45C5A785D70624006281A707FF4C3AE29
:109A600000230B70BFE68C4BB2F5807F1B7828BFBC
:109A700000229A4202D0874B00221A7009230B70F1
:109A8000B1E6814C874B2078834D874EA3FB007352
:109A9000B2F5807F00EBD31328BF002203F0FF0351
:109AA000D2B2F2542B7853407C4A0130D65C7C4AC7
:109AB000C0B22070D45C7D4B1A786B786E706340B6
:109AC00082422B707FF48FAE61E7FF2A00F2318172
:109AD0007148764CD3B22370047863406F4CE55CD8
:109AE0006F4CE45C4378457063400370002A3FF498
:109AF0004EAF07230B7076E6674B6D4D1878674CB9
:109B0000B2F5807F28BF0022D2B250402A70644A4A
:109B1000245C105C02229EE666495E4B00200870C1
:109B20001B785D494978002B3FF4B6AEB2F5807FD3
:109B300028BF02468A427FF4AFAE5C4B5C495E4A66
:109B40001B780978B2F9002001917BB18A420DD0CF
:109B500055490A78002A40F0FA80022B06D9574A64
:109B600010784A7810B9012A00F0F182544B012292
:109B70001A70514B019A1A808EE61878484DD2B26D
:109B8000504094422E5C5D7885EA06051D70434D79
:109B9000285C58703FF4FBAEFF2A3FF4F8AEF3E6C2
:109BA0005F2A15D04AD8502A23D0552A32D14549A8
:109BB0003E4A354D1370052020700B2008702B7025
:109BC0003449354B012047F67F7208701A800AE647
:109BD0003C49364A2C4D1370052020700320087034
:109BE0002B702C492C4B012047F6FF0208701A807D
:109BF000F9E534492D4A244D1370062020700220C7
:109C000008702B702349244B012047F6BF4208708F
:109C10001A80E8E5332A7FF4E6AD2A49234A1A4D33
:109C2000137005202070032008702B7019491A4BFF
:109C3000012045F2FF5208701A80D4E5A02A12D004
:109C4000AF2A7FF4D0AD104A1E48184D137003217F
:109C5000114A21700F4903702B70012043F6FF4316
:109C600008701380BFE5084A1648104D1370042190
:109C7000094A2170074903702B70012043F6BF0386
:109C800008701380AFE500BF1C050020ABAAAAAA8C
:109C90004C0B00206C00002070000020E8E8000859
:109CA000E8E90008818080801C0400201B0500205A
:109CB000040400202D05002072000020A4000020D4
:109CC000210500201D050020082B3FF4CCAE092BF8
:109CD0007FF489ADB449B54B00250D701B78B449AC
:109CE0004978002B3FF4D8ADB2F5807F28BF2A46D3
:109CF0008A427FF4D1ADAF4AAF4B12781A70FFF7AA
:109D00000BFDFFF725FDAD49AD4B0D7001221A701B
:109D1000C2E51A78AB48855CAB48805C5A785D70C8
:109D200042401A70002C3FF4F5ADA04B00221A708F
:109D3000F0E59F4BA44A1878A24D125C2D5C587830
:109D4000A24C5D7042401A70002323701FE6FB2A6C
:109D50003FF60CAFF12A1BD9F23A092A3FF606AFBB
:109D600001A050F822F000BF93A600086D9B0008E8
:109D700091A10008FDA100086D9B00086D9B0008E3
:109D80006D9B00086D9B00086D9B000879A1000881
:109D9000052A00F0A881D02A7FF4E8AE022B7FF6D6
:109DA000E5AE874A1278002A7FF4E0AE4A78013A9D
:109DB000D2B2012A3FF6DAAE8878F0B91C21844B82
:109DC00002FB01F15D5C19441DB10876002048607A
:109DD00008611C2101FB02331F7B7D4B19464AB1F0
:109DE0000026087BB8422DD0002E7FF4BFAE012A9A
:109DF0003FF4BCAE1C310126F3E7013804283FF6DE
:109E0000B5AEDFE810F02501ED005200340005008A
:109E1000032B3FF4ABAE6E4BCF781C2101FB02311C
:109E200000200F73087619464AB10D7BBD4200F041
:109E3000798100287FF49AAE012A3FF497AE1C3155
:109E40000120F2E71C2502FB05F55819D0F808C0DF
:109E5000C1F808C0D0F804C0C1F804C05D5D0D7041
:109E600005690D614069486100200876BCE7032B55
:109E70003FF47CAEC878564B1C2102FB01F15854CC
:109E8000194400204860086100200F7B08761946BD
:109E900042B10D7BBD425CD000287FF467AE012A41
:109EA0003FF464AE1C310120F3E7042B7FF65EAE75
:109EB0001C20474B02FB00F01D5C184425B3CE78F4
:109EC0000979042D07EE906A07EE101A30D09FED45
:109ED000416ADFED416A9FED415AB8EE477AF8EEEC
:109EE000677A27EE067A67EE867A76EEC76A80EDA5
:109EF000027AC5EE265AC0ED017AC0ED055A1C2142
:109F000001FB0231002008761C2101FB02331F7B7C
:109F10002F4B19464AB10026087BB8422ED0002E9E
:109F20007FF424AE012A3FF421AE1C310126F3E771
:109F3000F8EE677A9FED277A67EE877A0021F5EED3
:109F4000407AF1EE10FA18BF4FF07E514160016186
:109F5000D5E71C2602FB06F69D19D5F808C0C1F806
:109F600008C0D5F804C0C1F804C09E5D0E702E690B
:109F70000E616D694D6100250D768DE71C2502FB94
:109F800005F55819D0F808C0C1F808C0D0F804C0C9
:109F9000C1F804C05D5D0D7005690D6140694861DF
:109FA00000200876BBE700BF2D0500206C000020D4
:109FB000700000200404002074000020210500200F
:109FC000A4000020E8E80008E8E900081B050020DC
:109FD000340000208180803B5C8F823F17B7D138EE
:109FE000032B3FF4C3AD1C207A4B02FB00F0185C3E
:109FF000D0B1C9789FED787A07EE901AF8EE677ABB
:10A00000042867EE877A06D1F5EE407AF1EE10FA71
:10A0100018BFF7EE007A1C2101FB02310020C1EDD0
:10A02000017AC1ED047A08761C2101FB02331F7B03
:10A03000684B19464AB10026087BB8423ED0002E34
:10A040007FF494AD012A3FF491AD1C310126F3E772
:10A050001C21604B02FB01F15818595C29B14FF0EB
:10A060007E5141600161002101761C2101FB023318
:10A070001F7B584B19464AB10026087BB84208D0CE
:10A08000002E7FF473AD012A3FF470AD1C31012620
:10A09000F3E71C2502FB05F55819D0F808C0C1F8F4
:10A0A00008C0D0F804C0C1F804C05D5D0D7005693A
:10A0B0000D614069486100200876E1E71C2502FB3C
:10A0C00005F55819D0F808C0C1F808C0D0F804C088
:10A0D000C1F804C05D5D0D7005690D61406948619E
:10A0E00000200876ABE7022B7FF640AD3B4B1B7898
:10A0F000002B7FF43BAD4B78013BDBB2012B3FF6ED
:10A1000035AD8A789FED347A07EE902A344AF8EE1E
:10A11000677A02EBC30367EE877A00211971C3EDFA
:10A12000007A23E51C2602FB06F69D19D5F808C027
:10A13000C1F808C0D5F804C0C1F804C09E5D0E7017
:10A140002E690E616D694D6100250D7671E68A7884
:10A15000002A40F08E82234B997D1A7800297FF4E3
:10A1600005AD002A3FF402AD0022C3E902221A70B5
:10A170001D4A12681A61F9E4BFF34F8F1B491C4B4B
:10A18000CA6802F4E0621343CB60BFF34F8FFEE76F
:10A19000184B00221A721A7583F8202083F82C209D
:10A1A00083F8382083F8442083F8502083F85C201B
:10A1B0000A4B1B78002B7FF4D9AC094A1371137337
:10A1C000044A137682F83430064A53750A4A1372E9
:10A1D000CCE400BF340000208180803BA40000203C
:10A1E0008C03002018000020540B002000ED00E03C
:10A1F0000400FA05A40300205C030020D84B93F868
:10A200000090B9F1FF0F3FF4B1ACD64A1388002B90
:10A210003FF4ACAC013BD448138089F0BF02D34B70
:10A22000D3491F78835CDFF854B37B4083F07C050F
:10A230008B5C425DDBF80080534083F013024B5D82
:10A24000855C8A5C6B4083F0F503C55C6A40CD5C3D
:10A25000835C5D408B5C425D534083F042024B5D0A
:10A26000855C6B408D5CC34A83F002031288C65C38
:10A27000C95C131D1FFA83FC531DCDF810C01FFAD3
:10A2800083FC931DCDF814C01FFA83FCD31DCDF8B9
:10A2900018C01FFA83FC02F10803CDF81CC01FFA96
:10A2A00083FCCDF820C008F1010CDCF1000A85EA3E
:10A2B00006050AF01F0A4FF496730CF01F0C85F088
:10A2C000030558BFCAF1000C561CCBF800C002951C
:10A2D000B2FBF3FCB6B203FB1C2C951C1FFA8CFAE4
:10A2E000ADB2B6FBF3FC03FB1C661FFA86FB02F162
:10A2F000030EB5FBF3F603FB1655049E1FFA8EFE04
:10A30000ADB20395BEFBF3F503FB15EEB6FBF3F51B
:10A3100003FB1565059E1FFA85FCB6FBF3F503FBF1
:10A320001565CDF810C01FFA85FCCDF814C0069E47
:10A33000B6FBF3F503FB1565079E1FFA85FCB6FB1C
:10A34000F3F503FB1565089ECDF818C01FFA85FCD0
:10A35000B6FBF3F503FB1565CDF81CC0039E1FFA91
:10A3600085FC854DCDF820C04FF0500C05F80AC093
:10A3700005F80B90AF557D4E1FFA8EFE01373770F2
:10A38000049E132705F80E70F527AF55059E4FF074
:10A390000007AF55069EAF55079F4226EE55089F12
:10A3A0000226EE55029F724EF65DC75D4F4087F064
:10A3B00003076F4910F807C0CF5D86EA0C0686F0E8
:10A3C000670602F10F0B10F806C08E5D87EA0C07D6
:10A3D00087F064071FFA8BFB10F807C0CF5D86EA91
:10A3E0000C0686F0330602F1090A10F806C08E5DED
:10A3F000CDF814B087EA0C0787F0320702F1100B92
:10A4000010F807C0CF5D86EA0C0686F066061FFAD4
:10A410008BFB10F806C08E5DCDF818B087EA0C07EC
:10A4200087F0340702F1110B10F807C0CF5D86EA00
:10A430000C0686F035061FFA8BFB10F806C08E5D01
:10A44000CDF81CB087EA0C0787F0300702F1120B39
:10A4500010F807C0CF5D86EA0C0686F076061FFA74
:10A460008BFB10F806C0CDF820B002F1130B1FFAD9
:10A470008AFA02F10A091FFA8BFBCDF824B087EAA9
:10A480000C07BAFBF3FB1FFA89F903FB1BAA02F1C5
:10A490000B0E1FFA8AFB87F06707B9FBF3FA1FFA66
:10A4A0008EFE03FB1A9902F10C0C1FFA89FA03972E
:10A4B000BEFBF3F91FFA8CFC03FB19EE02F10D074A
:10A4C000895D02911FFA8EF9BFB2BCFBF3FE02F167
:10A4D0000E0603FB1ECC05991FFA8CFEB6B2B7FB25
:10A4E000F3FC03FB1C771FFA87FCB6FBF3F703FBB7
:10A4F0001766B7B2B1FBF3F603FB16160699CDF853
:10A5000010C0B6B20596B1FBF3F603FB1616079919
:10A51000B6B20696B1FBF3F603FB161608991FFABE
:10A5200086FCB1FBF3F603FB16160999CDF81CC0A7
:10A530001FFA86FCB1FBF3F603FB1616CDF820C01C
:10A540001FFA86FC032605F80B60CDF824C005F839
:10A550000A604FF0670C049905F809C010E000BFCD
:10A56000740000207A000020E8E9000805040020BB
:10A57000E8E800082E0500203005002064060020D1
:10A58000642605F80E6033266E540599DFF84CE317
:10A590003226EE5566266E540699039FBEF800A03B
:10A5A00034266E54079935266E54089930266E5419
:10A5B000099976266E54BC49CE5D0299C75D4F401D
:10A5C00087F07407B84910F80790CF5D86EA09064E
:10A5D00086F0360602F11409805D895D02911FFA4A
:10A5E00089F90AF1010AAEF800A0B9FBF3FE03FBFA
:10A5F0001E9E87EA000B02F1160602F1150702F112
:10A60000170002F118011FFA8EFEBFB2B6B280B277
:10A6100089B205F80EC0B7FBF3FC03FB1C77B6FB51
:10A62000F3FC03FB1C66B0FBF3FC03FB1C00B1FB5B
:10A63000F3FC03FB1C119D4BBFB223F8182080B222
:10A640009B4BB6B24FF0740C05F807C089B21932B3
:10A6500036271A80AF55974A05F800B00298964BF6
:10A660006854192102F80810102203F80820FFF797
:10A670007DBA012A00F0FC80022A00F0EE80032A55
:10A680007FF474AA8D4BCA781A7500225A75FFF7A9
:10A690006DBA132B7FF66AAA8B789FED897A4A7878
:10A6A000884F07EE903AF8EE677A874B67EE877A25
:10A6B0000026C3ED027A07EE902AF8EE677A4FF093
:10A6C000000A67EE877A0322C3ED007AFF203B463B
:10A6D000B446951C95FBF0FECEEB0E2EA5EB0E05B9
:10A6E00011F802804D5DC3F808A007EE905A551C82
:10A6F000F8EE677A95FBF0FECEEB0E2EA5EB0E057D
:10A7000067EE877A4D5D1D70C3ED017AC3ED047A63
:10A7100083F80C803D464EB14FF0000E95F80C903A
:10A72000C14511D0BEF1000F04D11EB91C354FF048
:10A73000010EF3E7033292FBF0F5C5EB05251C3360
:10A74000521BC6B90126C4E7D3F80890C5F8089093
:10A75000D3F80490C5F8049093F8009085F8009021
:10A76000D3F81090C5F81090D3F81490C5F8149051
:10A7700085F818C0D6E7554DDFF85C81531C93FB74
:10A78000F0F6C6EB06269B1B05F1FF3C15F803E02F
:10A790001CF80360AF1E46EA0E2617F803E04EEAE7
:10A7A000062ECE5C454B46EA0E2611F802E0C8F8AC
:10A7B0000460BEF1000E464E18BF4FF0010E053288
:10A7C00088F800E0D6F800E093F8168092FBF0F6E7
:10A7D000C6EB0626921B961CB8F1000F1BD111F890
:10A7E000028096FBF0F0C0EB0020301AB8F10008B0
:10A7F00018BF4FF001081CF8009083F8008015F88E
:10A80000008049EA082917F80080085C48EA09280E
:10A8100040EA08209860C3F810E04FF0FF0E96FB66
:10A82000FEF0C0EB0020301A01322D5C1CF800C095
:10A8300092FBFEF64CEA052CC6EB06263D5C085C56
:10A84000921B45EA0C25895C197540EA0520586081
:10A85000204B00221A70FFF789B9062B7FF686A9D4
:10A86000164BD1F803205A6000225A75FFF77EB9C3
:10A87000062B124B34D99A7DD1F803508AB91A7835
:10A880007AB9DA686AB9124A1068134A51681A69C3
:10A89000821A8A4228BF0A46914239D80122186199
:10A8A0001A709D60FFF762B9E8E80008A80600206A
:10A8B0002E050020880600206806002018000020D1
:10A8C0008180803B340000208C0300201F04002086
:10A8D000540B0020A40000205C0300205C06002034
:10A8E0009A7D8AB91A787AB9DA686AB90C4A106816
:10A8F0000C4A51681A69821A8A4228BF0A46914254
:10A900000AD8012218611A705A689A60FFF72EB9A6
:10A91000891AC3E90310C4E7891AC3E90310F3E7EE
:10A92000540B00205C03002070B55849584803F0D0
:10A930005BFD0546002840F083805649544803F0EB
:10A9400053FD0646002872D15349514803F04CFD8F
:10A950000446002862D14E484FF4427103F044FD92
:10A96000F8B94E494A4803F03FFD00282CD145EA8A
:10A9700006000443E4B2002C2ED14949444803F0B8
:10A9800033FD38B1474A1388002B62D1444940480F
:10A9900003F040FD44493E4803F026FD00282DD138
:10A9A00070BD3B48002103F0F7FC394843F2080131
:10A9B00003F0F2FC36484FF4427103F02BFD3749A7
:10A9C000334803F011FD38B13148032103F0E4FCB2
:10A9D00032492F4803F01EFD72B63448344C3149D9
:10A9E000344A002303604FF4807023600880138092
:10A9F00062B63149314A0B701370BEE7244840F209
:10AA0000063103F0E3FC2E484FF4805102F0FCFFC6
:10AA1000BDE8704024491E4803F0FCBC1C480321DB
:10AA200003F0BAFC1C491A4803F0F4FC93E71848F9
:10AA3000022103F0B1FC1749154803F0EBFC83E752
:10AA40001348012103F0A8FC1049114803F0E2FC6F
:10AA500073E717490E480C681A4E184D013B1380D6
:10AA6000631C5A42D2B2DBB258BF53420B6003F0B0
:10AA700089FC104A14491388096826F81400013328
:10AA80001380124B01222A7019607FE70005010034
:10AA9000004C004000050200000503000503030010
:10AAA000050305007C000020060306004409002081
:10AAB00048090020400900201E0500202D05002027
:10AAC000000802404C090020540B002028050020FB
:10AAD00010B50C482022042102F0B4FC00B910BDCE
:10AAE00009480A4C40F2063103F064FC0849054865
:10AAF00000230B7023702022BDE81040042102F0D7
:10AB0000C7BD00BF00600240004C00402C05002083
:10AB10002D050020F8B5474D474C484826782F684A
:10AB2000022102F073FFB0FA80F04009864203D0A0
:10AB300000232070676023724048267B2F68042121
:10AB400002F064FFB0FA80F04009864203D000238F
:10AB50002073276123753948267E2F68082102F06B
:10AB600055FFB0FA80F04009864204D000232076D9
:10AB7000E76184F82030314894F824602F68102170
:10AB800002F044FFB0FA80F04009864205D000236D
:10AB900084F82400A76284F82C30294894F83060A7
:10ABA0002F684FF4807102F031FFB0FA80F0400955
:10ABB000864205D0002384F83000676384F838307B
:10ABC0001F4894F83C602F684FF4007102F01EFF9C
:10ABD000B0FA80F04009864205D0002384F83C009A
:10ABE000276484F84430164894F848602F684FF47E
:10ABF000806102F00BFFB0FA80F04009864205D078
:10AC0000002384F84800E76484F850300C482E682C
:10AC100094F854504FF4006102F0F8FEB0FA80F05E
:10AC20004009854205D0002384F85400A66584F8C5
:10AC30005C30F8BD540B0020A4030020000C02403F
:10AC4000001002402DE9F04F984B99491B7803F012
:10AC5000070202EB420401EB840591B02D7ACDB9D5
:10AC6000A4004FEA420B0D5D924C00952678924C61
:10AC70004FF001012170FF2E02F10101A5706170FA
:10AC800002D08E4D2C885CB989495A4401EB82016F
:10AC900001220A72854A0133137011B0BDE8F08FAA
:10ACA000013C874F2C8086F0BF05864C08962078A3
:10ACB0007C5D854E0990444084F07C04755D17F8F6
:10ACC00004C0345D079185EA0C0585F0030517F88B
:10ACD00005C0755D84EA0C0484F001044D4017F84A
:10ACE00004E07A498EEA050E355D009C17F80E8067
:10ACF00016F80EE0654088EA0505754C7F5DB4F8EE
:10AD000000C0705D0A908EEA07050B950CF10105F5
:10AD1000ADB22F460CF102051FFA85FE0CF10305BA
:10AD2000ADB201950CF1040570461FFA85FE0CF1D9
:10AD30000505CDF808E01FFA85FE0CF10605CDF8F3
:10AD40000CE01FFA85FE0CF10705CDF810E01FFAA4
:10AD500085FE0CF108055F4CCDF814E01FFA85FE66
:10AD60000D68CDF818E02946A4FB0C656E093D4638
:10AD7000A4FB0559A4FB0058019D0E90CDE90C677A
:10AD8000A4FB0557029D0498A4FB0556039DA4FB54
:10AD900005E5A4FB00AE0598A4FB000A0698A4FBF9
:10ADA000000464090D980F944FEA59194FF49674F2
:10ADB00004FB19090E984FEA581804FB180801986B
:10ADC0007F0904FB17070298760904FB160603980F
:10ADD0006D0904FB1500019004980F9D4FEA5E1E5B
:10ADE00004FB1E0E05984FEA5A1A04FB1A0A06982D
:10ADF00004FB15050C9804FB10C4A0B2B4B2039474
:10AE0000BDF8044004944C1C664206F01F0604F092
:10AE10001F0458BF7442304E02902C4826F811C0CF
:10AE20002B4E04600CF1090C2C4C0298A6F800C0C3
:10AE30001FFA89F9ADB201914FF0500C089904F84E
:10AE400000C0059504F80910254D09992D88254E57
:10AE50001FFA88F801F1010C04F808101949039849
:10AE600081F800C0BFB24FF0030C04F807C04FF0E8
:10AE7000010C04F800C01FFA8EFE04980799009F89
:10AE800021541FFA8AFA04F80E700B9F04F80A7016
:10AE9000059F0A980199E055134809244454102449
:10AEA00074540F4901350D80EEE600BF9C0300206D
:10AEB000A403002074000020A00300207A000020DA
:10AEC000E8E9000805040020E8E80008640600201E
:10AED0002E050020B5814E1BA8060020300500205D
:10AEE0005C060020680600208806002038B5022095
:10AEF00002F04AFC00B938BD0F4B104A1C681048DC
:10AF00004FF08041D1F824581D600021146003F0F7
:10AF10004DF80B48002103F049F80A4A0A49136822
:10AF20004FF0010C634413600220BDE8384081F803
:10AF300000C002F039BC00BF700300207403002081
:10AF400000080040780300207C030020F8B53E4B49
:10AF50001B782DED028B73BB3C4C23785BB33C4ECE
:10AF60003C4D96ED048A2F68B5EE408AF1EE10FA5A
:10AF700024D0F7EE008AB4EE688AF1EE10FA3FD1E1
:10AF800035485022022103F013F996ED0B8A2D6803
:10AF9000B5EE408AF1EE10FA4FD0F7EE008AB4EE2B
:10AFA000688AF1EE10FA2C480ED15022002103F0ED
:10AFB000FFF800232370BDEC028BF8BD2648402229
:10AFC000022103F0F5F8E0E77022002103F0F0F829
:10AFD00007EE905A9FED217A1F48F8EE677A78EED7
:10AFE000C88A77EEC77A9FED1E7AA8EEA77A00216D
:10AFF000FCEEC77A17EE903A9AB203F001F9D8E75F
:10B0000015487022022103F0D3F807EE907A9FEDE5
:10B01000137A1148F8EE677A78EEC88A77EEC77A25
:10B020009FED0F7AA8EEA77A0221FCEEC77A17EE01
:10B03000903A9AB203F0E4F8A7E7074840220021CB
:10B0400003F0B6F8B5E700BF300000207C03002015
:10B050003400002074030020000800400000C843B2
:10B060000000C8420000000038B5214C214B227876
:10B0700018682369D4E902519AB1DDB1C31AAB4211
:10B0800018D99FED197B84ED027B0023237020618A
:10B0900019484FF4005102F0BFFCD8B923784BB9DE
:10B0A00038BD0029F4D0C31A8B42F1D9C4E903207A
:10B0B0000123237010484FF4005102F0ADFC034609
:10B0C0000028EDD163750C48BDE838404FF40051BD
:10B0D00002F098BC0023084863754FF4005102F059
:10B0E00093FCDBE7AFF300800000000000000000ED
:10B0F00018000020540B0020000C02402DE9F04104
:10B10000A448012103F0BCF870B1A34B1B78022BBB
:10B110000CD023B3012B3CD0032B6CD0BDE8F04105
:10B120009C48012103F0B6B8BDE8F0819B4C237820
:10B13000022B25D0032B56D0042BEFD1984D2B7822
:10B14000612B23D197484FF4804102F05FFC002827
:10B1500000F04C81002205232A702370DEE78F4C1B
:10B160002378002BDAD18E4D8F4F2E783B7846B363
:10B170009E4200F00081082E20D001362E70CDE7CF
:10B18000874D2B783BB3302B00F0ED8001332B70D3
:10B19000C4E7824C2378012BC0D1814D2B78D3B1E9
:10B1A000012B00F01B81022B00F02681082BEDD132
:10B1B0007E4B1B78082B01D10C23237000232B70AE
:10B1C000ACE7DFF8E88198F80060072E40F2B7801E
:10B1D00005232370A2E773484FF4804102F014FC6A
:10B1E00001232B709AE76E4A1378372B00F0C98041
:10B1F0000133137092E7694C2378022BC0D00B2BDC
:10B200008CD801A252F823F025B300081DB1000824
:10B210001DB10008E7B1000805B300081DB1000822
:10B220001DB10008E3B20008BFB2000887B20008F1
:10B2300069B2000839B200085D495E480A780378AF
:10B240005D4D5B000132DBB2D2B20A700370297827
:10B2500023B90131C9B2012329700370082900F014
:10B2600002810723237059E74D4D2B78002BB2D074
:10B270004D4A16789E427ED0082B87D100220B23A0
:10B280002A7023704AE74D4A4D4B11781E780029E9
:10B2900000F0C680002E9BD1474B464A1B78494898
:10B2A0004949127803F007030126C55C0E702A4352
:10B2B0000121C2540A2323703B4B19702EE7384DED
:10B2C0002B78002B87D0012B00F08880022B00F018
:10B2D000F080082B7FF45AAF002209232A702370D4
:10B2E0001CE72F4D2B78002B3FF475AF012B75D049
:10B2F000022B00F0EB80082B7FF448AF00222A706D
:10B3000023700BE7264D2B78612B7FF43FAF254848
:10B310004FF4804102F07AFB002867D000232B70A5
:10B320002370FBE61E4D204F2E783B78002E7FF4D5
:10B330001FAFDFF8788098F80060072E91D8194881
:10B340004FF4804102F060FB204B1B78334113F037
:10B35000010F0CBF0723012301363B70012388F83E
:10B3600000602B70DAE60F484FF4804102F04AFB90
:10B3700003232370D2E60B484FF4804102F042FBD6
:10B38000FBE608484FF4804102F040FB00BB042379
:10B390002370C3E6001400403B010020020000209F
:10B3A0003801002000100240E2000020E1000020EF
:10B3B000D2000020CF000020D0000020D4000020C8
:10B3C000D3000020D8000020CD000020E3000020A2
:10B3D000424A01210E23117023709FE640484FF42A
:10B3E000804102F00FFB02232B7097E63B4A0221BB
:10B3F0000E231170237091E64FF480413848394C88
:10B4000002F004FB22783849031E18BF0123934041
:10B410000132227003222A700A7813430B707DE6F2
:10B42000324B334A1B783348127803F00703C55C6C
:10B43000002E37D13049314E09783678B14234D2B6
:10B440002A4214BF012600262D4F3E70002E7FF4A5
:10B450002EAF2C4E0829317001D82B4E317025EAC1
:10B460000202072125E7402A10D9264B234A1B78E0
:10B47000137013B9254B01221A701E4B244A1B78F6
:10B480000121117043B10D23237047E6204A194B67
:10B4900012781B78002AF5D1104A03210E2311706F
:10B4A00023703BE6164E3170D9E70CBF012600260B
:10B4B000CAE74FF480410A4802F0A8FA1549031E72
:10B4C00018BF012303220B702A7027E64FF4804136
:10B4D000034802F09BFA1049F1E700BFCC000020BE
:10B4E00000100240E1000020E3000020D000002016
:10B4F000CF000020D8000020D2000020D70000207C
:10B50000CD000020D1000020D5000020D600002072
:10B51000CE000020D3000020D40000202DE9F04F01
:10B52000914B1A78052A93B00ED0063A092A37D8DB
:10B53000DFE812F0430036003600360036003600F1
:10B5400056008A006E00E90088480188002900F052
:10B55000FD80874D874C2A68874E01390180501C39
:10B5600084FB0014C117C1EBA40102EB420201EB02
:10B570004101A0EBC100B11828608C7848787F4960
:10B58000B25C0A707E4908707E490C705AB97E4CD4
:10B590007E4920700A701A707D4A13880133138027
:10B5A00013B0BDE8F08F012A00F00582032A00F0F5
:10B5B000E281022AF0D11A70EEE7764A127812BBC5
:10B5C0007548764C02707648764D227001210170E4
:10B5D000754C6E4829700221227002701970DFE7E5
:10B5E0006849724A09786848714D0078A2FB0142A7
:10B5F000520802EBC2028A1A614CD2B2082926789C
:10B60000A85400F0078205221A7013B0BDE8F08F2D
:10B610006849694A91F800C0684812780092BCF104
:10B62000FF0F427004D0664C2188002940F0D4807E
:10B63000009A013A012A02D8624A002111700F22B1
:10B640001A7013B0BDE8F08F5F4D60482C7800F1A0
:10B650000806002210F8011F57084A40D20748BFC9
:10B6600087F08C0787EA510C7A081CF0010F1CBF89
:10B6700082F08C02D2B282EA9107FF074FEA5202AF
:10B6800044BF82F08C02D2B282EAD107FF074FEAB0
:10B69000520244BF82F08C02D2B282EA1117FF0735
:10B6A0004FEA520244BF82F08C02D2B282EA5117B2
:10B6B000FF074FEA520244BF82F08C02D2B282EA04
:10B6C0009117FF074FEA520244BF82F08C02D2B2B8
:10B6D00082EAD111C9074FEA520244BF82F08C02BC
:10B6E000D2B28642B6D1002A37D1394A11782829F8
:10B6F00000F05381224A1278A24284D001340622FB
:10B700002C701A704CE719480188F9B1184C0139AE
:10B71000226801801748511C80FB015002EB420255
:10B72000154DAD5CCA17C2EBA00202EB4202A1EBC1
:10B73000C201AA1E012A21603FF62EAF0F4A032D37
:10B74000157000F0188102221A7025E721480121A6
:10B7500013B0BDE8F04F02F08DBD174903200E2253
:10B7600008701A701CE700BF02000020E4000020EF
:10B77000E8000020ABAAAA2AF00000203B0100202C
:10B780003A01002039010020E3000020E100002000
:10B7900000000020D6000020D1000020D0000020B2
:10B7A000CF000020D2000020CE000020398EE338E8
:10B7B0004003002074000020CC0000200400002082
:10B7C0007A0000203E030020E0000020D700002087
:10B7D000D80000200014004001390778794E2180FC
:10B7E00079487A4D027805978CF0BF010492705C1D
:10B7F000695C504080F07C00009A345C285C6140B9
:10B8000081F002017840775C6C5C7149474054409C
:10B8100016F807E00988EF5D6E488EEA040401F12E
:10B82000040E365D2A5D069287EA06054F1D1FFA53
:10B8300087F88F1DCDF808801FFA87F8CF1D424684
:10B840001FFA87F8644FCDF80C803F6801974E1CB3
:10B85000A0FB0187B6B27F09079508978D1CA0FB56
:10B860000687ADB27F090997CC1CA0FB05877F092D
:10B87000A4B21FFA8EFE0A97A0FB0479A0FB0E78F3
:10B88000029F0B92A0FB07A7A0FB02BA039AA0FBA2
:10B89000020B099A4FF4967000FB12660A9A00FB9D
:10B8A0001255029A7F0900FB17270B9A4FEA581886
:10B8B0004FEA5A1A00FB18EE00FB1A28039A4FEAC7
:10B8C0005B1B00FB1B2B089A4FEA59191FFA8EFAD3
:10B8D0001FFA87FE00FB1944CDF80CE000FB1210A4
:10B8E0001FFA88FEDFF82881CDF820E080B2B8F892
:10B8F00000E002900198384A471C0EF1010EA8F8AA
:10B9000000E0D7F1000E0EF01F0E07F01F0758BF22
:10B91000CEF100071760314F009A27F810102C481D
:10B920002F4F0831B6B21FFA84F901802D4C0298CE
:10B930002D494FF0500E04F800E0ADB204F806C0F7
:10B94000049E6655701C204E059D3070039E02209B
:10B9500004F8090004F80A50A255DDE907561FFA59
:10B960008BFB069AA55504F80B20019C082038553E
:10B97000102008555CE61D481D491E4D1E4C002236
:10B9800002701E482A70C1E900221D49027022700F
:10B99000F020062208701A70FEE51A4F1A4E92E83F
:10B9A00003003A7802F03F0C06EBCC06013286E841
:10B9B00003003A709EE6124C14481A700021217060
:10B9C0000170E9E5E8E9000805040020E8E800085E
:10B9D0002E050020B5814E1B64060020A80600201D
:10B9E000880600203005002068060020D7000020CF
:10B9F000D8000020E0000020D5000020D600002064
:10BA0000E30000203E0300203C010020E100002074
:10BA10005C060020681E05F10804002210F8011FD2
:10BA200057084A40D20748BF87F08C0787EA510C75
:10BA30007A081CF0010F1CBF82F08C02D2B282EA9D
:10BA40009107FF074FEA520244BF82F08C02D2B244
:10BA500082EAD107FF074FEA520244BF82F08C020C
:10BA6000D2B282EA1117FF074FEA520244BF82F0B6
:10BA70008C02D2B282EA5117FF074FEA520244BF4A
:10BA800082F08C02D2B282EA9117FF074FEA52028B
:10BA900044BF82F08C02D2B282EAD111C9074FEAC8
:10BAA000520244BF82F08C02D2B28442B6D1002A44
:10BAB0007FF4A9ADC74C2A88C74F06F03F0604EBB8
:10BAC000C60402EB820203CC02EB820212B2C34C28
:10BAD000002A616020601146B8BFD11C504200F0BE
:10BAE000030002F0030258BF4242BD48002A4FEA59
:10BAF000A101B8BF01F1FF310078B6BF8AB28AB2A6
:10BB000009B2C9B2120AFF28009179720192BA7281
:10BB10003FF479ADB3490A88002A3FF474AD013A85
:10BB2000B14C0A80B14EDFF8D8B23578039080F07E
:10BB3000BF020495A15C1BF80220AD4E694081F064
:10BB40007C013D78605C0695424082F00B021BF858
:10BB50000100A15C684041407D781BF80200625CF6
:10BB6000079568404240BD781BF801003188A65C0B
:10BB70000895684086EA0005481C1FFA80FA881C70
:10BB80001FFA80F9C81C1FFA80F8081D1FFA80FEF2
:10BB9000481D1FFA80FC881D059585B2C81D2F46DB
:10BBA00085B294481BF8026004688B48924AC078BA
:10BBB000029046401096A2FB016046090996A2FB3E
:10BBC0000A6040090A90A2FB096046090B96A2FB95
:10BBD000086040090C90A2FB0E6046090D96A2FB7E
:10BBE0000C604009CDE90E073846A2FB000711950D
:10BBF000A2FB05060A9D4FF4967000FB15AA0B9D4B
:10BC000000FB15990C9D00FB15880D9D00FB15EEA2
:10BC10000E9D00FB15CC0F9D7F0900FB1757119D52
:10BC2000760900FB1656099D00FB1515ADB21FFAEB
:10BC30008CFC0A95CDF82CC06B4D1FFA87FC059F34
:10BC4000CDF830C01FFA86FCEE5D109DCDF834C0F3
:10BC500086EA050C1BF807600996661C7742654D5D
:10BC6000059407F01F0706F01F0658BF7E422E609E
:10BC7000624E0A9D5D4C1FFA8AFA50277755039F42
:10BC800006F80A701FFA89F9049F06F809701FFA6E
:10BC900088F8013727701FFA8EFE0B2706F8087008
:10BCA0000B9D069F06F80E70079F77550C9D089F09
:10BCB00077550D9F029DF555474D4B4C95F80480E7
:10BCC000099D14F80C701BF80CE088EA050C424D35
:10BCD00087EA0C0795F8059014F807C095F806A0B8
:10BCE0001BF807708EEA090E8CEA0E0C8AEA070729
:10BCF00014F80CE01BF80CC02C46ED7903958EEA85
:10BD0000070785EA0C0C384D94F808E0ED5D1BF848
:10BD10000770CDF810E07446674085EA0C05324C98
:10BD200014F805C01BF805508CEA070C14F80C70C9
:10BD3000019C7D40009F6F401BF80C5065402A4CD1
:10BD400014F807C01BF807708CEA0505645D1BF842
:10BD500005C0CDF818C087EA040C01F10A071FFAE4
:10BD600087FE01F10B071FFA87FB01F10C07CDF8E5
:10BD70001CC01FFA87FC01F10D07CDF820C01FFA87
:10BD800087FC01F10E07CDF824C01FFA87FC01F1F2
:10BD90000F07CDF828C001F108051FFA87FC01F153
:10BDA0001007ADB2BFB20297CDF82CC0A2FB05C7F9
:10BDB0007F0900FB175501F10904ADB2A4B206F8E2
:10BDC0000580A2FB04756D0900FB1544A4B2089F11
:10BDD00018E000BF3C0100200800002009000020FE
:10BDE000740000207A000020E8E900080504002023
:10BDF0002E05002064060020B5814E1B3005002072
:10BE0000E8E8000806F80490A2FB0E54640900FB61
:10BE100014E4A4B206F804A0A2FB0B54640900FBCE
:10BE200014B4A4B2039D35553D46A2FB05546409E4
:10BE300000FB1474A4B2099F049D35553D46A2FB36
:10BE40000554640900FB1474A4B2009F37550A9F7F
:10BE5000A2FB0754640900FB1474A4B20B9F019D5C
:10BE60003555A2FB0754029DA2FB0552029D6409B1
:10BE7000520900FB147400FB125292B2A0B2079F49
:10BE8000069D3754B5540A4E059C0A4801F111022B
:10BE90003280094A22F81410084A11211155084A23
:10BEA00010211155028801320280FFF7ACBB00BFA0
:10BEB0002E0500205C060020A80600208806002031
:10BEC000680600202DE9F0414FF0E022D649D74C1A
:10BED0005461D74BD74FF0200024072681F8230068
:10BEE00094611661D3F8201AD3F8100AD3F8145AC3
:10BEF000D3F8188A84B06FF03A024FF6FF73FCF75C
:10BF000057F94046294690461D466FF03A024FF6D3
:10BF1000FF73FCF74DF96B4088EA02023B71C6499A
:10BF20003A601B0A4FF000607B7101F039FE62B687
:10BF300040F6024001F040FE2146C0484FF4006345
:10BF4000022201F0E9FC4FF400632246BB480221C3
:10BF500001F030FC4FF400620821B84801F062FDA6
:10BF600040F6024001F028FE2146B4484FF48063B9
:10BF7000022201F0D1FC4FF480632246AF48022137
:10BF800001F018FC0821AD484FF4806201F04AFD31
:10BF9000AB4BAC4A1A6040F6154001F00DFE22464C
:10BFA0002146342001F0B0FD224601210F2001F08E
:10BFB000ABFD41F2130001F0FFFDA348042102F0A4
:10BFC000DBF9A148082102F0D1F99F4840F2053180
:10BFD00002F0F0F99C484FF4A06102F0EBF94FF445
:10BFE0004271994802F0E6F9974802F0B9F940F633
:10BFF000024001F0E1FD214690484FF480530222B7
:10C0000001F08AFC22464FF480538C48012101F054
:10C01000D1FB8A484FF4805101F0F6FC8B4B386815
:10C02000C3F801005D788A49987893F803E0BF88E7
:10C0300085F07F054FF0550C4A5D5040854A80F0F1
:10C040007F00555D85EA0E0511F800E085EA0E05D2
:10C0500012F800E0184600F801CB878018794F5D90
:10C06000555D80EA0E0078405F79DFF804E27D409C
:10C070000F5C105C7D409F7978404F5D7840575D44
:10C080000D5C6F40155CC85D454085F00105D05DD5
:10C090004F5D784080F00100575D0D5C12F800C0E4
:10C0A0006D487D409D724FF4807701255D72A3F845
:10C0B000077083F80BC090F800C08EF801C06FEADB
:10C0C0000C00C0B20B5C115C644A8EF80310D17096
:10C0D00083F0780183F0550393705F238EF802108C
:10C0E0008EF8003058485E4982F801C0332313703F
:10C0F00002F0D4F82146544802F022F92146524871
:10C1000002F026F92146504802F012F940F60340A9
:10C1100001F052FD02231A462146524801F0FCFB71
:10C120002A46214602234F4801F044FB40F60340D3
:10C1300001F042FD21464B480423022201F0ECFBB2
:10C140002A4621460423474801F034FB40F60340C9
:10C1500001F032FD214643480823022201F0DCFBB6
:10C160002A46214608233F4801F024FB40F60340BD
:10C1700001F022FD21463B481023022201F0CCFBB6
:10C180002A4621461023374801F014FB40F60440AC
:10C1900001F012FD3B4621463348022201F0BCFB70
:10C1A0003B462A4621463048304F01F003FB40F61B
:10C1B000044001F001FD21462B484FF40073022298
:10C1C00001F0AAFB2A4621464FF40073264801F0ED
:10C1D000F1FA40F6044001F0EFFC214622484FF40A
:10C1E0008063022201F098FB2A4621464FF48063C7
:10C1F0001D4801F0DFFA40F6044001F0DDFC214665
:10C2000019484FF40063022201F086FB2A464FF4DE
:10C2100000632146144801F0CDFA41F21D0001F0FF
:10C22000CBFC204626E000BF00ED00E03E0D030001
:10C230000070FF1F4C0B0020008000080008024027
:10C2400080000020044C0040004C00400804002006
:10C25000E8E90008E8E80008740000201404002061
:10C2600040420F00000C024000100240A8000020D5
:10C270001804002001F00CF82146204601F018F8BF
:10C28000204600F0ADFF4FF4406001F095FC2146E0
:10C2900098481023022201F03FFB2246102303217D
:10C2A000944801F087FA41F21D0001F085FC284610
:10C2B00000F0EEFF2146284600F0FAFF284600F085
:10C2C0008FFF4FF4406001F077FC2146894820231E
:10C2D000022201F021FB224620230321854801F0A0
:10C2E00069FA4FF4406001F067FC02231A462146C8
:10C2F000804801F011FB0223224621467D4801F0CF
:10C3000059FA22462146304601F0FEFB29462046D6
:10C3100001F002FD22462146022001F0D5F902205B
:10C3200001F042FA4FF0807001F070FC41F202001F
:10C3300001F042FC7048714E01F02EFD3B686E48E2
:10C34000ADF80240A6FB03239B0C013BB3F5803FF5
:10C3500028BF23466946ADF800306FF00103CDE9F0
:10C3600001438DF80C4001F0E7FD634801F018FE31
:10C3700040F6034001F020FC214661484FF4804321
:10C38000022201F0C9FA4FF4804322465C480221A0
:10C3900001F010FA5A484FF48042022101F042FBAA
:10C3A0006A46554802940221CDE9005401F00AFE84
:10C3B00022465148022101F023FF4F48022140222A
:10C3C00001F0F6FE22464C48022101F027FF2946E3
:10C3D000494801F0EDFD484801F0E2FD40F6034018
:10C3E00001F0EAFB214646484FF48053022201F057
:10C3F00093FA4FF4805322464148022101F0DAF9C2
:10C400003F484FF48052022101F00CFB6A4621465E
:10C4100039480294CDE9005401F0D4FD224621466A
:10C42000354801F0EDFE21463348402201F0C0FEC0
:10C4300022462146304801F0F1FE29462E4801F0FF
:10C44000B7FD2D4801F0ACFD40F6034001F0B4FB10
:10C4500021462B484FF40053022201F05DFA224698
:10C4600029464FF40053264801F0A4F940F6044051
:10C4700001F0A2FB294623484FF48043022201F039
:10C480004BFA224629464FF480431E4801F092F9A8
:10C4900041F2050001F090FB1B4801F07DFC3B6878
:10C4A0001948ADF80240A6FB03639B0C013BB3F5B2
:10C4B000803F28BF2346092269460292ADF800302A
:10C4C00001948DF80C4001F037FD0F4801F068FD34
:10C4D0000C484FF4804101F095FA2146224637205E
:10C4E00001F012FB0848294604B0BDE8F04101F014
:10C4F000BDBE00BF000002400008004083DE1B43B9
:10C50000000C024000100240001400402DE9F04FE2
:10C510002DED048BA1B000229FEDB39ADFEDB38A1D
:10C52000DFF83883DFF838930392174602920192BE
:10C5300005920092049293469246AD4B1C68A4EB80
:10C540000B03B3F5FA6F05D398F80030002B40F0D9
:10C550004184A346049BE31A092B00F23185009B1A
:10C56000E31AB3F57A7F09D3A24A009413681760DF
:10C570004A2BA14A8CBF002301231370059B9C42C8
:10C5800030D0D9ED017A99ED047AD9ED056AF4EE4F
:10C59000C77AF1EE10FA00F33E850AD537EE667AD7
:10C5A000F4EEC77AF1EE10FAD8BFF0EE477AC9ED93
:10C5B000047AD9ED087A99ED0B7AD9ED0C6AF4EE8C
:10C5C000C77AF1EE10FA00F319850AD537EE667ACC
:10C5D000F4EEC77AF1EE10FAD8BFF0EE477AC9ED63
:10C5E0000B7A0594019BE21A43F697239A4200F2D4
:10C5F000F584A4EB0A0245F207239A4211D97F4B36
:10C600001B7853B17E4B1B88002B40F05C857D4B23
:10C610001F707D4B4FF001021A70A4F5BB5AAAF1AE
:10C62000100A029BE31A632B05D9774B1B780BB1D9
:10C63000FCF740FB0294039BE21A41F287339A42D3
:10C6400005D998F800300BB9FCF76CFE03946F4BDA
:10C650001B880BB1FDF798F86D4B1B7823B96D4B18
:10C660001B780BB9FBF704FE614B6B491A680B682A
:10C67000D31A012B10D972B6684B69481F60694BF9
:10C680001F60624B1F804FF48073038062B6664B5D
:10C690000A601F705E4B1F70FEF7D4FA98F80030E6
:10C6A000002B40F07F81614B61491B78069303F0BA
:10C6B000010201EBC2014FEAC20E0879002840F0E6
:10C6C0006D81D1ED007A5B4967EE897A0978FCEEDD
:10C6D000E77A531CCDED077A574A9DF81C505370EA
:10C6E0004FF00500FF291070957000F051815348FC
:10C6F0000288002A00F04C81013A514E028081F0FC
:10C70000BF02504811910478B15C4F4812946140C7
:10C7100081F07C01805C745C4C4A0F93604080F037
:10C720000300494C1288615C345C10956140464CB2
:10C7300081F00501245C705C5C406040424C615CAF
:10C74000345C6940334684EA01063F4C149614F881
:10C7500000C0CDF84CC0511C1FFA81FC911C6546ED
:10C760001FFA81FCD11CCDF820C01FFA81FC111DDD
:10C77000CDF824C01FFA81FC511DCDF828C01FFA46
:10C7800081FC911D324CCDF82CC01FFA81FCD11DCB
:10C79000CDF830C01FFA81FC02F108012D4E20684F
:10C7A000CDF834C01FFA81FC2B49079021F81020E6
:10C7B000A6FB02014909CDE915152946A6FB01147E
:10C7C000CDF838C00899099DA6FB0110A6FB0515F8
:10C7D0000A996D091795A6FB01150B996D09A6FB22
:10C7E000011C189535463DE000007F4380078041DD
:10C7F000540B002078030020300000203E0300206E
:10C80000000000203D0300203C03002040090020E0
:10C810002D0500202C0500202805002044090020BB
:10C820007C000020480900201E050020860300200F
:10C830008C03002074000020880300207A00002070
:10C84000E8E9000805040020E8E800082E050020BB
:10C8500064060020B5814E1BA8060020A40000201D
:10C86000340000200C9EA5FB0616710919910D9944
:10C870002E46A5FB011569091A910E99A6FB011513
:10C88000169E4FF49671640901FB1464089E6D09AD
:10C8900040091B9501FB1060179D099E01FB156562
:10C8A00008950A9E189D01FB15650B9E0A954FEA97
:10C8B0005C1C199D01FB1C6C0C9E01FB15660C9603
:10C8C0001A9D0D9E01FB15660D961B9D0E9E01FB8C
:10C8D0001565159E01FB1621BDF820600996BDF86F
:10C8E00028600A96C64E09323280079E1FFA8CFCD9
:10C8F000CDF82CC0721CBDF830C0CDF830C01E463B
:10C90000149BBDF834C0F65CCDF834C01FFA85FC2A
:10C91000139DCDF838C06E40BA4D15F803C0CDF860
:10C9200020C0D2F1000CB84BB84D0CF01F0C02F037
:10C930001F0258BFCCF100021A6089B2B44B2D8897
:10C94000A4B250225A5480B2119A1A55129C1C5407
:10C95000B048621C0270099803221A540A9A4FF0D8
:10C96000050419469C540B9A0F9B8B540C9A109BF0
:10C970008B540D9A8E540E9A0898079B8854A6499A
:10C980000922CA54A5491022CA54A04B01351D8062
:10C99000A34B03EB0E024FF001031371069BA14A58
:10C9A000013313709E4B93ED008A002000F028FCA9
:10C9B000B4EEE88AF1EE10FA00F2E282DFED9A7A44
:10C9C00028EE278AB5EEC08AF1EE10FAC0F2D882BE
:10C9D000BCEEC88A18EE103A9AB20021084600F060
:10C9E0002FFC002000F01CFC8D4B93ED028A0120EF
:10C9F00000F006FCB4EEE88AF1EE10FA00F2BE8216
:10CA0000DFED897A28EE278AB5EEC08AF1EE10FABA
:10CA1000C0F2B482BCEEC88A18EE103A9AB2002175
:10CA2000012000F00DFC012000F0FAFB98F8003026
:10CA3000002B40F0C2817D4B93F800E00EF0010620
:10CA4000C6EBC60109EB8102F0000790107E069646
:10CA5000002840F0AE81D2ED027A92ED017A744D59
:10CA6000107B2D78734A19F821400B9067EE897A74
:10CA700027EE097AFCEEE77ABCEEC77ACDED097AAB
:10CA80009DF824C08DED087A9DF8201090706FF00D
:10CA90002F030136FF2D13700C94D4700A96567034
:10CAA0000D911171634682F805C000F07A81624AE7
:10CAB00016461288002A00F07481013A3280554AE5
:10CAC0005E4C92F800C04E48139585F0BF01664653
:10CAD000625C4C4D0088695C0890724082F07C0278
:10CAE000CDF850C0A05CAA5C1293414081F00601D1
:10CAF000605C695C424082F0D0020A984140A05CD0
:10CB0000AA5C48400B994A40215C285C51400C9A31
:10CB10005040625C695C42400D984140A05CAA5C58
:10CB200080EA010C0898CDF854C083EA020C421C3C
:10CB3000CDF87CC01FFA82FC821C65461FFA82FC7D
:10CB4000C21C63461FFA82FC021D64461FFA82FC67
:10CB5000421DCDF824C01FFA82FC821DCDF838C0DA
:10CB60001FFA82FCC21D0146CDF83CC01FFA82FCB0
:10CB700000F108022448CDF840C01FFA82FCCDF82D
:10CB800078C006682E481895A0FB0112510916912D
:10CB9000A0FB05214D091A93A0FB0321099B1795C2
:10CBA0004A091992A0FB0321A0FB042C0E9A1B94A6
:10CBB000A0FB02254C0901460F981C941196A1FB7D
:10CBC00000241E9E109A6D091D95DDE91753A1FBE7
:10CBD00002203246A1FB02214FF4967202FB15356A
:10CBE0001795DDE9195302FB15351B9B18954FEA84
:10CBF0005C1C02FB1C3C1C9D099B02FB153521E0C3
:10CC00002E050020E8E80008640600205C060020ED
:10CC1000300500200504002088060020680600205A
:10CC20008C0300208603002000F07F457D03002058
:10CC300074000020800300207A000020E8E900084A
:10CC4000B5814E1B09950E9B1D9D02FB15350F9B53
:10CC5000640902FB1434109B4009490902FB10309F
:10CC600002FB1161169B089E02FB13639BB21FFA25
:10CC70008CFC1093BDF85C301693BDF86030CDF895
:10CC800060C0BDF824C0CDF864C01FFA85FCCDF8A3
:10CC900068C01FFA84FCCDF86CC0159C17931FFA6E
:10CCA00080FCB8481F9BCDF870C01FFA81FC015D65
:10CCB000B54DCDF874C081EA030C119BCDF83CC092
:10CCC00015F804C0CDF838C05C1CD4F1000C0CF091
:10CCD0001F0C08990993AD4B04F01F0458BFCCF109
:10CCE00000041C6001F10905A94CADB2264601F112
:10CCF0000A00A4FB05C480B2640902FB14550B3181
:10CD0000A6FB00C489B2640902FB1400A6FB01C49F
:10CD1000640902FB14118BB29E4C1193109B9E4927
:10CD20005022E254169B139AE254179B149AE25431
:10CD3000189B01320A700622E254199B0A9A0B9939
:10CD40006FF02F0C04F803C01A9BE2541B9B0C9A43
:10CD5000E1541C9B8B49E2541D9B0D9AE2540F9B9E
:10CD6000894A2646D25CCC5C0E9B314680B25C4040
:10CD7000ADB2119B129E4E550C54CA54DDE90816F3
:10CD8000864B874823F816100A46864B0C320280E1
:10CD90001A8801321A80844B0C229A55834B102238
:10CDA0009A55DDE90632D31A09EB83034FF00102ED
:10CDB0001A767F4A0EF101031370FEF7C7F8FEF7EB
:10CDC00053F998F800300BB9FBF710FCFEF7A6FBFF
:10CDD000FFF7B3BB774B93F800E0BEF1FF0F3FF4D2
:10CDE000B8AB754A1388002B3FF4B3AB013B654DDC
:10CDF00013808EF0BF03684AE95C1078624E0B9096
:10CE0000414081F07C01F25C685C654B715C1B8881
:10CE100042406A4890F800C0CDF834C082F0010268
:10CE200060464140A85CB25C0C925A1C41401FFA1B
:10CE300082FC9A1C65460E911FFA82FC5349CDF87C
:10CE40001CC0DA1C1FFA82FC1A1D5148CDF820C004
:10CE50009E1D1FFA82FC0A6850490692B6B221F85C
:10CE600012300A96A0FB0312079ECDF824C0510988
:10CE7000CDE90F15A0FB05210546A0FB0602089E83
:10CE8000A5FB0605099E424803F1050CA0FB060B15
:10CE90003F481FFA8CFCA0FB0C6040090A9E1190D1
:10CEA0003B48A0FB06604009109E129049094FF4D0
:10CEB000967000FB1161079E520900FB1262089EEA
:10CEC0006D0900FB15650895099E119D4FEA5B1BD6
:10CED00000FB1B6B00FB15CC0A9E129D89B200FB68
:10CEE00015660F9D07912E4900FB15301FFA8CFC2B
:10CEF00007330B80BDF820500699CDF820C01FFAEB
:10CF000086FC284ECDF824C04B1C314636880136AD
:10CF10000E805E421D4906F01F0603F01F0358BF36
:10CF200073420B600E99174B0C9E5B5C7340164E60
:10CF300080B2765C17494FF0500C01F800C007989A
:10CF400092B201F800E01FFA8BFB0B9888544FF067
:10CF5000010C01F805C00D9D01F80B50089D069AC3
:10CF60004B55099BCE54431C0B48104903700E4887
:10CF70000723835410238B54FFF7EBBA00224EE5AE
:10CF800000222AE5E8E90008E8E800086406002035
:10CF9000B5814E1B3005002005040020A8060020A6
:10CFA0002E0500205C060020880600206806002070
:10CFB0007D030020740000207A000020780000200B
:10CFC000FDF7A8FD009BE31AB3F57A7F30D2774BCB
:10CFD0001B78002B38D10494FFF7D0BA744B1F7024
:10CFE000744B1B88002B4AD1A4EB0A0245F207239D
:10CFF0009A4201943FF611ABFFF713BB37EE267A46
:10D00000F4EEC77AF1EE10FA58BFF0EE477AC9EDA8
:10D010000B7AFFF7E6BA37EE267AF4EEC77AF1EE2E
:10D0200010FA58BFF0EE477AC9ED047AFFF7C1BA9B
:10D03000614A0094136817604A2B5C4A8CBF002336
:10D0400001231370002BC6D0D9ED047A5B48F5EEAE
:10D05000C07AF1EE10FACCBF50224022022101F03A
:10D06000A7F8D9ED0B7A5548F5EEC07AF1EE10FA33
:10D0700040F397805022002101F09AF8ABE74D4A27
:10D080004F4E5048013B138033684F4A591C82FB76
:10D090000125CA17C2EBA50202EB42024B4D03EB7E
:10D0A0004303A1EBC2013160EA184FF60371E95264
:10D0B0000121977001F0DAF8454A01941388013391
:10D0C0001380FFF796BA3E4E3A493F4A3D48013B2E
:10D0D0000B803368591C82FB0125CA17C2EBA502DD
:10D0E00002EB4202A1EBC20131603546374E03EB41
:10D0F0004303F2180221F1520121977001F0B6F8B2
:10D10000334A2C491388013313800B88002B3FF4DA
:10D110007EAA013B0B802B682A482E462A4D591CBB
:10D1200085FB0125CA17C2EBA50202EB4202A1EB67
:10D13000C20131603546254E03EB4303F2184FF42C
:10D140004C41F1520121977001F090F8204A1949A1
:10D150001388013313800B88002B3FF458AA013B3E
:10D160000B802B6817482E46174D591C85FB01254F
:10D17000CA17C2EBA50202EB4202144D03EB4303B4
:10D18000A1EBC2013160EA184FF48841E952012154
:10D19000977001F06BF80E4A138801331380FFF784
:10D1A00036BA4022002101F003F814E730000020D5
:10D1B0003E0300200000002078030020000800400B
:10D1C000EC00002000140040ABAAAA2AF0000020C6
:10D1D000E400002008B5FEF775FEFFF797F900BFE1
:10D1E000064AD2F8003420B943F00103C2F80034F3
:10D1F000704743F48033C2F8003470470070004039
:10D20000064AD2F8003420B923F00203C2F80034F1
:10D21000704723F40033C2F80034704700700040B8
:10D22000064AD2F8003420B943F00203C2F80034B1
:10D23000704743F40033C2F8003470470070004078
:10D2400028B9012919D002290BD071B170470129E1
:10D2500017D002290DD00029F8D10C4BC3F81424A3
:10D2600070470A4BC3F810247047084BC3F80824D2
:10D270007047064BC3F81C247047044BC3F80C24BA
:10D280007047024BC3F81824704700BF007000407D
:10D29000064AD2F8003420B923F00403C2F800345F
:10D2A000704723F48023C2F80034704700700040B8
:10D2B0000C4BD3F8002448B922F0C002C3F8002474
:10D2C000D3F800240A43C3F80024704722F4400234
:10D2D000C3F80024D3F8002442EA0142C3F8002432
:10D2E000704700BF0070004001EB410C00EBCC0325
:10D2F00003291A6922F001021A614FF000021A6133
:10D300005A619A61DA611A625A620BD849084FEA87
:10D310004C0C82680CEB810C3D2303FA0CF3134395
:10D32000836070470439CBB203EB4303C1F3400180
:10D330005B0010B403EB8103C4683D2202FA03F3DF
:10D340002343C3605DF8044B704700BF01EB41010C
:10D3500000EBC10030B4436A23F004034362136856
:10D3600083619368C361D36943611469136A016976
:10D370009569234321F45E312B4321F0C00143EA38
:10D3800084030B43036153688BB9036943F400734F
:10D390000361D368B3B9036943F4806303615369DC
:10D3A000BBB9036943F4807330BC03617047012B40
:10D3B00003690CBF23F4007343F400430361D36893
:10D3C000002BE8D0036923F4806303615369002BC9
:10D3D000E7D0036923F4807330BC0361704700BF5A
:10D3E00001EB4101C90010300B5823F480730B503E
:10D3F000704700BF01EB4101C90010300B5843F0EA
:10D4000001030B50704700BF01EB4101C900103010
:10D410000B5823F0606343EA42630B50704700BF30
:10D4200001EB4101802A4FEAC10104D010300B58B2
:10D4300013430B50704724300B5843F080030B50BC
:10D44000704700BF032910B418D8013A1F2A11D819
:10D45000DFE802F07A10108A1010109A10101010E5
:10D46000101010AA10101010101010101010101022
:10D47000101010BA00205DF8044B70470B1F013AE2
:10D48000DBB21F2AF6D80FF2080C5CF822F000BFBE
:10D49000E9D5000875D4000875D4000813D6000833
:10D4A00075D4000875D4000875D400083DD600086E
:10D4B00075D4000875D4000875D4000875D4000828
:10D4C00075D4000875D4000875D4000867D6000824
:10D4D00075D4000875D4000875D4000875D4000808
:10D4E00075D4000875D4000875D4000875D40008F8
:10D4F00075D4000875D4000875D4000875D40008E8
:10D5000075D4000875D4000875D4000811D500083A
:10D5100001EB41014468C3F34002103003EB4303C5
:10D52000C9004FEA430C0CEB820C20230A5803FA83
:10D530000CF0204002F0100300289CD0181E18BFE9
:10D5400001205DF8044B704701EB410350F8244B78
:10D550005A00DB0049081B5802EB81020120904071
:10D56000204003F08003E7E701EB410350F8104B44
:10D570005A00DB0049081B5802EB8102042090404E
:10D58000204003F00203D7E701EB410350F8104BB2
:10D590005A00DB0049081B5802EB8102082090402A
:10D5A000204003F00403C7E701EB410350F8104BA0
:10D5B0005A00DB0049081B5802EB81021020904002
:10D5C000204003F00803B7E701EB410350F8104B8C
:10D5D0005A00DB0049081B5802EB810220209040D2
:10D5E000204003F01003A7E701EB41014468C3F3B7
:10D5F0004002243003EB4303C9004FEA430C0CEB19
:10D60000820C01230A5803FA0CF0204002F0800338
:10D6100092E701EB41014468C3F34002103003EB91
:10D620004303C9004FEA430C0CEB820C04230A5855
:10D6300003FA0CF0204002F002037DE701EB410108
:10D640004468C3F34002103003EB4303C9004FEAC0
:10D65000430C0CEB820C08230A5803FA0CF0204010
:10D6600002F0040368E701EB41014468C3F34002A0
:10D67000103003EB4303C9004FEA430C0CEB820C60
:10D6800010230A5803FA0CF0204002F0080353E775
:10D6900003290BD84FEA510C01EB41014B0003EB7E
:10D6A0008C0381689A400A43826070470439CBB288
:10D6B00003EB4303C1F340015B0003EB8103C1684B
:10D6C0009A400A43C26070472E4B10B4D3F8004C06
:10D6D00024EA0004C3F8004CD3F8044C24EA000404
:10D6E000C3F8044CD3F8084C24EA0004C3F8084CEF
:10D6F000D3F80C4C24EA0004C3F80C4CC44371B1B9
:10D70000012904D1D3F8041C0143C3F8041C012AE5
:10D710000DD0022A27D0C2B15DF8044B7047D3F870
:10D72000001C012A41EA0001C3F8001CF1D1154B8D
:10D73000D3F8082C1440C3F8084CD3F80C2C5DF82F
:10D74000044B0243C3F80C2C70470E4BD3F8082C43
:10D750000243C3F8082CD3F80C2C2240C3F80C2C3D
:10D760005DF8044B7047074B5DF8044BD3F8082C69
:10D770000243C3F8082CD3F80C2C0243C3F80C2C3A
:10D78000704700BF00300140064AD2F8143CD2F87E
:10D79000002C034004D0024214BF01200020704737
:10D7A0001846704700300140014BC3F8140C704715
:10D7B0000030014013F0010F30B40568C46806D092
:10D7C00025F0030C24F003044CEA0105144313F084
:10D7D000020F07D025F00C0C24F00C044CEA810554
:10D7E00044EA820413F0040F07D025F0300C24F033
:10D7F00030044CEA011544EA021413F0080F07D074
:10D8000025F0C00C24F0C0044CEA811544EA8214CF
:10D8100013F0100F07D025F4407C24F440744CEA38
:10D82000012544EA022413F0200F07D025F4406CB0
:10D8300024F440644CEA812544EA822413F0400F2A
:10D8400007D025F4405C24F440544CEA013544EA06
:10D85000023413F0800F07D025F4404C24F44044E8
:10D860004CEA813544EA823413F4807F07D025F4F2
:10D87000403C24F440344CEA014544EA024413F4A9
:10D88000007F07D025F4402C24F440244CEA814545
:10D8900044EA824413F4806F07D025F4401C24F43A
:10D8A00040144CEA015544EA025413F4006F07D0C7
:10D8B00025F4400C24F440044CEA815544EA825497
:10D8C00013F4805F07D025F0407C24F040744CEACC
:10D8D000016544EA026413F4005F07D025F0406C50
:10D8E00024F040644CEA816544EA826413F4804F7A
:10D8F00007D025F0405C24F040544CEA017544EA1E
:10D9000002741B0444BF61F39F7562F39F7405604A
:10D91000C46030BC704700BF012941680CBF194387
:10D9200099434160816813F0010F1CBF21F003018E
:10D93000114313F0020F1CBF21F00C0141EA8201D8
:10D9400013F0040F1CBF21F0300141EA021113F063
:10D95000080F1CBF21F0C00141EA821113F0100F23
:10D960001CBF21F4407141EA022113F0200F1CBFBB
:10D9700021F4406141EA822113F0400F1CBF21F4E1
:10D98000405141EA023113F0800F1CBF21F44041A5
:10D9900041EA823113F4807F1CBF21F4403141EA17
:10D9A000024113F4007F1CBF21F4402141EA82416F
:10D9B00013F4806F1CBF21F4401141EA025113F4AB
:10D9C000006F1CBF21F4400141EA825113F4805FD3
:10D9D0001CBF21F0407141EA026113F4005F1CBFDB
:10D9E00021F0406141EA826113F4804F1CBF21F0B5
:10D9F000405141EA02711B0448BF62F39F7181608C
:10DA0000704700BF816170478162704703690B42B4
:10DA100014BF01200020704743690B4214BF01204E
:10DA20000020704710B4046A436A12F0010F1CBF53
:10DA300024F00F040C4312F0020F1CBF24F0F0047A
:10DA400044EA011412F0040F1CBF24F4706444EA89
:10DA5000012412F0080F1CBF24F4704444EA01347E
:10DA600012F0100F1CBF24F4702444EA014412F099
:10DA7000200F1CBF24F4700444EA015412F0400F3C
:10DA80001CBF24F0706444EA016412F0800F18BFD8
:10DA900061F31F7412F4807F1CBF23F00F030B434C
:10DAA00012F4007F1CBF23F0F00343EA011312F4C9
:10DAB000806F1CBF23F4706343EA012312F4006FEC
:10DAC0001CBF23F4704343EA013312F4805F1CBF90
:10DAD00023F4702343EA014312F4005F1CBF23F4D4
:10DAE000700343EA015312F4804F1CBF23F07063AC
:10DAF00043EA0163120448BF61F31F7304625DF8D7
:10DB0000044B4362704700BF10B4224CE36803F437
:10DB1000E063B3F5E06F32D0E36803F4E063B3F59C
:10DB2000C06F17D0E36803F4E063B3F5A06F0DD0C6
:10DB3000E36803F4E063B3F5806F24D0E36803F493
:10DB4000E063B3F5407F22D0134BE36002F00302A1
:10DB5000022302E002F007020323104C9940114314
:10DB600023180901C9B283F800134209012300F008
:10DB70001F00834044F822305DF8044B704702F0E8
:10DB80000F020423E9E702F001020123E5E7002286
:10DB90001346E2E700ED00E00005FA0500E100E0D1
:10DBA00021F06041034B21F07F0101439960BFF3F5
:10DBB0004F8F704700ED00E0830903F1804303F5C8
:10DBC0000E3300F01F001968012282400A431A60D8
:10DBD000704700BF830903F1804303F50E3300F063
:10DBE0001F001968012282400A431A60704700BF73
:10DBF000830903F1804303F50E3300F01F001A6818
:10DC00000121814022EA01021A607047064A6FF042
:10DC100080739842D2F88C380CBF23F08073034392
:10DC2000C2F88C38704700BF0030024010B5364C47
:10DC3000844694E80F0088B00DF1200E10340EE9F0
:10DC40000F0094E803006B4683E8030002AB83E80F
:10DC500003002E4AD2F80838C3F38103012B4ED0BB
:10DC6000022B43D1D2F80408D2F80418D2F80438B1
:10DC7000D2F80428264CC3F3014312F4800F03F1B9
:10DC80000103C1F388124FEA430300F03F0121482A
:10DC900018BF2046B0FBF1F002FB00F0B0FBF3F040
:10DCA0001A4BD3F80818D3F80828D3F80838C1F36A
:10DCB000031120316944C2F38222C3F3423320327C
:10DCC000203311F8101C6A446B4412F8202C13F80E
:10DCD000183C20FA01F1BCF1030F12D8DFE80CF078
:10DCE000040C020821FA02F008B010BD0948D7E779
:10DCF00021FA03F008B010BD084608B010BD044872
:10DD0000CEE70020F0E700BFD0E800080030024076
:10DD100040787D010024F40001F0030292000F23FB
:10DD200093408908DB43904003290ED8DFE801F0D7
:10DD3000261A0E02174AD2F814180B40C2F81438EB
:10DD4000D2F814380343C2F814387047114AD2F895
:10DD500010180B40C2F81038D2F810380343C2F83C
:10DD6000103870470B4AD2F80C180B40C2F80C3828
:10DD7000D2F80C380343C2F80C387047054AD2F881
:10DD800008180B40C2F80838D2F808380343C2F824
:10DD9000083870470030014008B5634B98427CD08A
:10DDA00017D8A3F58053984200F0818036D95F4B95
:10DDB000984200F0868003F58063984220D140F6B7
:10DDC0000600FFF707FFBDE8084040F60600FFF732
:10DDD0000FBF574B98427ED032D9564B984200F035
:10DDE000848003F58063984240F0898040F61210E9
:10DDF000FFF7F0FEBDE8084040F61210FFF7F8BE4E
:10DE0000A3F5006398427AD140F60400FFF7E2FEE2
:10DE1000BDE8084040F60400FFF7EABEA3F5006342
:10DE200098426DD003F5806398421BD140F6020002
:10DE3000FFF7D0FEBDE8084040F60200FFF7D8BE6D
:10DE4000A3F58043984265D003F58063984216D1CC
:10DE500040F60110FFF7BEFEBDE8084040F6011095
:10DE6000FFF7C6BEB0F1804F49D14FF40060FFF715
:10DE7000B1FEBDE808404FF40060FFF7B9BEA3F55E
:10DE8000644398423BD140F60800FFF7A3FEBDE88B
:10DE9000084040F60800FFF7ABBE40F60700FFF76A
:10DEA00099FEBDE8084040F60700FFF7A1BE40F626
:10DEB0000300FFF78FFEBDE8084040F60300FFF7C0
:10DEC00097BE40F60500FFF785FEBDE8084040F626
:10DED0000500FFF78DBE4FF41160FFF77BFEBDE834
:10DEE00008404FF41160FFF783BE40F61110FFF7B2
:10DEF00071FEBDE8084040F61110FFF779BE08BD7D
:10DF000040F60100FFF766FEBDE8084040F601005C
:10DF1000FFF76EBE4FF41060FFF75CFEBDE80840EF
:10DF20004FF41060FFF764BE001C00400014004076
:10DF30000040014000440140174B0A88826220F4EF
:10DF4000806C9C451BD020F44063B3F1804F16D009
:10DF5000124B8A68C2629C450CD00268CB8822F4BE
:10DF600040720260026813430B4A0360944504BF89
:10DF70000B7B0363436943F001034361704702680D
:10DF80004B8822F07002026002681343036002684B
:10DF90008B8813430360DBE7000001400010004062
:10DFA000036843F001030360704700BF416270479C
:10DFB000436C01290CBF43F4004323F40043436442
:10DFC000704700BF10B403291DD8DFE801F00288B4
:10DFD000461F036A118823F0010303628469938852
:10DFE00024F003048461046A21430162016A6F4CD6
:10DFF00021F002010162016A0B4320F48061A14219
:10E00000036200F0AF805DF8044B7047036A11882B
:10E01000948823F480530362C36923F44073C3617B
:10E02000036A43EA01330362036A604923F400533D
:10E030000362036A43EA043320F480648C4203627F
:10E04000E1D1436812895DF8044B23F480434360B7
:10E05000436843EA821343607047036A11889488D7
:10E0600023F480730362C36923F00303C361036A6B
:10E0700043EA01230362036A4C4923F400730362F9
:10E08000036A43EA042320F480648C420362BAD119
:10E09000036A5488D18823F480630362036A43EAE5
:10E0A00004230362036A5DF8044B23F400630362F4
:10E0B000036A43EA0123036243681189528923F406
:10E0C00080534360436843EA01134360436823F489
:10E0D00000534360436843EA021343607047036A96
:10E0E0001188948823F010030362836923F440733A
:10E0F0008361036A43EA01130362036A2B4923F035
:10E1000020030362036A43EA041320F480648C4210
:10E1100003627FF478AF036A5488D18823F0400308
:10E120000362036A43EA04130362036A5DF8044B63
:10E1300023F080030362036A43EA01130362436826
:10E140001189528923F480634360436843EA810361
:10E150004360436823F400634360436843EA8203F7
:10E1600043607047036A518823F004030362046A22
:10E17000D38821430162016A21F008010162016A2A
:10E180000B4303624368118923F48073436044683E
:10E1900053892143416042685DF8044B22F40072C8
:10E1A0004260426813434360704700BF0000014073
:10E1B00003290BD8DFE801F01C130B02C36923F419
:10E1C000E043C361C36943EA0223C3617047C36983
:10E1D00023F07003C361C3691343C361704783694C
:10E1E00023F4E0438361836943EA02238361704738
:10E1F000836923F0700383618369134383617047EC
:10E20000032904D8DFE801F008060402026470471D
:10E21000C2637047826370474263704703290BD81B
:10E22000DFE801F01C130B02C36923F40063C36130
:10E23000C36943EA0223C3617047C36923F008033B
:10E24000C361C3691343C3617047836923F40063E7
:10E250008361836943EA022383617047836923F002
:10E26000080383618369134383617047C3680B4369
:10E27000C3607047C36823EA0103C360704700BFEF
:10E28000C3680069084003D00B4214BF012000207E
:10E29000704700BFC9430161704700BF38B5214BCB
:10E2A000984204460D4608D02ED8A3F53053984224
:10E2B00003D015D91C4B98421AD10220FFF7B6FCA7
:10E2C000E3681B0419D56B084FF6F07103EB4003AC
:10E2D000B3FBF5F3C3F342020B401343A36038BD15
:10E2E000A3F500639842E8D003F580639842E4D038
:10E2F000E3681B044FF00000E5D400EB5500B0FBD1
:10E30000F5F080B2A06038BD084B20F480629A42DC
:10E3100004D0A3F514439842CFD0E9E70320FFF7D8
:10E3200085FCCDE70078004000500040001001401F
:10E33000C36823F4C063C360C3680B43C360704702
:10E34000C36823F48053C360C3680B43C360704742
:10E35000036923F44053036103690B43036170476E
:10E36000C36843F40053C360704700BFC36823F021
:10E3700008030B43C3607047C36823F004030B43D7
:10E38000C36070474068C0F308007047436923F0DA
:10E3900080030B43436170474FEA911C01225CF8F4
:10E3A000003001F01F018A4023EA02034CF80030DC
:10E3B000704700BF8A0910B401F01F0114580123EF
:10E3C0008B40234313505DF8044B70474FEA911C78
:10E3D00001225CF8003001F01F018A4023EA0203A9
:10E3E0004CF80030704700BFC1F389138A0D30B478
:10E3F0001D581458C1F30443012202FA03F02040CF
:10E4000006D001F01F018A402A4214BF01200020DB
:10E4100030BC70474FEA915C01225CF80030C1F3D8
:10E4200004418A4023EA02034CF80030704700BFE1
:10E43000002103E00A4B5B584350043109480A4B62
:10E4400042189A42F6D3094A02E0002313600432CC
:10E45000074B9A42F9D300F00FF8FEF7BBFE704766
:10E46000F8EA000800000020AC000020B000002006
:10E47000580B0020FEE700005B495C4AD1F8883069
:10E4800010B443F47003C1F88830D2F8003843F078
:10E49000010383B0C2F80038D2F800389907FBD5E1
:10E4A000D2F80838002143F08003C2F808380191FF
:10E4B000019B4F2B05D8019B01330193019B4F2BEF
:10E4C000F9D94A4AD2F80838002143F09003C2F83B
:10E4D00008380191019B4F2B05D8019B0133019313
:10E4E000019B4F2BF9D94149414CD1F8083823F011
:10E4F0000303C1F80838D1F8002822F0847222F40E
:10E500008032C1F80028D1F80028002022F48022AF
:10E51000C1F80028C1F80808D1F80828C1F8044853
:10E52000C1F80C08D1F8002842F480324FF6FF738E
:10E53000C1F8002801E0013B03D0D1F80028920384
:10E54000F9D52A4BD3F8002894034CD5D3F84028AA
:10E550002849294842F08052C3F840280A6842F40A
:10E5600040420A60D3F80828C3F80828D3F80828DE
:10E5700042F40042C3F80828D3F8082842F4A05215
:10E58000C3F80828C3F80408D3F8002842F08072C2
:10E59000C3F80028D3F800289001FBD5154A13686A
:10E5A00043F4803313605368D903FCD513681149D1
:10E5B00043F4003313604B689A03FCD50B4AD2F83E
:10E5C000083823F00303C2F80838D2F8083843F0BB
:10E5D0000203C2F80838D2F808381B07FBD503B08D
:10E5E0005DF8044B7047FEE700ED00E000300240AC
:10E5F0001030002400700040196440092DE9F047F4
:10E60000089D0C46002B4ED194468C458646B2FAA6
:10E6100082F262D94AB1C2F12003914020FA03F399
:10E620000CFA02FC194300FA02FE4FEA1C471FFADB
:10E630008CF6B1FBF7F44FEA1E4307FB141143EAD3
:10E64000014304FB06F199420AD91CEB030304F1D0
:10E65000FF3080F01381994240F21081023C634404
:10E66000591A1FFA8EF3B1FBF7F007FB101143EABA
:10E67000014300FB06F69E420AD91CEB030300F19E
:10E68000FF3180F0FD809E4240F2FA806344023800
:10E690009B1B40EA044000211DB1D3400022C5E984
:10E6A0000032BDE8F0878B4205D90DB1C5E9000104
:10E6B00000210846F5E7B3FA83F1002946D1A342C9
:10E6C00002D39042C0F0F180861A64EB030301206C
:10E6D000002DE6D0C5E90063E3E7002A40F0918011
:10E6E000A1EB0C044FEA1C481FFA8CF70121B4FB84
:10E6F000F8F64FEA1E4308FB164443EA044307FBBF
:10E7000006F0984208D91CEB030306F1FF3402D24D
:10E71000984200F2CE8026461C1A1FFA8EF3B4FBF4
:10E72000F8F008FB104443EA044300FB07F79F425C
:10E7300008D91CEB030300F1FF3402D29F4200F220
:10E74000B1802046DB1B40EA0640A5E7C1F1200668
:10E750008B4022FA06F71F4320FA06FC04FA01F365
:10E7600043EA0C03F44000FA01F8380C4FEA13496D
:10E77000B4FBF0FE1FFA87FC00FB1E4449EA044488
:10E780000EFB0CF9A14502FA01F20AD93C190EF16F
:10E79000FF3A80F08580A14540F28280AEF1020E02
:10E7A0003C44A4EB09041FFA83F9B4FBF0F300FB2B
:10E7B000134449EA044403FB0CFCA44507D93C1963
:10E7C00003F1FF3068D2A44566D9023B3C4443EADA
:10E7D0000E40A0FB0293A4EB0C049C42CE469C4648
:10E7E00052D34FD055B1B8EB0E0364EB0C0404FACE
:10E7F00006F6CB40CC401E43C5E900640021BDE8CD
:10E80000F087C2F1200320FA03F10CFA02FC24FA8B
:10E8100003F394400C434FEA1C4800FA02FE1FFA2F
:10E820008CF7B3FBF8F008FB1031230C43EA0143EB
:10E8300000FB07F1994208D91CEB030300F1FF36F6
:10E840002CD299422AD9023863445B1AA4B2B3FB92
:10E85000F8F108FB113344EA034401FB07F3A34238
:10E8600008D91CEB040401F1FF3613D2A34211D9DD
:10E8700002396444E41A41EA004138E70446EFE60D
:10E88000084605E7C845ADD2B9EB020E63EB070CAD
:10E890000138A7E73146EDE7034698E73046D4E76D
:10E8A000D6467EE7634402384CE7064623460846D0
:10E8B0000EE7023E63442FE7F8B500BFF8BC08BC82
:10E8C0009E467047F8B500BFF8BC08BC9E4670472E
:10E8D0000000000000000000010203040607080910
:10E8E000000000000102030400C0C101C30302C212
:10E8F000C60607C705C5C404CC0C0DCD0FCFCE0E80
:10E900000ACACB0BC90908C8D81819D91BDBDA1AEF
:10E910001EDEDF1FDD1D1CDC14D4D515D71716D65F
:10E92000D21213D311D1D010F03031F133F3F232CF
:10E9300036F6F737F53534F43CFCFD3DFF3F3EFE3F
:10E94000FA3A3BFB39F9F83828E8E929EB2B2AEAAF
:10E95000EE2E2FEF2DEDEC2CE42425E527E7E6261F
:10E9600022E2E323E12120E0A06061A163A3A2628F
:10E9700066A6A767A56564A46CACAD6DAF6F6EAEFF
:10E98000AA6A6BAB69A9A86878B8B979BB7B7ABA6F
:10E99000BE7E7FBF7DBDBC7CB47475B577B7B676DF
:10E9A00072B2B373B17170B050909151935352924F
:10E9B00096565797559594549C5C5D9D5F9F9E5EBF
:10E9C0005A9A9B5B99595898884849894B8B8A4A2F
:10E9D0004E8E8F4F8D4D4C8C44848545874746869F
:10E9E000824243834181804000C1814001C0804117
:10E9F00001C0804100C1814001C0804100C181400F
:10EA000000C1814001C0804101C0804100C18140FE
:10EA100000C1814001C0804100C1814001C08041EE
:10EA200001C0804100C1814001C0804100C18140DE
:10EA300000C1814001C0804100C1814001C08041CE
:10EA400001C0804100C1814000C1814001C08041BE
:10EA500001C0804100C1814001C0804100C18140AE
:10EA600000C1814001C0804101C0804100C181409E
:10EA700000C1814001C0804100C1814001C080418E
:10EA800001C0804100C1814000C1814001C080417E
:10EA900001C0804100C1814001C0804100C181406E
:10EAA00000C1814001C0804100C1814001C080415E
:10EAB00001C0804100C1814001C0804100C181404E
:10EAC00000C1814001C0804101C0804100C181403E
:10EAD00000C1814001C0804100C1814001C080412E
:08EAE00001C0804100C181402A
:08EAE80014FBFF7F0100000098
:04EAF0004D8200084B
:04EAF400258200086F
:10EAF80018000500C6000000C60000000000000065
:10EB080000000000000000000000000000000000FD
:10EB180000000000000000000000000001000000EC
:10EB280001000000000000000000000000000000DC
:10EB380001000000000000000000000000000000CC
:10EB480000000000000000000000000002000000BB
:10EB580000000000000000000000000001000000AC
:10EB6800FFFFFFFFFF000000F2002000000100008F
:10EB7800000000000100000000000000000000008C
:10EB88000008000001000000400000000000000034
:0CEB9800000003000100000000C2EB0BB5
:040000050800E431DA
:00000001FF
