:020000040800F2
:1000000000000320592000089D2000089D200008C2
:100010009D2000089D2000089D2000080000000091
:100020000000000000000000000000009D2000080B
:100030009D200008000000009D200008B90A00086B
:100040009D2000089D2000089D2000089D2000089C
:100050009D2000089D2000089D2000089D2000088C
:100060009D2000089D2000089D2000089D2000087C
:100070009D2000089D2000089D2000089D2000086C
:100080009D2000089D2000089D2000089D2000085C
:100090009D2000089D2000089D2000089D2000084C
:1000A0009D2000089D2000089D2000089D2000083C
:1000B0009D2000089D2000089D2000089D2000082C
:1000C0009D2000089D2000089D2000089D2000081C
:1000D0009D2000089D2000089D2000089D2000080C
:1000E0009D2000089D2000089D2000089D200008FC
:1000F0009D2000089D2000089D2000089D200008EC
:100100009D2000089D2000089D2000089D200008DB
:100110009D2000089D2000089D2000089D200008CB
:100120009D2000089D2000089D2000089D200008BB
:100130009D2000089D2000089D2000089D200008AB
:100140009D2000089D2000089D2000089D2000089B
:100150009D2000089D2000089D2000089D2000088B
:100160009D2000089D2000089D2000089D2000087B
:100170009D2000089D2000089D2000080000000030
:100180009D2000089D2000089D2000089D2000085B
:100190009D2000089D2000089D2000080000000010
:0C01A0009D2000089D2000089D20000804
:1001AC00034613F8012B002AFBD1181A01387047AB
:1001BC0053B94AB9002908BF00281CBF4FF0FF31C2
:1001CC004FF0FF3000F00CB8ADF1080C6DE904CE27
:1001DC0006F0C2FBDDF804E0DDE9022304B0704751
:1001EC00704700BF0348044B834202D0034B03B15A
:1001FC00184770470C0000200C0000200000000085
:10020C000548064B1B1AD90F01EBA301491002D06C
:10021C00034B03B1184770470C0000200C00002062
:10022C000000000010B5064C237843B9FFF7DAFF45
:10023C00044B13B10448AFF300800123237010BDAD
:10024C001000002000000000206C000808B5054BD1
:10025C001BB105490548AFF30080BDE80840FFF726
:10026C00CFBF00BF0000000014000020206C00086D
:10027C002DE9F04F14461289531EFE2B83B000F269
:10028C00AC807F4B7F4D5FFA82F9A3FB093809EBF9
:10029C00D81818F0FF080AD02F460026B1B2204615
:1002AC0002F060FE0136B04507F8010BF6D12B7851
:1002BC00F02B00F09980F52B00F0A680FB2B40F082
:1002CC008C80B9F1010F00F03183B9F1070F40F2C6
:1002DC008480B5F80130002B40F0EE80B9F1180F96
:1002EC007BD1694A01921146EA790B70B5F8051079
:1002FC00AB7AB1F5414F70D1012A6ED1012B6CD183
:10030C0095F80CB095F80DA095F80E9095F80F8017
:10031C002F7C6E7C95F812E095F813C0287D697DD2
:10032C00AA7DEB7DBBF1670F57D1BAF1640F54D1A5
:10033C00B9F1330F51D1B8F1320F4ED1662F4CD1E8
:10034C00342E4AD1BEF1350F47D1BCF1300F44D118
:10035C00762842D1672940D1742A3ED1362B3CD124
:10036C0072B601F015FB012001F024FC022001F013
:10037C0021FC102001F01EFC402001F01BFC802011
:10038C0001F018FC102001F01FFB012001F012FC01
:10039C00022001F00FFC102001F00CFC402001F0B9
:1003AC0009FC802001F006FC01F004FB62B6374A20
:1003BC00B5F8033036491768364A5BBA0B80364BB2
:1003CC0012883649022538461D8003F037F800287C
:1003DC0000F0B882019A01231370204602F0B6FC9B
:1003EC0040B203B0BDE8F08FB9F1070FF5D12B4A3D
:1003FC00D5F80110B5F8053011602648284A5BBACB
:10040C00012103801170E8E7204A224B156823492B
:10041C001A88284603F012F80028DED1214E224A11
:10042C00224B2348C6E9002303F17363214A03F5E9
:10043C0050533333C6E9022347F2674236233282E4
:10044C0006214122B37402F09BFB41220346132187
:10045C0030461E4602F094FB07460146304602F039
:10046C009DFC3146284602F09DFF284603F014F807
:10047C00304602F06BFC384602F068FCADE700BF7A
:10048C0081808080400100202C00002098020020F8
:10049C0030000020000000202E000020440200202C
:1004AC003200002040000020F50100C1010100676E
:1004BC009C02002064333266DFF87C835EBAB8F8A5
:1004CC000020B6B2B24288D1D04A01921146D5F87A
:1004DC0003204FF0000AB3F5807F81F800A017BA13
:1004EC0000F0C280082A00F00481C94B9A4200F047
:1004FC002881C84B9A4200F03881C74B9A4200F0D1
:10050C005C81B2F5847F00F04481B2F5027F00F08B
:10051C009581B2F5816F00F06481B2F5C16F00F086
:10052C00C98140F608039A4200F0B08140F60823D6
:10053C009A4200F04B8240F608439A4200F0328215
:10054C0040F608639A4200F0198242F208039A427C
:10055C0000F0008242F208439A4200F0D38142F646
:10056C0008039A4200F0BA8142F608439A4200F01E
:10057C007981A9F1070212F0FC0FC2F385093CD076
:10058C007F1BA64D4FF0000BAB7A6A7A95F807A04B
:10059C0042EA03222B7A43EA02234AEA032A72B67E
:1005AC0001F0F6F9012001F005FB022001F002FB3D
:1005BC00102001F0FFFA402001F0FCFA802001F03D
:1005CC00F9FA5146781901F07FFA012001F0F2FA9C
:1005DC00022001F0EFFA102001F0ECFA402001F0BB
:1005EC00E9FA802001F0E6FA01F0E4F962B60BF1C9
:1005FC00010BD94505F10405C6D1894B1B88B342C3
:10060C0075D0751CADB2874B87491F68874BA8F80E
:10061C0000501A88384602F011FF00287FF4DAAE39
:10062C00834E8448B570FB232D0A757041223370BC
:10063C00062102F0A5FA412205460321304602F0BC
:10064C009FFA06460146284602F0A8FB2946384682
:10065C0002F0A8FE384602F01FFF284602F076FB97
:10066C00304602F073FBB5E6A9F1070212F0FC0F5D
:10067C00C2F385083FF4B1AE7F1B684DAB7A6A7A42
:10068C00EE7942EA03222B7A43EA022346EA032656
:10069C0072B601F07DF9012001F08CFA022001F014
:1006AC0089FA102001F086FA402001F083FA8020AC
:1006BC0001F080FA3146781901F006FA012001F0B8
:1006CC0079FA022001F076FA102001F073FA40203A
:1006DC0001F070FA802001F06DFA01F06BF962B64E
:1006EC000AF1010AD04505F10405C7D175E60125CB
:1006FC0089E772B601F04CF9012001F05BFA022097
:10070C0001F058FA102001F055FA402001F052FA8D
:10071C00802001F04FFA504601F056F9012001F00B
:10072C0049FA022001F046FA102001F043FA402069
:10073C0001F040FA802001F03DFA01F03BF962B67D
:10074C0017E772B601F024F9012001F033FA022008
:10075C0001F030FA102001F02DFA402001F02AFAB5
:10076C00802001F027FA0820D6E772B601F010F9C4
:10077C00012001F01FFA022001F01CFA102001F0F8
:10078C0019FA402001F016FA802001F013FA10201B
:10079C00C2E772B601F0FCF8012001F00BFA02205E
:1007AC0001F008FA102001F005FA402001F002FADD
:1007BC00802001F0FFF92020AEE772B601F0E8F8D6
:1007CC00012001F0F7F9022001F0F4F9102001F0FA
:1007DC00F1F9402001F0EEF9802001F0EBF918203E
:1007EC009AE772B601F0D4F8012001F0E3F9022087
:1007FC0001F0E0F9102001F0DDF9402001F0DAF908
:10080C00802001F0D7F9302086E700BF2C000020B3
:10081C0008004000080080000800C00040010020D3
:10082C00300000209802002044020020000000202C
:10083C00400000209C0200202E00002072B601F027
:10084C00A7F8012001F0B6F9022001F0B3F910204D
:10085C0001F0B0F9402001F0ADF9802001F0AAF9C7
:10086C00282059E772B601F093F8012001F0A2F9A3
:10087C00022001F09FF9102001F09CF9402001F0BA
:10088C0099F9802001F096F9782045E772B601F0CD
:10089C007FF8012001F08EF9022001F08BF9102075
:1008AC0001F088F9402001F085F9802001F082F9EF
:1008BC00402031E772B601F06BF8012001F07AF9B3
:1008CC00022001F077F9102001F074F9402001F0BA
:1008DC0071F9802001F06EF938201DE772B601F035
:1008EC0057F8012001F066F9022001F063F910209D
:1008FC0001F060F9402001F05DF9802001F05AF917
:10090C00702009E772B601F043F8012001F052F9AA
:10091C00022001F04FF9102001F04CF9402001F0B9
:10092C0049F9802001F046F96820F5E6BFF34F8FB6
:10093C003049314BCA6802F4E0621343CB60BFF319
:10094C004F8FFEE72D4E2E48B570FB23412206211A
:10095C0033806EE672B601F01BF8012001F02AF923
:10096C00022001F027F9102001F024F9402001F0B9
:10097C0021F9802001F01EF96020CDE672B601F05D
:10098C0007F8012001F016F9022001F013F91020EC
:10099C0001F010F9402001F00DF9802001F00AF966
:1009AC005820B9E672B600F0F3FF012001F002F90D
:1009BC00022001F0FFF8102001F0FCF8402001F0BB
:1009CC00F9F8802001F0F6F85020A5E672B600F098
:1009DC00DFFF012001F0EEF8022001F0EBF810200F
:1009EC0001F0E8F8402001F0E5F8802001F0E2F891
:1009FC00482091E600ED00E00400FA0540000020DC
:100A0C009C020020144A154B154970B514681A88BD
:100A1C00204602F013FD00B170BD412206211148A1
:100A2C0002F0AEF84122054601210F4802F0A8F869
:100A3C0006460146284602F0B1F92946204602F046
:100A4C00B1FC204602F028FD284602F07FF9304622
:100A5C00BDE8704002F07AB9980200200000002036
:100A6C00440200209C0200203400002090F8393011
:100A7C00DB0700D4704710B502F036FD084B044676
:100A8C00186060B1074940F2E17202F05BFB30B9CB
:100A9C00024605492046BDE8104002F007BD10BDD6
:100AAC0098020020480200207D020008024A1368C8
:100ABC0001331360704700BFA402002010B584B04E
:100ACC0001F09AFC01F002FE19491A4A1A481B4C13
:100ADC0008601B4B4FF6FF7010600620B3F804C083
:100AEC0084F838001868174BC4F832000293164B80
:100AFC000193002300932046A4F836C0134B01F059
:100B0C0063FE134BE362204601F03AFF1149204685
:100B1C0001F064FF04F0EAFE204604F0F7FE2046E4
:100B2C0001F034FF204604B0BDE8104003F09CBD3A
:100B3C00500200204C020020A9FE2F5E540200201F
:100B4C009C02002025680008B5100008480200200F
:100B5C00506C0008790A00084FF0E022954996483D
:100B6C002DE9F8435061F020002481F82300934BC9
:100B7C00946107211161D3F8201AD3F8100AD3F825
:100B8C00148AD3F8189A8E4F8E4E8F4D6FF03A020E
:100B9C004FF6FF73FFF70CFB4846414691469846CB
:100BAC006FF03A024FF6FF73FFF702FB874988EAB2
:100BBC00030389EA02020B714FF440601B0A0A60BE
:100BCC004B7101F097F902231A462146384601F081
:100BDC00A9F8022319462246384600F0F1FF0222FA
:100BEC000B21384601F014F94FF4406001F082F902
:100BFC00214604230222384601F094F804232246AD
:100C0C000221384600F0DCFF04220B21384601F0AB
:100C1C00FFF840F6024001F06DF902231A46214616
:100C2C00304601F07FF8022319462246304600F088
:100C3C00C7FF02220B21304601F0EAF84FF4406066
:100C4C0001F058F9214680230222384601F06AF857
:100C5C00802322460221384600F0B2FF80220B216D
:100C6C00384601F0D5F840F6024001F043F9214630
:100C7C0010230222304601F055F81023224602219F
:100C8C00304600F09DFF10220B21304601F0C0F8D9
:100C9C0040F6024001F02EF9214620230222304674
:100CAC0001F040F8202322460221304600F088FF54
:100CBC0020220B21304601F0ABF840F6014001F048
:100CCC0019F9214628464FF40063022201F02AF854
:100CDC004FF4006322462846022100F071FF4FF4C6
:100CEC0000620B21284601F093F840F6014001F018
:100CFC0001F9214628464FF48053022201F012F8E4
:100D0C004FF4805322462846022100F059FF4FF43D
:100D1C0080520B21284601F07BF840F6014001F08F
:100D2C00E9F8214628464FF40053022200F0FAFF5E
:100D3C004FF4005322462846022100F041FF4FF4A5
:100D4C0000520B21284601F063F841F20E1001F01D
:100D5C00D1F84FF4000001F06DF940F6194001F0A4
:100D6C00C9F840F61A4001F0C5F840F61B4001F0F6
:100D7C00C1F800F0CFF900F0EDF9224621464FF40E
:100D8C00904000F0ABFB102000F062FD104D114CB8
:100D9C00FFF794FE10481149114A4FF0FF330360DE
:100DAC002B60104B2360FD20F22308701370BDE8FC
:100DBC00F88300BF00ED00E03E0D03000070FF1F44
:100DCC000000024000080240000402409C02002087
:100DDC00440200203C00002040020020380000208B
:100DEC0034000020F00001012DE9F04F85B0002403
:100DFC006A4F0194A246A146A04626462546684B5A
:100E0C00D3F800B0ABEB0502B2F57A7F80F091809D
:100E1C00ABEB0602632A7ED8ABEB08014EF65F22E1
:100E2C00914200F28280ABEB0902B2F5FA7F6ED2EE
:100E3C00019BABEB0302B2F5FA6F61D2ABEB0A018B
:100E4C0043F6972291420BD9564B1A68013206D0C1
:100E5C0072B6544B1A6882F308885A689047DA467F
:100E6C00ABEB040140F6B732914203D94E4B1A78E2
:100E7C0092B95C4600F068FD012802D94B4800F09D
:100E8C00D3F83B78002BBAD0484803F0DDFD00289E
:100E9C005AD100233B70B2E7454B46491C68464B80
:100EAC001A88464B20461B88029302F0C7FA00288A
:100EBC00DFD1434A029B937011461B0A5370FB22ED
:100ECC000A7040484122062101F05AFE412202904C
:100EDC0003213B4801F054FE01460390029801F0B7
:100EEC005DFF0299204602F05DFA204602F0D4FA2A
:100EFC00029801F02BFF039A104601F027FFB8E788
:100F0C002A4803F0A1FDC0B9CDF804B096E703F070
:100F1C003BFDD9468CE704F0C7FDABEB08014EF660
:100F2C005F2291425E467FF67EAF03F023FCD846EB
:100F3C0079E704F025F85D466AE7234B1A78002A16
:100F4C00E2D0FFF75FFDDFE7194B1A49D3F800B089
:100F5C00194B58461A8802F071FA002899D141228F
:100F6C000621184801F00CFE41220290042117487A
:100F7C0001F006FE01460390029801F00FFF029962
:100F8C00584602F00FFA584602F086FA029801F021
:100F9C00DDFE039B184601F0D9FE7AE732000020F3
:100FAC00A4020020008000082C0000205402002025
:100FBC009802002044020020000000202E00002097
:100FCC00400000209C020020020000203C00002079
:100FDC0008B5FFF7C1FDFFF707FF00BF114B1868FD
:100FEC000368002B00DAFEE770B50C46012100F017
:100FFC0037FC064684B1002562896168701905F0DA
:10100C009DFC638924681D44002CF5D129460020E1
:10101C0000F060F9002070BD2146002000F05AF964
:10102C00002070BDF00200202DE9F0411D4D022181
:10103C008046286800F014FC05210446286800F05E
:10104C000FFC4FF4C1720646A1B2002001F00CFD5A
:10105C000746F8B10446002562896068711905F0ED
:10106C006DFC638924681D44002CF5D12146204673
:10107C0000F0E0F8D8F8103041463846984704465E
:10108C0010B92046BDE8F081384601F05FFE2046DD
:10109C00BDE8F08101464FF0FF3400F0CBF820465C
:1010AC00BDE8F081EC02002038B50446154B164A19
:1010BC00E36216496161062344F2474004F13201B0
:1010CC006087A26184F83830002000F075F940F296
:1010DC00DC522E23228684F839304FF4E00000F0E5
:1010EC004FF84FF460200A4C00F04AF804F1500518
:1010FC002046103400F0DEFBAC42F9D100F036F99A
:10110C00002038BD586C0008E90F0008A9530008EE
:10111C00CC3E002008B540F2194000F0F9FE40F238
:10112C00194000F003FF0A4B002200200021C3E904
:10113C000C01C3E90022C3E90222C3E90422C3E97A
:10114C000622C3E90822C3E90A229A6308BD00BF3C
:10115C00A80200200849094B0A6842F001020A6003
:10116C0001E0013B02D00A68D207FAD4024B18689E
:10117C00C04300F00100704700900240FFFF0400E4
:10118C00B0F5E00F70B437D0214C2249224B234AE2
:10119C00CC604FF000401C6044F2F4512346204DCB
:1011AC00DC6400242C601F4D18602C6002F58E55F9
:1011BC0002F5BE541C35103403F110069D635960C2
:1011CC0003F140059A6018615961186259621863FD
:1011DC005963186459649C6403F1200002F2F454BE
:1011EC0003F1300102F6E832C3E90640DE60DD634C
:1011FC00C3E90A2170BC70470B4C064A0B4B1461B7
:10120C004FF480101C600A4A00212346C7E700BF38
:10121C00CC3E002000900240EC020020B8200020C0
:10122C00E4020020E80200207C3E0020F0020020B6
:10123C00F402002070B4244C23681A68002A05DBE1
:10124C0028B302F40345B5F5407F02D0002070BCF2
:10125C0070471E4D2E68B601C2F30D4501D596069A
:10126C0000D4043D8D42F1D88DB19B68012D1B78C3
:10127C0003700BD0411E2944024623689B6801333E
:10128C001B1A9B5C02F8013F8A42F6D12368104A74
:10129C004FF0004119605169080603D580200021E8
:1012AC00506191605A68510403D5DB6823600120BA
:1012BC00CDE7120401D5064BF7E7054A1268C2F3D5
:1012CC00840210321344F1E7EC020020008002404B
:1012DC000090024030B5234C23681A68002A33DB97
:1012EC0040F2F455A9422FD8B8B1B1B19B6802783D
:1012FC001A7001290FD000EB010E0EF1FF3E0246D1
:10130C0023689B6801331B1A134412F801CF83F82E
:10131C0000C07245F4D123681A68134D42F0304274
:10132C00C3E900216969686901F0040100F020003B
:10133C00014303D0002269616A601A68D10205D5A5
:10134C00DB682360012030BD002030BD920202D545
:10135C00054B1B69F5E7044A1268C2F3840210328C
:10136C001344EEE7F0020020009002400F481049B1
:10137C000268104B42F0080202608A6942F4801243
:10138C008A6101E0013B02D08A69D202FAD4084B8F
:10139C0006499A6942F400529A610A6842F00402C2
:1013AC000A609A6942F002029A617047008002401A
:1013BC0000900240FFFF0400034B8A88C2500433A4
:1013CC000A68C250704700BF4080024010B5374BCE
:1013DC0082B001201C6900F0B7FD354B354A03443F
:1013EC00934224F01C043FD244F008042F49324BA2
:1013FC000C610A6922F47F4222F0C3024FF40040D0
:10140C0042F0030248610A6101E0013B02D00A6923
:10141C00D407FAD4254B1B6913F001032DD1264AAE
:10142C0001930192019B2BB1019B013B0193019B09
:10143C00002BF9D11D49204B0A6922F47F4222F07E
:10144C00C30242F001020A6101E0013B02D00A69C9
:10145C00D007FAD4154B1A69D2070DD45869C0437A
:10146C00C0F3C03002B010BD144B154A0344934274
:10147C0006D844F00C04B9E75B69002002B010BD3B
:10148C00104B114A03449342B0D3104B104A0344FF
:10149C00934202D844F00404A8E70E4B0E4A0344CE
:1014AC009342EAD844F01004A0E700BF0080024049
:1014BC0000D3CEFEC0E1E400FFFF040040F1E9FDE3
:1014CC003F787D0100796CFC005A6202001F0AFA19
:1014DC007FF0FA02802E0FF7804A5D05F0B583B0DD
:1014EC0006460D461446FFF771FF78B9934B0090F2
:1014FC000093009B2BB1009B013B0093009B002BA6
:10150C00F9D1FFF763FF002800F048818C4A8D4B1E
:10151C0011680B401360002353609360D360916992
:10152C004FF64170014041F0800187489161D361D1
:10153C0087698649394041F00871816101688449A5
:10154C000160012E00F02D811369F10823F47F4313
:10155C00700823F0C30301F4807100F4005043F0D1
:10156C0003030143516113617A4B01E0013B02D04B
:10157C001169CF07FAD4724B1B6913F0010340F0C9
:10158C000D816FF07F4201930192019B2BB1019B66
:10159C00013B0193019B002BF9D1694A136823F499
:1015AC00B0431E4316606E050BD51368664943F4B1
:1015BC00806313608A6905F0806322F080621343B4
:1015CC008B615F49644A4B681C434C601368D807B5
:1015DC0013D50C685368614824F0007424F080041F
:1015EC0018402043584C0860A1699B0821F0C001A9
:1015FC0003F0C0030B43A36113689F0709D552493D
:10160C0090680B6823F0E06323F4803303430B6092
:10161C0013685E0709D54C49D0680B6823F47E0328
:10162C0023F47C5303430B6013681D0709D546490B
:10163C0010690B6823F4404323F0020303430B604F
:10164C001368DC0607D54049454B8C69506923402B
:10165C0003438B611368980612D53B4C9369A069C0
:10166C00404920F08070194020F004000143A16132
:10167C00216803F0800321F080010B432360136881
:10168C00590607D52E49D069CB695B0C5B04034323
:10169C00CB6113681F0617D5294C136AA0694FF646
:1016AC004171084023F47F4121F041010143264858
:1016BC00A161D0F880101B0A21F0770103F07703A9
:1016CC000B43C0F880301368DE0503D51C4B516A00
:1016DC00996013689D0503D5194B916AD9601368FD
:1016EC005C0509D51649D06A4B6823F4FB6323F0DB
:1016FC00060303434B601368180509D51049106B9A
:10170C000B6823F4913323F0700303430B601368CD
:10171C00D90407D50A49506B0B6823F440030343E3
:10172C000B6013689B0406D50549926B0B6823F478
:10173C00602313430B60012003B0F0BDFFFF8F004B
:10174C00008002400F8130FD00900240233FDEF804
:10175C000060C102FFFF0400A8020020800000020C
:10176C00E73FDEFD04000001364B9C4516D01169A5
:10177C0021F47F4121F0C30141F003014FF480506B
:10178C0050611161304901E0013B02D00A69D00778
:10179C00FAD42D4F396911F001011AD0002003B091
:1017AC00F0BD2A4E274F9C461169264B314041F023
:1017BC004101116101E0013B02D01069C107FAD46B
:1017CC00136953695B070CF1010CCDD4BC45EBD10B
:1017DC00E4E71E4EDFF86CE03A691A4B324042F0F7
:1017EC0041023A6101E0013B02D03869C207FAD4E8
:1017FC003B697B69980601F1010102D47145EBD17B
:10180C00CCE7104B9942C9D03A690F4922F47F4278
:10181C0022F0C30242F4F06242F001023A6101E0AC
:10182C00013B02D00A69D207FAD4074B1A695B69EB
:10183C00C3F38006DB074FEAC6263FF5AEAE46F48F
:10184C008046AAE6FFFF0400008002403C00FFFF38
:10185C00024A536803435360704700BF0080024044
:10186C00052921D8DFE801F0050309161A03806861
:10187C0070470068C0F3C30070470368C3F30D40A2
:10188C0004280FD90A4A1268920101D59B060AD482
:10189C00043870474068C0F30C007047C088C0F330
:1018AC000C007047002070474FF0FF30704700BFAE
:1018BC0000800240436823F000434360704700BF40
:1018CC001E4A136859684FF0004010B41860480461
:1018DC000BD51B48016800292AD00B68CC68146012
:1018EC000BB303605DF8044B704709040BD5144B24
:1018FC0014481968C06810600029F3D00A685DF8B4
:10190C00044B1A6070470F490D4C0968206810335E
:10191C00C1F384010B4413600028E3D01030206025
:10192C005DF8044B704710315DF8044B0160704753
:10193C00DB685DF8044B1360704700BFEC020020BD
:10194C00E40200200090024008B50F4B1B681B6896
:10195C00002B14DB03F40342B2F5407F0BD103F0F0
:10196C002102212A07D0094A12689201C3F30D40C3
:10197C0007D4043808BDFFF7A3FF012008BD0020E1
:10198C0008BD9B06F5D508BDEC0200200080024086
:10199C00054BD3F8102C002A05DA0449044AC3F885
:1019AC00041CC3F8042C7047003002402301674527
:1019BC00AB89EFCD034AD2F8103C43F00043C2F898
:1019CC00103C7047003002403E496FF03043D1F874
:1019DC000C2C12F4803F4BD112F4807F4CD112F0BE
:1019EC00800F4ED112F0400F50D112F0100F58D181
:1019FC0092075DD4012B3DD0D1F8103C23F0F803B5
:101A0C0010B4C1F8103CD1F8103C2E4C034343F0F9
:101A1C000203C1F8103CD1F8103C43F480336FF052
:101A2C003042C1F8103CD4F80C0CC10333D4C305BC
:101A3C0002F1FF3233D4040638D441063DD4C30638
:101A4C003DD410F0020018BF0620002A08BF072062
:101A5C001C4B5DF8044BD3F8102C22F00202C3F897
:101A6C00102CD3F8102C22F0F802C3F8102C70476D
:101A7C00013BACD107207047012B14BF022007207B
:101A8C007047012B14BF032007207047012B14BF94
:101A9C00042007207047013AC5D10720D8E702205F
:101AAC00D3E7012B14BF0520072070470320CCE798
:101ABC00012B14BF0620072070470420C5E7052022
:101ACC00C3E700BF0030024030B4394C6FF03043F4
:101ADC00D4F80C2CD5033FD4D50542D4150646D4E6
:101AEC00550649D4D50652D4920757D4012B35D07C
:101AFC00D4F8103C2E4D23F44073C4F8103CD4F8A9
:101B0C00103C43F40073C4F8103CD4F8103C43F080
:101B1C000103C4F8103C6FF030420160D5F80C0C96
:101B2C00C3032ED4C50502F1FF322ED4040633D4E0
:101B3C00410638D4C30638D410F0020018BF062072
:101B4C00002A08BF07201A4AD2F8103C23F00103E0
:101B5C0030BCC2F8103C7047013BB9D1072030BCF7
:101B6C007047012B14BF0220072030BC7047012B9B
:101B7C0014BF03200720F2E7012B14BF0420072019
:101B8C00EDE7013ACAD10720DDE70220D8E7012BA7
:101B9C0014BF05200720E2E70320D1E7012B14BF77
:101BAC0006200720DBE70420CAE70520C8E700BFB2
:101BBC0000300240014BC3F80C0C7047003002405F
:101BCC0013F0010F30B40568C46806D025F0030C7F
:101BDC0024F003044CEA0105144313F0020F07D060
:101BEC0025F00C0C24F00C044CEA810544EA820428
:101BFC0013F0040F07D025F0300C24F030044CEA1D
:101C0C00011544EA021413F0080F07D025F0C00C9C
:101C1C0024F0C0044CEA811544EA821413F0100F2E
:101C2C0007D025F4407C24F440744CEA012544EAA6
:101C3C00022413F0200F07D025F4406C24F44064E8
:101C4C004CEA812544EA822413F0400F07D025F496
:101C5C00405C24F440544CEA013544EA023413F05D
:101C6C00800F07D025F4404C24F440444CEA8135D5
:101C7C0044EA823413F4807F07D025F4403C24F4EA
:101C8C0040344CEA014544EA024413F4007F07D087
:101C9C0025F4402C24F440244CEA814544EA824447
:101CAC0013F4806F07D025F4401C24F440144CEA44
:101CBC00015544EA025413F4006F07D025F4400C8C
:101CCC0024F440044CEA815544EA825413F4805FB6
:101CDC0007D025F0407C24F040744CEA016544EABE
:101CEC00026413F4005F07D025F0406C24F04064CC
:101CFC004CEA816544EA826413F4804F07D025F0E6
:101D0C00405C24F040544CEA017544EA02741B0414
:101D1C0044BF61F39F7562F39F740560C46030BC6F
:101D2C00704700BF012941680CBF194399434160BA
:101D3C00816813F0010F1CBF21F00301114313F054
:101D4C00020F1CBF21F00C0141EA820113F0040FB9
:101D5C001CBF21F0300141EA021113F0080F1CBF27
:101D6C0021F0C00141EA821113F0100F1CBF21F4C5
:101D7C00407141EA022113F0200F1CBF21F4406195
:101D8C0041EA822113F0400F1CBF21F4405141EA7B
:101D9C00023113F0800F1CBF21F4404141EA823123
:101DAC0013F4807F1CBF21F4403141EA024113F44B
:101DBC00007F1CBF21F4402141EA824113F4806F63
:101DCC001CBF21F4401141EA025113F4006F1CBFF7
:101DDC0021F4400141EA825113F4805F1CBF21F0D1
:101DEC00407141EA026113F4005F1CBF21F04061B5
:101DFC0041EA826113F4804F1CBF21F0405141EA4B
:101E0C0002711B0448BF62F39F718160704700BF71
:101E1C0010B4046A436A12F0010F1CBF24F00F04C3
:101E2C000C4312F0020F1CBF24F0F00444EA01141E
:101E3C0012F0040F1CBF24F4706444EA012412F065
:101E4C00080F1CBF24F4704444EA013412F0100F44
:101E5C001CBF24F4702444EA014412F0200F1CBF70
:101E6C0024F4700444EA015412F0400F1CBF24F017
:101E7C00706444EA016412F0800F18BF61F31F74A0
:101E8C0012F4807F1CBF23F00F030B4312F4007F6E
:101E9C001CBF23F0F00343EA011312F4806F1CBF44
:101EAC0023F4706343EA012312F4006F1CBF23F484
:101EBC00704343EA013312F4805F1CBF23F4702398
:101ECC0043EA014312F4005F1CBF23F4700343EA9E
:101EDC00015312F4804F1CBF23F0706343EA01637B
:101EEC00120448BF61F31F7304625DF8044B436234
:101EFC00704700BF830903F1804303F50E3300F0F4
:101F0C001F001968012282400A431A60704700BF03
:101F1C00830903F1804303F50E3300F01F001968A9
:101F2C00012282400A431A60704700BF830903F103
:101F3C00804303F50E3300F01F001A680121814025
:101F4C0022EA01021A60704710B5364C844694E8B8
:101F5C000F0088B00DF1200E10340EE90F0094E83C
:101F6C0003006B4683E8030002AB83E803002E4AB0
:101F7C00D2F80838C3F38103012B4ED0022B43D186
:101F8C00D2F80408D2F80418D2F80438D2F804288D
:101F9C00264CC3F3014312F4800F03F10103C1F388
:101FAC0088124FEA430300F03F01214818BF204636
:101FBC00B0FBF1F002FB00F0B0FBF3F01A4BD3F8DE
:101FCC000818D3F80828D3F80838C1F303112031C6
:101FDC006944C2F38222C3F342332032203311F816
:101FEC00101C6A446B4412F8202C13F8183C20FA8D
:101FFC0001F1BCF1030F12D8DFE80CF0040C02085D
:10200C0021FA02F008B010BD0948D7E721FA03F015
:10201C0008B010BD084608B010BD0448CEE700203B
:10202C00F0E700BF386C00080030024040787D01BA
:10203C000024F400044AD2F8043823F400030343C8
:10204C00C2F80438704700BF00300140002103E0A3
:10205C000A4B5B584350043109480A4B42189A42C8
:10206C00F6D3094A02E0002313600432074B9A426C
:10207C00F9D300F00FF8FEF7ABFF7047746D000852
:10208C00000000200C00002010000020A0210120E6
:10209C00FEE700005B495C4AD1F8883010B443F489
:1020AC007003C1F88830D2F8003843F0010383B0D4
:1020BC00C2F80038D2F800389907FBD5D2F80838A6
:1020CC00002143F08003C2F808380191019B4F2B8B
:1020DC0005D8019B01330193019B4F2BF9D94A4A37
:1020EC00D2F80838002143F09003C2F80838019167
:1020FC00019B4F2B05D8019B01330193019B4F2B67
:10210C00F9D94149414CD1F8083823F00303C1F8FF
:10211C000838D1F8002822F0847222F48032C1F8F9
:10212C000028D1F80028002022F48022C1F80028D1
:10213C00C1F80808D1F80828C1F80448C1F80C08FF
:10214C00D1F8002842F480324FF6FF73C1F8002812
:10215C0001E0013B03D0D1F800289203F9D52A4BBA
:10216C00D3F8002894034CD5D3F8402828492948A3
:10217C0042F08052C3F840280A6842F440420A6098
:10218C00D3F80828C3F80828D3F8082842F40042EA
:10219C00C3F80828D3F8082842F4A052C3F808283A
:1021AC00C3F80408D3F8002842F08072C3F8002862
:1021BC00D3F800289001FBD5154A136843F48033FB
:1021CC0013605368D903FCD51368114943F40033E9
:1021DC0013604B689A03FCD50B4AD2F8083823F0ED
:1021EC000303C2F80838D2F8083843F00203C2F8E7
:1021FC000838D2F808381B07FBD503B05DF8044B40
:10220C007047FEE700ED00E0003002401030002483
:10221C00007000401964400940BA80B2704700BF9A
:10222C0000BA704730B510F001044FF0000C06D026
:10223C00614529DD10F8013B013963F31F2C01299D
:10224C002ADD02394D0805F1010E00EB4E0E00237C
:10225C0030F8022B70451344FAD1C5EBC57501EB70
:10226C004501012905BF9EF8002062F3070C0CEB19
:10227C00030013FA8CF083B203EB104398B200EB1B
:10228C00134014B980B230BD604603029BB2C0F358
:10229C000720184380B230BD86460023E1E700BF1B
:1022AC002DE9F843089C1B6824689046220C12FA0E
:1022BC0084F414FA83F404EB1344A3B203EB144335
:1022CC009CB2894604EB1344E0B1054600276E89A5
:1022DC0068683146FFF7A6FF204484B2F30704EB8D
:1022EC00104406D523029BB2C4F3072487F00107E0
:1022FC001C432D68002DEAD127B123029BB2C4F3F5
:10230C0007241C434846FFF787FF05464046FFF766
:10231C0083FF2844204483B203EB104398B200EBB4
:10232C001340C04380B2BDE8F88300BFFFF7B8BFCD
:10233C0030B510F001044FF0000505D039B310F89A
:10234C00013B013963F31F25012928DD02394FEACE
:10235C00510E0EF1010C00EB4C0C002330F8022B4B
:10236C0060451344FAD1CEEBCE7E01EB4E01012930
:10237C0005BF9CF8002062F30705ED1813FA85F5EC
:10238C00ABB203EB154399B201EB134124B10B0231
:10239C009BB2C1F307211943C94388B230BD8446AF
:1023AC000023E4E720B3F8B5002705463C466E89C8
:1023BC0068683146FFF736FF0444A3B203EB1444BC
:1023CC00F30706D523029BB2C4F3072487F0010759
:1023DC001C432D68002DEAD13FB1200280B2C4F31A
:1023EC0007242043C04380B2F8BDE443A0B2F8BD3B
:1023FC004FF6FF70704700BF0B4B0C490C4830B4C4
:10240C0023F0030303F520420A4C03604FF42045EC
:10241C000A60002001211D601871236011714FF0BA
:10242C00A02330BC13607047433F0020383F00208E
:10243C00343F00203C3F0020002866D0830764D145
:10244C00324A1168A0F1080399425ED82DE9F04395
:10245C002F4C246800F10C02944254D310F8042C35
:10246C00002A50D030F8082C30F806CCB2F5204FAA
:10247C0049D8BCF5204F46D85D1AADB2654501EB85
:10248C000C0903D031F80C60AE423CD101EB020ECA
:10249C00744503D0BEF80260AE4234D11D4F002605
:1024AC0000F8046C3E689E4284BF3B601E46734538
:1024BC0017D09EF80480B8F1000F12D1744510D0DB
:1024CC00BEF8002020F8082CB64504BF3B601E4621
:1024DC00B2F5204F05D08C18658030F806CC01EB96
:1024EC000C0999450FD099F8040060B9B34208BFA4
:1024FC00C7F80090B2F5204F18BF8918A9F8002032
:10250C0018BFA1F802C0BDE8F08370473C3F002023
:10251C00383F0020343F0020CB1C23F003039BB238
:10252C000B2B3BD9B3F5204F3BD8994239D82E4AC7
:10253C001268824237D82D490968814233D970B567
:10254C00A0F1080130F808EC891A89B2AEF1080C38
:10255C00ACEB010C1FFA8CFC9C4542D31DD002EB5A
:10256C000E04257905BB224D32F80EE02E6801F1E0
:10257C00080C63449BB2A64202EB030408BF2C6018
:10258C0061800021A4F800E0217120F8083C21882A
:10259C00B1F5204F01D011444B8070BD0C239942F2
:1025AC00C5D900207047704703F11404A4B2A445A8
:1025BC00F3D30F4D01F1080423449BB22E68D418B9
:1025CC00A64288BF2C600025257122F803E06180AB
:1025DC0020F8083CD15AB1F5204FDED00A44538084
:1025EC0070BD002070BD00BF3C3F0020383F002074
:1025FC00343F0020002855D02DE9F04100F1030EA6
:10260C002EF0030E1FFA8EFEBEF10B0F29D9BEF56C
:10261C00204F23D8704521D8294B2A4E196835688C
:10262C00A5EB010C1FFA8CF3CEF52047BB429C4660
:10263C0014D26FF0070806E0CB5A1A44724513D235
:10264C009F429C460AD9C818A8EB03020479002CB7
:10265C00F2D031F803C063469F42F4D80020BDE8A5
:10266C00F0814FF00C0ED5E70EF11407BA4206D2EA
:10267C0001230371854216D00830BDE8F0810EF1BC
:10268C000802624492B28F183C718B520123A7F856
:10269C0002C0028003718B5AB3F5204FEAD00B4471
:1026AC005A80E7E77047084A0346146803E01B8822
:1026BC000B441A790AB19C42F9D13360DCE700BFB4
:1026CC003C3F0020343F0020383F0020F0B5124D35
:1026DC00124B134E05F11C0E0A240027033355F838
:1026EC00042B376023F003036CB10021B2F804C053
:1026FC000A4600E003460132A242196003EB0C00CB
:10270C001946F7D13360AE4504D02A68D2E90236B7
:10271C00D488E3E7F0BD00BF6C6C0008C81E012034
:10272C00C41E0120062808D8054B53F82030DB685E
:10273C00186818B102681A6070470020704700BF13
:10274C006C6C0008062807D831B1044B53F82030C4
:10275C00DB681A680A601960704700BF6C6C00086F
:10276C006FF00B00704700BF30B50D4641682B6809
:10277C008B4283B001D103B030BD044611601046CA
:10278C0001A9019300F0C0FE94F839302A68626008
:10279C0003F00501052906D0E369002BEBD0204698
:1027AC00984703B030BD002AF6D01A0705D49B0613
:1027BC00F2D5204603F0E6F8EEE7211D204602F0A4
:1027CC00EBFE94F83930F2E72DE9F04383B0DDF8F5
:1027DC002C9000286BD0B9F1000F68D01F460A9BD3
:1027EC0003620C9B3B4C03613B4B0E46904600290D
:1027FC0008BF1E46002A08BF9846002F08BF1F4678
:10280C00227880F83C20002343608360C36080F80A
:10281C003930436283623268304903860546C361AE
:10282C0003644161002A4CD018461946D8F80020A0
:10283C00904218BFAA603A68934218BFEA60002918
:10284C0039D02846C847034688BB254E95F83C101E
:10285C003068FF2904BF85F83C30194670B1034637
:10286C0001E01B6853B193F83C208A42F9D1013145
:10287C00C9B2FF2913D085F83C10F0E7FE2918BF28
:10288C004B1C95F83920286014BFDBB20023237051
:10289C009306356007D4284603B0BDE8F0830021C9
:1028AC0085F83C10DBE7284603F030F8F3E700200E
:1028BC0003B0BDE8F08301AA31462846FFF754FF68
:1028CC00BFE7314601AAFFF74FFFD5E9020301210B
:1028DC00ACE700BF5B200120506D00086D2700089D
:1028EC0060200120F0B5254D002914BF0E462E4660
:1028FC00002A14BF17462F46002B18BF1D463368FD
:10290C0083B004466BB100223B68A1688B4218BFB0
:10291C00A3602B68E1688B4218BFE3603AB103B047
:10292C00F0BD6A463146FFF71FFF0122ECE76368F2
:10293C0032689A42F3D001A96846CDE9003200F022
:10294C00E3FD94F839303268626003F00501052923
:10295C0007D132B11A070AD49B0602D5204603F0E0
:10296C0011F8E369002BDAD020469847D7E7211DF0
:10297C00204602F011FE94F83930EDE7506D000856
:10298C00014B1860704700BF5C200120C8B110B526
:10299C0090F83930D907044612D4C26943F00103C8
:1029AC0080F8393012B1904794F8393003F00502B1
:1029BC00052A05D162681AB11A0708D49B0601D4FE
:1029CC0010BD70472046BDE8104002F0DBBF211D52
:1029DC00204602F0E1FD94F83930EFE700B1C16117
:1029EC00704700BF024658B1064B186810B907E093
:1029FC00006830B190F83C300133DBB29342F7D130
:102A0C00704770476020012038B558B3002405E0AA
:102A1C00036998470134E4B2C5B12846837B013B76
:102A2C00DBB2837393B9427B0568037B9207EFD4C7
:102A3C0003F00F03022B0BD0012B0ED0002BE9D18E
:102A4C000134FFF7F9FCE4B2002DE6D1204638BD85
:102A5C0001460620FFF776FEDCE701460520FFF76E
:102A6C0071FED7E70446F1E72DE9F843002661F340
:102A7C000F06B2F5C17F884661F31F4641D014465C
:102A8C0009D822F04003012B9DB22AD04FF0000947
:102A9C004846BDE8F883B2F5207FF7D1C31C01F19D
:102AAC00030828F0030823F0030343449BB20546B4
:102ABC00434503F1100080B2E8D38045E6D8FFF718
:102ACC0099FD81460028E3D02B4A4319C0E90262E4
:102ADC001333002123F00303C0E900134846BDE87B
:102AEC00F8830520FFF71EFE81460028D0D0002376
:102AFC0004734373C581C0E9003386604846BDE862
:102B0C00F88300261D4D0746B14640F2DC5407E021
:102B1C001FFA81F83060B8F1000FB9D006460027D3
:102B2C000620FFF7FFFDFB1C23F00303E31A9BB207
:102B3C004345074428BF43461337A8EB0301002243
:102B4C0027F0030788B1C0E90027A0F8088043816B
:102B5C00C560B9F1000FDBD1A8EB03031FFA83F8B2
:102B6C008146B8F1000FD9D192E7B9F1000F8DD0A1
:102B7C004846FFF749FF89E7800001008200010009
:102B8C0070B50025064661F30F050520144661F368
:102B9C001F45FFF7C7FD38B10023C0E900360122FD
:102BAC00856004734373C28170BD00BF10B50330E0
:102BBC0020F0030C1846002361F30F03BDF80CE062
:102BCC00029C61F31F43614471450BD804B164440A
:102BDC000021C0E90143016001230221027341730A
:102BEC00C38110BD002010BD38B504460089884251
:102BFC0028D96289914211D9218124688B1A628962
:102C0C00081A99B28A4280B208D2238903442381DC
:102C1C002468891A628989B28A42F6D3237B0025FB
:102C2C0061F30F05180761F31F4504D1914202D0DF
:102C3C00637B9B0707D52068A56008B1FFF7E4FE0E
:102C4C000023236038BD63681B1B1944204689B2DE
:102C5C00FFF762FC0446EEE770B1B1F5803F0BD292
:102C6C0061B103898AB213449BB29A4204D890F999
:102C7C000CC0BCF1000F03DB012070470020704733
:102C8C0010B4446800F1100C611A614509D3B0F816
:102C9C000AC0416062444281038100205DF8044B0C
:102CAC0070470120FAE700BFA0B1B1F5803F11D207
:102CBC0091B143898AB29A420CD810B444680C443E
:102CCC00018944609B1A8A1A438102815DF8044B86
:102CDC0000207047012070470020704700291ADB44
:102CEC0000B359B303898AB213449BB29A4219D8E0
:102CFC0010B490F90CC04468BCF1000FA4EB0101B6
:102D0C001EDBB0F80AC0416062444281038100209E
:102D1C005DF8044B704728B1438949421FFA81FC86
:102D2C009C4501D9012070474268114402894160D9
:102D3C00A3EB0C03A2EB0C02438102810020704731
:102D4C0000F1100C6145DCD20120E1E708B1FFF77E
:102D5C005BBE7047034630B100201B68013080B267
:102D6C00002BFAD17047704710B1837B013383730A
:102D7C00704700BF80B179B1036843B10289B1F8E3
:102D8C0008C06244028118461B68002BF6D10A89E0
:102D9C000389016013440381704700BFA0B191B156
:102DAC00036843B10289B1F808C062440281184635
:102DBC001B68002BF6D10A89038901601344038137
:102DCC008B7B01338B7370470029F9D1704700BF9F
:102DDC0000287AD02DE9F0410D4600296DD00289EA
:102DEC000B899A42804668D30026438937466C8902
:102DFC00D8F804006968DB1BA41B9C4228BF1C4646
:102E0C0031443844224603F099FD6B892644B34281
:102E1C00274414D9B8F80A2097423CD02A899A4200
:102E2C0019D0B8F80A30B8F808209A42DFD1D8F88F
:102E3C000020002ADBD06FF00500BDE8F081B8F867
:102E4C000A302D68BB4215D06DB169892A8991422F
:102E5C004FF00006E7D12B68002BE2D06FF0050095
:102E6C00EBE7B8F80A30B8F808209A421AD00020DC
:102E7C00BDE8F081D8F80080B8F1000F1BD0002D10
:102E8C00EFD06A892B899A424FF0000618D0B8F817
:102E9C000A303746C7E7D8F80080B8F1000F0CD0DD
:102EAC000027BBE7D8F80030002B0CBF00206FF0D8
:102EBC000500BDE8F081002DD9D06FF00F00D7E7E9
:102ECC002B683746002BACD0C8E76FF00F0070476B
:102EDC002DE9F041054660B30F4671B3164682B337
:102EEC004FF00008B5F80AC007EB080053B1634572
:102EFC00A3EB0C0206D32D6893B2002DF2D1404601
:102F0C00BDE8F081ACEB0304A4B2B44228BF344654
:102F1C006968361B224619444444B6B203F00EFDD0
:102F2C001FFA84F82D68002EE9D00023002DD9D18A
:102F3C00E5E780464046BDE8F08188464046BDE85E
:102F4C00F0819046DBE700BF38B515460A46298963
:102F5C00FFF78AFD044610B12946FFF739FF2046DA
:102F6C0038BD00BF18B90AE0006899B230B1438986
:102F7C008B42A1EB0303F7D94368585C7047704749
:102F8C002DE9F04F4389072B87B0044640F2998016
:102F9C00DFF8AC91D0F804A0D9F814008846D9F821
:102FAC00001003F0C5F80546BAF80000FFF734F935
:102FBC000746BAF80200FFF72FF95E4BD3F800B0C2
:102FCC000246BBF1000F00F0B180D9E9043C0026A9
:102FDC000393CDF814B05B46D9F804E00494304662
:102FEC00D34604E0D9681846002970D00B46598A9C
:102FFC009142F7D193F808A0BAF1000F05D09EF8D2
:10300C003C100131C9B28A45ECD11968002D44D06D
:10301C0049B1BCF1FF3F64D0D8F8084081EA0C0AF2
:10302C001AEA040FDED193F810A01AF0040F04D1A1
:10303C00002E69D0BCF1FF3F59D0998AB942D1D149
:10304C00596811B1039CA142CCD1DA46DDE9044B9D
:10305C0028B1384A1360DA68C260C3F80CB01E4657
:10306C00BAF8063043B1344B00932289043B11214A
:10307C002046FFF75BF920BB08212046FFF714FE22
:10308C00F8B9BEB1356AE5B1706A2C4B009722468F
:10309C003146A84707B0BDE8F08F09B16145A1D111
:1030AC00197C4907C9D4998A002E08BF1E46B9421B
:1030BC0098D1C5E72DB9D9F8143003F0F003E02B03
:1030CC0028D1204607B0BDE8F04FFFF73FBE049C67
:1030DC00DA46002EC4D1D8F804309C45F1D1002634
:1030EC00BEE793F810A01AF0040FA6D166B1D8F879
:1030FC0004A034685445A0D08A4508BF1E46998A5E
:10310C00B9427FF46FAF9BE7998AB9421E467FF4B0
:10311C0069AF95E7B9F80C100831204609B2FFF7F2
:10312C00DDFD0321204602F01DFBCAE7D9F814C0CF
:10313C00D1E700BF64200120303F00202C3F00204D
:10314C001C3F0020394BF0B5002914BF0C461C461F
:10315C00002865D0364E3768F7B1B84218BF3946EB
:10316C0002D143E0884241D0C9680029FAD1AAB102
:10317C0025683B4615B929E0DB68FBB18342FBD0DF
:10318C00B3F812C09445F7D11C68A54201D0002CAD
:10319C00F2D16FF00700F0BD0ABB3946DFF894E0BE
:1031AC00BEF800204FF6FF739A424FF4804532D0A0
:1031BC00013292B22FBB2568AEF800200560428226
:1031CC0081B10020F0BDDB68002BF7D09842FAD01B
:1031DC005C8A9442DDD0DB68002BF7D1EEE72368E4
:1031EC0003604282C76030600020EBE70121BEE73C
:1031FC00013DADB2BDB14FF6FF739A42D8D14FF439
:10320C0040423B4602E0DB68002BD4D0B3F812C03E
:10321C009445F8D1ECE74FF44042002FF1D1CAE7C6
:10322C006FF00F00F0BDAEF80020B2E7506D000853
:10323C0064200120040000202DE9F04F85B0DDE969
:10324C000EBA002800F087800D46002900F083801C
:10325C001746002A7FD0BAF1000F7CD0BBF1000FCB
:10326C0079D0428A99460446002A5BD02A894FF6C7
:10327C00F7739A4272D808212846FFF7EDFC002814
:10328C0041D12E46608AD6F80480FEF7C5FFA8F817
:10329C0000004846FEF7C0FF0023A8F8020088F89B
:1032AC00063088F80730237C1A0708D53B6803F0F2
:1032BC00F003E02B03D1737B43F004037373308969
:1032CC00FEF7AAFFA8F80400237CDB0734D53B6883
:1032DC0003F0F003E02B0CBF637FE37ACDF808B06A
:1032EC00A27A0092112001903A465146304602F0E3
:1032FC00A3FEAE42804602D03046FFF727FD404683
:10330C0005B0BDE8F08F4FF4207208212220FFF7A2
:10331C00ABFB064610B32B89002BB3D02946FFF725
:10332C003DFDAFE70146FFF70DFF804600289DD01D
:10333C00404605B0BDE8F08F328900975346112105
:10334C003046FEF7F3FF4FF6FF73002818BF034615
:10335C00A8F80630BBE76FF00F08D0E74FF0FF3846
:10336C00CDE700BF70B582B0069CA8B1A1B19AB1EF
:10337C0094B1056835B9251DCDE90045FFF75CFF13
:10338C0002B070BD05F0F00CBCF1E00FF3D0666834
:10339C00B54204D10546EFE76FF00F00F0E76FF090
:1033AC000300EDE7002843D0F0B50D4683B00029AB
:1033BC003BD00446007AA68A271D58BB636803F0ED
:1033CC00F003E02B0CD1207F38BBA36943B11A4A20
:1033DC001268934204D004F1180002F091FB18B962
:1033EC00384602F08DFBE8B1216851B9031DCDE9D7
:1033FC0000033A46334629462046FFF71DFF03B02B
:10340C00F0BD01F0F003E02BF0D04368994209D1F4
:10341C002346ECE7FFF7E6FAE5E7FFF7E3FA0028C7
:10342C00E2D1DDE76FF00300E9E76FF00F00E6E7AC
:10343C006FF00F00704700BF4C6D000818B370B5EB
:10344C000D4619B31646428A0446B2B111492A6890
:10345C00237C62600A68A68243F00403237442B1A1
:10346C00944208D0134601E09C4204D0DB68002B48
:10347C00FAD1E2600C60002070BD0146FFF762FEDD
:10348C000028E3D070BD6FF00F0070476FF00F0095
:10349C0070BD00BF6420012038B1037C002223F0F2
:1034AC0004034260828202720374704708B1C0E95F
:1034BC0008127047014698B10A4A136883420AD031
:1034CC0033B11A46DB681BB18B42FAD1CB68D3609F
:1034DC000020FFF737B9C36813600020FFF732B93B
:1034EC00704700BF6420012010B50020FFF71AF9C7
:1034FC00044630B12822002103F018FAFF23E372AE
:10350C006377204610BD00BF88B102687AB171B1F3
:10351C000B6863B10A4B1B684BB110B41C68944226
:10352C0006D0DB68002BF9D15DF8044B704770476F
:10353C000A681A60DB68002BF6D00268EEE700BF61
:10354C00642001202DE9F84300286CD00E46002998
:10355C0069D0174605464FF420724FF49A71362005
:10356C009946FFF781FA804600285CD0032F3FD0A4
:10357C00B379C3B32E4B1B68D8F8044033604FF4B7
:10358C009A720021204603F0D1F940F201132380F6
:10359C0095F83830A3703068FEF742FE4FF4C873CC
:1035AC00FB40DB0760603BD4032F35D0D5F83230BD
:1035BC00E361EB8E2384632384F8EC3084F8EF30E2
:1035CC0040F23513A4F8F0306FF07D0384F8ED3041
:1035DC0084F8F2700322532384F8EE304046A9F8A5
:1035EC000020BDE8F883124A136801331360C3E767
:1035FC007379032BBCD044684FF49A720021204697
:10360C0003F094F940F20113238095F83830A3703D
:10361C003068FEF705FE60607379043B012BC5D85A
:10362C006B68E360C2E74FF000084046BDE8F883E2
:10363C0008000020002800F08180416A00297DD01C
:10364C0010B58B6A00225C1C82B04A8206D01E33F5
:10365C00B3F5701F5BD34FF6FF738B82CB6A5A1C8A
:10366C001BD01E33B3F5701F42D30B6B4FF6FF729A
:10367C005C1C4A81CA815DD01E33B3F5701F65D3C3
:10368C008A810A8200234B81CB79C3B991F91C3012
:10369C000A7F002B53DBFF2312E00A6B4B89541C6F
:1036AC002FD01E32B2F5701F3DD23B2A5BD80122BF
:1036BC008A810A82002BE5D1CB79002BE6D00B6AEC
:1036CC004A6ACDE9003222B9CA69134043F08073CB
:1036DC0001934B790A2B04D00A220023A1F8052070
:1036EC000B8101AB6A461C31FFF7FCF802B010BD30
:1036FC003B2B31D8012213464A810A6BCB81541CD7
:10370C00CFD18A899A42D7D8002AD5D0BAE73B2B99
:10371C0083BF1E4AA2FB03235B0901238B82CB6A66
:10372C005A1C9ED1B9E74FF6FF7293428A810A82E6
:10373C00C2D1A7E78A89002ABED0A3E77047BF2A67
:10374C004FF6FF7388BF6FF07F43B9E73B2B14D85C
:10375C0001238B810B8295E70C4AA2FB0323C3F355
:10376C004F131A46C8E7094CA4FB0242C2F34F128E
:10377C009A428A810A829FD884E7044AA2FB0323D7
:10378C00C3F34F138B810B827CE700BF8988888839
:10379C0038B51D4DEA78002304460362436212B12A
:1037AC001A4BDB6883622B79002B29D0174B1B69D2
:1037BC006A79E36252B1154B5B692363AB790A6991
:1037CC00E2616BB9E371EB79A3B938BDA36AC3EBC2
:1037DC00C303DB082363AB790A69E261002BF1D0E8
:1037EC000A4B9869FEF71CFD0123E371EB7920620B
:1037FC00002BEAD0054BD869FEF712FD606238BD8C
:10380C00A36A5B08D4E700BF702001207820012058
:10381C002DE9F04F446A62790023062A89B00646E6
:10382C00E36103D00622A4F8052023810DF11E03C9
:10383C00012221463046FFF785FE0546002860D060
:10384C004368BDF81E20F033511C89B239209854BE
:10385C000220585402EB0008D01D80B2B6F830A0FC
:10386C000390D71C02F10800BFB280B21FFA88F88F
:10387C00111D89B2049002F1050E02F1090002F14A
:10388C00060C4FEA1A2B03F808B01FFA80F903F85C
:10389C0007A01FFA8EFE37271FFA8CFC5F54CDF859
:1038AC00149001214FF0030903F80E9003F80C104B
:1038BC000399049F03F8019002F10A001C21D955C9
:1038CC0080B2059FFF214328D95507D8C2F13A028F
:1038DC00184492B2002103F029F8442000F1F001C1
:1038EC0089B22846FFF780F9144A154B10680193EA
:1038FC00144A009643232946FFF79EFC2846FFF7FF
:10390C0025FAA379FF2B13D00133DAB2052AA27161
:10391C000ED84FF47A73934003F2F3130A4A9BB216
:10392C00A2FB03235B090020238109B0BDE8F08FC3
:10393C0078230020238109B0BDE8F08F6C20012092
:10394C00506D00084C6D0008D34D62102DE9F04FFE
:10395C00466A7379032B89B0804604D00322002376
:10396C00A6F8052033810DF11E0303223146404693
:10397C00FFF7E8FD0746002800F09480BDF81E50C4
:10398C00446805F1010CA81CF0341FFA8CFC80B2C1
:10399C00E91C4FF0020E89B24FF039092A1D04F8C8
:1039AC00059092B204F80CE06B1D04F800E0402086
:1039BC0060549BB23221A1540422E254F069FEF708
:1039CC002FFC05F106091FFA89F905F1070E05F11F
:1039DC000B031FFA8EFE9BB205F1080C05F10901D1
:1039EC004FEA106B04F809B089B203934FEA1049FF
:1039FC001FFA8CFC05F10A0205F10C0304F80E9079
:103A0C0092B29BB24FEA102E04F80CE0049360546F
:103A1C0005F10D033721A1541FFA83FA039ACDF84F
:103A2C0014A004994FF0030A04F802A00122625476
:103A3C0005F10E03059A9BB204F802A01C22E25475
:103A4C0005F10F0AD8F82C901FFA8AFAADF81EA0CF
:103A5C00B9F1000F04D04846FCF7A2FB00283ED178
:103A6C000AF1010080B2FF23432804F80A3007D87A
:103A7C00CAF14302204492B2002102F057FF4420C5
:103A8C0000F1F00189B23846FFF7AEF8274B284A0F
:103A9C001868CDF8008043233946FFF763FC38469D
:103AAC00FFF754F9B379FF2B14D00133DBB2092B98
:103ABC00B3710FD8C3EB431203EB8203DB001D4A37
:103ACC0003F2F3139BB2A2FB03235B09338109B00E
:103ADC00BDE8F08F1423338109B0BDE8F08FCAF133
:103AEC00410C05F110039BB260454FF00C0204F839
:103AFC000A2028BF604605F1110AE0541FFA8AFA21
:103B0C00411E0028ACD009EB000CAAEB090A484670
:103B1C0000EB0A0310F8012B9BB26045E254F7D17D
:103B2C0012350D441FFA85FA9AE700BF6C2001206C
:103B3C004C6D0008D34D6210002800F014812DE963
:103B4C00F04F466A89B00746002E00F00781737962
:103B5C00012B04D001220023A6F8052033810DF19E
:103B6C001E03032231463846FFF7ECFC8046002842
:103B7C0000F0E180BDF81E5044686B1CF0349BB221
:103B8C00392262550222E254A818B7F830C0E91C59
:103B9C0080B289B22A1D6B1D4FEA1C2E92B29BB2C9
:103BAC0004F800E04FF0040904F801C03221A154DC
:103BBC0004F80390F069FEF733FB05F1060A1FFACF
:103BCC008AFA05F1070E4FEA106B1FFA8EFE05F10B
:103BDC00080C05F1090104F80AB01FFA8CFC4FEA35
:103BEC00104A89B205F10A0205F10B0304F80EA084
:103BFC0092B24FEA102E9BB204F80CE060543621BE
:103C0C00A15404F80390B069FEF70AFB05F10C0906
:103C1C001FFA89F905F10D0E05F111031FFA8EFE3D
:103C2C009BB205F10E0C05F10F014FEA106B04F875
:103C3C0009B089B203934FEA10491FFA8CFC05F1C5
:103C4C00100205F1120304F80E9092B29BB24FEAE7
:103C5C00102E04F80CE00493605405F11303372183
:103C6C00A1541FFA83FA039ACDF814A004994FF0CB
:103C7C00030A04F802A00122625405F11403059A08
:103C8C009BB204F802A01C22E25405F1150AD7F8E5
:103C9C002C901FFA8AFAADF81EA0B9F1000F27D0AC
:103CAC004846FCF77DFA18B3CAF1410C05F116032E
:103CBC009BB260454FF00C0204F80A2028BF604606
:103CCC0005F1170AE0541FFA8AFA411E80B109EB7C
:103CDC00000CAAEB090A484600EB0A0310F8012B6A
:103CEC009BB28445E254F7D118350D441FFA85FA7E
:103CFC000AF1010080B2FF23432804F80A3007D8E8
:103D0C00CAF14302204492B2002102F00FFE44207B
:103D1C0000F1F00189B24046FEF766FF124A134BE0
:103D2C0010680193124A009743234146FFF784FA27
:103D3C004046FFF70BF8B379FF2B12D00133DAB200
:103D4C00052AB2710DD84FF47A73934003F2F31332
:103D5C00084A9BB2A2FB03235B09338109B0BDE87F
:103D6C00F08F7823F9E770476C200120506D000824
:103D7C004C6D0008D34D6210994B2DE9F04F5D68E6
:103D8C0053686E6A89B01446002E00F09F80327919
:103D9C00002A00F09B8062892B2A40F297801A78C7
:103DAC00022A40F0938095F838205AB395F83200E7
:103DBC00197F884240F08A80012A23D0587F95F8D9
:103DCC003310884240F08280022A1BD0987F95F8ED
:103DDC00341088427AD1032A14D0D87F95F8351044
:103DEC00884273D1042A0DD093F8200095F8361030
:103DFC0088426BD1052A05D095F8371093F821200D
:103E0C00914263D15868FEF70BFA336898425DD142
:103E1C00DFF8D4B10022CBE9002263892B2B55D9D2
:103E2C00B4F808A0CDE9035690462746F022CDF809
:103E3C00088054463D4605E02D688AB29CB2002DA0
:103E4C0043D06B899A42A2EB0301A4EB0303F3D298
:103E5C009442D5F8048040F20381164605920197EE
:103E6C0018F80620FF2A00F0FA80B31C9BB2B3426C
:103E7C00C0F091816889711C814280F2E78008EB67
:103E8C00060C9CF801903B2A26D8DFE802F03E99FC
:103E9C002587252525252525252525252525252564
:103EAC0025252525252525252525252525252525B6
:103EBC0025252525252525252525252525252525A6
:103ECC002578BDAFD02525256A403C46204609B053
:103EDC00BDE8F04FFEF73ABF4E444FF6FD729642E6
:103EEC0000F359814B449EB28642C0F0B580361A1D
:103EFC00201AB6B284B2A64280F04D812D68002DF6
:103F0C0000F04981D5F80480AAE78EB2ECE7B9F14C
:103F1C00040F40F040814FF6F972964200F23B815B
:103F2C000636B6B24F464FF0050A1BF80A100022AF
:103F3C0007920029D8D13A4607A92846FEF7C8FFB0
:103F4C00B84240F02881B9F1040F00F02B819DF8A4
:103F5C001C00244A012342F82A000BF80A30688915
:103F6C00C2E7B9F1040F40F016814FF6F972964290
:103F7C0000F211810636B6B24F46CA46D5E7B9F102
:103F8C00040F40F008814FF6F972964200F203815B
:103F9C000636B6B24F464FF0030AC6E7B9F1030F27
:103FAC0040F2F9804E444FF6FD72964200F3F380D6
:103FBC0009EB03060427B6B24FF0070AB946B4E77B
:103FCC00B9F1040F40F0E7804FF6F972964200F217
:103FDC00E2800636B6B24F464FF0060AA5E700BFA0
:103FEC001C3F00207820012070200120B9F1010F26
:103FFC0040F0D1804FF6FE72914200F0CC80033637
:10400C00B6B24F46CA4690E7B9F1010F40F0C380F3
:10401C00059AF02A40F0BF804FF6FE72914200F0F4
:10402C00BA800336B6B24F464FF0000A7DE7B9F1BD
:10403C00040F40F0B0804FF6F972964200F2AB805C
:10404C000636B6B24F464FF0020A6EE72F680FB332
:10405C007F6897F8009016E7A642FFF401AF019F26
:10406C009BF8003063B18A4B1B680022012B8BF844
:10407C00002000F09480022B06D0032B00F08D80E2
:10408C00029B002B00F09280002302936C242C22C4
:10409C007B89CFE63B2A7BD801A656F822F000BFDD
:1040AC00173F0008A34100089D410008A3410008E8
:1040BC009D4100089D4100089D4100089D4100085C
:1040CC009D4100089D4100089D4100089D4100084C
:1040DC009D4100089D4100089D4100089D4100083C
:1040EC009D4100089D4100089D4100089D4100082C
:1040FC009D4100089D4100089D4100089D4100081C
:10410C009D4100089D4100089D4100089D4100080B
:10411C009D4100089D4100089D4100089D410008FB
:10412C009D4100089D4100089D4100089D410008EB
:10413C009D4100089D4100089D4100089D410008DB
:10414C009D4100089D4100089D4100089D410008CB
:10415C009D4100089D4100089D4100089D410008BB
:10416C009D4100089D4100089D410008A3410008A5
:10417C00A3410008A3410008A34100089D41000889
:10418C009D4100089D410008A3410008A34100087F
:10419C004FF00009A6E6019C98E601230293EC245B
:1041AC006C2275E70798FEF73BF8D2E69BF80130D6
:1041BC00DDF80880DDE903563C46002B3FF486AE63
:1041CC00334A7F681379052B1AD0062B27D0022B84
:1041DC007FF47CAE7379062B7FF478AE9BF80230BB
:1041EC006E6A002B3FF472AE9068A6F80880FEF75A
:1041FC0017F8B0613B69F3612846FFF79DFC65E653
:10420C007379012B25D0033B022B3FF65FAE686A16
:10421C003946FFF7BDFA2846FFF70CFA56E67379D4
:10422C00DA1E022A02D9012B7FF450AE6B6A5A793E
:10423C000C2A04D00C210022A3F805101A81154B6E
:10424C0028461A461946FEF74DFB2846FFF7E0FABA
:10425C003CE6686A3946FFF79BFA95F839301B073C
:10426C00D9D56E6A7379082B04D00823A6F80530CB
:10427C00A6F80880002206F11C01284600F0C0FFB9
:10428C00B379FF2B1CBF0133B371012333811DE6BE
:10429C0078200120506D0008002872D02DE9F04FD5
:1042AC00456A85B0044615B16B79082B02D005B070
:1042BC00BDE8F08F0A68EB699A42F8D10C234FF0F5
:1042CC000009A5F80530A5F808900DF10E0304229D
:1042DC002946FFF737F9804600284AD0BDF80E6012
:1042EC004768731CF0379BB23222BA550422FA5439
:1042FC00E869FDF795FF06F1020A1FFA8AFA06F142
:10430C00030E1FFA8EFE06F1040C721D4FEA106BA1
:10431C0007F80AB092B21FFA8CFCB31DF11D4FEADC
:10432C00104A07F80EA09BB289B24FEA102E07F87C
:10433C000CE04329B8544FF0FF02FA5407D8C6F1E9
:10434C003D02781892B2494602F0F0FA4421F0315D
:10435C0089B24046FEF748FC0A4A0B4B10680193A1
:10436C000A4A009443234146FEF766FF4046FEF797
:10437C00EDFCAB79FF2B1CBF0133AB7114232B81EC
:10438C0095E770476C200120506D00084C6D0008BB
:10439C002DE9F04F476A7B79052B87B0064604D090
:1043AC0005220023A7F805203B810DF116030322FB
:1043BC0039463046FFF7C6F88046002800F0B0803A
:1043CC00BDF8165044686B1CF0349BB23922625510
:1043DC000222E25405EB020EB6F830A005F1030CF4
:1043EC001FFA8CFC1FFA8EFE281D691DEB1D89B26D
:1043FC009BB205F108094FEA1A2B80B2AA1D04F8EA
:10440C000EB092B204F80CA002934FF0370C1FFAC6
:10441C0089F34FF0030904F800C0039304F80190EA
:10442C00029B0121A154039A04F803901C23A3546A
:10443C0005F1090AD6F82C901FFA8AFAADF816A0E5
:10444C00B9F1000F04D04846FBF7AAFE002841D171
:10445C000AF1010080B2FF23432804F80A3007D880
:10446C00CAF14302204492B2002102F05FFA4420C8
:10447C0000F1F00189B24046FEF7B6FB2A4B0096DC
:10448C00186807F1180243234146FEF76BFF0446F8
:10449C004046FEF75BFCBB79FF2B15D00133DBB23A
:1044AC00092BBB7110D8C3EB431203EB82031B0126
:1044BC001E4A03F2F3139BB2A2FB03235B092046B3
:1044CC003B8107B0BDE8F08F282320463B8107B025
:1044DC00BDE8F08FCAF1410C05F10A039BB26045AF
:1044EC004FF00C0204F80A2028BF604605F10B0AB5
:1044FC00E0541FFA8AFA411E0028A9D009EB000CDF
:10450C00AAEB090A484600EB0A0310F8012B9BB2F0
:10451C008445E254F7D10C350D441FFA85FA97E720
:10452C004FF0FF34B7E700BF6C200120D34D621071
:10453C002DE9F047446A84B064B3627952B3002326
:10454C00A16903910A2AC4E90633C4E90833C4E912
:10455C000B330546A362C4F80E30C4F812301CD0DD
:10456C00043A012A19D93D4B28461A461946FEF73A
:10457C00B9F963791BB10023A4F8053023812379A1
:10458C0043B1374B1D78013DEDB21D70002D5ED04F
:10459C000023237104B0BDE8F0870DF10A03072254
:1045AC0021462846FEF7CEFF07460028DBD0BDF893
:1045BC000A60436803F1F008731C9BB2362208F8BA
:1045CC000620042208F803200398FDF729FE06F1C3
:1045DC0002091FFA89F906F1030E1FFA8EFE06F185
:1045EC00040C721D4FEA106A08F809A092B21FFA67
:1045FC008CFCB31DF11D4FEA104908F80E909BB2CC
:10460C0089B24FEA102E08F80CE0432908F8020092
:10461C004FF0FF0208F8032008D8C6F13D0208EB62
:10462C00010092B2002102F081F94421F0313846A8
:10463C0089B2FEF7D9FA0B4B0095186803AA4323ED
:10464C003946FEF78FFE3846FEF780FB8BE7054EAA
:10465C003068FEF72FFF35609AE700BF506D0008F9
:10466C00682001206C200120002878D02DE9F04131
:10467C0090F83930DB0704466ED5038E466AB3F5E5
:10468C00107F55D306B3374F33793D7823B3013DB3
:10469C00EDB23D70002D4ED034220021304602F098
:1046AC0045F90123337194F83930013513F00403C3
:1046BC003D7035D17279022A03D00222A6F805206A
:1046CC0033810020BDE8F0813420FDF793FF0646CE
:1046DC0070B3244F60623D7834220021304602F0E2
:1046EC0025F9002DDDD1FEF7FFFEDFF88480C8F838
:1046FC000000E8B1427A1C4942F020024272442286
:10470C00FEF720FD1849D8F800004322FEF796FE6C
:10471C002A46D8F800001549FEF7C8FE3D78C0E7D8
:10472C002046FFF775F80028CBD02046FFF700FF96
:10473C004FF0FF30C6E7DFF83880D8F80000FEF7FE
:10474C00B9FEC8F800503D7834220021304602F002
:10475C00EDF8002DC7D0A4E76FF00F00B2E76FF0B3
:10476C000F00704768200120506D0008853D00083F
:10477C006C2001202DE9F04F7F4B1D6887B0D5B11F
:10478C006C6AACB163799BB1A18A29B1628A01329E
:10479C0092B29142628211D0228A1AB1511E012A20
:1047AC00218212D0E2891AB1511E012AE18115D061
:1047BC002D68002DE4D107B0BDE8F08F2846FFF737
:1047CC00B7FE2846FFF750FFF2E703F0FB02012A81
:1047DC0015D00A2B13D0042BEAD115E003F0FB0201
:1047EC00012A01D00A2BE3D12846FFF7D1FDA3897A
:1047FC00628A9B1A012BC4BF5B10E381D8E70422A9
:10480C000023A4F8052023810DF116030322214671
:10481C002846FEF797FE8046002800F08D80BDF8F4
:10482C00167046687B1CF0369BB23922F255022278
:10483C00F25407EB020EB5F830A007F1030C1FFA87
:10484C008CFC1FFA8EFE381D791DFB1D89B29BB2A4
:10485C0007F108094FEA1A2B80B2BA1D06F80EB000
:10486C0092B206F80CA002934FF0370C1FFA89F3A2
:10487C004FF0030906F800C0039306F80190029B61
:10488C000121B154039A06F803901C23B35407F189
:10489C00090AD5F82C901FFA8AFAADF816A0B9F1CE
:1048AC00000F28D04846FBF77BFC034618B3CAF12F
:1048BC004100984207F10A0228BF184692B20C2315
:1048CC0006F80A3007F10B0AB0541FFA8AFA411E97
:1048DC0088B148444B46AAEB090A03EB0A0213F8C9
:1048EC0001CB92B2984206F802C0F6D107F10C0344
:1048FC000B441FFA83FA0AF1010080B2FF2343280C
:10490C0006F80A3007D8CAF14302304492B20021AB
:10491C0002F00CF8442000F1F00189B24046FEF799
:10492C0063F9164B00951868154A43234146FEF768
:10493C0019FD4046FEF70AFAA379FF2B1AD0013372
:10494C00DBB2092BA37115D8C3EB431203EB820323
:10495C00DB000C4A03F2F3139BB2A2FB03235B09AB
:10496C00A28A618A2381531A012B7FF721AF5B1036
:10497C0023821DE71423F3E7602001206C20012023
:10498C004C6D0008D34D621038B52E4B1C6824B901
:10499C0026E0013B2B81246814B3656A002DFAD004
:1049AC002B89012BF5D8F6D16B7900220C2B2A819F
:1049BC0017D0013B072BEED801A252F823F000BF11
:1049CC00134A0008A3490008054A0008A349000837
:1049DC00A3490008EF490008A3490008F74900085B
:1049EC0038BD2046FEF714FFD5E7AB79012B1AD959
:1049FC002046FEF71FFECEE7AB79012B20460FD9E0
:104A0C00FEF706FFC7E7AB79052B204602D8FFF768
:104A1C0093F8C0E7FFF78CFD2046FFF725FEBAE7B9
:104A2C00FEF794FFB7E7002205F11C01204600F0C9
:104A3C00E7FBAB79FF2B1CBF0133AB7101232B813F
:104A4C00A9E700BF6020012058B1406A48B1407905
:104A5C000A2805D0043801288CBF0020012070479B
:104A6C00012070472DE9F04F9F4D85B08B46914644
:104A7C000646002800F0D880002A00F039814FF05B
:104A8C00000C0A272A46CDF80CC00297BE463946C0
:104A9C006446E246A8460A29137D3BD053B13568DB
:104AAC00506885423BD0012B5ED0538A9C459CBFFD
:104ABC009C46A6460134A3B20A2B24B200F099817D
:104ACC000A2900F0998145460197D0468A460EE0A6
:104ADC000129224432D005EBC202538A9C459CBF6B
:104AEC009C46A6460134A3B20A2B24B238D004EB60
:104AFC00440305EBC3036200197D0029F2D058680A
:104B0C0037688742E4D19B689945E1D1204605B0CE
:104B1C00BDE8F08F4BB1556830688542C3D19068C1
:104B2C008145F3D0012BC0D11EE0631C9BB20A2B34
:104B3C002DD01BB2214618321C46ACE705EBC20344
:104B4C0055F832205B8AC2B1984598BF9846019BB4
:104B5C0098BF234601340193A3B20A2B24B2C6D1C9
:104B6C00019F51460C4613E01368002B51D0538A19
:104B7C009A459CBF9A4627469CE7039A9A4288BF5F
:104B8C0013460393029B98BF23460293AAE745461C
:104B9C00BBF1010F40F0A4800A2C11D0670026B1A4
:104BAC003B1905EBC30332685A60274405EBC70772
:104BBC00002320467B82C7F8089005B0BDE8F08F33
:104BCC00BEF10A0F23D1029B0A2B1ED10A2F00F033
:104BDC0087803C4604EB44084FEAC808670055F848
:104BEC00080020B1FEF7B2F8002345F808303B1955
:104BFC0005EBC3033D490022C3E9012208681A757D
:104C0C005A828A88D8601A82C9E71C46E2E7744641
:104C1C00E0E7538A0398984288BF03460393029BAC
:104C2C0098BF2346029345E70A272A4680468446C6
:104C3C000297BE46394604460A29137D23D033B168
:104C4C00012B34D0538A834224BF1846A646631CDA
:104C5C009CB20A2C1BB285D00A2900F0C18003EB50
:104C6C00430205EBC202147D34B1012C17D0528AD9
:104C7C0090429CBF10469E4601339AB20A2A1BB240
:104C8C00EDD10C4684E7002BDAD1631C9BB20A2BC6
:104C9C003FF47EAF1BB2214618321C46CCE7146899
:104CAC00528A64B194459CBF1F469446E4E713684E
:104CBC006BB1538A9C459CBF9C462746C7E79045E1
:104CCC0098BF9046029A98BF1A460292D4E7538A2C
:104CDC00984598BF9846029B98BF23460293B6E727
:104CEC004FF0FF3412E700BF9C200120546D0008E8
:104CFC000A272946904692460297BE46BC46144661
:104D0C000192BCF10A0F087D33D058B133684A6860
:104D1C009A423FF4FBAE012847D04B8A434524BF4F
:104D2C009846A6460134A3B20A2B24B25FD0BCF13C
:104D3C000A0F58D05246CDF80CC0DDF804A09446AA
:104D4C000BE0012825D05B8A98459CBF9846A64667
:104D5C000134A3B20A2B24B223D004EB440305EB99
:104D6C00C303187D0028F3D031685A689142E8D10A
:104D7C00CCE620B14B6832689A42CCD1C6E6631CB3
:104D8C009BB20A2B3FF404AF1BB2A44618311C464D
:104D9C00B7E718685B8A80B19C459CBF9C46274648
:104DAC00D6E7DDF80CC06446F2E60B686BB14B8AB3
:104DBC00534524BF9A462746B4E79A4598BF9A466E
:104DCC00029B98BF23460293C2E74B8A019A9342F7
:104DDC0028BF1A46029B019228BF23460293A1E7E3
:104DEC0018321C4628E7234618311C4689E76446CE
:104DFC00CEE645460C46CBE6234618321C464AE620
:104E0C002DE9F04F5A4F02EB420807EBC80885B06A
:104E1C0098F81430022B05460E4612D0182303FBCB
:104E2C00027202F10C0405F132094FF40063009395
:104E3C004A4623463146284601F040FD05B0BDE800
:104E4C00F08FB8F81230B3F58E7F49D8B3F5877F61
:104E5C00E4D302EB4202D20002F10C0304320392BF
:104E6C001C214FF420720E20DC19FDF7FDFD05F11D
:104E7C00320983460028D8D0D0F804A00120FDF7D1
:104E8C00CBF9AAF80600D5F83230CAF80830394BFD
:104E9C00B9F80420AAF80C201A689B88CAF81220CA
:104EAC00AAF816306B68039ACAF80E30BB58CAF8C9
:104EBC001830314BCAF8003040F20643AAF80430DF
:104ECC0040F6060300934A4623465946284601F00D
:104EDC00F5FC5846FDF73AFF032388F81430A4E795
:104EEC0002EB4202D4001C214FF420720E20FDF77D
:104EFC00BBFD05F13209221D8346B0B3D0F804A0E6
:104F0C0003920120FDF788F9AAF80600D5F8323093
:104F1C00CAF80830174BB9F80410AAF80C10196825
:104F2C009B88CAF81210AAF816306B68039ACAF854
:104F3C000E30BB58CAF818300F4BCAF8003040F28C
:104F4C000643AAF8043040F6060300934A460B4B7E
:104F5C005946284601F0B2FC5846FDF7F7FE0C34D2
:104F6C0003233C4488F814305FE70C343C445CE782
:104F7C009C200120546D0008000108005C6D0008A5
:104F8C002DE9F04F364CDFF8DC8083B004F1F007EC
:104F9C0000260AE0012D27D0032D5ED0042D01D16F
:104FAC00022323751834BC421BD0257D002DF9D06B
:104FBC00638A01339BB2B3F5967F6382EAD3206890
:104FCC0010B1FDF7C3FE2660D8F80000B8F8043025
:104FDC0026756682E0602382C4E901661834BC42FF
:104FEC00E3D103B0BDE8F08F042BE8D84FF4207266
:104FFC001C210E20D4F808A0FDF736FD0AF1320B67
:10500C0081460028CED02846D9F80450FDF704F983
:10501C00E880DAF83230AB60124BBAF836201968F7
:10502C009B88AA81C5F81210EB82DAF80430C5F817
:10503C000E306368AB610C4B2B6040F20643AB80C7
:10504C0040F6060300935A46084B5046494601F079
:10505C0035FC4846FDF77AFEA4E704232375A1E747
:10506C009C200120546D0008000108005C6D0008B4
:10507C0000297DD02DE9F04746683388B3F5807F51
:10508C0084B0044602D13379062B05D0204604B0F7
:10509C00BDE8F047FDF75ABE7379042BF6D173883F
:1050AC00082BF3D14F68D6F80E00B36903900D4668
:1050BC0006F10808002F56D09F4240F08F80002840
:1050CC0000F094800127BA46294601F031F8814658
:1050DC00C0BB039B03F0F003E02B33D051462A46B0
:1050EC0003A8FFF7BFFC031E2CDB434903EB430271
:1050FC0001EBC20C02208CF814004FF0180E0C209F
:10510C00CCF8085013FB0E03D8F80000C8500B4421
:10511C00B8F804009880D200ACF8129051F802A0B4
:10512C00BAF1000F0ED04FF4006341F802902846FC
:10513C00009305F132024346514601F0BFFB504645
:10514C00FDF704FEF388B3F5807F12D0B3F5007F32
:10515C0003D103A92846FFF79FF82046FDF7F6FD7B
:10516C0004B0BDE8F08700283BD04FF0020AABE753
:10517C007047002FF1D04FF420721C210E20FDF748
:10518C0073FC05F1320907460028E6D04668022078
:10519C00FDF742F8F080D5F83230B360EB8EB38176
:1051AC00D8F80030C6F81230B8F80430F3826968C9
:1051BC00C6F80E100399B1611049316040F20641F6
:1051CC00B18040F6060100914A46434628463946CE
:1051DC0001F074FB3846FDF7B9FDBEE70027002847
:1051EC00C3D1F388B3F5807FB0D1B6E7F388B3F5BC
:1051FC00807FABD1BFE700BF9C20012000010800DD
:10520C002DE9F04F044685B008680D462146164638
:10521C0000F08EFF002840F0B0802B6803F0F00205
:10522C00E02A00F0AA80002B00F0A7802246012182
:10523C002846FFF717FC0028C0F28B80C7B2DFF8B6
:10524C00588107EB470308EBC3037A0003921A7DDE
:10525C0004F13209002A48D101221A751C214FF49D
:10526C0020720E209C60FDF7FFFB8246002800F0A8
:10527C0087800120DAF804B0FCF7CEFFABF806000B
:10528C00D4F83230CBF808303F4BB9F80420ABF8E7
:10529C000C201A689B88CBF81220ABF81630636888
:1052AC00CBF80E302B68CBF81830384BCBF80030DD
:1052BC0040F20643ABF8043040F6060300934A462E
:1052CC00334B5146204601F0F9FA5046FDF73EFDAE
:1052DC0000203EB17B003B4408EBC3031B7D012B3C
:1052EC0026D806D005B0BDE8F08F002E35D0012AA7
:1052FC001ED1334602E01B68002B3AD01A7B5206B3
:10530C00F9D532464FF420710E20FDF71DFE0646EE
:10531C0066B3039B3B4458F8330008B1FDF716FD08
:10532C00039B3B44002048F8336005B0BDE8F08F88
:10533C002046184C1823277003FB07834FF4006496
:10534C004A4631460C33009401F0B8FA05B0BDE87A
:10535C00F08F40B205B0BDE8F08F4FF420721C21E5
:10536C000E20FDF781FB8246002882D14FF0FF30E2
:10537C00B8E73046FDF7F8FCCAE76FF00F00B1E76D
:10538C004FF0FF30A5E700BF546D00080001080086
:10539C005C6D0008982001209C2001202DE9F04133
:1053AC00044684B00E4610682146154600F0C0FE37
:1053BC00002840F09780296801F0F003E02B73D0AF
:1053CC006368A2684B40134284460AD08AB24FF6F7
:1053DC00A9639A4205D0E168002900F0D38004F15A
:1053EC000C05DFF8B081694B98F8002002EB420005
:1053FC0003EBC00090F814E0BEF1010F02D98768EE
:10540C00A74271D01A7D012A02D99A68944275D0AC
:10541C0093F82C20012A02D91A6A944277D093F877
:10542C004420012A02D99A6B944276D093F85C20DE
:10543C00012A02D91A6D944275D093F87420012A6E
:10544C0002D99A6E944274D093F88C20012A03D915
:10545C00D3F88020944272D093F8A420012A03D967
:10546C00D3F89820944270D093F8BC20012A03D929
:10547C00D3F8B02094426FD093F8D420012A03D9EA
:10548C00D3F8C82094426ED093F8EC20012A03D9AB
:10549C00D3F8E020A2426DD032462946204604B013
:1054AC00BDE8F041FFF7ACBE6B78EA78A9788DF8CF
:1054BC000D2003F07F0301205E228DF80B30ADF838
:1054CC0008008DF80C1002AB8DF80A204FF4006226
:1054DC000092314604F13202204601F0EFF904B09B
:1054EC00BDE8F0812A4BF1E7406881428AD1314610
:1054FC00204604B0BDE8F041FFF782BC5A689142E7
:10550C0086D162463146204688F800C0F1E7DA6958
:10551C00914284D14FF0010CF3E75A6B914285D143
:10552C004FF0020CEDE7DA6C914286D14FF0030C90
:10553C00E7E75A6E914287D14FF0040CE1E7DA6F3E
:10554C00914289D14FF0050CDBE7D3F894209142BE
:10555C008AD14FF0060CD4E7D3F8AC2091428BD112
:10556C004FF0070CCDE7D3F8C42091428CD14FF00B
:10557C00080CC6E7D3F8DC30994208BF4FF0090C91
:10558C008AD1BEE76FF00300A9E700BF9C20012081
:10559C005C6D0008982001202DE9F0414FF4207239
:1055AC0082B0074688460E201C21FDF75DFA68B3D1
:1055BC00446805460120FCF72FFEE080D7F8323016
:1055CC00A360144BFA8E19689B88A281C4F8121040
:1055DC00E3827B68C4F80E30D8F80030A3610E4B20
:1055EC00236040F6060140F2064307F13206A38021
:1055FC0032460A4B00913846294601F05FF928469D
:10560C00FDF7A4FB002002B0BDE8F0814FF0FF30A5
:10561C00F9E700BF546D0008000108005C6D00083C
:10562C002DE9F0434D4FD7F8088098F8004004F06E
:10563C000F04A400132C85B0054613D94389032B02
:10564C0010D943681B78082B0CD1786900F0F00353
:10565C00E02B07D00E46396800F06AFD10B92B8993
:10566C00072B05D8284605B0BDE8F043FDF76EBB07
:10567C002846FCF797FE0028F4D104F10E094946A0
:10568C002846FDF7E9FA00285CD02B89191989B254
:10569C008B42E7D84FF420720E20FDF7E5F98146D6
:1056AC000028DFD0428904F108039A4251D34146C5
:1056BC004068224601F042F921464846FDF7F4FACB
:1056CC00002846D129464846FDF782FB002840D1E8
:1056DC002846FDF73BFB4D4621462846D5F804905D
:1056EC00FDF7BAFA0028BDD1D7E90432D5F8048009
:1056FC00C8F80C20C8F81030B9F8023089F800004E
:10570C004FF6F77293428CBF093308339BB2FF27D5
:10571C0021460024A9F80230404688F8087088F821
:10572C000A4088F80B40FCF703FE0123A8F80A0096
:10573C000B490094CDE9013622463B46284600F041
:10574C003BFB8FE749462846FDF7AEFA0028C3D04D
:10575C0088E74846FDF7FAFA84E700BF1C3F0020B3
:10576C00303F0020F0B54FF4207287B007460E464C
:10577C0022202421FDF778F980B344687B68667099
:10578C00032200272270676019685A68DE68054694
:10579C00986820616661A160E260986919695A692C
:1057AC00E2612062A161DB68059305A800F0A8F90D
:1057BC00064680B16989A770E7702046FCF7B8FDF2
:1057CC000123608005AACDE901360097FF233946F5
:1057DC00284600F0F1FA2846FDF7B8FA07B0F0BDFC
:1057EC00F0B54FF4207287B007460E4622202421D4
:1057FC00FDF73AF980B344687B6866700B2200278A
:10580C002270676019685A68DE68054698682061DE
:10581C006661A160E260986919695A69E261206267
:10582C00A161DB68059305A800F06AF9064680B112
:10583C006989A770E7702046FCF77AFD0123608028
:10584C0005AACDE901360097FF233946284600F01A
:10585C00B3FA2846FDF77AFA07B0F0BD2DE9F0410E
:10586C00204B88B01C6806948846164607460821CB
:10587C004FF420723620FDF7F7F880B345687B684B
:10588C000693162ED8F804306B6004BF012388F8F9
:10589C0008302E704FF0000604464FF008016E7071
:1058AC00AE70EE70284614BFDFF83C8008F1040897
:1058BC00FCF73EFD688040F29440079004200223E0
:1058CC00049007A8CDE90063039002970123424698
:1058DC0006A9204600F0EAFA2046FDF737FA08B090
:1058EC00BDE8F081506D00088C2101200349044B68
:1058FC000448054A08601A60704700BF90210120D7
:10590C008C210120E0000001E000000270B5866AE5
:10591C0004463EB31A4D3046296801E0006880B158
:10592C0042688A42FAD1027B0132D2B20221417220
:10593C000273236C1BB112490122204698470020A8
:10594C0070BD0320FCF7EEFE48B1002282600273AA
:10595C0032682968C0E9002101223060E6E74FF087
:10596C00FF3070BD0320FCF7DDFE0028F7D0044AA1
:10597C00866012684260067306600122A062D5E759
:10598C0090210120836A83B11B6873B1022001212D
:10599C0003E0012A0AD01B683BB15A7A022AF8D1DB
:1059AC00588159721B68002BF7D170475A89013AFC
:1059BC0092B2042AEFD958815972F3E7806A30B158
:1059CC000A6801E0006810B143689342FAD170474D
:1059DC00F8B54389072B04461CD947680D46384651
:1059EC0019461646FCF7A4FCA0B9A86A90B1316818
:1059FC00034601E01B686BB15A688A42FAD13A78C7
:105A0C00112A0CD0162A05D15A7A012A04BF4FF458
:105A1C0000729A602046BDE8F840FDF797B9214A1C
:105A2C00126891427A6813D0002AF3D0597A7A78A6
:105A3C00022905D00129EDD1598909B19142E9D941
:105A4C005208012A38BF012201215A815972E1E71B
:105A5C00E2B97D780DB90A257D700368002BD9D089
:105A6C00012005E0012A16D01B68002BD2D07D78CE
:105A7C005A7A022A4FEA5501F4D1012938BF012183
:105A8C0059815872F0E700680028C3D043689342EC
:105A9C00F9D10346CAE75A89002AEED0AA42E3D9C3
:105AAC00EBE700BF90210120F8B5134B1D6815B32F
:105ABC00124F0226AC6A14B91AE02468C4B1628988
:105ACC00531E9BB2002AF8D06381002BF5D1637A68
:105ADC00012BF2D162683B689A4221464FF01602C4
:105AEC002846EAD06672FFF7B9FE2468002CE6D18E
:105AFC002D68002DDED1F8BD602001209021012001
:105B0C00016801F0F003E02B28D0194B1868A8B1FC
:105B1C0090F83930DA070ED55A070CD5426881EA6D
:105B2C00020C42B182681CEA020F1BD09B0702D404
:105B3C00C368994216D000680028E9D10D4B18684B
:105B4C0080B190F8393003F00503052B0BD1436875
:105B5C005BB1C9B27F2908BF00207047064B18689B
:105B6C000028D2D07047002070471846FAE700BFD3
:105B7C00602001205C200120942101202DE9F843B4
:105B8C0047683B781A09042A044612D103F00F0324
:105B9C0078889D000E46FCF73FFB238983428046A4
:105BAC000DD86389AB4204D32389434501D3132D0C
:105BBC000DD82046FDF7CAF80020BDE8F883014651
:105BCC002046FDF711F86389AB42EDD2F1E7294687
:105BDC003846FCF7ADFB0028EBD13B69DFF8D481EC
:105BEC00F868C8F8100003F0F002E02AC8F8143086
:105BFC0061D196F83930990600F195807B7A112B9A
:105C0C0000F0A1800028D4D04FF00009314600F0FC
:105C1C008FFA0028CDD1D8F8103003F0F003E02B28
:105C2C00C7D0B9F1000FC4D0FB8823F0C00333B147
:105C3C00204600F035FB04460028BDD04768C8F864
:105C4C000870C8E900963B7803F00F039B002946C7
:105C5C002046A8F80C30FDF727F87B7A022B00F0D1
:105C6C008E80112B00F08680012B7ED0D8F814008A
:105C7C00494600F05DFA68B9D8F8143003F0F00327
:105C8C00E02B07D029462046FDF728F802212046B4
:105C9C00FFF768FD2046FDF759F80023C8F80030DF
:105CAC00C8F80430C8F80830A8F80C30C8F8103020
:105CBC00C8F8143080E796F83920D20725D4DBB227
:105CCC007F2B4CD0384BD3F80090B9F1000F08D192
:105CDC0045E000F02DFA98B9D9F80090B9F1000F11
:105CEC003DD04E45F8D099F83930DB07F4D5D9F8CA
:105CFC000430002BF0D0D8F8140083424946E8D188
:105D0C00D8F8100000288FD080E77268002AD6D00F
:105D1C009A4213D01846314600F00AFA00283BD1BB
:105D2C00D8F81430CBE708F114013046FFF746FEE3
:105D3C00A8B1D8E904021D4B9A420CD0B1460028F8
:105D4C003FF472AF62E77B195B88B3F5884F7FF441
:105D5C0059AFB14668E70028FBD0B14656E77B7ACD
:105D6C00112B12D0D8F810004CE731462046FFF723
:105D7C0057FC92E731462046FDF702F98DE70C4AB5
:105D8C0031462046FFF724FE87E77B195B88B3F585
:105D9C00884FE7D1B14647E7D8F81000B146002844
:105DAC003FF442AF32E700BF60200120E000000169
:105DBC00303F00201C3F00202DE9F04F85B00646F7
:105DCC009DF838409DF83CB0109F002A5AD0894667
:105DDC00904609B10A680AB907F104091421304642
:105DEC000193FCF739FF824600285AD17568019B54
:105DFC002B7285F809B0D8F8001029614BEA032BF7
:105E0C000B0C13FA81F1220245232B706C7042F0BB
:105E1C0045024FEA2B240A4444EA0B24308912FA37
:105E2C0084F4FCF7F9F985F806A085F807A0DFF8EB
:105E3C0078A068808346BAF80000FCF7EDF9D9F831
:105E4C000020EA6014FA82F303EB12435B44034430
:105E5C009AB202EB134303EB1343DB436B81BAF8A7
:105E6C000030A8800133AAF800303B8E13B1328980
:105E7C009A4210D87B69424631463846984705B05D
:105E8C00BDE8F08F4389132B0BD943681B6903932F
:105E9C000DF10C08E9E742463946304600F0E0FBCC
:105EAC00EDE76FF00100EAE7982101202DE9F04FB2
:105EBC0085B004469DF838B09DF83C80BDF848A0EC
:105ECC00002A00F097800F469946164609B10B68D8
:105EDC000BB9109B1F1DBAF1000F00F09380BAF1A3
:105EEC00280F00F2A4800AF1030525F00305ADB2DA
:105EFC0005F114039BB2294620460093FCF7ACFE37
:105F0C000190002840F0908060681199524600F092
:105F1C0015FDAA45019B79D36368E918002533F870
:105F2C00022B99421544FAD114212046FCF794FE19
:105F3C000190002878D1D4F804A0009B8AF808902E
:105F4C00C3F387018AF809803068CAF8100041F061
:105F5C00400148EA09288AF800104BEA01294FEA67
:105F6C00282141EA0828010C11FA80F08AF801B0C6
:105F7C0010FA88F82089DFF8BCB0FCF74DF9019ACB
:105F8C00AAF8020000908AF806208AF80720BBF8CD
:105F9C000000FCF741F93A68CAF80C2018FA82F8AC
:105FAC0008EB12484FEA29220099AAF80400A844E9
:105FBC0042EA092218FA82F20A44024490B2BBF86F
:105FCC00003000EB124000EB1040C0430133AAF844
:105FDC000A00ABF80030109B1B8E13B122899A4239
:105FEC001CD8109B10985B6932462146984705B027
:105FFC00BDE8F08F4389132B16D943681B690393B3
:10600C0003AEE8E71423554600938DE76068194604
:10601C005044A5EB0A0200F089FC7DE7109932464A
:10602C00204600F01DFBE2E76FF00100DFE76FF0A8
:10603C000500DCE7982101202DE9F04F85B00546DD
:10604C009DF838909DF83CB0109E0193002A5AD0D0
:10605C00884614211746FCF7FFFD019B8246002859
:10606C005FD16C68237284F809B03A6822614BEAFC
:10607C00032B130C13FA82F284F8019045234FEA98
:10608C000929237049F045094FEA2B23914443EA2F
:10609C000B23288919FA83F9FCF7BEF884F806A0BB
:1060AC0084F807A0DFF884A060808144BAF800006F
:1060BC00FCF7B2F8BAF80020A080013200EB09031B
:1060CC00AAF80020B8F1000F1AD0D8F80020E2602E
:1060DC0013FA82F303EB12439AB202EB134303EB72
:1060EC001343DB436381338E13B12A899A4212D84E
:1060FC0073693A4629463046984705B0BDE8F08F9B
:10610C00094A1268E3E74389132B0AD943681B69D0
:10611C00039303AFE7E73A463146284600F0A0FA6E
:10612C00EBE76FF00100E8E7506D000898210120C3
:10613C00421E0332034615D891F8390010F00200C4
:10614C000FD04A689A420BD089685A400A4207D14C
:10615C00C84323EA0103181AB0FA80F040097047CB
:10616C0000207047012070472DE9F04144686368B6
:10617C009A88074688461AB3002663682046254647
:10618C001C68FCF7E7FD831928469EB2FCF7DEFD80
:10619C00002CF2D1184B1A68974216BF3B683A682C
:1061AC00C8F800304FF00100394608BF1A60FCF700
:1061BC00C9FA124A13889B1B30461380BDE8F08144
:1061CC001A684260396982687D69C0685860996054
:1061DC00DD601A60BA691A6101212046FFF700FBE5
:1061EC002046FCF7B7FD06462046FCF7AFFD7C6861
:1061FC00002CC2D1CEE700BF9C2101209A210120A6
:10620C002DE9F843DFF87C8005460E460027D8F8C8
:10621C0000309BB3D5F80CE05A6900247245214636
:10622C00A44620460FD00134D0B1C27F93F81F9002
:10623C0091459CBF614618461A689C46B2B11346FC
:10624C005A697245EFD19A69D5F810904A45EAD14E
:10625C00B3F80C90AA889145EED001340028E4D113
:10626C001A68614618469C46002AE8D110B1FFF71F
:10627C007BFF0744B74201DA012CC8DC3846BDE885
:10628C00F88300BF9C21012010B50446406908B179
:10629C00FCF75CFD21460220BDE81040FCF752BA29
:1062AC002DE9F04FD0F804A09AF8003003F00F035A
:1062BC00052B85B0054676D1BAF80600FBF7ACFF86
:1062CC000646BAF80200FBF7A7FF9AF8003003F075
:1062DC000F03B0EB830F4FEA830264D3831A9BB294
:1062EC00DFF8748300932846FCF734FDB8F80030CF
:1062FC0003440A2B074600F3D080DFF86093D9F8EB
:10630C000040002C00F0D780DAF80C2003E0246861
:10631C00002C00F0D08063699342F8D1DAF8103089
:10632C00A1699942F3D1A189BAF804309942EED10E
:10633C00BAF80600FBF770FFC0F30C00002800F061
:10634C009480BAF80630C6F30C0613F020034FEA1B
:10635C00C606019308D1009BF3189BB29E4212D83B
:10636C004FF6EB7293420ED8D5F804A0BAF802009F
:10637C00FBF752FF9AF8003003F00F03B0EB830FDA
:10638C004FEA830217D263686BB9D9F800209442A4
:10639C0002D022681A60FFDE2368C9F8003021465B
:1063AC000120FCF7CFF92846FCF7D0FC002630463C
:1063BC0005B0BDE8F08F831ABAF806001FFA83FA0D
:1063CC00FBF72AFFC0F30C02D5F804B0D2000AEB9D
:1063DC000203ABF806309BB2194602938A424FF087
:1063EC000003ABF804208BF800308BF801308BF8ED
:1063FC0002308BF80330C6D861680391002900F095
:10640C00BB804FF0010A94460DE0CCD0B3F806E007
:10641C00F445C8D322B1D288824218BF4FF0000A8B
:10642C00196800296AD01A464B6898888445ECD2C2
:10643C0063469446CBF800101A46BCF1000F00F0EE
:10644C009480BCF806309A42ADD302998142AAD806
:10645C009A42CCF8005054D0019B002B7FD0B8F856
:10646C0000303B44A8F80030A0E7E089FBF7D4FEED
:10647C00C0F30C0000283FF464AFDAF80030DAF80F
:10648C000410DAF80820DAF80C006061A360E1600F
:10649C002261DAF81030A36153E701465046FFF74A
:1064AC00AFFE00283FF47FAFB8F800303B440A2B16
:1064BC007FF723AF77E70120FCF734F9044678B176
:1064CC000023E361A360E36023616361A361636004
:1064DC00D9F8003023600F23C9F80040E377CCE7EC
:1064EC0039465046FFF78CFE87423FF75CAF0120E0
:1064FC00FCF718F904460028E2D154E7F4451D6076
:10650C00AAD1019B43B3A37FDA07A8D5BAF1000F38
:10651C00A5D0039B5B689B886BB9DBF80020002A35
:10652C0034D0029903E01A68002A2FD0D988536816
:10653C009A888A42F7D0B8F800303B44A8F800306B
:10654C00019B002B7FF432AFA37F009A43F0010331
:10655C001644A683A37729E7BAF1000FD9D1B8F86E
:10656C0000303B44A8F80030EEE7029B83423FF634
:10657C001AAF65600395C4E7019B6560002B5BD087
:10658C00A37FDB0748BF0395C3D468E7B8F8003096
:10659C003B44A8F80030019B33B9009B1E44A37FF9
:1065AC00A68343F00103A3776368A08B5E68E16860
:1065BC00A36822696569F5607160B2603568336003
:1065CC00A3693361143080B2FBF726FE0023708080
:1065DC00B371F371B372F37230461421FBF7A8FE5A
:1065EC00708166685DB16F6828461421FCF75CFB0E
:1065FC0029463046FCF7BEFB3D68002DF3D1D9F897
:10660C0000309C4205D0A3B11A68944211D01346B5
:10661C00F9E72368C9F8003021460120FCF792F80D
:10662C003046FCF797FBB8F800301B1AA8F800307E
:10663C00BDE622681A60EFE7BBF80430002B8ED160
:10664C00DBF80020002A7FF46CAFB8F800303B4434
:10665C00A8F80030A1E700BF9A2101209C2101205D
:10666C002DE9F04F0B8E8DB005460A92B3F1140252
:10667C0048BFA3F10D02436807911E461B7803F037
:10668C000F03C2F3CF02052B06924FEA830840F0AA
:10669C00BD804389132B40F2B980F088FBF7BCFD19
:1066AC002B89143B9BB200F400520393C0F30C0EE5
:1066BC000B92002B00F09080069BDFF858A1CDF8D0
:1066CC0014E0DB009BB20893002437464FF4207291
:1066DC0014210E20FCF7C8F9089B039A934228BF9B
:1066EC00134604938346002800F0858043683A687B
:1066FC007868B968FE68DE601A60586099603A691B
:10670C001A61DBF804300993049B002B7AD099466C
:10671C0002976C89A4EB0804A4B24C4528BF4C46E4
:10672C000220002C5CD0FBF7FDFF064641222146DF
:10673C0000203346002E5BD001946F6847440097CD
:10674C00FCF734FA07462846002F4DD0A9EB040974
:10675C00FCF70AFB1FFA89F9C6E904A53946584625
:10676C00FCF708FBB9F1000F3AD1A044029F1FFAC5
:10677C0088F8079B059A1B8EC2F30C00039A133BF7
:10678C0093423BDC40F40050FBF746FD099E049B12
:10679C00F08003F1140080B2FBF73EFD0023708003
:1067AC00B372F37214213046FBF7C2FD7081079867
:1067BC000A9A4369594698475846FCF7C7FADDE9E7
:1067CC000323D31ADDE905210A449BB292B2039349
:1067DC000592002B7FF47AAF00200DB0BDE8F08F4E
:1067EC002D684FF0000894E731460220FBF7AAFF12
:1067FC005846FCF7ABFA4FF0FF30EEE70B9B002B43
:10680C00C2D0BFE7A0441FFA88F8B2E76FF00500CA
:10681C00E3E700BF9562000843890E2B70B5044670
:10682C001BD9C37B0D461BB991F83C300133C373A4
:10683C00606803788689D9070AD5012B30D01E49A8
:10684C00062200F063F818B9637B43F00803637306
:10685C00082E16D0B6F5C16F04D02046FCF776FA98
:10686C00002070BD95F839301B07F6D50E21204657
:10687C00FCF71AFA0028F0D129462046FEF7F8FB5F
:10688C00EEE795F839301A07E7D50E212046FCF7CC
:10689C000BFA0028E1D129462046FFF76FF9DFE714
:1068AC004378002BD4D183785E2BD1D1637B43F01A
:1068BC0010036373CCE700BF5C6D00082DE9F04753
:1068CC000646BDF820000C4617469846FBF7A4FC7C
:1068DC000E2181462046FCF7BFF998B96568A5F8EA
:1068EC000C90D8F800302B60B8F80430AB803B68C3
:1068FC00C5F80630BB886B81B36921463046BDE8CC
:10690C00F04718476FF00100BDE8F08710B501396A
:10691C000244904201D1002005E0037811F8014FA8
:10692C00A34201D0181B10BD0130F2E7024403460C
:10693C00934200D1704703F8011BF9E70A449142D6
:10694C0000F1FF3300D1704710B511F8014B03F87B
:10695C00014F9142F9D110BD2DE9F047089D0C462D
:10696C00002B4ED194468C458646B2FA82F262D9FF
:10697C004AB1C2F12003914020FA03F30CFA02FC55
:10698C00194300FA02FE4FEA1C471FFA8CF6B1FBC2
:10699C00F7F44FEA1E4307FB141143EA014304FBCF
:1069AC0006F199420AD91CEB030304F1FF3080F085
:1069BC001381994240F21081023C6344591A1FFA28
:1069CC008EF3B1FBF7F007FB101143EA014300FB18
:1069DC0006F69E420AD91CEB030300F1FF3180F04E
:1069EC00FD809E4240F2FA80634402389B1B40EAD1
:1069FC00044000211DB1D3400022C5E90032BDE89E
:106A0C00F0878B4205D90DB1C5E90001002108467C
:106A1C00F5E7B3FA83F1002946D1A34202D39042A1
:106A2C00C0F0F180861A64EB03030120002DE6D040
:106A3C00C5E90063E3E7002A40F09180A1EB0C0468
:106A4C004FEA1C481FFA8CF70121B4FBF8F64FEA09
:106A5C001E4308FB164443EA044307FB06F0984226
:106A6C0008D91CEB030306F1FF3402D2984200F262
:106A7C00CE8026461C1A1FFA8EF3B4FBF8F008FBE6
:106A8C00104443EA044300FB07F79F4208D91CEB70
:106A9C00030300F1FF3402D29F4200F2B180204682
:106AAC00DB1B40EA0640A5E7C1F120068B4022FA29
:106ABC0006F71F4320FA06FC04FA01F343EA0C0321
:106ACC00F44000FA01F8380C4FEA1349B4FBF0FE1D
:106ADC001FFA87FC00FB1E4449EA04440EFB0CF928
:106AEC00A14502FA01F20AD93C190EF1FF3A80F0E5
:106AFC008580A14540F28280AEF1020E3C44A4EBAD
:106B0C0009041FFA83F9B4FBF0F300FB134449EAC0
:106B1C00044403FB0CFCA44507D93C1903F1FF30DA
:106B2C0068D2A44566D9023B3C4443EA0E40A0FB24
:106B3C000293A4EB0C049C42CE469C4652D34FD0FD
:106B4C0055B1B8EB0E0364EB0C0404FA06F6CB401B
:106B5C00CC401E43C5E900640021BDE8F087C2F1BA
:106B6C00200320FA03F10CFA02FC24FA03F39440FC
:106B7C000C434FEA1C4800FA02FE1FFA8CF7B3FBD9
:106B8C00F8F008FB1031230C43EA014300FB07F13A
:106B9C00994208D91CEB030300F1FF362CD2994221
:106BAC002AD9023863445B1AA4B2B3FBF8F108FB90
:106BBC00113344EA034401FB07F3A34208D91CEB4D
:106BCC00040401F1FF3613D2A34211D902396444F3
:106BDC00E41A41EA004138E70446EFE6084605E7C7
:106BEC00C845ADD2B9EB020E63EB070C0138A7E731
:106BFC003146EDE7034698E73046D4E7D6467EE7C4
:106C0C00634402384CE70646234608460EE7023E2C
:106C1C0063442FE7F8B500BFF8BC08BC9E4670472C
:0C6C2C00F8B500BFF8BC08BC9E467047DD
:106C38000000000000000000010203040607080924
:106C4800000000000102030472735F68756234007B
:106C5800476967616465766963652E434F4D5F6C6C
:106C6800776970003C6D00082C6D00081C6D0008E9
:106C78000C6D0008FC6C0008EC6C0008DC6C00086B
:106C8800504255465F504F4F4C0000005042554609
:106C98005F5245462F524F4D000000005359535F35
:106CA80054494D454F55540049474D505F47524F41
:106CB80055500000465241475F504255460000007B
:106CC8005245415353444154410000005544505FDC
:106CD80050434200886C0008EC050A0058DF002089
:106CE80054DF0020946C000810000A00981A012054
:106CF800941A0120A46C000810000A00401B01200F
:106D08003C1B0120B06C000810000C00E81B01209F
:106D1800E41B0120BC6C000818000F00B01C012007
:106D2800AC1C0120C86C000820000500201E0120B2
:106D38001C1E0120D46C000828000A00C81E01206F
:106D4800C41E0120FFFFFFFF00000000000000003C
:0C6D580000000000FFFFFFFFFFFF000035
:086D640000FCFF7F01000000AC
:046D6C0059020008C0
:046D700031020008E4
:0C6D7400E107010000C000000000CDABF2
:040000050800205976
:020000040800F2
:1080000000000320499301088D9301088D93010816
:108010008D9301088D9301088D93010800000000E5
:108020000000000000000000000000008D93010827
:108030008D930108000000008D93010829E20008DB
:108040008D9301088D9301088D9301088D9301088C
:108050008D9301088D9301088D9301088D9301087C
:108060008D9301088D9301088D9301088D9301086C
:108070008D930108851601089DFC0008D5F00008C5
:108080008D9301088D9301088D9301088D9301084C
:108090008D9301088D9301088D9301088D9301083C
:1080A0008D9301088D9301088D9301088D9301082C
:1080B0008D9301088D9301088D9301088D9301081C
:1080C0008D9301088D9301088D9301088D9301080C
:1080D0008D930108AD0601088D930108E5FA0008AB
:1080E0008D9301088D9301088D9301088D930108EC
:1080F0008D9301088D9301088D9301088D930108DC
:108100008D9301088D9301088D9301088D930108CB
:108110001DEF00088D9301088D9301084957010850
:108120008D9301082D1E01088D9301088D93010880
:108130008D9301088D9301088D9301088D9301089B
:108140008D9301088D9301088D9301088D9301088B
:108150008D9301080DE500086108010855E300084A
:108160008D9301088D9301088D9301088D9301086B
:108170008D9301088D9301088D9301080000000084
:108180008D9301088D9301088D9301088D9301084B
:108190008D9301088D9301088D9301080000000064
:0C81A0008D9301088D9301088D93010858
:1081AC00034613F8012B002AFBD1181A013870472B
:1081BC0053B94AB9002908BF00281CBF4FF0FF3142
:1081CC004FF0FF3000F00CB8ADF1080C6DE904CEA7
:1081DC0015F03AFDDDF804E0DDE9022304B0704748
:1081EC00704700BF0348044B834202D0034B03B1DA
:1081FC0018477047C40A0020C40A00200000000081
:10820C000548064B1B1AD90F01EBA301491002D0EC
:10821C00034B03B118477047C40A0020C40A00205E
:10822C000000000010B5064C237843B9FFF7DAFFC5
:10823C00044B13B10448AFF300800123237010BD2D
:10824C00C80A002000000000A4DF010808B5054B97
:10825C001BB105490548AFF30080BDE80840FFF7A6
:10826C00CFBF00BF00000000CC0A0020A4DF010833
:10827C002DE9F04FB2F808802DED028B08F1FF3399
:10828C00FE2B8BB0144670D8AA4DAB4E5FFA88F813
:10829C00A5FB083508EBD51505F0FF056F1E6DB174
:1082AC004FF00009B2461FFA89F1204611F0D2FFB7
:1082BC0009F101094D450AF8010BF4D13378F02B83
:1082CC0000F0C980482B4CD8482B4ED8DFE813F06F
:1082DC0028044D004D004D004D004D004D004D004B
:1082EC004D004D004D004D004D004D004D004D001A
:1082FC004D004D004D004D004D004D004D004D000A
:10830C004D004D004D004D004D004D004D004D00F9
:10831C004D004D004D004D004D004D004D004D00E9
:10832C004D004D004D004D004D004D004D004D00D9
:10833C004D004D004D004D004D004D004D004D00C9
:10834C004D004D004D004D004D004D004D004D00B9
:10835C009004DC0436055606AE06CE0712088C08CF
:10836C00D508A32B0AD89F2B6CD8204611F066FE9B
:10837C0040B20BB0BDEC028BBDE8F08F03F13002C4
:10838C00D2B22B2AF1D8D03B2B2BEED801A252F82B
:10839C0023F000BF5F89000877830008778300080B
:1083AC0077830008778300087783000877830008B9
:1083BC0077830008778300087783000877830008A9
:1083CC007783000877830008778300087783000899
:1083DC007783000877830008778300087783000889
:1083EC007783000877830008778300087783000879
:1083FC007783000877830008778300087783000869
:10840C007783000877830008778300087783000858
:10841C007783000877830008778300082D8A00088B
:10842C0077830008818A00087D880008778300081C
:10843C00778300087783000877830008F5880008A5
:10844C00B98A0008A13B022B02F29287DFE813F0F5
:10845C00CE0013009400B8F1070F86D1374AD6F836
:10846C000110B6F8053011603548364A5BBA012167
:10847C000380117079E7B8F1020F7FF676AF324BBB
:10848C00324A19781278737800297FF46EAF12B9DA
:10849C00012B02F07E812E4A127812B9022B02F0C7
:1084AC00B5812C4A127812B9032B02F075822A4A34
:1084BC001278002A7FF459AF042B7FF456AF27486B
:1084CC00022110F05BFAA8F10208254B25485FFA4F
:1084DC0088F188461A4603EB410110F8015F22F837
:1084EC00025B9142F9D1204D2048AB600721C5F8C1
:1084FC001C800FF0D5F92A461C4807210FF002FA10
:10850C001A4807210FF048FA0422184807210FF0E7
:10851C0057FA1748802110F0BFFE1022134807218C
:10852C000FF05AFA114807210FF040FA114B0122B3
:10853C001A701AE781808080BC4A0120C04B012050
:10854C00B40A0020AC490120B60A00208C0A002095
:10855C00540800201C060020E4030020000C0240FC
:10856C00AC600020BD4A0120E803002000640240FA
:10857C000010014094280020B8F1030F7FF6F5AEEF
:10858C00A34AA44B15781A88A34B70781F783179BD
:10859C007388002F7FF4E9AE5BBA013B022D9BB2CE
:1085AC0001F02B849D4A15789D4A022D128801F00A
:1085BC0015849C4A15789C4A022D128801F0FF8381
:1085CC009A4A15789A4A022D12887FF4CEAE042866
:1085DC007FF4CBAE9342BFF4C8AE03293FF6C5AED1
:1085EC00DFE811F08012E114CA140B13B8F1090F73
:1085FC007FF6BBAE884B864A1B7896F807901278AC
:10860C00002B7FF4B2AE012A01F04A85834B1B7814
:10861C00012B01F03384834B1B78012B01F05E8618
:10862C00824B1B78012B7FF4A0AEB9F1040F7FF4C1
:10863C009CAE804B367A1B78B3427FF696AE7E4B5F
:10864C007E4906EB860203EB4203002213F8015F1E
:10865C0011F8010F854202F101027FF486AE062A61
:10866C00F4D1774A1388002B3FF47FAE013B138083
:10867C007448754A754B10F806A01D68744802952D
:10868C0086F0BF01A8F10909535C00888AEA03034C
:10869C0083F038076F4B12F807C0595CDF5D00930D
:1086AC005FFA89F981EA0C0189EA0101019100F173
:1086BC00010E4FF440611FFA8EFEB0FBF1FB01FB83
:1086CC001B0B6B1C00F1020C1FFA8BF5BEFBF1FBB4
:1086DC0001FB1BEE1FFA8CFC1FFA8EFE0397CDF8E4
:1086EC0014E0C71CBCFBF1FE01FB1ECCBFB21FFA91
:1086FC008CFCCDF818C0B7FBF1FC01FB1C77D3F157
:10870C00000C03F03F0E0495504B019D0CF03F0CF8
:10871C0058BFCCF1000EC3F800E012F805C0039B63
:10872C0083EA0C0C2B464B4DBFB215F803E00797B0
:10873C00049D494F434B4FF0A00B07F805B0059D26
:10874C007E55069D07F805A00AF1010A03F806A05C
:10875C0009F1FF33079D0393404B0193031D07F869
:10876C0005900493029D3B4B4FF00009019E16F8B7
:10877C0001BF0196049E4E44B6B28BEA0C0AB6FBBE
:10878C00F1FC01FB1C66B6B212F80AC007F806B081
:10879C00039E09F101094E458EEA0C0C13F80AE010
:1087AC00E4DA6E42DFF8C49006F03F0605F03F05B0
:1087BC00A8F1050258BF7542B9F8006050FA82F270
:1087CC0092B20136A8F10403A9F80060B2FBF1F6ED
:1087DC0001FB162250FA83F392B29BB207F802C047
:1087EC00B3FBF1F201FB12339BB2A8F1030807F8BB
:1087FC0003E01B4B1B4A23F81500154B02F80580B0
:10880C0050FA88F01880184B10225A55ADE500BF6D
:10881C008C0A00208A1A0120B60A00205408002075
:10882C003ECF00201C060020F2830020E403002031
:10883C00A63800206A260020741C0020BC4A0120A7
:10884C00DE0300206C260020FCF70108A035002078
:10885C0096290020FCF6010898290020C44A012022
:10886C0024360020E4350020A43500209835002063
:10887C00944A954B176895491A88384611F056FF5B
:10888C0000287FF472AD924E924A934B9348C6E9FE
:10889C00002303F17263924A03F5422303F6337308
:1088AC00C6E9022347F2674236233282062141226F
:1088BC00B37411F0DDFA412205461321304611F054
:1088CC00D7FA06460146284611F0E0FB2946384601
:1088DC0011F0E0FE384611F057FF284611F0AEFBC0
:1088EC00304611F0ABFB40E5B8F1010F3FF43DAD64
:1088FC007378744A7B491768734A7B4E1288003B25
:10890C0018BF01230B7038467049737011F00EFFBD
:10891C0000287FF42AAD41220621704811F0A8FAF4
:10892C00412205460221304611F0A2FA06460146C4
:10893C00284611F0ABFB2946384611F0ABFE384601
:10894C0011F022FF284611F079FB304611F076FB2E
:10895C000BE5B8F1020F7FF608AD644B1B78002BCA
:10896C007FF403AD7278013AD2B2022A3FF6FDAC25
:10897C00B178002941F004861C205D4B02FB00F00D
:10898C001D18185C18B129760021696029611C2119
:10899C0001FB02310D7B002A02F0C1821E7BAE422C
:1089AC000AD11870886898604868586008694969E5
:1089BC005961002118611976012A19D093F82810F1
:1089CC00A9427FF4D2AC1C2002FB00F01918185CF1
:1089DC001877886858624868186208694969196389
:1089EC00022A4FF00001D86283F834103FF4BDAC7A
:1089FC0093F84410A9427FF4B8AC1C2102FB01F19E
:108A0C005A18595C90685568186483F838101069C6
:108A1C005169DD6300229864D96483F85020A4E482
:108A2C00B8F1340F7FF4A1AC324B7278D6F8020057
:108A3C00314D1A70B6F80730304F01BA5BBA296065
:108A4C002F4D3B80012AB3792B7001F0C585002A8C
:108A5C0040F08886002800F08286072B00F27F8683
:108A6C00DFE813F00013EE12DC12BD12B61277120F
:108A7C0064126C061D4A234B117800221A721A7567
:108A8C0083F8202083F82C2000297FF46EAC184B3F
:108A9C001D4A1E48117019761D4A83F8341083F84C
:108AAC0050101C4B0170117019705EE4BFF34F8FA6
:108ABC0019491A4BCA6802F4E0621343CB60BFF346
:108ACC004F8FFEE7144C0120B40A0020C04B01204C
:108ADC00BC490120F50000C101060467184C0120B7
:108AEC0064333266CC1B002050010020B60A0020F3
:108AFC00800100208C0A0020880A00208A1A01209C
:108B0C008C1A0120381C00206A0A01201EBF00208C
:108B1C00D27300208628002000ED00E00400FA0546
:108B2C00B8F1020F7FF621AC7D4B1D78002D7FF440
:108B3C001CAC7278013AD2B2022A3FF616AC1C2158
:108B4C00784BB77802FB01F158185E5C002F41F0AE
:108B5C00B8841EB100210776416001611C2101FB24
:108B6C0002310D7B002A01F08E86187BA8420AD1B7
:108B7C00886898604868586008694969596100219B
:108B8C001E7018611976012A19D093F82810A94281
:108B9C007FF4EBAB1C2002FB00F01918185C187763
:108BAC008868586248681862086949691963022A1A
:108BBC004FF00001D86283F834103FF4D6AB93F831
:108BCC004410A9427FF4D1AB1C2102FB01F15A18CD
:108BDC00595C90685568186483F8381010695169AD
:108BEC00DD6300229864D96483F85020FFF7BDBB85
:108BFC00B8F1020F7FF4B9AB7378013BDBB2092BF0
:108C0C003FF6B3AB484D4948494F03EB430105EBE5
:108C1C00810503EB8301CE004FF0010C4FF0280EC1
:108C2C001EFB03CE00EBC103B9190022DA611A61F5
:108C3C002A60CA610A613F4A9A618A6106F120087A
:108C4C004FF07E524FF000096A6085F808904FF0A3
:108C5C00200B394D5A6100F806B04A610EEB000A40
:108C6C0040F8085083F825900323BB554FF0FF22A2
:108C7C0040F2011340F80E20CAF8042047F80830DF
:108C8C0081F825C0FFF771BBB8F1020F7FF46DAB13
:108C9C007378013BDBB2092B3FF667AB224D2348BF
:108CAC00DFF88CC003EB430105EB8105012603EBD8
:108CBC008301282717FB0367CE0000EBC1030CEBE5
:108CCC0006010022DA611A612A60CA610A61194A36
:108CDC009A618A614FF0000E4FF07E5206F1200827
:108CEC006A6085F808E04FF0200A134D5A6100F8CD
:108CFC0006A04A6107EB000940F8085083F825E00C
:108D0C0013230CF806304FF0FF2240F20113C2512E
:108D1C00C9F804204CF8083081F825E0FFF725BB92
:108D2C00B60A0020800100201400002068180020E2
:108D3C00D81600200AD7233D01010100A8F1080133
:108D4C00C9B20C293FF611AB73780193013BDBB22E
:108D5C00092B3FF60AAB0122282717FB0327A94D45
:108D6C000022EA5105EB070896F80290C8F8042097
:108D7C00C8F80820F27896F806A0F07908EE102AC8
:108D8C0072680092327907EE102A727902920029E9
:108D9C0040F0F68603EB830205EBC20251709A0099
:108DAC00D11805EBC1014FF0000C81F802C0D118AD
:108DBC0005EBC1014FF0000C81F803C0D11805EB95
:108DCC00C1014FF0000C81F804C0D11805EBC101B2
:108DDC004FF0000C81F805C0D11805EBC1014FF024
:108DEC00000C81F806C0D11805EBC1014FF0000C46
:108DFC0081F807C0D11805EBC1014FF0000C81F8C8
:108E0C0008C0D11805EBC1014FF0000C81F809C066
:108E1C00D11805EBC1014FF0000C81F80AC0D11834
:108E2C0005EBC1014FF0000C81F80BC04FF0000BAB
:108E3C00F8EE487AF7EE006A77EEA67ADFED725A12
:108E4C0002999FED726AC5EEA76A02EB030CB1F1B1
:108E5C00000E05EBCC0118BF4FF0010E81F820E09D
:108E6C004FEACC0E81F80CB015F83CB005F80E901A
:108E7C004FF0010C81F821C0B8EE477AC1ED066ABB
:108E8C0037EE467A27EE267A81ED077ABAF1000F93
:108E9C0040F0658681F822A0002841F0FF8328214C
:108EAC0003FB01F105EB010EDFF87CC18EF8250008
:108EBC0020314FF480702CF80100554901EB03115F
:108ECC00F7EE006A097907EE901AF8EE677A00213E
:108EDC0077EEE67A67EE877AF5EEC07AF1EE10FA65
:108EEC0040F36187134405EBC30377EEA67A19614F
:108EFC00C3ED057A474B4849D3F800A0474B504681
:108F0C001A8811F013FC034600287FF42EAA32783D
:108F1C00434EE85962F30703019A62F30F2318EEEC
:108F2C00102A69F3174362F31F633360009B73606D
:108F3C00D8F80410D8F8082006F1080307C341221A
:108F4C000621384810F094FF412205461421304682
:108F5C0010F08EFF06460146284611F097F8294678
:108F6C00504611F097FB504611F00EFC284611F0BC
:108F7C0065F8304611F062F8FFF7F7B9B8F1020F57
:108F8C007FF4F3A97378013BDBB2092B3FF6EDA913
:108F9C00204A2149D2F800901A4A03EB830302EBD2
:108FAC00C3031E4A002083F821001288484611F0A2
:108FBC00BDFB054600287FF4D8A9013703D0184B18
:108FCC0032881A80454641220621164810F050FF7F
:108FDC00412229460546124810F04AFF0646014632
:108FEC00284611F053F82946484611F053FB4846E1
:108FFC0011F0CAFB284611F021F8304611F01EF88A
:10900C00FFF7B3B9681800200AD7233E00000043CD
:10901C008C000020144C0120C04B0120B40A00200D
:10902C00BC490120184C01206B180020A8F1080144
:10903C00C9B20C293FF699A973780093013BDBB2B6
:10904C00092B3FF692A90122282717FB0327DA4D9B
:10905C000022EA5105EB070896F80290C8F80420A4
:10906C00C8F80820F27896F806A0F07908EE102AD5
:10907C0072680292327907EE102A727901920029F5
:10908C0040F0048603EB830205EBC20251709A0098
:10909C00D11805EBC1014FF0000C81F802C0D118BA
:1090AC0005EBC1014FF0000C81F803C0D11805EBA2
:1090BC00C1014FF0000C81F804C0D11805EBC101BF
:1090CC004FF0000C81F805C0D11805EBC1014FF031
:1090DC00000C81F806C0D11805EBC1014FF0000C53
:1090EC0081F807C0D11805EBC1014FF0000C81F8D5
:1090FC0008C0D11805EBC1014FF0000C81F809C074
:10910C00D11805EBC1014FF0000C81F80AC0D11841
:10911C0005EBC1014FF0000C81F80BC04FF0000BB8
:10912C00F8EE487AF7EE006A77EEA67ADFEDA35AEE
:10913C0001999FEDA36AC5EEA76A02EB030CB1F18E
:10914C00000E05EBCC0118BF4FF0010E81F820E0AA
:10915C004FEACC0E81F80CB015F83CB005F80E9027
:10916C004FF0010C81F821C0B8EE477AC1ED066AC8
:10917C0037EE467A27EE267A81ED077ABAF1000FA0
:10918C0040F0588581F822A0002841F0EA8128217E
:10919C0003FB01F105EB010EDFF848C28EF8250048
:1091AC0020314FF480702CF80100864901EB03113B
:1091BC00F7EE006A097907EE901AF8EE677A00214B
:1091CC0077EEE67A67EE877AF5EEC07AF1EE10FA72
:1091DC0040F34486134405EBC30377EEA67A19617A
:1091EC00C3ED057A784B7949D3F800A0784B5046FB
:1091FC001A8811F09BFA034600287FF4B6A832783F
:10920C00744EE85962F30703009A62F30F2318EEC9
:10921C00102A69F3174362F31F633360029B736078
:10922C00D8F80410D8F8082006F1080307C3412227
:10923C000621694810F01CFE4122054614213046D7
:10924C0010F016FE06460146284610F01FFF294670
:10925C00504611F01FFA504611F096FA284610F0BD
:10926C00EDFE304610F0EAFEFFF77FB8B8F1020FC2
:10927C007FF47BA87378013BDBB2092B3FF675A812
:10928C00514A5249D2F800904B4A03EB830302EB4C
:10929C00C3034F4A002083F821001288484611F07E
:1092AC0045FA054600287FF460A8013703D0494BE6
:1092BC0032881A80454641220621474810F0D8FDD5
:1092CC00412229460546434810F0D2FD0646014688
:1092DC00284610F0DBFE2946484611F0DBF94846DB
:1092EC0011F052FA284610F0A9FE304610F0A6FEF6
:1092FC00FFF73BB8B8F1050F7FF437A877787B1EE2
:10930C00DBB2092B3FF631A896F80290F5782E4A7D
:10931C0096F804A01668314ADFED316A2B4907EE46
:10932C00909AB8EE677A07EE905A03EB4303F8EE87
:10933C00677A02EB8303BAF10000254A18BF0120BB
:10934C0027EE267A67EEA67A1872128883ED007AD9
:10935C003046C3ED017A11F0E9F900287FF405A835
:10936C00DFF870B01C488BF80170462341220621AF
:10937C008BF800308BF803508BF802908BF804A01C
:10938C0010F076FD412205464146584610F070FD1E
:10939C0007460146284610F079FE2946304611F062
:1093AC0079F9304611F0F0F9284610F047FE3846AE
:1093BC0010F044FEFEF7D9BFD81600200AD7233E82
:1093CC00000000438C000020144C0120C04B0120F5
:1093DC00B40A0020BC490120184C012014000020C4
:1093EC008180803BDB160020B8F1030F7EF4BDAF0B
:1093FC0075786B1EDBB2092B3EF6B7AF96F8029070
:10940C00C24A9FEDC37A1768C24AC34907EE909AC5
:10941C00F8EE677A02EB031367EE877A3846C3EDF2
:10942C00027ABE4B1A8811F081F900287EF49DAFA8
:10943C00BB4EBC487570472341220621337086F819
:10944C00029010F015FD412205464146304610F0C1
:10945C000FFD06460146284610F018FE29463846F0
:10946C0011F018F9384611F08FF9284610F0E6FD86
:10947C00304610F0E3FDFEF778BFB8F1030F7EF62F
:10948C0074AF70780138C0B209283EF66EAFB1786F
:10949C0096F803808B1E012B40F2EC84A1F104039F
:1094AC00B3FA83F35B094FEA830C9A4A03010393E3
:1094BC00D15402EB0011137981F801C0117D1944CC
:1094CC00C9B2002840F03C84034692F824C06144A1
:1094DC005FFA81FE92F834C0F4445FFA8CFC92F887
:1094EC0044106144C9B292F854C08C445FFA8CFCAD
:1094FC0092F86410614492F874C06144C9B292F855
:10950C0084C061445FFA81FB092808BF5B4603995C
:10951C00511891F804C092F894100491E04547D288
:10952C00814808EB030E5FFA8EFEA0FB0E904009FB
:10953C0008F163010090A1EB0C017B48C9B2A0FBC0
:10954C0001A900984FEA59194FF0640A0AFB10E080
:10955C000AFB191E5FFA80F95FFA8EF0ACEB080E6D
:10956C005FFA8EF18145019122D8DFF8C0E101301C
:10957C00C0B2CDE9055302900EF1010049460090AE
:10958C000198009B45186848A0FB059040090AFB10
:10959C0010500EEB40056D7803F81150029B1EF82D
:1095AC0010000EF8110001318B42E9D1DDE90553B1
:1095BC00E04512D90499C1F16401A1EB0B01A8EBB0
:1095CC000C00C9B25FFA80FE8E4541F22C806144DA
:1095DC005FFA81F8E04501F22480DFF84CC108EB1A
:1095EC000300ACFB03E1C0B201384FF0640E490933
:1095FC000EFB11318CFB00C9039B4FEAE07CCCEBDA
:10960C00691C0EFB1C0CD318C9B24FF0000E61453F
:10961C0083F80480A3F802E031DC444BDFF818A196
:10962C0003EB4101023303EB4C0B0423581C8AFB64
:10963C0000C981444FEAE07CCCEBE91CCCEB0C2C50
:10964C00A0EB0C0016F800C0981CF35C003B18BF94
:10965C0001234B70E64401F802CB8AFB003C8444A6
:10966C00C317C3EBEC13C3EB03238B451FFA8EFE1E
:10967C00A0EB0303DAD1039B1A44A2F802E0234ABD
:10968C002B4B1668254A244912884FF001093046A5
:10969C0083F8009011F04AF800287EF466AE01378A
:1096AC0001F0C38123491E4A4B4600E00346042BBC
:1096BC001ABF0878107082F80080AB4203F10100E9
:1096CC0001F1010102F10102F0D19DB2412206210A
:1096DC00144810F0CDFB412229460546104810F0E5
:1096EC00C7FB07460146284610F0D0FC29463046F9
:1096FC0010F0D0FF304611F047F8284610F09EFCD1
:10970C00384610F09BFCFEF730BE00BF144C012015
:10971C008180803B8C000020C04B0120B40A0020CB
:10972C00BC490120184C01201F85EB51F819002071
:10973C00760D0020BC4A01208180808069480FF0A2
:10974C0033FD68484FF480510FF080FD65484FF4AD
:10975C0000510FF083FD634800210FF06FFD624B49
:10976C0000221A70614B00251D7072B6604B614A65
:10977C001D60614B15604FF496721A805F4B1D8013
:10978C0062B65F4B727A1A70B6F80F30DFF8CCC144
:10979C005C49D6F80A005C4F5BBAACF80030B37B7E
:1097AC000B70012A01BA396000F0CF8702BBE0B11F
:1097BC00072B1AD8DFE813F05C0C7F0C6D0CBE0C79
:1097CC00B70CA40C910C080050480FF0EDFC4F485E
:1097DC004FF480510FF03AFD4C484FF400510FF00C
:1097EC003DFD4A4800210FF029FD494B00221A701B
:1097FC00484B00251D7072B6474B484A1D60484BBC
:10980C0015604FF496721A80464B1D8062B6464B1B
:10981C00727C1A70B6F81730DFF844C14349D6F899
:10982C001200434F5BBAACF80030B37D0B70012AC9
:10983C0001BA396000F0658702BBE0B1072B1AD87A
:10984C00DFE813F07F0C6F095D09260D1F0D0C0D61
:10985C00F90C080037480FF0A7FC36484FF480513C
:10986C000FF0F4FC33484FF400510FF0F7FC314883
:10987C0000210FF0E3FC304B00221A702F4B002517
:10988C001D7072B62E4B2F4A1D602F4B15604FF476
:10989C0096721A802D4B1D8062B62D4B727E1A70FB
:1098AC00B6F81F30DFF8BCC02A49D6F81A002A4F88
:1098BC005BBAACF80030B37F0B70012A01BA396087
:1098CC0000F0FB86002A63D100285ED0072B5CD801
:1098DC00DFE813F0480C6B0C590CAA0CA30C900C81
:1098EC007D0C4A00001401407A0A0120790A0120FB
:1098FC00504701204C4701208E0A00204847012088
:10990C005408002040CF002050080020004C00409C
:10991C002EBF00202DBF0020FCFB0020F8FB0020F8
:10992C0056080020F4FB00201C060020F4830020C5
:10993C001806002000480040E2730020E17300206C
:10994C00B0B00020ACB000201E060020A8B0002053
:10995C00E4030020A8380020E00300203ECF0020C4
:10996C00F2830020A6380020BB480FF01DFCBA483B
:10997C004FF480510FF06AFCB7484FF400510FF0D0
:10998C006DFCB54800210FF059FCB44B00221A7045
:10999C00B34B00251D7072B6B24BB34A1D60B34B6E
:1099AC0015604FF496721A80B14B1D8062B696F812
:1099BC0023309FEDB07A96F8210096F8222007EE1E
:1099CC00903AAD4BF8EE677A93F82870187367EEFF
:1099DC00877A002187421A70C3ED017AC3ED047AAD
:1099EC00996001F0168093F8441081420CD183F8F1
:1099FC00382000221A645A69DA640022C3ED0F7A07
:109A0C00C3ED127A83F8502096F826209FED997AB0
:109A1C0096F8245083F8285007EE902AF8EE677ACF
:109A2C00002267EE877A5A62854296F82520C3EDAC
:109A3C00087AC3ED0B7A1A7700F0EE818D4204D1CF
:109A4C001A6BDA64002283F8502096F829209FEDD7
:109A5C00897A96F8271083F8441007EE902AF8EECE
:109A6C00677A002267EE877A1A64814296F828207A
:109A7C00C3ED0F7AC3ED127A83F8382000F0D6814B
:109A8C00A94200F0E08196F82A30DFED7A7A7B4A21
:109A9C0002EE903A96F82B3003EE103A96F82C30F2
:109AAC0003EE903A96F82D3004EE103A96F82E30DC
:109ABC0004EE903A96F82F3005EE103A96F83030C6
:109ACC0005EE903A96F8313006EE103A96F83230B0
:109ADC0006EE903A96F8333007EE103AF8EE622A1A
:109AEC00B8EE433AF8EE633AB8EE444AF8EE644AFC
:109AFC00B8EE455AF8EE655AB8EE466AF8EE666A64
:109B0C00B8EE477A5E4B62EEA72A23EE273A63EE55
:109B1C00A73A24EE274A64EEA74A25EE275A65EEAB
:109B2C00A75A26EE276A66EEA76A67EE277A002107
:109B3C00C3ED022A83ED063AC3ED0A3A83ED0E4AD1
:109B4C00C3ED124A83ED165AC3ED1A5A83ED1E6A01
:109B5C00C3ED226AC3ED267A1170FEF706BC0038FD
:109B6C0018BF012081F825000EF1200E4548D9457B
:109B7C0020F80EC081F824C07FF49FA9FFF7BAB972
:109B8C0003EB830C05EBCC0C327A8CF80120012909
:109B9C004FEA83023FF404A996F809E08CF802E03E
:109BAC0002293FF404A996F80AE08CF803E0032993
:109BBC003FF404A996F80BE08CF804E004293FF478
:109BCC0004A996F80CE08CF805E005293FF404A9EB
:109BDC0096F80DE08CF806E006293FF404A996F8F7
:109BEC000EE08CF807E007293FF404A902EB030C04
:109BFC0005EBCC0C96F80FE08CF808E008293FF444
:109C0C0000A996F810E08CF809E009293FF400A9A6
:109C1C0096F811E08CF80AE00A293FF400A996F8AE
:109C2C0012E08CF80BE00C297FF400A996F813B025
:109C3C00FFF7FEB8003818BF012081F825000EF19F
:109C4C00200E1148D94520F80EC081F824C07FF4AD
:109C5C00ACAAFFF7C7BA00BF00100140962800203D
:109C6C00952800206465002060650020E603002034
:109C7C005C6500208180803B80010020B60A0020BA
:109C8C008C0000206A180020DA16002003EB830CED
:109C9C0005EBCC0C327A8CF8012001294FEA8302B7
:109CAC003FF4F6A996F809E08CF802E002293FF49B
:109CBC00F6A996F80AE08CF803E003293FF4F6A91C
:109CCC0096F80BE08CF804E004293FF4F6A996F81A
:109CDC000CE08CF805E005293FF4F6A996F80DE0A8
:109CEC008CF806E006293FF4F6A996F80EE08CF8FD
:109CFC0007E007293FF4F6A902EB030C05EBCC0CAB
:109D0C0096F80FE08CF808E008293FF4F2A996F8D1
:109D1C0010E08CF809E009293FF4F2A996F811E05B
:109D2C008CF80AE00A293FF4F2A996F812E08CF8B4
:109D3C000BE00C297FF4F2A996F813B0FFF7F0B9F9
:109D4C0001283FF4C2AB92F824E002288E445FFA5B
:109D5C008EFE00F0A88592F834C00328F4445FFA14
:109D6C008CFC00F09D8592F8441004286144C9B223
:109D7C0000F0938592F854C005288C445FFA8CFC53
:109D8C0000F0888592F8643092F874106344DBB26A
:109D9C000628194400F091850728C9B200F0868581
:109DAC000B46FFF7ACBB4FF0280202FB03534CBF32
:109DBC00C3ED047A1961C3ED056AFFF79BB803285C
:109DCC007EF4FEAB9342BEF4D0AA03293EF6CDAA94
:109DDC00DFE811F07B066D0656062E0602287EF48F
:109DEC00E8AB9A427EF6C1AA03293EF6BEAADFE88A
:109DFC0011F0F706E906D206AA0601287EF4D2ABCA
:109E0C009A427EF6DDAB03293EF6DAABDFE811F0C1
:109E1C00970A880A700A470A1A701A6B5A6100224C
:109E2C00C3ED017AC3ED047A1A7607E6D96C596151
:109E3C00A8424FF00001C3ED017A1A70C3ED047A09
:109E4C0019767FF420AED96C1A770022C3ED087A0C
:109E5C00C3ED0B7A196383F8342014E64FF0280213
:109E6C0002FB03534CBFC3ED047A1961C3ED056AC1
:109E7C00FFF7B8B94FF0030CFFF717BBB9F1020F9E
:109E8C007EF4C9AB774B367A1B78B3427EF66DAA5B
:109E9C00754B764906EB860203EB4203002213F85E
:109EAC00015F11F8010F854202F101027EF45DAAF7
:109EBC00062AF4D16E4A1388002B3EF456AA013BB5
:109ECC0013806C486C4A6D4B10F806A01D686C48EA
:109EDC00029586F0BF01A8F10909535C00888AEA53
:109EEC00030383F03807674B12F807C0595CDF5D3A
:109EFC0000935FFA89F981EA0C0189EA0101019169
:109F0C0000F1010E4FF440611FFA8EFEB0FBF1FB25
:109F1C0001FB1B0B6B1C00F1020C1FFA8BF5BEFB3B
:109F2C00F1FB01FB1BEE1FFA8CFC1FFA8EFE039754
:109F3C00CDF814E0C71CBCFBF1FE01FB1ECCBFB27C
:109F4C001FFA8CFCCDF818C0B7FBF1FC01FB1C7799
:109F5C00D3F1000C03F03F0E0495484B019D0CF01F
:109F6C003F0C58BFCCF1000EC3F800E012F805C04E
:109F7C00039B83EA0C0C2B46424DBFB215F803E051
:109F8C000797049D404F3B4B4FF0A00B07F805B0D3
:109F9C00059D7E55069D07F805A00AF1010A03F8F8
:109FAC0006A009F1FF33079D0393384B0193031D62
:109FBC0007F805900493029D324B4FF00009019E67
:109FCC0016F801BF0196049E4E44B6B28BEA0C0AF9
:109FDC00B6FBF1FC01FB1C66B6B212F80AC007F81E
:109FEC0006B0039E09F101094E458EEA0C0C13F8DC
:109FFC000AE0E4DA6E42DFF8A49006F03F0605F0C2
:10A00C003F05A8F1050258BF7542B9F8006050FA37
:10A01C0082F292B20136A8F10403A9F80060B2FBF7
:10A02C00F1F601FB162250FA83F392B29BB207F8B9
:10A03C0002C0B3FBF1F201FB12339BB2A8F103088F
:10A04C0007F803E0124B134A23F815000C4B02F8E7
:10A05C00058050FA88F018800F4B10225A55FEF7E5
:10A06C0084B900BF02BD00200CB30020BC4A012003
:10A07C004E08002004BD0020FCF7010838CC00205D
:10A08C002EC00020FCF6010830C00020C44A01207C
:10A09C00BCCC00207CCC00203CCC002030CC002060
:10A0AC00B9F1010F7EF4B2AA7D4A357A1278AA4230
:10A0BC007EF6B6AA7B4A05EB850102EB41027A4992
:10A0CC0012F8017F11F8010F874203F101037EF4AE
:10A0DC00A7AA062BF4D1754A1388002B3EF4A0AA2C
:10A0EC00013B138085F0BF01714A724B575C13F82A
:10A0FC0005A0714B714802958AEA070787F038076B
:10A10C000088DD5D12F807C06D4F595C0093A8F113
:10A11C00090E3B463F6803975FFA8EFE81EA0C01FD
:10A12C00871C04958EEA0101BDB208950191039D2F
:10A13C004FF4406100F1010CB0FBF1FB01FB1B0B78
:10A14C001FFA8CFC01351FFA8BFB0595CDF818B066
:10A15C00089DBCFBF1FB01FB1BCC1FFA8CFCCDF862
:10A16C001CC0B5FBF1FC01FB1C5C059DC71CD5F1AB
:10A17C00000BBFB21FFA8CFCCDF820C00BF03F0BCC
:10A18C00B7FBF1FC01FB1C7705F03F0C019D58BFA0
:10A19C00CBF1000CC3F800C012F805C0049B83EA95
:10A1AC000C0B454BBFB213F805C00997069D454FE4
:10A1BC00CDF804C04FF0A00C07F805C0079D029B1A
:10A1CC007B55089D3B4B07F805A0099D07F805E05A
:10A1DC00029D0AF1010A03F805A00EF1FF33029368
:10A1EC00031DCDE90430DFF8ECA0019D324B4FF09C
:10A1FC00000C0095049D1AF801EF6544ADB28EEA8F
:10A20C000B00B5FBF1FB01FB1B55ADB212F800B016
:10A21C0007F805E0009D85EA0B0B1D5C02980CF11C
:10A22C00010C6045E5DA0195039DDFF8ACE005987B
:10A23C00D5F1000C0CF03F0C05F03F05A8F1050220
:10A24C0058BFCCF10005BEF800C050FA82F292B2B1
:10A25C000CF1010CA8F10403AEF800C0B2FBF1FC48
:10A26C0001FB1C2250FA83F392B29BB207F802B0A6
:10A27C00B3FBF1F201FB12339BB2019AFA54124A6E
:10A28C00A8F1030322F815000C4A50FA83F0108051
:10A29C000E4A53550E4B10225A55FEF7C1B900BF4A
:10A2AC004E08012058FE0020BC4A0120860A0020DE
:10A2BC00FCF7010850080120FCF601087A0B01207C
:10A2CC00841701207C0B012008180120C8170120DD
:10A2DC0088170120C44A01207C170120B9F1030F13
:10A2EC007EF49EA9AC4B367A1B78B3427EF63DA821
:10A2FC00AA4BAB4906EB860203EB4203002213F890
:10A30C00015F11F8010F854202F101027EF42DA8C4
:10A31C00062AF4D1A34A1388002B3EF426A8013B4D
:10A32C001380A148A14AA24B10F806A01D68A148B1
:10A33C00029586F0BF01A8F10909535C00888AEAEE
:10A34C00030383F038079C4B12F807C0595CDF5DA0
:10A35C0000935FFA89F981EA0C0189EA0101019104
:10A36C0000F1010E4FF440611FFA8EFEB0FBF1FBC1
:10A37C0001FB1B0B6B1C00F1020C1FFA8BF5BEFBD7
:10A38C00F1FB01FB1BEE1FFA8CFC1FFA8EFE0397F0
:10A39C00CDF814E0C71CBCFBF1FE01FB1ECCBFB218
:10A3AC001FFA8CFCCDF818C0B7FBF1FC01FB1C7735
:10A3BC00D3F1000C03F03F0E04957D4B019D0CF086
:10A3CC003F0C58BFCCF1000EC3F800E012F805C0EA
:10A3DC00039B83EA0C0C2B46774DBFB215F803E0B8
:10A3EC000797049D754F704B4FF0A00B07F805B005
:10A3FC00059D7E55069D07F805A00AF1010A03F894
:10A40C0006A009F1FF33079D03936D4B0193031DC8
:10A41C0007F805900493029D674B4FF00009019ECD
:10A42C0016F801BF0196049E4E44B6B28BEA0C0A94
:10A43C00B6FBF1FC01FB1C66B6B212F80AC007F8B9
:10A44C0006B0039E09F101094E458EEA0C0C13F877
:10A45C000AE0E4DA6E42DFF87C9106F03F0605F084
:10A46C003F05A8F1050258BF7542B9F8006050FAD3
:10A47C0082F292B20136A8F10403A9F80060B2FB93
:10A48C00F1F601FB162250FA83F392B29BB207F855
:10A49C0002C0B3FBF1F201FB12339BB2A8F103082B
:10A4AC0007F803E0474B484A23F81500414B02F8E4
:10A4BC00058050FA88F01880444B10225A55FDF74D
:10A4CC0054BF26B14FF07E510576416001611C21CD
:10A4DC0001FB02310D7B002A00F07385187BA8422A
:10A4EC000AD1886898604868586008694969596158
:10A4FC0000211E7018611976012A19D093F82810C2
:10A50C00A9427DF432AF1C2002FB00F01918185C34
:10A51C00187788685862486818620869496919632D
:10A52C00022A4FF00001D86283F834103DF41DAFBD
:10A53C0093F84410A9427DF418AF1C2102FB01F1E1
:10A54C005A18595C90685568186483F8381010696B
:10A55C005169DD6300229864D96483F85020FDF7BB
:10A56C0004BF282103FB01F105EB010E18488EF8FE
:10A57C0025C020314FF4807C20F801C0FEF715BEB9
:10A58C00013904293DF6F1AEDFE811F083043604FD
:10A59C00DD03AA035F0300BFB6710020C067002073
:10A5AC00BC4A012016060020B8710020FCF70108F7
:10A5BC00EC800020E2740020FCF60108E47400201A
:10A5CC00C44A01207081002030810020F0800020DE
:10A5DC00DB160020E4800020BC49BD480EF0E4FDF1
:10A5EC00BB4800210EF032FEB94800210EF036FEB9
:10A5FC00B74800210EF022FEB649B74AB7480023EF
:10A60C000B7005211170B64AB6491360B64A0B603F
:10A61C0040211180B549B64A03700B801370FFF7C7
:10A62C00A1B8A8EB0C00C1B201910CF163010CEBC9
:10A63C000300A1EB08014FF0640CC9B2C0B2B1FB2E
:10A64C00FCFE0CFB1E11B0FBFCFE0CFB1E00C9B289
:10A65C005FFA80FB5945FEF4C0AFDFF838E3029394
:10A66C000EF1010000900198009B00EB0109A1483C
:10A67C00A0FB09A040090CFB10900EEB400913F84D
:10A68C0011A089F801A01EF811900EF810908B45BE
:10A69C0001F1FF31E7D1029BFEF79FBF282103FB9D
:10A6AC0001F105EB010E94488EF825C020314FF4D2
:10A6BC00807C20F801C0FEF700BC904883490EF066
:10A6CC0073FD8E4829460EF0C1FD8C4829460EF0CC
:10A6DC00C5FD8A4829460EF0B1FD894B894A1D708B
:10A6EC00894B157005221A70884B894A1D60894B5D
:10A6FC00156040221A80884A884B15801D70FFF720
:10A70C0047B9874871490EF04FFD854829460EF030
:10A71C009DFD834829460EF0A1FD814829460EF087
:10A72C008DFD804B804A1D70804B157005221A7070
:10A73C007F4B804A1D60804B156040221A807F4AF7
:10A74C007F4B15801D70FFF799B87E485F490EF05E
:10A75C002BFD7C4829460EF079FD7A4829460EF0EF
:10A76C007DFD784829460EF069FD774B774A1D70C0
:10A77C00774B157005221A70764B774A1D60774B14
:10A78C00156040221A80764A764B15801D70FFF7B3
:10A79C002FB875484FF480410EF0F0F8A8F102087C
:10A7AC00724B73485FFA88F188461A4603EB4101F5
:10A7BC0010F8015F22F8025B8A42F9D16D4D6E48A8
:10A7CC00AB600621C5F81C800DF06AF82A466A4871
:10A7DC0006210DF097F8684806210DF0DDF80522EA
:10A7EC00654806210DF0ECF8394880210EF054FD37
:10A7FC001022614806210DF0EFF85F4806210DF09C
:10A80C00D5F85E4B01221A70FDF7AFBD5C484FF4D2
:10A81C0080510EF0B3F8A8F102085A4B54485FFA75
:10A82C0088F188461A4603EB410110F8015F22F8C3
:10A83C00025B9142F9D1544D5448AB600421C5F8E8
:10A84C001C800DF02DF82A46504804210DF05AF8C2
:10A85C004E4804210DF0A0F8042211464B480DF08F
:10A86C00AFF8384880210EF017FD1022474804211C
:10A87C000DF0B2F8454804210DF098F8444B012234
:10A88C001A70FDF772BD93F82810A9427EF497A9AF
:10A89C00FEF780B90B46FEF72BBE6346FEF723BED0
:10A8AC007346FEF71CBE0B46FEF714BE92F88400EE
:10A8BC0001445FFA81FBFEF72ABE92F88400014442
:10A8CC0063465FFA81FBFEF722BE00BF40420F00D9
:10A8DC00001401406B0A0120850A00206C0A01203B
:10A8EC008417012080170120860A00207C17012084
:10A8FC00520A01201F85EB516B18002000100140FB
:10A90C008728002088280020DD030020A0350020A7
:10A91C009C350020DE030020983500206E28002096
:10A92C0000480040D3730020D4730020150600208B
:10A93C00EC800020E880002016060020E480002037
:10A94C00BA730020004C00401FBF002020BF002025
:10A95C004D08002038CC002034CC00204E080020BC
:10A96C0030CC002006BF0020000402409842012099
:10A97C00BD4A0120900A002000640240780A0120A0
:10A98C000008024044F700205808002000600240F4
:10A99C002CBF0020F8190020C3484FF400410DF0E3
:10A9AC00EDFFA8F10208C14BC1485FFA88F1884657
:10A9BC001A4603EB410110F8015F22F8025B8A4250
:10A9CC00F9D1BC4DBC48AB600321C5F81C800CF020
:10A9DC0067FF2A46B84803210CF094FFB6480321C0
:10A9EC000CF0DAFF0422B44803210CF0E9FFB34861
:10A9FC0080210EF051FC1022AF4803210CF0ECFF2B
:10AA0C00AD4803210CF0D2FFAD4B01221A70FDF7BB
:10AA1C00ACBC5962596983F83450C3ED087A1A7783
:10AA2C00C3ED0B7A1963FEF7DEBF0546FEF74EBE8B
:10AA3C00B2799FEDA46ADFEDA46A9FEDA45A07EEEC
:10AA4C00902AF8EE677A727967EE867A07EE102A0A
:10AA5C0076EEE76A9E4AC5EE265AC3F30803142124
:10AA6C0001FB032300221A74B8EE477AC3ED017A76
:10AA7C0027EE067AC3ED035A83ED007AFDF775BC19
:10AA8C0072799FED907A07EE902A914AF8EE677AE8
:10AA9C00C3F30803142101FB032367EE877A00221A
:10AAAC00C3ED007AC3ED027A1A74FDF75EBC884AD6
:10AABC001421C3F3080301FB03234FF07E52002142
:10AACC001A609A601974FDF750BC814A1421C3F3C3
:10AADC00080301FB0323002200211A609A601974F9
:10AAEC00FDF743BC7B4A1421C3F3080301FB03238A
:10AAFC00002200211A609A601974FDF736BC6F4869
:10AB0C000EF052FB6D4800210EF0A0FB6B480021AB
:10AB1C000EF0A4FB69484FF4C0610EF08FFBFEF7FA
:10AB2C00AABE66480EF040FB644800210EF08EFB76
:10AB3C00624800210EF092FB60484FF480610EF0E9
:10AB4C007DFBFEF798BEB2799FED5E6ADFED5E6A23
:10AB5C009FED5E5A07EE902AF8EE677A727967EEEF
:10AB6C00867A07EE102A76EEE76A5B4AC5EE265A1D
:10AB7C00C3F30803142101FB032300221A74B8EE5B
:10AB8C00477AC3ED017A27EE067AC3ED035A83EDBB
:10AB9C00007AFDF7EABB72799FED4A7A07EE902AAC
:10ABAC004D4AF8EE677AC3F30803142101FB032323
:10ABBC0067EE877A0022C3ED007AC3ED027A1A742D
:10ABCC00FDF7D3BB444A1421C3F3080301FB032351
:10ABDC004FF07E5200211A609A601974FDF7C5BBC4
:10ABEC003D4A1421C3F3080301FB03230022002177
:10ABFC001A609A601974FDF7B8BBB2799FED316A8F
:10AC0C00DFED316A9FED315A07EE902AF8EE677A44
:10AC1C00727967EE867A07EE102A76EEE76A2D4A8D
:10AC2C00C5EE265AC3F30803142101FB03230022AB
:10AC3C001A74B8EE477AC3ED017A27EE067AC3EDA3
:10AC4C00035A83ED007AFDF790BBB8F1030F3DF486
:10AC5C008CAB224BF7781C2101FB023100200F73C7
:10AC6C0008761946824200F1010016D00D7BBD42D8
:10AC7C0013D11C2602FB06F69D19D5F808C0C1F8A5
:10AC8C0008C0D5F804C0C1F804C09E5D0E702E69D2
:10AC9C000E616D694D6100250D76032801F11C01D3
:10ACAC00E0D1FDF762BB00BF00040240F8AB00200E
:10ACBC00BD4A0120200600200060024000480040F0
:10ACCC00E07300208180803B5C8F823F17B7D138C6
:10ACDC00F8830020AC38002044CF002080010020F5
:10ACEC00B8F1030F3DF441AB1C21C64BF07802FBCD
:10ACFC0001F15854194400204860086100200F7B72
:10AD0C0008761946824200F1010016D00D7BBD4237
:10AD1C0013D11C2602FB06F69D19D5F808C0C1F804
:10AD2C0008C0D5F804C0C1F804C09E5D0E702E6931
:10AD3C000E616D694D6100250D76032801F11C0132
:10AD4C00E0D1FDF712BBB8F1040F7DF60EAB1C2061
:10AD5C00AC4B02FB00F01918185C28B3F57807EE21
:10AD6C00905A3579042807EE105A00F0C7809FEDF1
:10AD7C00A66ADFEDA66A9FEDA65AB8EE477AF8EE02
:10AD8C00677A27EE067A67EE867A76EEC76A81EDE9
:10AD9C00027AC5EE265AC1ED017AC1ED055A1C2185
:10ADAC0001FB0231002008761C2101FB0231954B7E
:10ADBC000F7B00201946824200F1010016D00D7B5A
:10ADCC00BD4213D11C2602FB06F69D19D5F808C00E
:10ADDC00C1F808C0D5F804C0C1F804C09E5D0E705F
:10ADEC002E690E616D694D6100250D76032801F108
:10ADFC001C01E0D1FDF7B9BAB8F1030F3DF4B5AAC7
:10AE0C001C21804B02FB01F1595CD1B1F0789FED14
:10AE1C007E7A07EE900AF8EE677A042967EE877A55
:10AE2C0006D1F5EE407AF1EE10FA18BFF7EE007A83
:10AE3C001C2101FB02310020C1ED017AC1ED047A25
:10AE4C0008761C2101FB02316E4B0F7B002019464A
:10AE5C00904200F1010016D00D7BBD4213D11C268F
:10AE6C0002FB06F69D19D5F808C0C1F808C0D5F844
:10AE7C0004C0C1F804C09E5D0E702E690E616D6930
:10AE8C004D6100250D76032801F11C01E0D1FDF781
:10AE9C006CBA1C215B4B02FB01F15818595C29B1AF
:10AEAC004FF07E5141600161002101761C2101FBB4
:10AEBC000231544B0F7B00201946824200F10100F5
:10AECC0016D00D7BBD4213D11C2602FB06F69D1934
:10AEDC00D5F808C0C1F808C0D5F804C0C1F804C042
:10AEEC009E5D0E702E690E616D694D6100250D76AB
:10AEFC00032801F11C01E0D1FDF737BAF8EE677AAF
:10AF0C009FED417A67EE877A0020F5EE407AF1EEFC
:10AF1C0010FA18BF4FF07E50486008613FE793F875
:10AF2C002810A9427DF464ADFDF74DBD39480EF0F3
:10AF3C003BF9384800210EF089F936484FF400519E
:10AF4C000EF08CF933484FF4C0610EF077F9FEF730
:10AF5C0006BC30480EF028F92E4800210EF076F988
:10AF6C002C484FF400510EF079F92A484FF48061C7
:10AF7C000EF064F9FEF7F3BB72799FED237A07EEBE
:10AF8C00902A254AF8EE677AC3F30803142101FBD3
:10AF9C00032367EE877A0022C3ED007AC3ED027AB1
:10AFAC001A74FDF7E2B91C4A1421C3F3080301FB20
:10AFBC0003234FF07E5200211A609A601974FDF73A
:10AFCC00D4B993F82810A9427FF4B2AAFFF79BBA20
:10AFDC0010480EF0E9F80F480021FEF7B5BB0D48FC
:10AFEC000EF0E2F80B484FF480510EF02FF909489F
:10AFFC0000210EF033F9074800210EF01FF9FEF77F
:10B00C00AEBB00BF800100208180803B5C8F823F03
:10B01C0017B7D13800140140AC380020CC480EF0E2
:10B02C00C3F8CB4800210EF011F9C94800210EF0ED
:10B03C0015F9C7484FF4C0610EF000F9FEF78FBB4D
:10B04C00C3480EF0B1F8C24800210EF0FFF8C0481A
:10B05C0000210EF003F9BE484FF480610EF0EEF8BB
:10B06C00FEF77DBBBA480EF09FF8B9480021BCE74B
:10B07C00B8480EF099F8B74800210EF0E7F8B5483B
:10B08C0000210EF0EBF8B34800210EF0D7F8FEF7D4
:10B09C00ACBBB0480EF088F8AE4800210EF0D6F8E4
:10B0AC00AC4800210EF0DAF8AA484FF4C0610EF05B
:10B0BC00C5F8FEF79ABBA7480EF076F8A548002114
:10B0CC000EF0C4F8A34800210EF0C8F8A1484FF4C4
:10B0DC0080610EF0B3F8FEF788BB9E480EF064F862
:10B0EC009C4800210EF0B2F89A484FF400510EF033
:10B0FC00B5F898484FF4C0610EF0A0F8FEF775BB98
:10B10C0094480EF051F8934800210EF09FF89148A6
:10B11C004FF400510EF0A2F88E484FF480610EF0FF
:10B12C008DF8FEF762BB8B480EF03EF88948002183
:10B13C00FEF750BB87480EF037F886484FF4805125
:10B14C009BE785480EF030F8834800210EF07EF81E
:10B15C00814800210EF082F87F4800210EF06EF835
:10B16C00FEF789BB7D480EF01FF87C4800210EF0DD
:10B17C006DF87A4800210EF071F8784800210EF035
:10B18C005DF8FEF702BC75480EF00EF8734800210E
:10B19C000EF05CF8714800210EF060F86F484FF427
:10B1AC00C0610EF04BF8FEF7F0BB6C480DF0FCFFE5
:10B1BC006A4800210EF04AF8684800210EF04EF85B
:10B1CC0066484FF480610EF039F8FEF7DEBB634839
:10B1DC000DF0EAFF614800210EF038F85F484FF49B
:10B1EC0000510EF03BF85D484FF4C0610EF026F8AC
:10B1FC00FEF7CBBB59480DF0D7FF584800210EF095
:10B20C0025F856484FF400510EF028F853484FF4E7
:10B21C0080610EF013F8FEF7B8BB50480DF0C4FF78
:10B22C004E480021FEF7A6BB4C480DF0BDFF4B4825
:10B23C004FF480519BE748480DF0B6FF464800217B
:10B24C000EF004F844484FF400510EF007F8424851
:10B25C004FF4C0610DF0F2FFFEF70DBB3E480DF050
:10B26C00A3FF3D4800210DF0F1FF3B484FF4005186
:10B27C000DF0F4FF38484FF480610DF0DFFFFEF75E
:10B28C00FABA35480DF090FF33480021FEF7E8BAC2
:10B29C0031480DF089FF30484FF4805156E7B279B0
:10B2AC00DFED2F6A9FED2F7ADFED2F5A07EE902AF4
:10B2BC00F8EE677A727967EEA67AC3F3080537EE73
:10B2CC00677A4FF0140C85EE876A07EE102A274A2E
:10B2DC00B8EE477A0CFB052227EE267A002582ED84
:10B2EC00007AC2ED017A82ED036A1574FDF768B934
:10B2FC0072799FED1B7A07EE902A1C4AF8EE677A5A
:10B30C00C3F308054FF0140C0CFB052267EE877A8B
:10B31C000025C2ED007AC2ED027A1574FDF750B922
:10B32C00124AC3F308054FF0140C0CFB05224FF026
:10B33C007E551560956000251574FDF741B90B4AD3
:10B34C00C3F308054FF0140C0CFB05220025F0E7A5
:10B35C0000140140004C0040004800400010014027
:10B36C008180803B5C8F823F17B7D138981A0120BF
:10B37C00B8F10A0F7CF4F9AF854A73781578002D73
:10B38C007CF4F3AF012B29D0022B7FD0032B40F0A0
:10B39C00A280804BB278804F31891A70F379D6F83D
:10B3AC0003003B707D4F7E4E49BA3980012A01BAA9
:10B3BC00316000F0B880002A40F0D780002800F0FF
:10B3CC008D81072B00F28A81DFE813F061025002B5
:10B3DC003F022E02C501B301A1017701714BB27876
:10B3EC00714F31891A70F379D6F803003B706F4FA7
:10B3FC006F4E49BA3980012A01BA316011D0002A46
:10B40C0031D1002800F05A82072B00F25782DFE876
:10B41C0013F01C030B03FA02E90234032203D702D4
:10B42C004402644864490DF0BFFE624829460DF0A1
:10B43C000DFF604829460DF011FF5E4829460DF0BE
:10B44C00FDFE5E4A5E4B15701D705E495E4A5F4B99
:10B45C001560052008701D605D495E4A5E4B1580C5
:10B46C00402008801D705D4A0023137072B65C4A40
:10B47C005C4813605C495D4A03604FF49670088029
:10B48C00138062B65A4A1370FCF76FBF594BB278EF
:10B49C00594F31891A70F379D6F803003B70574F26
:10B4AC00574E49BA3980012A01BA316000F00A823C
:10B4BC00002A40F02982002800F0F682072B00F2C7
:10B4CC00F382DFE813F0F502470336032F03290359
:10B4DC0017030503E002042B7CF447AF494BB27809
:10B4EC00494F31891A70F379D6F803003B70474FF6
:10B4FC00474E49BA3980012A01BA316000F0A88060
:10B50C00002A40F0C780002800F0FD80072B00F2D5
:10B51C00FA80DFE813F083017201610150014A01E6
:10B52C0038012601E7003B4823490DF03DFE394820
:10B53C0029460DF08BFE374829460DF08FFE354815
:10B54C0029460DF07BFE344A344B15701D7034497E
:10B55C00344A354B1560052008701D603349344A58
:10B56C00344B1580402008801D70334A0023137023
:10B57C0072B6324A324813603249334A03604FF490
:10B58C0096700880138062B6304A1370FCF7EDBEDB
:10B59C00B60A00201C060020F4830020F283002051
:10B5AC00180600208C0A00208C1A01208A1A01200F
:10B5BC00880A00200014014040420F006C0A012050
:10B5CC006B0A0120850A00208017012084170120B6
:10B5DC00860A00207C170120520A0120790A0120DA
:10B5EC00504701204C4701208E0A0020484701207B
:10B5FC006A0A01205408002040CF00203ECF0020D2
:10B60C0050080020E4030020A8380020A6380020B1
:10B61C00E003002000480040D4730020D3730020C6
:10B62C0015060020E8800020EC8000201606002083
:10B63C00E4800020BA730020E1730020B0B0002039
:10B64C00ACB000201E060020A8B00020D273002051
:10B65C00B748B8490DF0A8FDB54829460DF0F6FDE0
:10B66C00B34829460DF0FAFDB14829460DF0E6FD28
:10B67C00B14AB24B15701D70B149B24AB24B15604C
:10B68C00052008701D60B149B14AB24B15804020AD
:10B69C0008801D70B04A0023137072B6AF4AB048D0
:10B6AC001360B049B04A03604FF496700880138061
:10B6BC0062B6AE4A1370FCF758BEAD480DF074FD7F
:10B6CC00AB484FF480510DF0C1FDA9484FF4005127
:10B6DC000DF0C4FDA64800210DF0B0FDA54B0022D5
:10B6EC001A7042E792480DF05FFD91484FF480517B
:10B6FC000DF0ACFD8E484FF400510DF0AFFD8C48B1
:10B70C0000210DF09BFD9C4B00221A70C2E798485B
:10B71C000DF04AFD964800210DF098FD94484FF429
:10B72C0000510DF09BFD92484FF4C0610DF086FD69
:10B73C00D4E78F480DF038FD8D4800210DF086FDC3
:10B74C008B484FF400510DF089FD89484FF480610E
:10B75C000DF074FDC2E786480DF026FD84480021EB
:10B76C00B1E773480DF020FD714800210DF06EFD1E
:10B77C006F484FF400510DF071FD6D484FF4C061EE
:10B78C000DF05CFDBFE76A480DF00EFD6848002126
:10B79C000DF05CFD66484FF400510DF05FFD644800
:10B7AC004FF480610DF04AFDADE761480DF0FCFCF3
:10B7BC005F4800219CE75E480DF0F6FC5C484FF4B6
:10B7CC0080510DF043FD5A4800210DF047FD5848BB
:10B7DC0000210DF033FD96E755480DF0E5FC54487B
:10B7EC0000210DF033FD524800210DF037FD50487B
:10B7FC004FF4C0610DF022FD85E74D480DF0D4FCEF
:10B80C004B4800210DF022FD494800210DF026FD8A
:10B81C0047484FF480610DF011FD74E744480DF07A
:10B82C00C3FC43480021CCE751480DF0BDFC504807
:10B83C004FF480510DF00AFD4D4800210DF00EFD26
:10B84C004B4800210DF0FAFC48E749480DF0ACFCE0
:10B85C00474800210DF0FAFC454800210DF0FEFC94
:10B86C0043484FF4C0610DF0E9FC37E740480DF058
:10B87C009BFC3F4800210DF0E9FC3D4800210DF0F8
:10B88C00EDFC3B484FF480610DF0D8FC26E73848BE
:10B89C000DF08AFC36480021CCE738480DF084FCCA
:10B8AC0036484FF480510DF0D1FC34484FF4005120
:10B8BC000DF0D4FC314800210DF0C0FC304B0022BF
:10B8CC001A70D0E52F481B490DF06EFC2D48294607
:10B8DC000DF0BCFC2B4829460DF0C0FC294829462C
:10B8EC000DF0ACFC284A294B15701D702849294ACB
:10B8FC00294B1560052008701D602849284A294BE2
:10B90C001580402008801D70274A0023137072B6E2
:10B91C00264A274813602749274A03604FF496703C
:10B92C000880138062B6254A1370FCF71EBD00BF59
:10B93C000010014040420F0088280020872800207A
:10B94C00DD0300209C350020A0350020DE03002004
:10B95C00983500206E280020952800206465002072
:10B96C0060650020E60300205C650020862800202E
:10B97C0000480040E273002096280020001401408B
:10B98C007A0A0120004C004020BF00201FBF00207D
:10B99C004D08002034CC002038CC00204E0800206C
:10B9AC0030CC002006BF00202DBF0020FCFB002067
:10B9BC00F8FB002056080020F4FB00201EBF0020DE
:10B9CC006D480DF0F1FB6C4800210DF03FFC6A480E
:10B9DC004FF400510DF042FC67484FF4C0610DF07C
:10B9EC002DFC6BE764480DF0DFFB63484FF480518E
:10B9FC000DF02CFC604800210DF030FC5E4800215D
:10BA0C000DF01CFC5AE75C480DF0CEFB5A480021A7
:10BA1C000DF01CFC584800210DF020FC56484FF44A
:10BA2C00C0610DF00BFC49E753480DF0BDFB5248CB
:10BA3C0000210DF00BFC504800210DF00FFC4E487E
:10BA4C004FF480610DF0FAFB38E74B480DF0ACFB7E
:10BA5C0049480021CCE748480DF0A6FB4648002198
:10BA6C000DF0F4FB44484FF400510DF0F7FB424845
:10BA7C004FF480610DF0E2FB20E73F480DF094FBA2
:10BA8C003D4800210FE73D480DF08EFB3B484FF43D
:10BA9C0080510DF0DBFB39484FF400510DF0DEFB0B
:10BAAC00364800210DF0CAFB354B00221A702BE7EB
:10BABC0032480DF079FB314800210DF0C7FB2F48BF
:10BACC0000210DF0CBFB2D4800210DF0B7FBEBE76F
:10BADC002A480DF069FB294800210DF0B7FB2748D7
:10BAEC004FF400510DF0BAFB24484FF4C0610DF037
:10BAFC00A5FBD9E721480DF057FB204800210DF09C
:10BB0C00A5FB1E484FF400510DF0A8FB1B484FF449
:10BB1C0080610DF093FBC7E718480DF045FB174803
:10BB2C000021B6E715480DF03FFB14484FF4805147
:10BB3C00C3E712480DF038FB104800210DF086FBCE
:10BB4C000E4800210DF08AFB0C484FF4C0610DF03B
:10BB5C0075FBA9E709480DF027FB084800210DF0FB
:10BB6C0075FB064800210DF079FB04484FF4806109
:10BB7C000DF064FB98E700BF00140140004C00403E
:10BB8C002EBF00202DE9F04FAB4BAC4AAC4C1978D2
:10BB9C001078257883B0002940F0AA805DB1A94BBC
:10BBAC00A94D1E682B68F31AB3F57A7F00F27C81DD
:10BBBC0003B0BDE8F08F002840F0EC80A14BA24D03
:10BBCC001E682B68F31A012BF2D9DFF8C0C2BCF83F
:10BBDC0000100029ECD0DFF8B8E29C4CDEF8002015
:10BBEC00DFF8B082DFF8B0B2534203F03F0302F04B
:10BBFC003F0758BF5F4234F817305C1CA4B2A8FB57
:10BC0C0004A94FEAD92909EB4909A4EB8924A4B268
:10BC1C00DFF888921BF80440A9FB04A904EBD914A3
:10BC2C0004F0FF04DFF8789219F804A009F8040076
:10BC3C00BAF1000F40F09C80DFF868A21AF8079068
:10BC4C00B9F1000F00F09480814A8248D25D0092D5
:10BC5C004FF4804101930CF091FE009A002A00F001
:10BC6C006B81019B009619467B4B184603EB420CEB
:10BC7C00A8FB01E6F60A06EB4606A1EB8626013187
:10BC8C001BF8066020F8026B8445F1D1009E91B23E
:10BC9C00DFF8E4817148C8F81C100621C8F8083098
:10BCAC000BF0FEFD42466D4806210BF02BFE6B4857
:10BCBC0006210BF071FE0522684806210BF080FE70
:10BCCC00674880210DF0E8FA1022644806210BF039
:10BCDC0083FE062161480BF069FE624A62492E60C0
:10BCEC00012309F1FF390AF807900B5513705FE730
:10BCFC005E4A584814784FF4804100221A700CF0B8
:10BD0C003DFEE243D2B25A4B5A48995C524B805C8E
:10BD1C005C8081F03C02584C9A800425D880AF227C
:10BD2C004E48A3600621E5611A800BF0B9FD22464E
:10BD3C004A4806210BF0E6FD484806210BF02CFE84
:10BD4C000522464806210BF03BFE454880210DF0AC
:10BD5C00A3FA1022414806210BF03EFE3F48062173
:10BD6C000BF024FE3F4B01221A7003B0BDE8F08F9C
:10BD7C0001325342414803F03F0302F03F0258BFE7
:10BD8C005A420388CEF8002001390133ACF8001078
:10BD9C0003800DE73A4B2F481C7815704FF4804107
:10BDAC000CF0ECFD374B1B78A34240F2BF80364AB7
:10BDBC002F4804EB840302EB4302274B56785E803A
:10BDCC0086F03F069578815D9D804D402949D77856
:10BDDC008E5DDF8085F03F057E40475D4D5D92F8BE
:10BDEC0005C0DC81774016791E817540C65DCF5D3C
:10BDFC00A3F80AC06E409579825D8E5D9D8187EABD
:10BE0C000C077A406E40855C8A5C75405440425DFC
:10BE1C0054404A5D005D095DAA2442400A2609206F
:10BE2C001C800825144C23F81520A36023F810104F
:10BE3C00E6610A48062178E76B0A01206C0A0120AA
:10BE4C00850A0020204C0120700A012008180120CE
:10BE5C00C8170120000402409842012000640240EF
:10BE6C0000140140780A012088190120830A00205F
:10BE7C00FCF70108FCF60108900A0020860A002055
:10BE8C00840A00204E08012058FE00207C17012057
:10BE9C0080170120ABAAAAAA7C0B0120818080808C
:10BEAC008818012088170120254B26481F784FF44D
:10BEBC0080410CF063FD244B244A5F8087F0BF0760
:10BECC002348D25D82F015029A80224AD25D224F1D
:10BEDC00DA80CC22BB601A8006210423FB610BF0B4
:10BEEC00DFFC3A461A4806210BF00CFD18480621D7
:10BEFC000BF052FD0522164806210BF061FD174888
:10BF0C0080210DF0C9F91022114806210BF064FDB7
:10BF1C000F4806210BF04AFD114B2E6001221A70BE
:10BF2C002378013B237003B0BDE8F08FFF21064B53
:10BF3C00022601200A4675E7034B1146A8E600BF0E
:10BF4C00820A00200004024098420120FCF70108FC
:10BF5C0000640240FCF60108900A00200014014025
:10BF6C00780A012070B52A4B2A482B4A2B491B68AA
:10BF7C000578098810782A4C002263F3070260F3D5
:10BF8C000F22080A60F3174261F31F620021254853
:10BF9C00C4F8062065F307011A0E62F30F211A0C80
:10BFAC0062F317411B0A05681F4A63F31F61C4F84B
:10BFBC0002104FF4D07312881C49238028460EF0CF
:10BFCC00B5FB18B11A4B01221A7070BD4122062123
:10BFDC0018480DF04DFF412203460A2120461C460D
:10BFEC000DF046FF0146064620460EF04FF821465E
:10BFFC0028460EF04FFB28460EF0C6FB20460EF0EE
:10C00C001DF830460EF01AF8094B01221A7070BD5B
:10C01C00880A00208C0A00208C1A01208A1A012020
:10C02C00600A0120144C0120B40A0020C04B0120EE
:10C03C006A0A0120184C012038B572B634493548CB
:10C04C00354D0DF0B1F8334800210DF0FFF83148B3
:10C05C004FF400510DF002F92E4800210DF0EEF8CE
:10C06C004FF480412D480CF089FC2D4B9FED2D7A1F
:10C07C002A46002142F8021B03F52051D3ED027A27
:10C08C0067EE877A1433FCEEE77A8B4217EE900A50
:10C09C0022F8020FF2D1244C2448A56040F202236E
:10C0AC000621E3610BF0FCFB2246204806210BF035
:10C0BC0029FC1E4806210BF06FFC05221B480621AB
:10C0CC000BF07EFC134880210DF0E6F81748102287
:10C0DC0006210BF081FC154806210BF067FC41F2A0
:10C0EC00883400BF013CFCD10A4811490DF05CF8C2
:10C0FC00214608480DF0AAF806484FF400510DF0FF
:10C10C00ADF8044821460DF099F862B638BD00BF71
:10C11C00A086010000140140984201200004024056
:10C12C00981A012000007F43900A0020006402400E
:10C13C0090D003002DE9F84F364E374F3488C4F3B6
:10C14C00080505EB850307EB83031A7C52B1013418
:10C15C00A4B2324B1B88B4FBF3F203FB12443480C1
:10C16C00BDE8F88F93ED007ADFED2D6AD3ED017AFF
:10C17C00DFF8C0A02B49013427EE267A1346C4F30E
:10C18C00072262F3070367EEA67A274ABCEEC77A4A
:10C19C00D2F80090FCEEE77A17EE102AA4B264F302
:10C1AC000F2362F3174317EE902A62F31F631F4AA3
:10C1BC00CAF80230128840F2A31348464FEA8508A9
:10C1CC00AAF800300EF0B2FA28B1A84407EB8807A1
:10C1DC0001233B74BDE74122062115480DF048FEB2
:10C1EC0041220346062150469A460DF041FE8346F5
:10C1FC00014650460DF04AFF514648460EF04AFAA9
:10C20C0048460EF0C1FA50460DF018FF58460DF096
:10C21C0015FFDAE7881A0120981A01208A1A0120E2
:10C22C0000007F43C04B0120144C0120B40A0020B5
:10C23C00184C0120901A01202DE9F04F824B834AB3
:10C24C00834C19781078257883B0002940F0AA80A7
:10C25C005DB1804B804E1F683368FB1AB3F57A7F53
:10C26C0000F2988103B0BDE8F08F002840F01E81E9
:10C27C00784B794D1E682B68F31A012BF2D9DFF835
:10C28C0010C2BCF800100029ECD0DFF808E2734CA7
:10C29C00DEF80020DFF80082DFF800B2534203F032
:10C2AC003F0302F03F0758BF5F4234F817305C1C65
:10C2BC00A4B2A8FB04A94FEAD92909EB4909A4EBBC
:10C2CC008924A4B2DFF8D8911BF80440A9FB04A977
:10C2DC0004EBD91404F0FF04DFF8C89119F804A09A
:10C2EC0009F80400BAF1000F40F09C80DFF8B8A107
:10C2FC001AF80790B9F1000F00F09480584A594889
:10C30C00D25D00924FF4805101930CF037FB009AF0
:10C31C00002A00F08A81019B00961946524B184660
:10C32C0003EB420CA8FB01E6F60A06EB4606A1EB72
:10C33C00862601311BF8066020F8026B8445F1D18A
:10C34C00009E91B2DFF840814848C8F81C100421C7
:10C35C00C8F808300BF0A4FA4246444804210BF00C
:10C36C00D1FA424804210BF017FB042211463F4836
:10C37C000BF026FB3E4880210CF08EFF10223B4830
:10C38C0004210BF029FB042138480BF00FFB394A30
:10C39C0039492E60012309F1FF390AF807900B5532
:10C3AC0013705FE7354A2F4815784FF480510022FF
:10C3BC001A700CF0E3FAEA43D2B2314B3148995C73
:10C3CC00294B805C5D8004242F4DD88081F03C0289
:10C3DC009A802146AF222548AB601A80EC610BF0A5
:10C3EC005FFA2A46214621480BF08CFA21461F4859
:10C3FC000BF0D2FA224621461C480BF0E1FA1C48FD
:10C40C0080210CF049FF1022214618480BF0E4FA69
:10C41C00164821460BF0CAFA164B01221A7003B0CB
:10C42C00BDE8F08F01325342184803F03F0302F08D
:10C43C003F0258BF5A420388CEF80020013901331D
:10C44C00ACF8001003800DE71FBF002020BF0020B8
:10C45C004D080020204C012024BF0020BCCC002023
:10C46C007CCC00200008024044F700200060024011
:10C47C00004C00402CBF00203CCE00204B0800207C
:10C48C00FCF70108FCF60108580800204E080020B3
:10C49C0030CC002034CC0020ABAAAAAA30C000209B
:10C4AC00818080803CCD00203CCC0020604B6148DA
:10C4BC001C7815704FF480510CF060FA5E4B1B78B1
:10C4CC00A34240F2AC805D4A5D4804EB840302EB6E
:10C4DC0043025C4B56785E8086F03F069578815D12
:10C4EC009D804D405849D7788E5DDF8085F03F05A3
:10C4FC007E40475D4D5D92F805C0DC817740167932
:10C50C001E817540C65DCF5DA3F80AC06E4095795B
:10C51C00825D8E5D9D8187EA0C077A406E40855C5A
:10C52C008A5C75405440425D54404A5D005D095D33
:10C53C00AA2442400A2609201C800825434C23F8D3
:10C54C00152023F810104248A3600421E6610BF07B
:10C55C00A7F922463E4804210BF0D4F93C480421AB
:10C56C000BF01AFA0422114639480BF029FA394813
:10C57C0080210CF091FE1022354804210BF02CFA8E
:10C58C00334804210BF012FA334B01221A7003B01A
:10C59C00BDE8F08F314B27481D78DFF8B0804FF4A1
:10C5AC0080510CF0EBF9274B254A5D8085F0BF05D7
:10C5BC002748525DC8F8083082F015029A80224A4A
:10C5CC00525DDA800425CC2229461A80C8F81C500A
:10C5DC000BF066F9424629461D480BF093F92946A3
:10C5EC001B480BF0D9F92A46294619480BF0E8F9F3
:10C5FC00184880210CF050FE1022294614480BF0EC
:10C60C00EBF9134829460BF0D1F9134B3760012293
:10C61C001A702378013B237003B0BDE8F08FFF2123
:10C62C00084B022601200A4688E7064B114689E68C
:10C63C004C0800200008024002BD00200CB3002072
:10C64C00FCF7010844F70020FCF60108580800200C
:10C65C0000600240004C00402CBF00204A08002023
:10C66C0070B52A4B2A482B4A2B491B680578098838
:10C67C0010782A4C002263F3070260F30F22080A99
:10C68C0060F3174261F31F6200212548C4F80620AD
:10C69C0065F307011A0E62F30F211A0C62F31741AE
:10C6AC001B0A05681F4A63F31F61C4F802104FF49C
:10C6BC00287312881C49238028460EF037F818B1CD
:10C6CC001A4B01221A7070BD4122062118480DF038
:10C6DC00CFFB412203460A2120461C460DF0C8FB25
:10C6EC000146064620460DF0D1FC214628460DF0A9
:10C6FC00D1FF28460EF048F820460DF09FFC30463E
:10C70C000DF09CFC094B01221A7070BD50080020E2
:10C71C005408002040CF00203ECF002014BF002042
:10C72C00144C0120B40A0020C04B01201EBF002075
:10C73C00184C012038B572B634493548354D0CF0DB
:10C74C0033FD334800210CF081FD31484FF400518A
:10C75C000CF084FD2E4800210CF070FD4FF480513C
:10C76C002D480CF00BF92D4B9FED2D7A2A4600210C
:10C77C0042F8021B03F52051D3ED027A67EE877A5B
:10C78C001433FCEEE77A8B4217EE900A22F8020F74
:10C79C00F2D1244C2448A56040F202230421E36129
:10C7AC000BF07EF82246204804210BF0ABF81E4813
:10C7BC0004210BF0F1F8042211461B480BF000F990
:10C7CC00134880210CF068FD1748102204210BF04F
:10C7DC0003F9154804210BF0E9F841F2883400BF45
:10C7EC00013CFCD10A4811490CF0DEFC21460848FA
:10C7FC000CF02CFD06484FF400510CF02FFD0448B2
:10C80C0021460CF01BFD62B638BD00BFA0860100AE
:10C81C00004C004044F700200008024044CF0020A8
:10C82C0000007F43580800200060024090D00300B5
:10C83C002DE9F84F364E374F3488C4F3080505EB15
:10C84C00850307EB83031A7C52B10134A4B2324B3B
:10C85C001B88B4FBF3F203FB12443480BDE8F88F61
:10C86C0093ED007ADFED2D6AD3ED017ADFF8C0A0ED
:10C87C002B49013427EE267A1346C4F3072262F3C0
:10C88C00070367EEA67A274ABCEEC77AD2F8009067
:10C89C00FCEEE77A17EE102AA4B264F30F2362F3CE
:10C8AC00174317EE902A62F31F631F4ACAF802302F
:10C8BC00128840F2A32348464FEA8508AAF80030B4
:10C8CC000DF034FF28B1A84407EB880701233B7413
:10C8DC00BDE74122062115480DF0CAFA4122034654
:10C8EC00062150469A460DF0C3FA8346014650463F
:10C8FC000DF0CCFB514648460DF0CCFE48460DF0F1
:10C90C0043FF50460DF09AFB58460DF097FBDAE7C3
:10C91C003CCF002044CF00203ECF002000007F43BE
:10C92C00C04B0120144C0120B40A0020184C0120EB
:10C93C00901A01202DE9F04FAB4BAC4AAC4C197856
:10C94C001078257883B0002940F0AA805DB1A94BFE
:10C95C00A94D1E682B68F31AB3F57A7F00F27C811F
:10C96C0003B0BDE8F08F002840F0EC80A14BA24D45
:10C97C001E682B68F31A012BF2D9DFF8C0C2BCF881
:10C98C0000100029ECD0DFF8B8E29C4CDEF8002057
:10C99C00DFF8B082DFF8B0B2534203F03F0302F08D
:10C9AC003F0758BF5F4234F817305C1CA4B2A8FB99
:10C9BC0004A94FEAD92909EB4909A4EB8924A4B2AB
:10C9CC00DFF888921BF80440A9FB04A904EBD914E6
:10C9DC0004F0FF04DFF8789219F804A009F80400B9
:10C9EC00BAF1000F40F09C80DFF868A21AF80790AB
:10C9FC00B9F1000F00F09480814A8248D25D009218
:10CA0C004FF4004101930BF0B9FF009A002A00F09B
:10CA1C006D81019B009619467B4B184603EB420C2B
:10CA2C00A8FB01E6F60A06EB4606A1EB86260131C9
:10CA3C001BF8066020F8026B8445F1D1009E91B280
:10CA4C00DFF8E4817148C8F81C100321C8F80830DD
:10CA5C000AF026FF42466D4803210AF053FF6B484B
:10CA6C0003210AF099FF0422684803210AF0A8FF69
:10CA7C00674880210CF010FC1022644803210AF056
:10CA8C00ABFF032161480AF091FF624A62492E60B4
:10CA9C00012309F1FF390AF807900B5513705FE772
:10CAAC005E4A584814784FF4004100221A700BF07B
:10CABC0065FFE243D2B25A4B5A48995C524B805CA8
:10CACC005C8081F03C02584C9A800425D880AF22BF
:10CADC004E48A3600321E5611A800AF0E1FE22466C
:10CAEC004A4803210AF00EFF484803210AF054FF7C
:10CAFC000422464803210AF063FF454880210CF0CC
:10CB0C00CBFB1022414803210AF066FF3F4803216A
:10CB1C000AF04CFF3F4B01221A7003B0BDE8F08FB6
:10CB2C0001325342414803F03F0302F03F0258BF29
:10CB3C005A420388CEF8002001390133ACF80010BA
:10CB4C0003800DE73A4B2F481C7815704FF40041C9
:10CB5C000BF014FF374B1B78A34240F2C180364ACE
:10CB6C002F4804EB840302EB4302274B56785E807C
:10CB7C0086F03F069578815D9D804D402949D77898
:10CB8C008E5DDF8085F03F057E40475D4D5D92F800
:10CB9C0005C0DC81774016791E817540C65DCF5D7E
:10CBAC00A3F80AC06E409579825D8E5D9D8187EAFF
:10CBBC000C077A406E40855C8A5C75405440425D3F
:10CBCC0054404A5D005D095DAA2442400A260920B2
:10CBDC001C800825144C23F81520A36023F8101092
:10CBEC00E6610A48032178E7D3730020D473002050
:10CBFC0015060020204C0120D873002070810020E5
:10CC0C003081002000040240F8AB0020006002409C
:10CC1C0000480040E0730020F08200201306002042
:10CC2C00FCF70108FCF6010820060020160600207F
:10CC3C0014060020B6710020C0670020E48000209C
:10CC4C00E8800020ABAAAAAAE4740020818080802E
:10CC5C00F0810020F0800020264B27481F784FF4ED
:10CC6C0000410BF08BFE254B254A5F8087F0BF07F8
:10CC7C004FF00408D25D234882F015029A80224AB4
:10CC8C00D25D224FDA800321CC22BB601A80C7F818
:10CC9C001C800AF005FE3A461A4803210AF032FEBF
:10CCAC00184803210AF078FE4246164803210AF080
:10CCBC0087FE174880210CF0EFFA1022114803214F
:10CCCC000AF08AFE0F4803210AF070FE114B2E6009
:10CCDC0001221A702378013B237003B0BDE8F08F5A
:10CCEC00FF21064B022601200A4673E7034B11462F
:10CCFC00A6E600BF1206002000040240F8AB00209C
:10CD0C00FCF7010800600240FCF601082006002038
:10CD1C0000480040E073002070B52A4B2A482B4A8B
:10CD2C002B491B680578098810782A4C002263F37C
:10CD3C00070260F30F22080A60F3174261F31F62C7
:10CD4C0000212548C4F8062065F307011A0E62F38A
:10CD5C000F211A0C62F317411B0A05681F4A63F373
:10CD6C001F61C4F802104FF4687312881C492380A9
:10CD7C0028460DF0DBFC18B11A4B01221A7070BD5D
:10CD8C004122062118480DF073F8412203460A216E
:10CD9C0020461C460DF06CF80146064620460DF068
:10CDAC0075F9214628460DF075FC28460DF0ECFC73
:10CDBC0020460DF043F930460DF040F9094B0122A5
:10CDCC001A7070BD180600201C060020F483002089
:10CDDC00F2830020C8730020144C0120B40A0020F8
:10CDEC00C04B0120D2730020184C012038B572B60C
:10CDFC0034493548354D0CF0D7F9334800210CF047
:10CE0C0025FA31484FF400510CF028FA2E48002135
:10CE1C000CF014FA4FF400412D480BF0AFFD2D4BE4
:10CE2C009FED2D7A2A46002142F8021B03F5205172
:10CE3C00D3ED027A67EE877A1433FCEEE77A8B42F5
:10CE4C0017EE900A22F8020FF2D1244C2448A56068
:10CE5C0040F202230321E3610AF022FD224620481E
:10CE6C0003210AF04FFD1E4803210AF095FD042210
:10CE7C001B4803210AF0A4FD134880210CF00CFA86
:10CE8C001748102203210AF0A7FD154803210AF0C8
:10CE9C008DFD41F2883400BF013CFCD10A48114998
:10CEAC000CF082F9214608480CF0D0F906484FF4F2
:10CEBC0000510CF0D3F9044821460CF0BFF962B6CE
:10CECC0038BD00BFA086010000480040F8AB002030
:10CEDC0000040240F883002000007F43200600205D
:10CEEC000060024090D003002DE9F84F364E374FCA
:10CEFC003488C4F3080505EB850307EB83031A7C20
:10CF0C0052B10134A4B2324B1B88B4FBF3F203FBD5
:10CF1C0012443480BDE8F88F93ED007ADFED2D6A72
:10CF2C00D3ED017ADFF8C0A02B49013427EE267A25
:10CF3C001346C4F3072262F3070367EEA67A274A67
:10CF4C00BCEEC77AD2F80090FCEEE77A17EE102A06
:10CF5C00A4B264F30F2362F3174317EE902A62F323
:10CF6C001F631F4ACAF80230128840F2A3334846A6
:10CF7C004FEA8508AAF800300DF0D8FB28B1A84478
:10CF8C0007EB880701233B74BDE7412206211548B6
:10CF9C000CF06EFF41220346062150469A460CF0D7
:10CFAC0067FF8346014650460DF070F851464846DF
:10CFBC000DF070FB48460DF0E7FB50460DF03EF8C7
:10CFCC0058460DF03BF8DAE7F0830020F883002098
:10CFDC00F283002000007F43C04B0120144C012041
:10CFEC00B40A0020184C0120901A01202DE9F04FB2
:10CFFC00AA4BAB4AAB4C19781078257883B0002932
:10D00C0040F0A9805DB1A84BA84D1E682B68F31A9F
:10D01C00B3F57A7F00F27A8103B0BDE8F08F002877
:10D02C0040F0EA80A04BA14D1E682B68F31A012B2F
:10D03C00F2D9DFF8BCC2BCF800100029ECD0DFF844
:10D04C00B4E29B4CDEF80020DFF8AC82DFF8ACB227
:10D05C00534203F03F0302F03F0758BF5F4234F8DE
:10D06C0017305C1CA4B2A8FB04A94FEAD92909EB20
:10D07C004909A4EB8924A4B2DFF884921BF804407C
:10D08C00A9FB04A904EBD91404F0FF04DFF8749293
:10D09C0019F804A009F80400BAF1000F40F09A80C6
:10D0AC00DFF864A21AF80790B9F1000F00F0928033
:10D0BC00804A8148D25D0092022101930BF05EFC04
:10D0CC00009A002A00F06B81019B009619467B4B5D
:10D0DC00184603EB420CA8FB01E6F60A06EB4606E3
:10D0EC00A1EB862601311BF8066020F8026B844503
:10D0FC00F1D1009E91B2DFF8E4817148C8F81C10A0
:10D10C000721C8F808300AF0CBFB42466C480721CF
:10D11C000AF0F8FB6A4807210AF03EFC0422684832
:10D12C0007210AF04DFC674880210CF0B5F810225D
:10D13C00634807210AF050FC072161480AF036FCCD
:10D14C00614A62492E60012309F1FF390AF8079000
:10D15C000B55137060E75E4A574814780221002281
:10D16C001A700BF00BFCE243D2B25A4B5A48995C42
:10D17C00524B805C5C8081F03C02584C9A800425B8
:10D18C00D880AF224E48A3600721E5611A800AF0CF
:10D19C0087FB22464A4807210AF0B4FB484807217E
:10D1AC000AF0FAFB0422464807210AF009FC45481C
:10D1BC0080210CF071F81022414807210AF00CFC78
:10D1CC003F4807210AF0F2FB3F4B01221A7003B0D3
:10D1DC00BDE8F08F01325342414803F03F0302F0A7
:10D1EC003F0258BF5A420388CEF800200139013360
:10D1FC00ACF8001003800FE73A4B2F481C781570E1
:10D20C0002210BF0BBFB384B1B78A34240F2C180D0
:10D21C00364A304804EB840302EB4302274B567822
:10D22C005E8086F03F069578815D9D804D402A4951
:10D23C00D7788E5DDF8085F03F057E40475D4D5D84
:10D24C0092F805C0DC81774016791E817540C65D69
:10D25C00CF5DA3F80AC06E409579825D8E5D9D818D
:10D26C0087EA0C077A406E40855C8A5C75405440B6
:10D27C00425D54404A5D005D095DAA2442400A2685
:10D28C0009201C800825154C23F81520A36023F8D1
:10D29C001010E6610A48072179E700BF87280020B3
:10D2AC0088280020DD030020204C01208C28002041
:10D2BC0024360020E4350020000C0240AC60002035
:10D2CC00006402400010014094280020A437002084
:10D2DC00DB030020FCF70108FCF60108E803002042
:10D2EC00DE030020DC0300206A260020741C0020D2
:10D2FC00983500209C350020ABAAAAAA98290020BA
:10D30C0081808080A4360020A4350020254B26483F
:10D31C001F7802210BF032FB244B254A5F8087F0EB
:10D32C00BF074FF00408D25D224882F015029A80A4
:10D33C00214AD25D214FDA800721CC22BB601A80B2
:10D34C00C7F81C800AF0ACFA3A461A4807210AF0D2
:10D35C00D9FA184807210AF01FFB42461548072145
:10D36C000AF02EFB164880210BF096FF1022114874
:10D37C0007210AF031FB0F4807210AF017FB114B6C
:10D38C002E6001221A702378013B237003B0BDE894
:10D39C00F08FFF21054B022601200A4673E7034B51
:10D3AC001146A8E6DA030020000C0240AC60002015
:10D3BC00FCF7010800640240FCF60108E8030020B9
:10D3CC00001001409428002070B52A4B2A482B4AA3
:10D3DC002B491B680578098810782A4C002263F3C6
:10D3EC00070260F30F22080A60F3174261F31F6211
:10D3FC0000212548C4F8062065F307011A0E62F3D4
:10D40C000F211A0C62F317411B0A05681F4A63F3BC
:10D41C001F61C4F802104FF4946312881C492380D6
:10D42C0028460DF083F918B11A4B01221A7070BD01
:10D43C004122062118480CF01BFD412203460A210B
:10D44C0020461C460CF014FD0146064620460CF006
:10D45C001DFE214628460DF01DF928460DF094F9C5
:10D46C0020460CF0EBFD30460CF0E8FD094B012298
:10D47C001A7070BDE0030020E4030020A8380020DF
:10D48C00A63800207C280020144C0120B40A00206F
:10D49C00C04B012086280020184C012038B572B6EC
:10D4AC0033493448344D0BF07FFE324800210BF0E9
:10D4BC00CDFE30484FF400510BF0D0FE2D4800212A
:10D4CC000BF0BCFE02212D480BF058FA2C4B9FEDB3
:10D4DC002D7A2A46002142F8021B03F52051D3ED88
:10D4EC00027A67EE877A1433FCEEE77A8B4217EEFA
:10D4FC00900A22F8020FF2D1234C2448A56040F286
:10D50C0002230721E3610AF0CBF922461F480721C9
:10D51C000AF0F8F91D4807210AF03EFA04221B48CC
:10D52C0007210AF04DFA134880210BF0B5FE17487D
:10D53C00102207210AF050FA144807210AF036FA93
:10D54C0041F2883400BF013CFCD10A4810490BF071
:10D55C002BFE214607480BF079FE06484FF400518C
:10D56C000BF07CFE034821460BF068FE62B638BD1A
:10D57C00A086010000100140AC600020000C0240AD
:10D58C00AC38002000007F43E80300200064024018
:10D59C0090D003002DE9F84F364E374F3488C4F342
:10D5AC00080505EB850307EB83031A7C52B10134A4
:10D5BC00A4B2324B1B88B4FBF3F203FB124434804D
:10D5CC00BDE8F88F93ED007ADFED2D6AD3ED017A8B
:10D5DC00DFF8C0A02B49013427EE267A1346C4F39A
:10D5EC00072262F3070367EEA67A274ABCEEC77AD6
:10D5FC00D2F80090FCEEE77A17EE102AA4B264F38E
:10D60C000F2362F3174317EE902A62F31F631F4A2E
:10D61C00CAF80230128840F2A34348464FEA850804
:10D62C00AAF800300DF082F828B1A84407EB88075F
:10D63C0001233B74BDE74122062115480CF018FC70
:10D64C0041220346062150469A460CF011FC8346B3
:10D65C00014650460CF01AFD514648460DF01AF89A
:10D66C0048460DF091F850460CF0E8FC58460CF08A
:10D67C00E5FCDAE7A4380020AC380020A6380020FE
:10D68C0000007F43C04B0120144C0120B40A002041
:10D69C00184C0120901A01202DE9F04F83B072B67E
:10D6AC000AF02CFF01200BF03BF802200BF038F8AD
:10D6BC0010200BF035F840200BF032F880200BF0E6
:10D6CC002FF858200AF036FF01200BF029F8022021
:10D6DC000BF026F810200BF023F840200BF020F86C
:10D6EC0080200BF01DF80AF01BFF62B672B60AF030
:10D6FC0005FF01200BF014F802200BF011F810209C
:10D70C000BF00EF840200BF00BF880200BF008F813
:10D71C000121CB480AF08EFF01200BF001F802200A
:10D72C000AF0FEFF10200AF0FBFF40200AF0F8FF81
:10D73C0080200AF0F5FF0AF0F3FE62B6DFF82893BA
:10D74C00C04EC14F142509F1C80A4FF080087E2441
:10D75C0032E0B95C16F802804C4072B60AF0CEFE8C
:10D76C0001200AF0DDFF02200AF0DAFF10200AF097
:10D77C00D7FF40200AF0D4FF80200AF0D1FF01210E
:10D78C00B24828180AF056FF01200AF0C9FF0220FF
:10D79C000AF0C6FF10200AF0C3FF40200AF0C0FFB9
:10D7AC0080200AF0BDFF0AF0BBFE62B609F1020947
:10D7BC00CA4505F1080550D099F800B08BEA04046D
:10D7CC003A5D345D88EA020872B60AF097FE0120D1
:10D7DC000AF0A6FF02200AF0A3FF10200AF0A0FF17
:10D7EC0040200AF09DFF80200AF09AFF9848594685
:10D7FC0028180AF01FFF01200AF092FF02200AF0FD
:10D80C008FFF10200AF08CFF40200AF089FF802047
:10D81C000AF086FF0AF084FE62B699F8011088F0CF
:10D82C000102002995D117F80820019116F80880FB
:10D83C00544072B60AF062FE01200AF071FF022019
:10D84C000AF06EFF10200AF06BFF40200AF068FF10
:10D85C0080200AF065FF019992E7DFF810927D4D68
:10D86C0099F800A08AEA0403FC5C16F803B072B6BF
:10D87C000AF044FE01200AF053FF02200AF050FF88
:10D88C0010200AF04DFF40200AF04AFF80200AF0D9
:10D89C0047FF5146281F0AF0CDFE01200AF040FF39
:10D8AC0002200AF03DFF10200AF03AFF40200AF057
:10D8BC0037FF80200AF034FF0AF032FE62B699F886
:10D8CC0001A084EA0A0388EA030317F80380F45CD6
:10D8DC0072B60AF013FE01200AF022FF02200AF0B1
:10D8EC001FFF10200AF01CFF40200AF019FF8020B7
:10D8FC000AF016FF514628460AF09CFE01200AF059
:10D90C000FFF02200AF00CFF10200AF009FF402044
:10D91C000AF006FF80200AF003FF0AF001FE62B64F
:10D92C0099F804A08BEA08038AEA0303FA5C16F858
:10D93C000380544072B60AF0E1FD01200AF0F0FEBB
:10D94C0002200AF0EDFE10200AF0EAFE40200AF058
:10D95C00E7FE80200AF0E4FE5146281D0AF06AFE1C
:10D96C0001200AF0DDFE02200AF0DAFE10200AF097
:10D97C00D7FE40200AF0D4FE80200AF0D1FE0AF037
:10D98C00CFFD62B6344B0C359D4209F110097FF482
:10D99C0067AF72B60AF0B2FD01200AF0C1FE022098
:10D9AC000AF0BEFE10200AF0BBFE40200AF0B8FEC2
:10D9BC0080200AF0B5FE214628480AF03BFE0120E3
:10D9CC000AF0AEFE02200AF0ABFE10200AF0A8FE10
:10D9DC0040200AF0A5FE80200AF0A2FE0AF0A0FD6D
:10D9EC0062B672B60AF08AFD01200AF099FE022096
:10D9FC000AF096FE10200AF093FE40200AF090FEEA
:10DA0C0080200AF08DFE414615480AF013FE0120D5
:10DA1C000AF086FE02200AF083FE10200AF080FE37
:10DA2C0040200AF07DFE80200AF07AFE0AF078FD94
:10DA3C0062B60C4B00221A7003B0BDE8F08F00BF29
:10DA4C0000000E08FCF60108FCF70108FCFF0D08AD
:10DA5C00F8FF0D0830030E08A8030E0804000E088A
:10DA6C0008000E08760D0020F81900208C0000200C
:10DA7C002DE9F04F994A9A4C1278238885B002927E
:10DA8C00984A12780192002B40F03A8102F03F083C
:10DA9C0023888BB9DDE901329A4207D903F1010BD6
:10DAAC00904B83F800B005B0BDE8F08F8E4B002290
:10DABC001A7005B0BDE8F08F8C4FDFF83C92DFF8A0
:10DACC003CA28B4E013B23803B68591C89FB0120F7
:10DADC00CA17C2EBA00203EB430302EB420201257F
:10DAEC00A1EBC2010AEB0302396082480AF8035029
:10DAFC00294682F8018095700BF03EFB33882B444D
:10DB0C0033802388002BC5D0013B23803B687948A8
:10DB1C00591989FB012CCA1703EB4303C2EBAC0266
:10DB2C0002EB4202A1EBC2010AF8035053443960E4
:10DB3C000222294683F801809A700BF01DFB338872
:10DB4C002B4433802388002BA4D0013B23803B68DB
:10DB5C006848591989FB012CCA1703EB4303C2EB24
:10DB6C00AC0202EB4202A1EBC2010AF8035053448F
:10DB7C0039600322294683F801809A700BF0FCFA75
:10DB8C0033882B4433802388002B83D0013B2380A4
:10DB9C003B685848591989FB012CCA1703EB4303FE
:10DBAC00C2EBAC0202EB4202A1EBC2010AF8035039
:10DBBC00534439600422294683F801809A700BF093
:10DBCC00DBFA33882B4433802388002B3FF462AF7D
:10DBDC00013B23803B684748591989FB012CCA1724
:10DBEC0003EB4303C2EBAC0202EB4202A1EBC2011A
:10DBFC000AF80350534439600522294683F8018002
:10DC0C009A700BF0B9FA33882B4433802388002B9D
:10DC1C003FF440AF013B23803B683648591989FBE0
:10DC2C00012CCA1703EB4303C2EBAC0202EB42021A
:10DC3C00A1EBC2010AF8035053443960062229466D
:10DC4C0083F801809A700BF097FA33882B44338059
:10DC5C002388002B3FF41EAF013B23803B682548F3
:10DC6C00591989FB012CCA1703EB4303C2EBAC0215
:10DC7C0002EB4202A1EBC2010AF803505344396093
:10DC8C000722294683F801809A700BF075FA3388C5
:10DC9C002B4433802388002B3FF4FCAE013B2380C4
:10DCAC003B6814485C1989FB042903EB4303E21716
:10DCBC00C2EBA9020AF8035002EB42025344A4EB54
:10DCCC00C2042946082283F801809A703C600BF04C
:10DCDC0053FA33882B443380DCE600BF560D00200A
:10DCEC0000000020550D0020540D0020040B0020D6
:10DCFC00FC0A002000140040ABAAAA2A080B002042
:10DD0C00DFF87CB3D94FDBF80020D94D501C87FBD2
:10DD1C000016C117C1EBA60102EB420201EB410157
:10DD2C00A0EBC100A918D34ECBF80000013B4FF07B
:10DD3C00020C4FF0000A2380CF4825F802C081F86E
:10DD4C0002A001210BF018FA3188013131802188B1
:10DD5C00002900F0BE8101392180DBF80010C64893
:10DD6C0001F1010E87FB0EC84FEAEE7CCCEBA80C40
:10DD7C0001EB41010CEB4C0CAEEBCC0305EB010CB5
:10DD8C004FF4AA4ECBF8003025F801E001218CF8B5
:10DD9C0002A00BF0F1F93188019B0131318021880F
:10DDAC0003F03F0800293FF473AE01392180DBF802
:10DDBC000010B24B01F1010C87FB0C0E4FEAEC701A
:10DDCC0001EB4101C0EBAE0000EB4000ACEBC0003E
:10DDDC0005F801A02944CBF8000013F8380048706E
:10DDEC0081F802A0A44801210BF0C6F93188013159
:10DDFC003180218800293FF44BAE01392180DBF8BA
:10DE0C0000109E4B01F1010C87FB0C0E4FEAEC70DD
:10DE1C0001EB4101C0EBAE0003EBC80900EB400085
:10DE2C00ACEBC00005F801A02944CBF8000099F830
:10DE3C000100487081F802A08F4801210BF09CF979
:10DE4C0031880131318021884FEAC80203920029C0
:10DE5C003FF41EAE01392180DBF8001099F802C0A6
:10DE6C00481C01EB410105F801A0294481F801C0CF
:10DE7C0081F802A087FB001CC117C1EBAC0101EBC0
:10DE8C004101A0EBC100CBF8000001217A480BF056
:10DE9C0073F9318801313180218800293FF4F8ADC4
:10DEAC0001392180DBF8001099F803C0481C01EB04
:10DEBC00410105F801A0294481F801C081F802A0B4
:10DECC0087FB001CC117C1EBAC0101EB4101A0EBBE
:10DEDC00C100CBF80000012167480BF04DF93188E7
:10DEEC0001313180218800293FF4D2AD01392180E4
:10DEFC00DBF8001099F804C0481C01EB410105F84F
:10DF0C0001A0294481F801C081F802A087FB001C04
:10DF1C00C117C1EBAC0101EB4101A0EBC100CBF887
:10DF2C000000012154480BF027F931880131318070
:10DF3C00218800293FF4ACAD01392180DBF80010B9
:10DF4C0099F805C0481C01EB410105F801A02944D2
:10DF5C0081F801C081F802A087FB001CC117C1EB3E
:10DF6C00AC0101EB4101A0EBC100CBF80000012199
:10DF7C0041480BF001F931880131318021880029A9
:10DF8C003FF486AD01392180DBF8001099F806E0EA
:10DF9C00394801F1010C01EB410187FB0C974FEA69
:10DFAC00EC7205F801A0C2EBA702294402EB420275
:10DFBC00ACEBC20281F801E081F802A00121CBF8A0
:10DFCC0000200BF0D9F83288013232802288002AE6
:10DFDC003FF45EAD0399294B244F013A2280DBF8C4
:10DFEC0000201944501C91F807C087FB001EC11774
:10DFFC00C1EBAE0102EB420201EB4101A0EBC1000F
:10E00C00A9184FF00009CBF8000081F801C081F885
:10E01C000290194805F8029001210BF0ADF83288F6
:10E02C00013232802288002A3FF432AD013A22803C
:10E03C00DBF80020104802F1010C87FB0C1E4FEAA4
:10E04C00EC71C1EBAE0101EB410102EB4202ACEB16
:10E05C00C101CBF80010A9184FF43E4C25F802C0B2
:10E06C0081F8029001210BF087F80BE0ABAAAA2AE9
:10E07C00080B0020FC0A002000140040540B002068
:10E08C00040B00203288013232802288002A3FF4AF
:10E09C0001AD013A2280DBF800200121501802EB7F
:10E0AC00420287FB00C7A9541544C217C2EBA70252
:10E0BC0002EB4202A0EBC200CBF80000074885F847
:10E0CC00029085F801800BF057F8338801333380C8
:10E0DC00DEE4019B03F03F08DAE400BF00140040CB
:10E0EC00364B3748197870B5F4221C7B02800A1E17
:10E0FC0018BF0122002C38D0197E42F0020269B3FD
:10E10C0093F8243042F0040263BB42702D4B9FED18
:10E11C002E6AD3ED016A93ED087AD3ED0F7A2B4B6F
:10E12C002B4A1C68128866EE866A27EE067A67EE22
:10E13C00867AFCEEE66ABCEEC77A16EE903AFCEEF6
:10E14C00E77A17EE101A837017EE903AC1700371CC
:10E15C00204920460CF0EAFA88B170BD93F82430BF
:10E16C00002BD2D042F00802CFE71C7E002CC7D186
:10E17C0093F82430002BF5D10029C7D0C5E74122F4
:10E18C00062115480BF074FE4122054605210C486A
:10E19C000BF06EFE0646014628460BF077FF29462B
:10E1AC0020460CF077FA20460CF0EEFA28460BF0DD
:10E1BC0045FF3046BDE870400BF040BF381C0020D6
:10E1CC00640D00208001002000007F43144C0120CE
:10E1DC00B40A0020C04B0120184C012090F83930B3
:10E1EC00DB0700D4704710B50CF0F6FA084B044668
:10E1FC00186060B1074940F2E1720CF01BF930B9BC
:10E20C00024605492046BDE810400CF0C7BA10BDC7
:10E21C00144C0120C44B01207D820008024A136873
:10E22C0001331360704700BF204C012010B584B03F
:10E23C000BF05AFA0BF0C2FB19491A4A1A481B4C3C
:10E24C0008601B4B4FF6FF7010600620B3F804C03B
:10E25C0084F838001868174BC4F832000293164B38
:10E26C000193002300932046A4F836C0134B0BF007
:10E27C0023FC134BE36220460BF0FAFC11492046B9
:10E28C000BF024FD0EF0AAFC20460EF0B7FC204645
:10E29C000BF0F4FC204604B0BDE810400DF05CBB64
:10E2AC00CC4B0120C84B0120A9FE2F5ED04B012086
:10E2BC00184C012015DB010841780108C44B0120E2
:10E2CC00D4DF0108E9E1000870B518480DF034FD01
:10E2DC00174B1B7800B103B970BD164A164B146866
:10E2EC0016491A8820460CF021FA0028F4D1412254
:10E2FC00062113480BF0BCFD4122054601211148B3
:10E30C000BF0B6FD0646014628460BF0BFFE29462B
:10E31C0020460CF0BFF920460CF036FA28460BF0DC
:10E32C008DFE3046BDE870400BF088BED04B01200E
:10E33C00B60A0020144C0120B40A0020C04B012066
:10E34C00184C0120B049012070B55B495B480AF0BC
:10E35C00D1FF0546002840F08380594957480AF000
:10E36C00C9FF0646002872D1564954480AF0C2FF2C
:10E37C000446002862D151484FF442710AF0BAFFAA
:10E38C00F8B951494D480AF0B5FF00282CD145EA9F
:10E39C0006000443E4B2002C2ED14C4947480AF045
:10E3AC00A9FF38B14A4A1388002B62D14749434828
:10E3BC000AF0B6FF474941480AF09CFF00282DD1CE
:10E3CC0070BD3E4800210AF06DFF3C4843F2080145
:10E3DC000AF068FF39484FF442710AF0A1FF3A493C
:10E3EC0036480AF087FF38B1344803210AF05AFF47
:10E3FC00354932480AF094FF72B63748374C3449E5
:10E40C00374A002303604FF4967023600880138012
:10E41C0062B63449344A0B701370BEE7274840F299
:10E42C0006310AF059FF31484FF480410AF0A8FA3E
:10E43C00BDE87040274921480AF072BF1F480321EC
:10E44C000AF030FF1F491D480AF06AFF93E71B488A
:10E45C0002210AF027FF1A4918480AF061FF83E7E6
:10E46C00164801210AF01EFF134914480AF058FF00
:10E47C0073E71A4D1E492C681E4E013B1380631C1A
:10E48C0081FB0301DA17C2EB61124FF4967101FBA9
:10E49C0012330A482B600AF0FBFE114A1649138806
:10E4AC00114D096826F8140001331380134B012217
:10E4BC002A7019607AE700BF0005010000140140C2
:10E4CC000005020000050300050303000503050019
:10E4DC008E0A0020060306004C47012050470120FD
:10E4EC0048470120520A0120790A01200004024009
:10E4FC00B5814E1B54470120204C0120740A012089
:10E50C0010B50C482022062109F078FA00B910BD8C
:10E51C0009480A4C40F206310AF0D2FE0849054877
:10E52C0000230B7023702022BDE81040062109F057
:10E53C008BBB00BF0064024000140140780A01202C
:10E54C00790A01202DE9F84F994B1B78012B00F02B
:10E55C009D8083B1022B0CD172B69648964C97498C
:10E56C00974A002303604FF4967023600880138051
:10E57C0062B6BDE8F88F934B1A68002AF9D092481E
:10E58C008F4B924D9249066818882C7809680028A0
:10E59C0033D072B618880138188062B6854F8D4B0F
:10E5AC00DFF854C2A3FB040338683CF810E000F118
:10E5BC00010C8948DB0980FB0C08C3EB831003EBCF
:10E5CC008003E31A4FEAEC70C0EB6810BEF5807F55
:10E5DC00DFF81882DBB228BF4FF0000E08F803E01A
:10E5EC004FF4967303FB10C33B60631C2B7072B625
:10E5FC00724803880133038062B6002CB9D0891BA2
:10E60C0049F64043B3FBF2F301339942B1D9734A53
:10E61C00734B166873491A8830460CF087F890BB18
:10E62C0071484FF4D17303806A4BA3FB0423DB09BD
:10E63C00C3EB831203EB8203E41A14F0FF0200F025
:10E64C00A3836A490230941C0FF0F0FA4122062190
:10E65C0067480BF00DFC41222146044662480BF042
:10E66C0007FC0146074620460BF010FD21463046BC
:10E67C000CF010F830460CF087F820460BF0DEFC5E
:10E68C0038460BF0DBFC00232B7072E74C4A1188E8
:10E69C0000293FF46EAF72B611880139118062B651
:10E6AC00444D4D492E68534C721C81FB0201D0170E
:10E6BC00C0EB6110504931F816104FF4967606FBFA
:10E6CC0010222A602278F2B9FF2914D8552900F0BB
:10E6DC00E181C9B2332940F034834848484902707B
:10E6EC000225484825700A70474C4849037045F28A
:10E6FC00FF5322700B8072B6304A1388013313809B
:10E70C0062B6BDE8F88F013A032AF4D8DFE802F0CC
:10E71C001C883402394B1A78002A40F0CA813B4AD3
:10E72C003B4C10783B4DB1F5807F28BF0021C9B21E
:10E73C0048402970245C0121197037495378095CD1
:10E74C0054704B401370D6E72C4B1A78032A00F008
:10E75C00D282043A052ACED801A050F822F000BF8C
:10E76C0065EA000845EA00081BEA000803E7000810
:10E77C00FDE8000819E90008204B1A78002A00F07F
:10E78C007B81082A00F0B480092AB4D1234B1D4A9E
:10E79C000020187012781D4B5B7832B1B1F5807F78
:10E7AC0028BF01468B4200F0FF8200232370A2E7B2
:10E7BC008C0A00204C470120504701208E0A002073
:10E7CC0048470120880A0020740A01207A0A012097
:10E7DC00204C0120A98D8481B5814E1B144C012045
:10E7EC00B40A0020C04B0120BC4901207C0A012046
:10E7FC00184C0120520A012054470120510A0120D3
:10E80C00500A01207C0800204F0A012080080020BB
:10E81C00FCF60108530A0120FCF70108790A0120D3
:10E82C00B04B1A78002A00F02781082A60D0092AF8
:10E83C007FF461AFAC4BAD4A002018701278AC4B32
:10E84C005B78002AB1D0B1F5807F28BF01468B429E
:10E85C00ABD1A84AA84B16781B78B342A5D9A74AC6
:10E86C00A74B1768A7491A8838460BF05FFF00289A
:10E87C009BD1A54DA5492A4601204FF0A10E0A2394
:10E88C0013FB060C02F801EB03FB06130CEB010E59
:10E89C0051F80C10C5F80110BEF804109180F0224C
:10E8AC006A72DA79AA721A7AE8715B7AEA720621CC
:10E8BC00412297482E722B730BF0DAFA4122034651
:10E8CC000D2128461D460BF0D3FA06460146284674
:10E8DC000BF0DCFB294638460BF0DCFE38460BF01F
:10E8EC0053FF28460BF0AAFB30460BF0A7FB5CE766
:10E8FC007F4AB1F5807F127828BF00218A4202D06E
:10E90C007A4A0021117009221A70F4E6764B774A84
:10E91C0000251D701278764B5B78002A3FF445AFCA
:10E92C00B1F5807F28BF29468B427FF43EAFDFF8DC
:10E93C00C8A1784F9AF80080FF26B8FBF6F646443B
:10E94C0016F0FF0600F07682DFF8EC91BB4603E090
:10E95C000135AE4200F06E8249460622584609F156
:10E96C000A090FF04BF90028F2D1684B6A4EDFF818
:10E97C00B49131780A2202FB0533604AD971D2F87E
:10E98C0000805F4AB9F80010198112885D49404631
:10E99C00EDB20BF0CBFEA0BB32785B4E3868C6F8FC
:10E9AC0001003346A12103F8011BB988998099F81D
:10E9BC000030F37299F8013033730123B272F371A2
:10E9CC004122F02306215248737235720BF050FA33
:10E9DC00412203460D2130461E460BF049FA0146F2
:10E9EC00074630460BF052FB314640460BF052FEC8
:10E9FC0040460BF0C9FE30460BF020FB38460BF0BE
:10EA0C001DFB4649464B0D7001221A70CDE6384A63
:10EA1C00444D1078444CB1F5807F28BF0021C9B219
:10EA2C00484069704149245C095C0820187053788F
:10EA3C0054704B4013705EE62D4A3A4D10783A4CA8
:10EA4C00B1F5807F28BF0021C9B2484029703749F1
:10EA5C00245C095C0620E9E7254A2F4D1078324CDE
:10EA6C00B1F5807F28BF0021C9B2484029702F49D9
:10EA7C00245C095C0520D9E71D4A2B4C10781D4DF0
:10EA8C00B1F5807F28BF0021C9B248402970245CB1
:10EA9C00082151E61349237003200870244C2549A2
:10EAAC0012480A702270124A037047F67F71118067
:10EABC0021E6013A082A3FF61EAE01A050F822F0DA
:10EACC00E3EC0008B9EC000803E7000803E70008D2
:10EADC0003E7000803E700086DEC0008FDE80008F8
:10EAEC0049EB0008510A0120790A01207C0800201A
:10EAFC0080080020530A01204E080120144C0120EC
:10EB0C00B40A0020C04B0120BC49012058FE002053
:10EB1C00184C0120580A0120560A0120840A0020B2
:10EB2C006C0A0120540A0120FCF60108FCF70108CC
:10EB3C00500A01204F0A012059FE0020A34BA44D7E
:10EB4C001E78A448A44BA54F1B787F78A5FB0625FF
:10EB5C00A34A92F800C0A34A06EBD51592F80080A0
:10EB6C00A14A05F0FF054FF0000E80F800E032F9E5
:10EB7C001500BCF1000F3FF418AEB1F5807F28BF33
:10EB8C0071468F427FF411AE1BB222F81530974AB2
:10EB9C001278B2427FF609AE98425BD0944B9549FD
:10EBAC001F68954B38461A880BF0C0FD02460028AA
:10EBBC0050D19249DFF878E24FF0010C08460A2355
:10EBCC0013FB05C3A12500F8015B03EB0E055EF8F2
:10EBDC000330C1F80130AB88838081F807C04FF057
:10EBEC00FF0CB8FBFCF308EB030505EA0C05DFF89A
:10EBFC0020E20E7205F1FF3809E0B3FBFCF0C0EB2C
:10EC0C0000201B1A9BB21EF8010BC854013202F1F2
:10EC1C00090342459BB2F0DD4122062178480BF0F6
:10EC2C0027F9412205F10901054674480BF020F93A
:10EC3C000146804628460BF029FA294638460BF047
:10EC4C0029FD38460BF0A0FD28460BF0F7F940469D
:10EC5C000BF0F4F96B496C4B0E7001221A70A4E5A1
:10EC6C006A4D5B4A28785D4C694EA2FB0072B1F587
:10EC7C00807F00EBD21228BF002102F0FF02C9B244
:10EC8C00B15422784A40634901308E5C6249C0B26B
:10EC9C0028708D5C534A1178627866706A408142A4
:10ECAC0022707FF428AD08221A7024E5FF296DD854
:10ECBC004A484C4CCAB2227004786240554CA55C50
:10ECCC00554CA45C42784570624002700029EAD031
:10ECDC0007221A700FE5414A3F4D10784D4CB1F5A3
:10ECEC00807F28BF0021C9B2484029704A49245C62
:10ECFC00095C02209AE6454D484A2878374C484E24
:10ED0C00A2FB0072920802EB4202B1F5807FA0EBED
:10ED1C00420228BF0021D2B2C9B2B154421C2078A1
:10ED2C0041403C48D2B22A70455C3B48405C61781B
:10ED3C0065704140062A21707FF4DDAC04221A7004
:10ED4C00D9E45F290ED13748304902700325244895
:10ED5C0025700A70234C2149037047F6FF0322707B
:10ED6C000B80C8E450297FF4C6AC2E4827490270AA
:10ED7C0004251B4825700A701A4C1849037047F675
:10ED8C00BF4322700B80B6E402245FE4134A22488E
:10ED9C001178204D445C6D5C51781248557061407F
:10EDAC001170002202707EE7084B1B78FF22B3FB28
:10EDBC00F2F2134403F0FF031B4AD15C00293FF429
:10EDCC00F4ACD054194A0121D154EEE4530A012079
:10EDDC0081808080790A01204F0801208008002062
:10EDEC007C0800204F0A0120840800204E080120D6
:10EDFC00144C0120C04B0120B40A0020BC49012056
:10EE0C00184C0120830A00206B0A0120500A0120B3
:10EE1C0050090120FCF60108FCF70108ABAAAAAACC
:10EE2C00580A0120510A0120881901208818012054
:10EE3C0058FE00202C4A2D4BD2F800902C4DB9884E
:10EE4C0038680A2202FB06332A4EA3F805102A4A18
:10EE5C002978D9713188C3F80100198112882749A2
:10EE6C0008F1010348468AF800300BF05FFC98BBB0
:10EE7C002A78234D3868C5F801002B46A12103F8E8
:10EE8C00011BB98899803378EB7273782B7301234B
:10EE9C00AA72EB714122F02306211A486B7285F895
:10EEAC0008800AF0E5FF412203460D2128461D4645
:10EEBC000AF0DEFF0146064628460BF0E7F8294625
:10EECC0048460BF0E7FB48460BF05EFC28460BF07F
:10EEDC00B5F830460BF0B2F80B490C4B81F80080BA
:10EEEC0001221A7061E400BF144C012058FE00206E
:10EEFC00560A0120540A0120B40A0020C04B0120FC
:10EF0C00BC490120184C0120840A00206C0A012005
:10EF1C0070B55B495B480AF0EDF90546002840F0F6
:10EF2C008380594957480AF0E5F90646002872D102
:10EF3C00564954480AF0DEF90446002862D151487B
:10EF4C004FF442710AF0D6F9F8B951494D480AF01C
:10EF5C00D1F900282CD145EA06000443E4B2002C78
:10EF6C002ED14C4947480AF0C5F938B14A4A1388A2
:10EF7C00002B62D1474943480AF0D2F9474941482E
:10EF8C000AF0B8F900282DD170BD3E4800210AF0D6
:10EF9C0089F93C4843F208010AF084F939484FF4E6
:10EFAC0042710AF0BDF93A4936480AF0A3F938B172
:10EFBC00344803210AF076F9354932480AF0B0F9A1
:10EFCC0072B63748374C3449374A002303604FF444
:10EFDC00967023600880138062B63449344A0B70F3
:10EFEC001370BEE7274840F206310AF075F9314834
:10EFFC004FF4805109F0C4FCBDE87040274921480A
:10F00C000AF08EB91F4803210AF04CF91F491D481C
:10F01C000AF086F993E71B4802210AF043F91A49D2
:10F02C0018480AF07DF983E7164801210AF03AF9ED
:10F03C00134914480AF074F973E71A4D1E492C68E9
:10F04C001E4E013B1380631C81FB0301DA17C2EBDC
:10F05C0061124FF4967101FB12330A482B600AF0CF
:10F06C0017F9114A16491388114D096826F814002E
:10F07C0001331380134B01222A7019607AE700BF09
:10F08C0000050100004C00400005020000050300D3
:10F09C0005030300050305005608002006030600BF
:10F0AC00F8FB0020FCFB0020F4FB002006BF002036
:10F0BC002DBF002000080240B5814E1B00FC002033
:10F0CC00204C012028BF002010B50C482022042120
:10F0DC0008F094FC00B910BD09480A4C40F2063106
:10F0EC000AF0EEF80849054800230B702370202223
:10F0FC00BDE81040042108F0A7BD00BF006002402D
:10F10C00004C00402CBF00202DBF00202DE9F84FF3
:10F11C00994B1B78012B00F09D8083B1022B0CD1F5
:10F12C0072B69648964C9749974A002303604FF461
:10F13C00967023600880138062B6BDE8F88F934BFD
:10F14C001A68002AF9D092488F4B924D9249066862
:10F15C0018882C780968002833D072B618880138C2
:10F16C00188062B6854F8D4BDFF854C2A3FB0403A5
:10F17C0038683CF810E000F1010C8948DB0980FB91
:10F18C000C08C3EB831003EB8003E31A4FEAEC701B
:10F19C00C0EB6810BEF5807FDFF81882DBB228BFA9
:10F1AC004FF0000E08F803E04FF4967303FB10C306
:10F1BC003B60631C2B7072B672480388013303806A
:10F1CC0062B6002CB9D0891B49F64043B3FBF2F36D
:10F1DC0001339942B1D9734A734B166873491A8833
:10F1EC0030460BF0A3FA90BB714840F2A223038087
:10F1FC006A4BA3FB0423DB09C3EB831203EB8203EF
:10F20C00E41A14F0FF0200F0A2836A490230941C45
:10F21C000EF00CFD4122062167480AF029FE41221E
:10F22C002146044662480AF023FE01460746204662
:10F23C000AF02CFF214630460BF02CFA30460BF02E
:10F24C00A3FA20460AF0FAFE38460AF0F7FE00232D
:10F25C002B7072E74C4A118800293FF46EAF72B6DE
:10F26C0011880139118062B6444D4D492E68534CBA
:10F27C00721C81FB0201D017C0EB6110504931F8B0
:10F28C0016104FF4967606FB10222A602278F2B9FB
:10F29C00FF2914D8552900F0E181C9B2332940F077
:10F2AC0033834848484902700225484825700A7043
:10F2BC00474C4849037045F2FF5322700B8072B6DD
:10F2CC00304A13880133138062B6BDE8F88F013AD7
:10F2DC00032AF4D8DFE802F01C883402394B1A7880
:10F2EC00002A40F0CA813B4A3B4C10783B4DB1F5AB
:10F2FC00807F28BF0021C9B248402970245C0121BD
:10F30C00197037495378095C54704B401370D6E729
:10F31C002C4B1A78032A00F0D182043A052ACED855
:10F32C0001A050F822F000BF2DF600080DF60008E1
:10F33C00E3F50008CBF20008C5F40008E1F400087E
:10F34C00204B1A78002A00F07B81082A00F0B48048
:10F35C00092AB4D1234B1D4A0020187012781D4B7A
:10F36C005B7832B1B1F5807F28BF01468B4200F04B
:10F37C00FE8200232370A2E754080020F8FB002033
:10F38C00FCFB002056080020F4FB00205008002055
:10F39C0028BF00202EBF0020204C0120A98D848185
:10F3AC00B5814E1B144C0120B40A0020C04B012027
:10F3BC00BC49012030BF0020184C012006BF0020A2
:10F3CC0000FC002005BF002004BF002044060020E4
:10F3DC0003BF002048060020FCF6010807BF0020F0
:10F3EC00FCF701082DBF0020B04B1A78002A00F062
:10F3FC002781082A60D0092A7FF461AFAC4BAD4A53
:10F40C00002018701278AC4B5B78002AB1D0B1F5A3
:10F41C00807F28BF01468B42ABD1A84AA84B1678F7
:10F42C001B78B342A5D9A74AA74B1768A7491A88D6
:10F43C0038460BF07BF900289BD1A54DA5482946F1
:10F44C004FF0A10C0A23012201F801CB13FB062279
:10F45C0002EB000C8258C5F80120BCF804208A800D
:10F46C0003FB0603F0226A72DA79AA721A7A5B7AC3
:10F47C00EA722B7341220223062197482E72EB71FC
:10F48C000AF0F6FC412203460D2128461D460AF0DF
:10F49C00EFFC0646014628460AF0F8FD2946384698
:10F4AC000BF0F8F838460BF06FF928460AF0C6FD59
:10F4BC0030460AF0C3FD5CE77F4AB1F5807F1278D5
:10F4CC0028BF00218A4202D07A4A002111700922F9
:10F4DC001A70F4E6764B774A00251D701278764B3D
:10F4EC005B78002A3FF445AFB1F5807F28BF2946F1
:10F4FC008B427FF43EAFDFF8C8A1784F9AF80080BA
:10F50C00FF26B8FBF6F6464416F0FF0600F07682AE
:10F51C00DFF8EC91BB4603E00135AE4200F06E82A1
:10F52C0049460622584609F10A090EF067FB0028E5
:10F53C00F2D1684B6A4EDFF8B49131780A2202FBA3
:10F54C000533604AD971D2F800805F4AB9F80010CF
:10F55C00198112885D494046EDB20BF0E7F8A0BB6B
:10F56C0032785B4E3868C6F801003346A12103F8A7
:10F57C00011BB988998099F80030F37299F8013021
:10F58C0033730223B272F3714122F02306215248E5
:10F59C00737235720AF06CFC412203460D21304621
:10F5AC001E460AF065FC0146074630460AF06EFD21
:10F5BC00314640460BF06EF840460BF0E5F830460D
:10F5CC000AF03CFD38460AF039FD4649464B0D70B1
:10F5DC0001221A70CDE6384A444D1078444CB1F5EE
:10F5EC00807F28BF0021C9B2484069704149245C22
:10F5FC00095C08201870537854704B4013705EE609
:10F60C002D4A3A4D10783A4CB1F5807F28BF002135
:10F61C00C9B2484029703749245C095C0620E9E7E7
:10F62C00254A2F4D1078324CB1F5807F28BF002130
:10F63C00C9B2484029702F49245C095C0520D9E7E0
:10F64C001D4A2B4C10781D4DB1F5807F28BF002131
:10F65C00C9B248402970245C082151E61349237033
:10F66C0003200870244C254912480A702270124A53
:10F67C00037047F67F71118021E6013A082A3FF6A4
:10F68C001EAE01A050F822F0A9F800087FF800087F
:10F69C00CBF20008CBF20008CBF20008CBF200084A
:10F6AC0033F80008C5F4000811F7000805BF002066
:10F6BC002DBF0020440600204806002007BF002074
:10F6CC0002BD0020144C0120B40A0020C04B0120C4
:10F6DC00BC4901200CB30020184C01200CBF0020A9
:10F6EC000ABF00204C08002020BF002008BF0020CB
:10F6FC00FCF60108FCF7010804BF002003BF002042
:10F70C000DB30020A34BA44D1E78A448A44BA54FC9
:10F71C001B787F78A5FB0625A34A92F800C0A34A64
:10F72C0006EBD51592F80080A14A05F0FF054FF0C5
:10F73C00000E80F800E032F91500BCF1000F3FF428
:10F74C0018AEB1F5807F28BF71468F427FF411AEA1
:10F75C001BB222F81530974A1278B2427FF609AEE6
:10F76C0098425AD0944B95491F68954B38461A8845
:10F77C000AF0DCFF024600284FD19249DFF878C22C
:10F78C00DFF854E201200A2313FB05030846A125E8
:10F79C0000F8015B03EB0C055CF80330C1F8013099
:10F7AC00AB8883804FF0FF0CB8FBFCF308EB030530
:10F7BC0005EA0C0502230E72CB7105F1FF3809E046
:10F7CC00B3FBFCF0C0EB00201B1A9BB21EF8010B24
:10F7DC00C854013202F1090342459BB2F0DD4122CB
:10F7EC00062179480AF044FB412205F1090105463E
:10F7FC0074480AF03DFB0146804628460AF046FC58
:10F80C00294638460AF046FF38460AF0BDFF28461E
:10F81C000AF014FC40460AF011FC6C496C4B0E705B
:10F82C0001221A70A5E56B4D5B4A28785D4C6A4E37
:10F83C00A2FB0072B1F5807F00EBD21228BF002131
:10F84C0002F0FF02C9B2B15422784A406349013038
:10F85C008E5C6349C0B228708D5C544A1178627812
:10F86C0066706A40814222707FF429AD08221A70BA
:10F87C0025E5FF296DD84B484C4CCAB22270047850
:10F88C006240564CA55C564CA45C42784570624074
:10F89C0002700029EAD007221A7010E5414A404D47
:10F8AC0010784E4CB1F5807F28BF0021C9B248407A
:10F8BC0029704B49245C095C02209BE6454D494A62
:10F8CC002878384C484EA2FB0072920802EB420298
:10F8DC00B1F5807FA0EB420228BF0021D2B2C9B2A1
:10F8EC00B154421C207841403C48D2B22A70455C4D
:10F8FC003B48405C617865704140062A21707FF47A
:10F90C00DEAC04221A70DAE45F290ED13748314993
:10F91C0002700325244825700A70244C2149037079
:10F92C0047F6FF0322700B80C9E450297FF4C7AC63
:10F93C002E482849027004251B4825700A701B4C60
:10F94C001849037047F6BF4322700B80B7E40224BA
:10F95C0060E4144A22481178204D445C6D5C517867
:10F96C001248557061401170002202707EE7094BFD
:10F97C001B78FF22B3FBF2F2134403F0FF031C4A83
:10F98C00D15C00293FF4F5ACD0541A4A0121D15472
:10F99C00EFE400BF07BF0020818080802DBF0020D6
:10F9AC0003BD0020480600204406002003BF0020B1
:10F9BC004C06002002BD0020144C0120C04B01203D
:10F9CC00B40A0020BC490120184C01204B0800202F
:10F9DC001FBF002004BF002004BE0020FCF601085D
:10F9EC00FCF70108ABAAAAAA0CBF002005BF002097
:10F9FC003CCE00203CCD00200CB300202C4A2D4BDB
:10FA0C00D2F800902C4DB98838680A2202FB0633D4
:10FA1C002A4EA3F805102A4A2978D9713188C3F8DF
:10FA2C00010019811288274908F1010348468AF818
:10FA3C0000300AF07BFE98BB2A78234D3868C5F855
:10FA4C0001002B46A12103F8011BB988998033785A
:10FA5C00EB7273782B730223AA72EB714122F023A1
:10FA6C0006211A486B7285F808800AF001FA4122C7
:10FA7C0003460D2128461D460AF0FAF901460646B2
:10FA8C0028460AF003FB294648460AF003FE48467E
:10FA9C000AF07AFE28460AF0D1FA30460AF0CEFA7D
:10FAAC000B490C4B81F8008001221A7061E400BFF5
:10FABC00144C01200CB300200ABF002008BF00200A
:10FACC00B40A0020C04B0120BC490120184C012075
:10FADC004C08002020BF002070B55B495B4809F042
:10FAEC0009FC0546002840F083805949574809F025
:10FAFC0001FC0646002872D15649544809F0FAFB1D
:10FB0C000446002862D151484FF4427109F0F2FBCF
:10FB1C00F8B951494D4809F0EDFB00282CD145EAC4
:10FB2C0006000443E4B2002C2ED14C49474809F09E
:10FB3C00E1FB38B14A4A1388002B62D1474943484C
:10FB4C0009F0EEFB4749414809F0D4FB00282DD1C0
:10FB5C0070BD3E48002109F0A5FB3C4843F208016A
:10FB6C0009F0A0FB39484FF4427109F0D9FB3A492E
:10FB7C00364809F0BFFB38B13448032109F092FB39
:10FB8C003549324809F0CCFB72B63748374C34490A
:10FB9C00374A002303604FF496702360088013806B
:10FBAC0062B63449344A0B701370BEE7274840F2F2
:10FBBC00063109F091FB31484FF4004108F0E0FEAA
:10FBCC00BDE870402749214809F0AABB1F48032112
:10FBDC0009F068FB1F491D4809F0A2FB93E71B487D
:10FBEC00022109F05FFB1A49184809F099FB83E7D9
:10FBFC001648012109F056FB1349144809F090FBF3
:10FC0C0073E71A4D1E492C681E4E013B1380631C72
:10FC1C0081FB0301DA17C2EB61124FF4967101FB01
:10FC2C0012330A482B6009F033FB114A164913882A
:10FC3C00114D096826F8140001331380134B01226F
:10FC4C002A7019607AE700BF0005010000480040E7
:10FC5C000005020000050300050303000503050071
:10FC6C001E06002006030600ACB00020B0B0002039
:10FC7C00A8B00020BA730020E173002000040240F9
:10FC8C00B5814E1BB4B00020204C0120DC73002049
:10FC9C0010B50C482022032107F0B0FE00B910BDAE
:10FCAC0009480A4C40F2063109F00AFB084905489C
:10FCBC0000230B7023702022BDE81040032107F0B5
:10FCCC00C3BF00BF0060024000480040E07300204A
:10FCDC00E17300202DE9F84F994B1B78012B00F0B4
:10FCEC009D8083B1022B0CD172B69648964C9749E5
:10FCFC00974A002303604FF49670236008801380AA
:10FD0C0062B6BDE8F88F934B1A68002AF9D0924876
:10FD1C008F4B924D9249066818882C7809680028F8
:10FD2C0033D072B618880138188062B6854F8D4B67
:10FD3C00DFF854C2A3FB040338683CF810E000F170
:10FD4C00010C8948DB0980FB0C08C3EB831003EB27
:10FD5C008003E31A4FEAEC70C0EB6810BEF5807FAD
:10FD6C00DFF81882DBB228BF4FF0000E08F803E072
:10FD7C004FF4967303FB10C33B60631C2B7072B67D
:10FD8C00724803880133038062B6002CB9D0891BFA
:10FD9C0049F64043B3FBF2F301339942B1D9734AAC
:10FDAC00734B166873491A8830460AF0BFFC90BB37
:10FDBC00714840F2A23303806A4BA3FB0423DB0996
:10FDCC00C3EB831203EB8203E41A14F0FF0200F07E
:10FDDC00A2836A490230941C0DF028FF41220621AF
:10FDEC0067480AF045F841222146044662480AF069
:10FDFC003FF80146074620460AF048F921463046AE
:10FE0C000AF048FC30460AF0BFFC20460AF016F90E
:10FE1C0038460AF013F900232B7072E74C4A11880C
:10FE2C0000293FF46EAF72B611880139118062B6A9
:10FE3C00444D4D492E68534C721C81FB0201D01766
:10FE4C00C0EB6110504931F816104FF4967606FB52
:10FE5C0010222A602278F2B9FF2914D8552900F013
:10FE6C00E181C9B2332940F03383484848490270D4
:10FE7C000225484825700A70474C4849037045F2E2
:10FE8C00FF5322700B8072B6304A138801331380F3
:10FE9C0062B6BDE8F88F013A032AF4D8DFE802F025
:10FEAC001C883402394B1A78002A40F0CA813B4A2C
:10FEBC003B4C10783B4DB1F5807F28BF0021C9B277
:10FECC0048402970245C0121197037495378095C2A
:10FEDC0054704B401370D6E72C4B1A78032A00F061
:10FEEC00D182043A052ACED801A050F822F000BFE6
:10FEFC00F5010108D5010108AB01010893FE0008CA
:10FF0C008D000108A9000108204B1A78002A00F086
:10FF1C007B81082A00F0B480092AB4D1234B1D4AF6
:10FF2C000020187012781D4B5B7832B1B1F5807FD0
:10FF3C0028BF01468B4200F0FE8200232370A2E70B
:10FF4C001C060020ACB00020B0B000201E06002023
:10FF5C00A8B0002018060020DC730020E2730020FB
:10FF6C00204C0120A98D8481B5814E1B144C01209D
:10FF7C00B40A0020C04B0120BC490120E4730020CE
:10FF8C00184C0120BA730020B4B00020B9730020C3
:10FF9C00B87300200C040020B7730020100400205C
:10FFAC00FCF60108BB730020FCF70108E17300208C
:10FFBC00B04B1A78002A00F02781082A60D0092A51
:10FFCC007FF461AFAC4BAD4A002018701278AC4B8B
:10FFDC005B78002AB1D0B1F5807F28BF01468B42F7
:10FFEC00ABD1A84AA84B16781B78B342A5D9A74A1F
:04FFFC00A74B176890
:020000040801F1
:10000000A7491A8838460AF097FB00289BD1A54DCE
:10001000A54829464FF0A10C0A23012201F801CB83
:1000200013FB062202EB000C8258C5F80120BCF835
:1000300004208A8003FB0603F0226A72DA79AA722E
:100040001A7A5B7AEA722B734122032306219748BE
:100050002E72EB7109F012FF412203460D21284652
:100060001D4609F00BFF0646014628460AF014F823
:10007000294638460AF014FB38460AF08BFB28461E
:1000800009F0E2FF304609F0DFFF5CE77F4AB1F597
:10009000807F127828BF00218A4202D07A4A00214C
:1000A000117009221A70F4E6764B774A00251D700C
:1000B0001278764B5B78002A3FF445AFB1F5807F2C
:1000C00028BF29468B427FF43EAFDFF8C8A1784FA6
:1000D0009AF80080FF26B8FBF6F6464416F0FF06B5
:1000E00000F07682DFF8EC91BB4603E00135AE42CA
:1000F00000F06E8249460622584609F10A090DF0C1
:1001000083FD0028F2D1684B6A4EDFF8B491317854
:100110000A2202FB0533604AD971D2F800805F4A97
:10012000B9F80010198112885D494046EDB20AF015
:1001300003FBA0BB32785B4E3868C6F8010033463B
:10014000A12103F8011BB988998099F80030F37256
:1001500099F8013033730323B272F3714122F02313
:10016000062152487372357209F088FE4122034617
:100170000D2130461E4609F081FE014607463046F5
:1001800009F08AFF314640460AF08AFA40460AF0F2
:1001900001FB304609F058FF384609F055FF464943
:1001A000464B0D7001221A70CDE6384A444D107846
:1001B000444CB1F5807F28BF0021C9B24840697026
:1001C0004149245C095C08201870537854704B40F6
:1001D00013705EE62D4A3A4D10783A4CB1F5807FA7
:1001E00028BF0021C9B2484029703749245C095C06
:1001F0000620E9E7254A2F4D1078324CB1F5807F73
:1002000028BF0021C9B2484029702F49245C095CED
:100210000520D9E71D4A2B4C10781D4DB1F5807F84
:1002200028BF0021C9B248402970245C082151E64A
:100230001349237003200870244C254912480A7082
:100240002270124A037047F67F71118021E6013A4D
:10025000082A3FF61EAE01A050F822F071040108F2
:100260004704010893FE000893FE000893FE00086F
:1002700093FE0008FB0301088D000108D902010864
:10028000B9730020E17300200C040020100400204A
:10029000BB730020B6710020144C0120B40A00206A
:1002A000C04B0120BC490120C0670020184C012030
:1002B000C0730020BE73002014060020D4730020F9
:1002C000BC730020FCF60108FCF70108B87300209D
:1002D000B7730020C1670020A34BA44D1E78A4482B
:1002E000A44BA54F1B787F78A5FB0625A34A92F85F
:1002F00000C0A34A06EBD51592F80080A14A05F08C
:10030000FF054FF0000E80F800E032F91500BCF157
:10031000000F3FF418AEB1F5807F28BF71468F42C1
:100320007FF411AE1BB222F81530974A1278B24210
:100330007FF609AE98425AD0944B95491F68954B69
:1003400038461A880AF0F8F9024600284FD1924937
:10035000DFF878C2DFF854E201200A2313FB05031B
:100360000846A12500F8015B03EB0C055CF803309F
:10037000C1F80130AB8883804FF0FF0CB8FBFCF371
:1003800008EB030505EA0C0503230E72CB7105F19A
:10039000FF3809E0B3FBFCF0C0EB00201B1A9BB256
:1003A0001EF8010BC854013202F1090342459BB209
:1003B000F0DD41220621794809F060FD412205F176
:1003C00009010546744809F059FD01468046284652
:1003D00009F062FE294638460AF062F938460AF00A
:1003E000D9F9284609F030FE404609F02DFE6C4947
:1003F0006C4B0E7001221A70A5E56B4D5B4A287894
:100400005D4C6A4EA2FB0072B1F5807F00EBD21208
:1004100028BF002102F0FF02C9B2B15422784A403D
:10042000634901308E5C6349C0B228708D5C544AC8
:100430001178627866706A40814222707FF429AD3B
:1004400008221A7025E5FF296DD84B484C4CCAB2DA
:10045000227004786240564CA55C564CA45C4278ED
:100460004570624002700029EAD007221A7010E538
:10047000414A404D10784E4CB1F5807F28BF002195
:10048000C9B2484029704B49245C095C02209BE6B4
:10049000454D494A2878384C484EA2FB00729208D4
:1004A00002EB4202B1F5807FA0EB420228BF00219F
:1004B000D2B2C9B2B154421C207841403C48D2B2B9
:1004C0002A70455C3B48405C617865704140062A73
:1004D00021707FF4DEAC04221A70DAE45F290ED1B9
:1004E0003748314902700325244825700A70244C8E
:1004F0002149037047F6FF0322700B80C9E450299D
:100500007FF4C7AC2E482849027004251B4825708B
:100510000A701B4C1849037047F6BF4322700B80CA
:10052000B7E4022460E4144A22481178204D445C68
:100530006D5C517812485570614011700022027054
:100540007EE7094B1B78FF22B3FBF2F2134403F062
:10055000FF031C4AD15C00293FF4F5ACD0541A4A81
:100560000121D154EFE400BFBB7300208180808063
:10057000E1730020B7710020100400200C0400205B
:10058000B773002014040020B6710020144C012021
:10059000C04B0120B40A0020BC490120184C0120A6
:1005A00013060020D3730020B8730020B872002017
:1005B000FCF60108FCF70108ABAAAAAAC073002048
:1005C000B9730020F0820020F0810020C067002075
:1005D0002C4A2D4BD2F800902C4DB98838680A224D
:1005E00002FB06332A4EA3F805102A4A2978D9714E
:1005F0003188C3F8010019811288274908F10103E5
:1006000048468AF800300AF097F898BB2A78234DBC
:100610003868C5F801002B46A12103F8011BB988F1
:1006200099803378EB7273782B730323AA72EB7182
:100630004122F02306211A486B7285F8088009F0E0
:100640001DFC412203460D2128461D4609F016FCDB
:1006500001460646284609F01FFD294648460AF08D
:100660001FF848460AF096F8284609F0EDFC304697
:1006700009F0EAFC0B490C4B81F8008001221A704A
:1006800061E400BF144C0120C0670020BE7300204D
:10069000BC730020B40A0020C04B0120BC490120DB
:1006A000184C012014060020D473002070B55A495C
:1006B0005A4808F025FE0546002840F08280584937
:1006C000564808F01DFE0646002871D1554953488A
:1006D00008F016FE0446002861D150484FF44271DC
:1006E00008F00EFEF8B950494C4808F009FE002801
:1006F0002CD145EA06000443E4B2002C2ED14B492C
:10070000464808F0FDFD38B1494A1388002B61D1F5
:100710004649424808F00AFE4649404808F0F0FDC4
:1007200000282DD170BD3D48002108F0C1FD3B4897
:1007300043F2080108F0BCFD38484FF4427108F05C
:10074000F5FD3949354808F0DBFD38B13348032160
:1007500008F0AEFD3449314808F0E8FD72B636487D
:10076000364C3349364A002303604FF496702360B9
:100770000880138062B63349334A0B701370BEE7AA
:10078000264840F2063108F0ADFD3048022108F05D
:10079000FDF8BDE870402749204808F0C7BD1F4854
:1007A000032108F085FD1F491C4808F0BFFD94E7B0
:1007B0001A48022108F07CFD1949184808F0B6FDD6
:1007C00084E71648012108F073FD1349134808F027
:1007D000ADFD74E7194D1E492C681E4E013B138078
:1007E000631C81FB0301DA17C2EB61124FF49671AF
:1007F00001FB123309482B6008F050FD104A1649DE
:100800001388114D096826F8140001331380134B27
:1008100001222A7019607BE70005010000100140E9
:1008200000050200000503000503030005030500A1
:10083000E6030020060306006065002064650020D2
:100840005C6500206E28002095280020000C0240E6
:10085000B5814E1B68650020204C012090280020A7
:1008600010B50C482022072107F0CEF800B910BDC2
:1008700009480A4C40F2063108F028FD08490548AD
:1008800000230B7023702022BDE81040072107F0E1
:10089000E1B900BF0064024000100140942800202C
:1008A000952800202DE9F84F994B1B78012B00F07B
:1008B0009D8083B1022B0CD172B69648964C974915
:1008C000974A002303604FF49670236008801380DA
:1008D00062B6BDE8F88F934B1A68002AF9D09248A7
:1008E0008F4B924D9249066818882C780968002829
:1008F00033D072B618880138188062B6854F8D4B98
:10090000DFF854C2A3FB040338683CF810E000F1A0
:10091000010C8948DB0980FB0C08C3EB831003EB57
:100920008003E31A4FEAEC70C0EB6810BEF5807FDD
:10093000DFF81882DBB228BF4FF0000E08F803E0A2
:100940004FF4967303FB10C33B60631C2B7072B6AD
:10095000724803880133038062B6002CB9D0891B2A
:1009600049F64043B3FBF2F301339942B1D9734ADC
:10097000734B166873491A88304609F0DDFE90BB48
:10098000714840F2A24303806A4BA3FB0423DB09B6
:10099000C3EB831203EB8203E41A14F0FF0200F0AE
:1009A000A2836A490230941C0DF046F941220621C7
:1009B000674809F063FA412221460446624809F07B
:1009C0005DFA01460746204609F066FB214630469F
:1009D00009F066FE304609F0DDFE204609F034FBE2
:1009E000384609F031FB00232B7072E74C4A11881E
:1009F00000293FF46EAF72B611880139118062B6DA
:100A0000444D4D492E68534C721C81FB0201D01796
:100A1000C0EB6110504931F816104FF4967606FB82
:100A200010222A602278F2B9FF2914D8552900F043
:100A3000E181C9B2332940F0338348484849027004
:100A40000225484825700A70474C4849037045F212
:100A5000FF5322700B8072B6304A13880133138023
:100A600062B6BDE8F88F013A032AF4D8DFE802F055
:100A70001C883402394B1A78002A40F0CA813B4A5C
:100A80003B4C10783B4DB1F5807F28BF0021C9B2A7
:100A900048402970245C0121197037495378095C5A
:100AA00054704B401370D6E72C4B1A78032A00F091
:100AB000D182043A052ACED801A050F822F000BF16
:100AC000B90D0108990D01086F0D0108570A0108B9
:100AD000510C01086D0C0108204B1A78002A00F017
:100AE0007B81082A00F0B480092AB4D1234B1D4A27
:100AF0000020187012781D4B5B7832B1B1F5807F01
:100B000028BF01468B4200F0FE8200232370A2E73B
:100B1000E40300206065002064650020E6030020F7
:100B20005C650020E003002090280020962800202B
:100B3000204C0120A98D8481B5814E1B144C0120CD
:100B4000B40A0020C04B0120BC4901209828002095
:100B5000184C01206E280020686500206D280020B8
:100B60006C280020D40100206B280020D801002030
:100B7000FCF601086F280020FCF7010895280020EA
:100B8000B04B1A78002A00F02781082A60D0092A81
:100B90007FF461AFAC4BAD4A002018701278AC4BBB
:100BA0005B78002AB1D0B1F5807F28BF01468B4227
:100BB000ABD1A84AA84B16781B78B342A5D9A74A4F
:100BC000A74B1768A7491A88384609F0B5FD0028D1
:100BD0009BD1A54DA54829464FF0A10C0A2301221F
:100BE00001F801CB13FB062202EB000C8258C5F87A
:100BF0000120BCF804208A8003FB0603F0226A72FD
:100C0000DA79AA721A7A5B7AEA722B734122042388
:100C1000062197482E72EB7109F030F94122034604
:100C20000D2128461D4609F029F9064601462846A9
:100C300009F032FA2946384609F032FD384609F003
:100C4000A9FD284609F000FA304609F0FDF95CE7F5
:100C50007F4AB1F5807F127828BF00218A4202D0F6
:100C60007A4A0021117009221A70F4E6764B774A0D
:100C700000251D701278764B5B78002A3FF445AF53
:100C8000B1F5807F28BF29468B427FF43EAFDFF865
:100C9000C8A1784F9AF80080FF26B8FBF6F64644C4
:100CA00016F0FF0600F07682DFF8EC91BB4603E019
:100CB0000135AE4200F06E8249460622584609F1DF
:100CC0000A090CF0A1FF0028F2D1684B6A4EDFF848
:100CD000B49131780A2202FB0533604AD971D2F807
:100CE00000805F4AB9F80010198112885D494046BA
:100CF000EDB209F021FDA0BB32785B4E3868C6F832
:100D000001003346A12103F8011BB988998099F8A5
:100D10000030F37299F8013033730423B272F37127
:100D20004122F023062152487372357209F0A6F869
:100D3000412203460D2130461E4609F09FF8014628
:100D40000746304609F0A8F93146404609F0A8FCAC
:100D5000404609F01FFD304609F076F9384609F0A3
:100D600073F94649464B0D7001221A70CDE6384A98
:100D7000444D1078444CB1F5807F28BF0021C9B2A2
:100D8000484069704149245C095C08201870537818
:100D900054704B4013705EE62D4A3A4D10783A4C31
:100DA000B1F5807F28BF0021C9B24840297037497A
:100DB000245C095C0620E9E7254A2F4D1078324C67
:100DC000B1F5807F28BF0021C9B2484029702F4962
:100DD000245C095C0520D9E71D4A2B4C10781D4D79
:100DE000B1F5807F28BF0021C9B248402970245C3A
:100DF000082151E61349237003200870244C25492B
:100E000012480A702270124A037047F67F711180EF
:100E100021E6013A082A3FF61EAE01A050F822F062
:100E2000351001080B100108570A0108570A01087C
:100E3000570A0108570A0108BF0F0108510C0108A1
:100E40009D0E01086D28002095280020D401002067
:100E5000D80100206F2800206A260020144C0120B1
:100E6000B40A0020C04B0120BC490120741C0020A2
:100E7000184C01207428002072280020DC03002078
:100E80008828002070280020FCF60108FCF70108E3
:100E90006C2800206B280020751C0020A34BA44D5B
:100EA0001E78A448A44BA54F1B787F78A5FB062588
:100EB000A34A92F800C0A34A06EBD51592F8008029
:100EC000A14A05F0FF054FF0000E80F800E032F96E
:100ED0001500BCF1000F3FF418AEB1F5807F28BFBC
:100EE00071468F427FF411AE1BB222F81530974A3B
:100EF0001278B2427FF609AE98425AD0944B954987
:100F00001F68954B38461A8809F016FC02460028DF
:100F10004FD19249DFF878C2DFF854E201200A236A
:100F200013FB05030846A12500F8015B03EB0C0544
:100F30005CF80330C1F80130AB8883804FF0FF0CC0
:100F4000B8FBFCF308EB030505EA0C0504230E725D
:100F5000CB7105F1FF3809E0B3FBFCF0C0EB0020DA
:100F60001B1A9BB21EF8010BC854013202F109038F
:100F700042459BB2F0DD41220621794808F07EFF10
:100F8000412205F109010546744808F077FF014642
:100F90008046284609F080F82946384609F080FB4B
:100FA000384609F0F7FB284609F04EF8404609F0AC
:100FB0004BF86C496C4B0E7001221A70A5E56B4D15
:100FC0005B4A28785D4C6A4EA2FB0072B1F5807FC7
:100FD00000EBD21228BF002102F0FF02C9B2B154C7
:100FE00022784A40634901308E5C6349C0B2287060
:100FF0008D5C544A1178627866706A408142227032
:101000007FF429AD08221A7025E5FF296DD84B48D9
:101010004C4CCAB2227004786240564CA55C564CC7
:10102000A45C42784570624002700029EAD0072231
:101030001A7010E5414A404D10784E4CB1F5807F52
:1010400028BF0021C9B2484029704B49245C095C83
:1010500002209BE6454D494A2878384C484EA2FB71
:101060000072920802EB4202B1F5807FA0EB4202CF
:1010700028BF0021D2B2C9B2B154421C20784140ED
:101080003C48D2B22A70455C3B48405C6178657050
:101090004140062A21707FF4DEAC04221A70DAE4A3
:1010A0005F290ED137483149027003252448257045
:1010B0000A70244C2149037047F6FF0322700B800D
:1010C000C9E450297FF4C7AC2E4828490270042592
:1010D0001B4825700A701B4C1849037047F6BF4324
:1010E00022700B80B7E4022460E4144A224811788D
:1010F000204D445C6D5C5178124855706140117010
:10110000002202707EE7094B1B78FF22B3FBF2F24C
:10111000134403F0FF031C4AD15C00293FF4F5ACF3
:10112000D0541A4A0121D154EFE400BF6F280020A7
:1011300081808080952800206B260020D801002027
:10114000D40100206B280020DC0100206A2600204A
:10115000144C0120C04B0120B40A0020BC490120DE
:10116000184C0120DB030020872800206C28002079
:101170006C270020FCF60108FCF70108ABAAAAAA1C
:10118000742800206D280020A4370020A4360020F9
:10119000741C00202C4A2D4BD2F800902C4DB9889D
:1011A00038680A2202FB06332A4EA3F805102A4AA1
:1011B0002978D9713188C3F801001981128827492B
:1011C00008F1010348468AF8003009F0B5FA98BBE7
:1011D0002A78234D3868C5F801002B46A12103F871
:1011E000011BB98899803378EB7273782B730423D1
:1011F000AA72EB714122F02306211A486B7285F81E
:10120000088008F03BFE412203460D2128461D467A
:1012100008F034FE01460646284608F03DFF294600
:10122000484609F03DFA484609F0B4FA284608F065
:101230000BFF304608F008FF0B490C4B81F800808B
:1012400001221A7061E400BF144C0120741C0020BC
:101250007228002070280020B40A0020C04B012012
:10126000BC490120184C0120DC0300208828002004
:1012700010B5824C2DED028BD4ED017A94ED048AE9
:1012800094ED057AF4EEC87AF1EE10FA7FDD38EECF
:10129000078AF4EEC87AF1EE10FA40F18180B0EEE0
:1012A000678AC4ED047AB5EE408AF1EE10FA7ED07A
:1012B000F7EE008AB4EE688AF1EE10FA70487CD03E
:1012C0007022002107F000FF78EEC88A9FED6D7A4A
:1012D000DFED6D7A6A48E8EE877A0021FCEEE77A66
:1012E00017EE903A9AB207F017FFD4ED087A94ED12
:1012F0000B8A94ED0C7AF4EEC87AF1EE10FA79DDEF
:1013000038EE078AF4EEC87AF1EE10FA7AD5B0EE2C
:10131000678AC4ED0B7AB5EE408AF1EE10FA78D008
:10132000F7EE008AB4EE688AF1EE10FA544876D1EE
:101330005022012107F0C8FED4ED0F7A94ED128AF5
:1013400094ED137AF4EEC87AF1EE10FA3ADD38EE45
:10135000078AF4EEC87AF1EE10FA3BD5B0EE678A50
:10136000C4ED127AB5EE408AF1EE10FA39D0F7EEFC
:10137000008AB4EE688AF1EE10FA414865D1BDECFE
:10138000028B5022BDE81040022107F09DBE8AD595
:1013900038EE478AF4EEC87AF1EE10FA3FF77FAFE5
:1013A000B5EE408AF1EE10FA84ED048A80D134481B
:1013B0004022002107F088FE97E75022002107F025
:1013C00083FE92E7CED538EE478AF4EEC87AF1EE86
:1013D00010FAC3DCB5EE408AF1EE10FA84ED128A01
:1013E000C5D1BDEC028B2648BDE810404022022149
:1013F00007F06ABE8FD538EE478AF4EEC87AF1EE70
:1014000010FA84DCB5EE408AF1EE10FA84ED0B8A16
:1014100086D11B484022012107F056FE8CE770223E
:10142000012107F051FE78EEC88A9FED167ADFEDB4
:10143000167A1348E8EE877A0121FCEEE77A17EE78
:10144000903A9AB207F068FE76E77022022107F020
:101450003BFE78EEC88A9FED0B7ADFED0B7A0848E9
:10146000E8EE877ABDEC028BFCEEE77ABDE810402F
:1014700017EE903A02219AB207F04EBE800100208A
:10148000000800400000704400002042F8B5234DE1
:10149000234C244826782F684FF4807107F078FA9F
:1014A000B0FA80F04009864203D0002320706760C4
:1014B00023721D48267B2F68102107F069FAB0FAC5
:1014C00080F04009864203D00023207327612375F2
:1014D0001548267E2F684FF4806107F059FAB0FA5C
:1014E00080F04009864204D000232076E76184F82A
:1014F00020300C482E6894F824504FF4004107F037
:1015000047FAB0FA80F04009854205D0002384F8FC
:101510002400A66284F82C30F8BD00BF204C0120C6
:10152000381C002000000240000402402DE9F84F62
:10153000274F284E3C7804F0030505EB450306EBE6
:101540008302127A1AB101343C70BDE8F88F224A46
:10155000DFF89490D2F800A0204A214912889B001D
:101560005046F35C89F80230012389F80030EB180B
:101570004FEA450889F8013009F0DEF840B1A84487
:1015800006EB8806013401233C703372BDE8F88F06
:1015900041220621134808F071FC41220346032131
:1015A0004846994608F06AFC83460146484608F0DA
:1015B00073FD4946504609F073F8504609F0EAF8C1
:1015C000484608F041FD584608F03EFDD7E700BF09
:1015D000301C0020381C0020144C0120B40A0020CC
:1015E000C04B0120184C0120341C002070B540F67F
:1015F000154084B007F09CFA1F4C204B204A1A601B
:1016000001250026204601AA0221CDE901560396B4
:1016100007F064FC32462046022107F07DFD20469B
:101620006022022107F050FD08222046022107F027
:1016300081FD2946204607F047FC4FF48071204683
:1016400007F03EFC204607F033FC04F517342A4629
:1016500029460D2007F014FA2046022106F0A2F9CF
:1016600020460522022106F0B1F91022022120466F
:1016700006F0B8F904B070BD000400405C01002021
:101680003C040040F8B515482022022106F0BCF9C0
:1016900000B9F8BD124E11482022022106F0DAFAF4
:1016A00034883B2CF5D80F4A0F4F125D0F4B104D6D
:1016B000BD6003EB02130FCB85E80F000D4800213E
:1016C00007F0FCFB05483A46022106F021F90134F7
:1016D0000248022106F070F93480F8BD0060024033
:1016E000141C0020D81B00205C010020FCE601082F
:1016F000181C0020000400402DE9F843DFF8F082B8
:10170000A54C98F800302068002B40F08380A34D52
:10171000DFEDA34A9FEDA35ADFEDA35A9FEDA36A25
:10172000DFEDA36AA349DFF8CC8284462A4605F19F
:10173000F00EC82788FB0C364FEAEC73C3EBA613F8
:1017400007FB13C301EB830393ED007AC2ED026A3A
:10175000F0EE457AE7EE247A0C3296450CF10A0C4D
:1017600067EEA57A27EE867A42ED037A02ED027AD9
:10177000E0D1914B1B78002B40F0C380002840F053
:10178000F6808E4B01221A608D4D844B9FED8D6A41
:1017900002442260AC46D3ED016A93ED007AD3EDAA
:1017A000027A66EE866A27EE067A67EE867AFCEEA5
:1017B000E66ABCEEC77AFCEEE77A16EE900A17EE00
:1017C000101A17EE902A0C339E458CF800008CF806
:1017D00001108CF802200CF1030CDCD12A787A4B32
:1017E0007A4C7B4D7B4E03EB02130FCB84E80F004A
:1017F0000123794833800021AC6007F05FFB774814
:101800002A46022106F084F8BDE8F8437348022115
:1018100006F0D2B807EE900A9FED717A9FED626AEA
:101820005E4DDFED5F4A9FED5F5ADFED605AF8EEE7
:10183000E77AF7EE006A67EE877A642827EE866A11
:1018400076EEE76A2ED05B49DFF8A88184462A4607
:1018500005F1F00EC82788FB0C364FEAEC73C3EB9A
:10186000A61307FB13C301EB830393ED007AF0EE9D
:10187000457AE7EE247A0C3272450CF10A0C66EEDA
:10188000277A26EEA77A42ED037A77EEC77A02ED41
:10189000017AA7EEA57A02ED027ADCD1464B1B78DD
:1018A0007BBB6BE74349DFF84CC12A4605F1F00EDC
:1018B0000646C827ACFB06939B0907FB136301EBA5
:1018C000830393ED007AF0EE457AE7EE247A0C324A
:1018D000724506F10A0666EE277A26EEA77A42EDF1
:1018E000037A77EEC77A02ED017AA7EEA57A02EDC8
:1018F000027ADFD1304B1B78002288F80020002BC1
:1019000037D0384E384B3168DFF8EC80C1F109022E
:1019100001F10A0783FB02C983FB073CD317C3EB22
:10192000E90303EB8303A2EB830303EB430305EB20
:101930008302FB17C3EBEC0303EB8303A7EB8303E7
:1019400003EB430305EB83034FF07E5515601D60E9
:101950004FF07C55C2F804809560C3F804809D6008
:1019600051B9224A012313601944316006E7C8289F
:101970000CD0124B1A6807E7092902D01B4B1B68D1
:10198000F2E71A4A4FF0FF331360EDE70B4B4FF0CD
:10199000FF321A60F8E600BFD01B0020DC1A0020DE
:1019A000CDCC4C3FCDCC4C3E9A99993E5655553FA7
:1019B00000000000DCE30108CC1B002054010020E3
:1019C000D81B002000007F43FCE60108181C002003
:1019D0005C010020141C0020000400400060024054
:1019E0000AD7233CD41B0020676666665801002096
:1019F000520100201F85EB51ABAA6A3F70B540F63B
:101A0000164084B007F094F81F4D204B204A1A600E
:101A100001240026284601AA0321CDE901460396A8
:101A200007F05CFA32462846032107F075FB28468A
:101A30006022032107F048FB08222846032107F013
:101A400079FB2146284607F03FFA4FF4807128467B
:101A500007F036FA284607F02BFA05F5B03522468E
:101A60002146392007F00CF82146284605F09AFF58
:101A700021462846072205F0A9FF102221462846C4
:101A800005F0B0FF04B070BD000401402C0100203F
:101A900040040140904B2DE9F047D3E9007CFF2F33
:101AA00000F2AB81FB43DBB28C4D8D4EEA5CF35C04
:101AB000DB43DBB28849DFF82CE2C968FF299CBF11
:101AC0004B40DBB28449F05C0969EB5C4240FF2982
:101AD0009CBF4A40D2B28049B05C4969AA5C43408D
:101AE000FF299CBF4B40DBB27B49F05C8969EB5C12
:101AF0004240FF299CBF4A40D2B27749B05CC969D5
:101B0000AA5C4340FF299CBF4B40DBB27249F05CAA
:101B1000096AEB5C4240FF299CBF4A40D2B26E4941
:101B2000B05C496AAA5C4340FF299CBF4B40DBB2D2
:101B30006949F05C896AEB5C4240FF299CBF4A40DE
:101B4000D2B26549B05CC96AAA5C4340FF299CBF18
:101B50004B40DBB26049F05C096BEB5C4240FF2913
:101B60009CBF4A40D2B25C49B05C496BAA5C43401E
:101B7000FF299CBF4B40DBB25749896BF05CEB5CA3
:101B80004240FF299CBF4A40D2B25349B05CC96B66
:101B9000AA5C4340FF299CBF4B40DBB24E49F05C3E
:101BA000096CEB5C4240FF299CBF4A40D2B24A49D3
:101BB000B05C496CAA5C4340FF299CBF4B40DBB240
:101BC0004549F05C896CEB5C4240FF299CBF4A4070
:101BD000D2B24149B05CC96CAA5C4340FF299CBFAA
:101BE0004B40DBB23C49F05C096DEB5C4240FF29A5
:101BF0009CBF4A40D2B23849B05C496DAA5C4340B0
:101C0000FF299CBF4B40DBB23349F05C896DEB5C34
:101C10004240FF299CBF4A40D2B22F49B05CC96DF7
:101C2000AA5C4340FF299CBF4B40DBB22A49F05CD1
:101C3000096EEB5C4240FF299CBF4A40D2B2264964
:101C4000496EB05CAA5C4340FF299CBF4B40DBB2AD
:101C50002149F05C896EEB5C4240FF299CBF4A4001
:101C6000D2B21D49B05CC96EAA5C4340FF299CBF3B
:101C70004B40DBB21849F05C096FEB5C4240FF2936
:101C80009CBF4A40D2B21449B05C496FAA5C434041
:101C9000FF299CBF4B40DBB20F49F05C896FEB5CC6
:101CA0004240FF299CBF4A40D2B20B49B05CC96F89
:101CB000AA5C4340FF299CBF4B40DBB20649F05C65
:101CC000D1F88010EB5C4240FF299CBF4A40D2B261
:101CD000B15CA85C08E000BF00000E08FCF601083B
:101CE000FCF70108A4030E08464A4B4011685468EB
:101CF000FF299CBF4B40DBB2FF2CF15CEB5C81EA1F
:101D0000000181EA0400C0B20AD8315C285C0832C4
:101D1000724583EA0103E9D163450AD0BDE8F08743
:101D2000745C685C0832724583EA0403DED1634563
:101D3000F4D1354B9B689842F0D1012FEED1334C52
:101D4000334A234604F1C805002652F8040C52F821
:101D5000081BFF2801F1FF3194BF18701E70FE2987
:101D60008CBF0021012159700233AB42EDD1002319
:101D7000284FDFF8B0C0284EDFF8AC809E466425BF
:101D800009E087F804E0A7F802E00CF10C0CC44568
:101D900007F11007C2D0DCF80020B2F5807F28BF21
:101DA00000223A70DCF80420B2F5807F28BF0022C0
:101DB0007A70DCF80820FF2AE3D8D2B2A6FB020131
:101DC00049093A7105FB112212F0FF00A7F802E061
:101DD000DBD04FF000094A46591C14F813304B442D
:101DE00001321FFA83F9A6FB01A35B09904205FBB0
:101DF0001313F1D1A7F80290C7E7084D084EBF238F
:101E0000402257E684000E0800000E08F819002052
:101E100010000E088C0000201F85EB51FCF6010815
:101E2000FCF701082C030E08A4030E08F8B51648A9
:101E30002022012105F0E8FD00B9F8BD134E12483B
:101E40002022012105F006FF3488B4F5166FF4D284
:101E50000F4A104F125D104B104DBD6003EB021383
:101E60000FCB85E80F000E48002107F027F8064841
:101E70003A46012105F04CFD01340348012105F0EB
:101E80009BFD3480F8BD00BF00640240C01A0020F2
:101E9000780D00202C010020FCE60108C41A002067
:101EA000000401402DE9F04F2DED108BDFF83CB31D
:101EB000C74FC848C84B9FEDC9DADFEDC9AADFF8A4
:101EC0003083DFF830A399B04FF00009CDF84C9083
:101ED0004D46DE460993CB463E4681467388C14A4D
:101EE000707896ED02AA9EED009ADEED01CA0CEE26
:101EF000103A3379A2FB03426421520901FB1233E9
:101F000009999EF8082091F820400A9213F0FF0CDE
:101F100099F820200C9401F0DC82139BAD4FCDF892
:101F200050C003EB830307EBC303129391F82130F6
:101F30000B9399F821300393CDE9166E431E0024CC
:101F4000079300EB400302940093A4460D90019286
:101F50004F46A54BCDF838C013F81520049203EB7B
:101F6000450394445B780593002A00F0DD8207EE78
:101F7000902AB8EE67EA07EE904A059B1194F8EEB6
:101F8000E79A01213846CDE90FC529EE0EBA6CEE6D
:101F90008EBAF1EE699AF0EE6CFA0F46002B40F023
:101FA00096827B1E0FEE103AB5EEC0AAF1EE10FA43
:101FB000F8EECFDA40F39782B4EEEDBAF1EE10FA14
:101FC00000F24C83F4EEEDBAF1EE10FACCBF01232F
:101FD00000230A9A9A4200F086820C9B002B00F0A4
:101FE0003F83099B0B9A1C78F7EE008A102C2CBFBC
:101FF000F0EE6ACAF0EE68CA38BFF0EE6A8AF2B153
:10200000D3ED077A93ED048A93F82330A9EEA78ADB
:102010003BB1B0EE480A06900BF07AFF069838EE16
:10202000408AB5EEC08AF1EE10FA00F15F87F7EE54
:10203000007AB4EEE78AF1EE10FA40F3DF87079BEF
:10204000013300F03A8200240897F7EE00CA0746F1
:102050002646039808254FF4166920E0F5EEC07A6D
:10206000F1EE10FA40F3F882FCEEE77A0123CDEDB1
:10207000037A02939DF80C3008F80B300BF1010342
:10208000AAFB032B4FEA1B2B09FB1B3B009B0334D2
:102090009C4205F1010506F1020600F00B8218F8DA
:1020A0000B30019A08EE103AA5F108035AB3E8B1D3
:1020B000D7ED077A97ED040A97F82320A7EEA90A2F
:1020C000F0EE40EA3AB1069003930BF021FF069838
:1020D000039B7EEEC0EAF5EEC0EAF1EE10FA05D4FD
:1020E000F4EEECEAF1EE10FA40F34986F8EE487AA5
:1020F00068EEA77AF4EECD7AF1EE10FAAEDD0122A9
:10210000FF230292B8E70028F0D097F82320D7EDFC
:1021100004EA4AB1B0EE6E0A069003930BF0F8FEA3
:102120000698039B7EEEC0EAF5EEC0EAF1EE10FAE7
:10213000DCD4F4EEECEAF1EE10FAD7DC3A78212A9E
:10214000D4D801A151F822F097230108ED2001080D
:10215000ED200108ED200108ED200108ED20010827
:10216000ED200108ED200108ED200108ED20010817
:10217000ED200108ED200108ED200108ED20010807
:10218000ED200108ED2001083D2301081F2401086E
:10219000ED200108ED200108ED200108ED200108E7
:1021A000ED200108ED200108ED200108ED200108D7
:1021B000ED200108ED200108ED200108ED200108C7
:1021C000ED200108ED200108DB220108F9210108BA
:1021D0008C00002068180020D816002000007F43E3
:1021E000000000001F85EB51F819002014000020AA
:1021F000780D0020B5814E1BDFF8B0C2DFF8B0E2E9
:102200009CF800309EF80020D7ED067ADFEDA26A38
:1022100083EA0313DBB282EA5201594081EA4301A7
:10222000CBB2B3EE097A67EE877A069307EE103ADF
:102230008EF80030994B1B780393B8EE477A8CF8F0
:102240000030974B27EE267A1978944B1593197026
:10225000B4EEE77A924BF1EE10FA1A7000F2CA86E9
:102260008E4B8CF800101A708D4B069A1A70039BD7
:1022700083EA0313DBB283EA4303534083EA520346
:10228000DBB207EE903A8EF80030864B711CA3FB50
:1022900006C2A3FB01C3D208DB0802EB420203EB38
:1022A0004303A1EB8303A6EB8202791CB8EE677AA5
:1022B0008A5CCB5C27EE267A07EE902A06EE903AEF
:1022C000F8EE677AF8EE666A76EEE76AE6EE877A07
:1022D00067EE8A7A6AEE277A0AE797F82430002BAD
:1022E00040F02086A3F15533A3FB0523DB08129AA7
:1022F00003EB4303A5EB830313445A7818EE103A1B
:102300009342F8EE487A3FF4F3AEB7EE007A97EDD9
:10231000066A37EE6E7AB4EEC76AF1EE10FA01F291
:102320007E8006EE902AF8EE666A76EEE76A66EE42
:10233000866A86EE876A77EE867AD9E6594B611C03
:10234000A3FB04C2A3FB01C3D208DB0803EB4303D6
:1023500002EB4202A1EB8301A4EB82027B1C9A5C9C
:10236000595C07EE102A97F825201AB1F7EE006A9B
:1023700076EEEEEAB8EE477ADFED4B6AAEEE8D7A96
:10238000B4EEE67AF1EE10FA40F2748507EE901A98
:10239000F8EE677A9EE7434AA2FB0312D20802EBEB
:1023A0004202A3EB8203129A1344B8EE487A5B7898
:1023B00007EE903AF8EE677A67EE8A7AF4EECD7A15
:1023C000F1EE10FA00F28485F5EEC07AF1EE10FA23
:1023D000C0F27E85FCEEE76A18EE102ACDED036AA6
:1023E0009DF80C30934200F0798597F82230002B4D
:1023F0007FF47EAEF7EE006A97ED066A76EEEE6A3F
:10240000B4EEE66AF1EE10FA3FF672AE77EEC77AF6
:1024100067EE867A87EEA66A76EE077A68E6214B43
:10242000611CA3FB04C2A3FB01C3D208DB0803EBBE
:10243000430302EB4202A1EB8301A4EB82027B1C6B
:102440009A5C13F801C007EE102A97F825201AB1FC
:10245000F7EE006A76EEEEEA1FEE102A0E999FED77
:10246000125A0A4405EE902AB8EE4C6AF8EEE55A84
:10247000B8EE477AC5EE866A76EEAE6AA6EE8D7A3B
:10248000B4EEC57AF1EE10FA40F2CF8707EE90CAAB
:10249000F8EE677A1EE700BF8180803B6A0D00205E
:1024A000690D0020ABAAAAAA0000004F6B0D002006
:1024B0001300002003903846089F049A974207F1C2
:1024C00001032BD01F46059B002B3FF46AAD049BF4
:1024D000DB1B0FEE103AB5EEC0AAF1EE10FAF8EEE3
:1024E000CFDA3FF769AD079B0133E6D00D9C00239F
:1024F0004FF416614FF0000208F80B200BF10102B7
:102500000133AAFB025B4FEA1B2BA34201FB1B2BEF
:10251000F0D1049A974207F10103D3D1DDE90FC549
:10252000119CF0EE6FCA0746AF4A6B1CA2FB031268
:102530005509642202FB1535149B0134A3427FF434
:1025400008ADDDE9166EB946337B029A934202D09C
:10255000012332737373039B2BB3D9ED047AD9ED46
:10256000066A99ED057A99F8223077EEA67AF5EEAB
:10257000C07AF1EE10FAC0F28387002B00F0638777
:10258000B4EEE77A0123F1EE10FA89F8233000F275
:102590005F874FF07E53C9F8143040F20113C9ED44
:1025A00004AAA9F823300B9BEBB1099BD3ED047A65
:1025B000D3ED066A93ED057A93F8223077EEA67A8A
:1025C000F5EEC07AF1EE10FAC0F26787002B40F00A
:1025D0004687B4EEE77AF1EE10FA00F24987099ADD
:1025E000002382F82130139B099A013328320A2BE9
:1025F000139306F110060EF10C0E09F12809099249
:102600007FF46CACBBF5166F06DACBF516620021D1
:1026100008EB0B000BF008FB98F80020734B744C90
:10262000744D754E03EB02130FCBAC6084E80F00C2
:10263000012472483480002106F040FC2146704895
:102640002A4605F065F96E48214619B0BDEC108B9D
:10265000BDE8F04F05F0B0B900230DE50023B8E464
:10266000099B0B9A1C78F7EE008A102C2CBFB0EE59
:102670006A8AB0EE688A38BFF0EE6A8A002A3FF4B0
:10268000DEACD3ED04EA93F823303BB1B0EE6E0A32
:1026900006900BF03DFC06987EEEC0EAF5EEC0EA2F
:1026A000F1EE10FA00F11E84F7EE007AF4EEE7EA9C
:1026B000F1EE10FA3FF7C3AC252C00F29280DFE870
:1026C00014F04A01110326006D02B102900090003F
:1026D000900090009000900090009000900090007A
:1026E0009000900017034E012C01E1029000900031
:1026F000900090009000900090009000900090005A
:1027000090008F02AF00E0004702FD01C801099B65
:1027100093F82430002B41F055800E991FEE102ABB
:10272000A3F155330A4403F1004383FB0231D3176D
:10273000C3EB211303EB43031399B2EB431348BFDD
:1027400060338D002F49304CA1FB03131399691896
:1027500004EBC10101EBD301DB080693534203F004
:10276000070302F0070658BF5E42002E91F801E011
:10277000B8BF08364EFA06F3DA0700F1A286099BC5
:10278000DFED226A93ED067A37EE2E7ADFF888C005
:10279000DFF888909CF8002099F800101C4C82EA21
:1027A0000212D2B281EA5103534083EA4203DBB200
:1027B00007EE903AF8EE677A89F8003067EEA67A6D
:1027C000144B22782170F4EEC77A19788CF8001037
:1027D000F1EE10FA1A7000F12881099B93F821306C
:1027E0000B93F7EE008A2AE41F85EB51FCE6010803
:1027F000C41A00202C010020C01A0020000401404F
:1028000000640240ABAAAAAAD81600208180803BAF
:10281000690D00206A0D00206B0D002013000020C0
:10282000BC4EDFF8FCC233789CF80010BA4C83EA47
:102830000313DBB281EA51025A4082EA4302D5B265
:10284000099AB64B8CF8005092F804C02278217097
:1028500019781A70099B3170DA78AC4507EE902A26
:1028600040F28B829B78F8EE677A07EE103AF7EE2B
:10287000006AB8EE477A77EEA67AC7EE278AFFF7A6
:10288000DEBB099BDFEDB06ADA78F4EEE6EA07EE2C
:10289000902A1A79F1EE10FA07EE102A00F255820A
:1028A000DFEDAA6AF4EEE6EAF1EE10FAC0F24D822C
:1028B000B8EE477A974DF0EE6E6AFEEECC6A984C11
:1028C0002A78217816EE903A5E42F6B2DBB258BF13
:1028D0007342944E82EA021206EB8303D3ED006A40
:1028E000D2B281EA5103534083EA4203DBB227EEBE
:1028F000267A06EE903AF8EE666A874A2370874B8E
:1029000014781170F4EEC76A1A782A70F1EE10FA92
:102910001C7040F13182099BA4E7099B93F8253094
:10292000002B00F02486F7EE007A77EEEE7AB8EE10
:102930004C7ADFED846A0E9A67EE877A1FEE103AC2
:10294000F4EEE67AF1EE10FA1A4440F2C68700235C
:102950009A42BFF646AFF0EE6A8AFFF770BB099B5A
:1029600093F82430002B40F021860E991FEE102A98
:10297000A3F155330A4403F1004383FB0231D3171B
:10298000C3EB211303EB43031399B2EB431348BF8B
:1029900060338D006449654CA1FB031313996918DA
:1029A00004EBC10101EBD301DB080693534203F0B2
:1029B000070302F0070658BF5E42002E91F801E0BF
:1029C000B8BF08364EFA06F3DB073FF506AF099BA2
:1029D000DFED576A93ED067A37EE2E7ADFF834C1D1
:1029E000DFF83C919CF8002099F800104A4C82EAEC
:1029F0000212D2B281EA5103534083EA4203DBB2AE
:102A000007EE903AF8EE677A89F8003067EEA67A1A
:102A1000424B22782170F4EEC77A19788CF80010B6
:102A2000F1EE10FA1A7040F14C85139B3F4ADFED2E
:102A3000418AEB1802EBC303069A13440122B24009
:102A40004EEA02025A70099B93F821300B93FFF76C
:102A5000F6BA099A92F82530D17853B1F6EE007A99
:102A6000F4EEE7EAF1EE10FAD4BF7EEEA7EA7EEECE
:102A7000E7EAF8EE4C7A9FED337A0E9A67EEAE7A7B
:102A80001FEE103AF4EEC77AF1EE10FA1A4407D8A6
:102A90009FED2B7AF4EEC77AF1EE10FA80F22B87D5
:102AA0000023934233D01CEE104AE31A013B9342B9
:102AB0002DD0099B5B7807EE901AD4E6099A92F81C
:102AC0002530D1781BB1F7EE007A77EEEEEAF8EE1A
:102AD0004C7A9FED197A0E9A67EEAE7A1FEE103A95
:102AE000F4EEC77AF1EE10FA1A44D9D89FED137AB2
:102AF000F4EEC77AF1EE10FAD2DBB6EE007A67EEAA
:102B0000877AFDEEE77A17EE903A9342CBD1099B94
:102B10009B78D0E76B0D0020690D00206A0D002026
:102B200013000020DCDF0108ABAAAAAAD8160020F7
:102B30008180803B00007F430000804F000080CFF9
:102B4000000000CF0000004F0000004B000000CB51
:102B5000099A92F82530D1781BB1F7EE007A77EE1A
:102B6000EEEAF8EE4C7A1FED097A0E9A67EEAE7A2D
:102B70001FEE103AF4EEC77AF1EE10FA1A4407D8B5
:102B80001FED117AF4EEC77AF1EE10FA80F29F860B
:102B900000239A42099BBBD05B788CE7099B93F892
:102BA0002530002B00F02385F7EE007A77EEEE7AE1
:102BB000B8EE4C7A5FED1D6A0E9A67EE877A1FEECB
:102BC000103AF4EEE67AF1EE10FA1A4440F2718609
:102BD00000239A42FFF605AEF0EE6A8AFFF72FBA9D
:102BE0005FED277AF4EEE7EAF1EE10FA00F2938057
:102BF0005FED2A7AF4EEE7EAF1EE10FAC0F28B808C
:102C0000F0EE6E7AFEEECC7ABA4A17EE903A59425E
:102C1000C9B2DBB258BF4B4202EB8302D2ED008A4D
:102C2000FFF70DBA099B93F82530002B00F0FE84C6
:102C30001CEE103A013323F001039BB207EE903AE9
:102C4000B7EE007A37EE6E7AF8EE677ADFEDAA6AB1
:102C50000E9A67EE877A1FEE103AF4EEE67AF1EEFE
:102C600010FA1A4440F21386002393423FF7B9AD9D
:102C70001CEE101ACB1A93427FF7B3ADF0EE6A8ABE
:102C8000FFF7DDB9099B93F82530002B00F0BB85D9
:102C90001CEE103A013323F001039BB207EE903A89
:102CA000B7EE007A37EE6E7AF8EE677ADFED926A69
:102CB0000E9A67EE877A1FEE103AF4EEE67AF1EE9E
:102CC00010FA1A4440F2D185002393423FF743AEF5
:102CD0001CEE101ACB1A93427FF73DAEF7EE008A36
:102CE000FFF7ADB9F7EE008A78EEEE8AFFF7A7B9E5
:102CF000F0EE6E8AFFF7A3B9DFED807AB4EEE78AD3
:102D0000F1EE10FA07D8DFED7E7AB4EEE78AF1EE45
:102D100010FA80F24386DFED7B8AFFF790B9099BBA
:102D2000DFED766ADA78B4EEE68A07EE902A1A7951
:102D3000F1EE10FA07EE102A07D8DFED716AB4EE53
:102D4000E68AF1EE10FA80F261836F4E6F4C3378B1
:102D50002178DFF8CCC16E4D83EA0313DBB281EA40
:102D600051025A4082EA430222709CF800302A78CD
:102D70008CF8001032702B70099B5B7873E53A7801
:102D8000212A3FF6B3A901A151F822F097230108A7
:102D9000ED200108ED200108ED200108ED200108DB
:102DA000ED200108ED200108ED200108ED200108CB
:102DB000ED200108ED200108ED200108ED200108BB
:102DC000ED200108ED200108ED2001083D23010858
:102DD000152E0108ED200108ED200108ED20010865
:102DE000ED200108ED200108ED200108ED2001088B
:102DF000ED200108ED200108ED200108ED2001087B
:102E0000ED200108ED200108ED200108DB2201087A
:102E1000F92101083F4B611CA3FB04C2A3FB01C3C2
:102E2000D208DB0803EB430302EB4202A1EB830170
:102E3000A4EB82027B1C9A5C595C07EE102A97F87F
:102E400025201AB1F7EE006A76EEEEEAF7EE006A98
:102E500086EE8E6AB0EE6E0AADEE860AB8EE477A5E
:102E6000DFED2D6AA0EE0D7AB4EEE67AF1EE10FAFF
:102E70003FF68CAADFED296A07EE901AB4EEE67AE7
:102E8000F1EE10FAF8EE677AFFF624AA214AA11CA7
:102E9000A2FB01C2D20802EB4202A1EB8202BDEE0C
:102EA000C77A9B5C134A06EE903A17EE103A5942E5
:102EB000C9B2DBB2F8EE666A58BF4B4202EB83023E
:102EC00076EEE76A92ED007AE7EE267AFFF702BA2D
:102ED00018EE102A002393427FF487AAF0EE477A77
:102EE000FFF706B9F0EE488AFFF7A9B8F0EE6C8A52
:102EF000FFF7A5B8DCDF01080000804F0000004BA1
:102F0000000000CB000000006B0D0020130000202B
:102F10006A0D0020ABAAAAAA0000004F000000CF53
:102F2000690D0020CF4BD04A1B78DFF85CE39FEDA2
:102F3000CF6A83EA03135FFA83FC711CA2FB0603CA
:102F4000DB08A2FB0102D20803EB4303A6EB8303D9
:102F500002EB4202A1EB820218467B1C9EF8001095
:102F6000185C9B5CC24A06EE903A81EA51038CEAF7
:102F7000030383EA4C03DBB207EE103A07EE900A34
:102F8000F8EE666AF8EE677AB8EE477A76EEE76AA8
:102F900027EE067A8EF80030E6EE877AB54B92F887
:102FA00000C0117067EE8A7AAE491A780A70F4EEA2
:102FB000CD7AF1EE10FA83F800C000F22E82F5EE21
:102FC000C07AF1EE10FAC0F22882FCEEE77ACDED7D
:102FD000037A9DF80C20A44BA3FB0513DB08129980
:102FE00003EB4303A5EB83030B445A7097F82100CE
:102FF000FFF784B9F8EE487AFFF76CB9252C3FF655
:10300000F0AB01A353F824F057290108013401085B
:1030100035330108C5330108DB320108E327010815
:10302000E3270108E3270108E3270108E327010854
:10303000E3270108E3270108E3270108E327010844
:10304000E3270108E3270108E3270108E52E01082B
:10305000D33101089731010891320108E3270108B3
:10306000E3270108E3270108E3270108E327010814
:10307000E3270108E3270108E3270108E327010804
:10308000E3270108E3270108F92C0108212801089A
:103090001F2D01084D31010805310108A13001083B
:1030A000099A92F82530D27807EE902A53B1B6EEFD
:1030B000007AB4EEC78AF1EE10FAD4BF38EE078A70
:1030C00038EE478A2EEE088A9FED6B7AB4EEC78AF7
:1030D000F1EE10FA07D89FED697AB4EEC78AF1EEE7
:1030E00010FA80F2658400231FEE102A93423FF409
:1030F00012AC049AD31A1FEE102A013B93427FF4BC
:103100003BAE08E4099A92F82530D27807EE902A6F
:103110001BB1B7EE007A37EE488A2EEE088A9FED93
:103120005B7AB4EEC78AF1EE10FADCD89FED547AE0
:10313000B4EEC78AF1EE10FAD5DBB6EE007A28EECF
:10314000078ABDEEC87A17EE103ACDE7099A92F8D1
:103150002530D27807EE902A1BB1B7EE007A37EE11
:10316000488A2EEE088A9FED447AB4EEC78AF1EEC3
:1031700010FA07D89FED417AB4EEC78AF1EE10FA43
:1031800080F2108400231FEE102A9342099B7FF4E3
:10319000F4ADFFF767BB099B93F82530002B00F0D7
:1031A000CD82F7EE007A77EEC87A9FED337A67EE3C
:1031B0008E7AF4EEC77AF1EE10FA40F2C48300235F
:1031C0001FEE102A93423FF7C6ABF7EE008AFEF7D8
:1031D00036BF099B93F82430002B40F0A6811FEEE8
:1031E000102AA3F1553303F1004383FB02321FEE93
:1031F000103ADB17C3EB22131FEE102A03EB430335
:10320000B2EB4313139A48BF60339500164A1D4929
:10321000A2FB0323139AAA1801EBC20202EBD3020A
:10322000DB0806931FEE103A92F801E05B421FEEB6
:10323000102A03F0070302F0070658BF5E42002E73
:10324000B8BF08364EFA06F313F0010F099B7FF45E
:10325000C5AA93ED067ADFED056A37EE087AFFF727
:10326000BDBB00BF6B0D0020ABAAAAAA8180803B2A
:10327000690D00206A0D00200000004F000000CF03
:10328000000080CFD8160020130000200000804FDF
:10329000099B93F82530002B00F06B82049B5FEDB7
:1032A000056A013303F4FF7307EE903AB7EE007A34
:1032B00037EE487AF8EE677A67EE877AF4EEE67AC8
:1032C000F1EE10FA40F22E8300231FEE102A9342F3
:1032D0003FF741AB049AD31A89E0099B93F8253054
:1032E000002B00F0E781049B5FED186A013303F4C3
:1032F000FF7307EE903AB7EE007A37EE487AF8EEB1
:10330000677A67EE877AF4EEE67AF1EE10FA40F229
:10331000348300231FEE102A93423FF762AA049AD7
:10332000D31A1FEE102A93427FF75BAAF0EE6A8A47
:10333000FEF785BE099B93F82430002B40F0D38024
:103340001FEE102AA3F1553303F1004383FB023231
:103350001FEE103ADB17C3EB22131FEE102A03EB0C
:103360004303B2EB4313139A48BF60339500C84A36
:10337000C849A2FB0323139AAA1801EBC20202EB6D
:10338000D302DB0806931FEE103A92F801E05B428D
:103390001FEE102A03F0070302F0070658BF5E4233
:1033A000002EB8BF08364EFA06F313F0010F099B42
:1033B00040F0888093ED067ADFEDB76A37EE087A41
:1033C000FFF7E4B9099B93F82530002B00F09B81AF
:1033D000F7EE007A77EEC87A9FEDB27A67EE8E7AD2
:1033E000F4EEC77AF1EE10FA40F2BA8200231FEE33
:1033F000102A93427FF7AFAAF7EE008AFEF71FBEAE
:10340000F7EE008A78EEC88AFEF719BEB8EE477A62
:10341000A24DF0EE486AFFF750BA0022DBE507EE56
:10342000902AF8EE677AFEF763BEDFED9F6A07EE3B
:1034300090CAB4EEE67AF1EE10FAF8EE677ABFF6CB
:1034400025ADFEF747BFB4EEE77AF1EE10FA1FD9CB
:103450000023C9ED047A89F82430FFF7A4B8099A4B
:10346000B4EEE77A0123F1EE10FA82F823301CD98A
:10347000099A0023C2ED047A82F82430FFF7B3B82A
:10348000B4EEE77AF1EE10FAE2D8002B7FF481A8CF
:10349000002389F82130FFF786B8B4EEE77AF1EE21
:1034A00010FAE5D8002B3FF49AA8099A4FF07E5302
:1034B000536140F20113C2ED04AAA2F82330FFF7D2
:1034C00092B8099B93F821300B93F0EE6A8AFEF7CD
:1034D000B6BD91F821300B9399F82130CDF808C092
:1034E0000393FFF731B86E4A1FEE103A1FEE101A21
:1034F000DB1782FB0141C3EB21131FEE101A03EB14
:103500004303B1EB431300F17A82139C614D82FBBC
:103510000312D917C1EB620104EB840205EBC2026E
:103520000A4400215170A50021E75D4A1FEE103AC0
:103530001FEE101ADB1782FB0141C3EB21131FEEB4
:10354000101A03EB4303B1EB431300F14882139CC1
:10355000504D82FB0312D917C1EB620104EB8402C8
:1035600005EBC2020A4400215170A5004EE6F8EEB8
:103570004C7A9FED4C7A0E9967EEAE7A1FEE102AC8
:10358000F4EEC77AF1EE10FA0A440AD89FED467AB3
:10359000F4EEC77AF1EE10FAA4BFFDEEE77A17EE6B
:1035A000903A9A427FF71DA9FFF7D5B91FEE103A5E
:1035B0000E9A3B499A1881FB0234D317C3EB2413AC
:1035C00003EB4303B2EB431300F1F881139D314E3B
:1035D00081FB0341DC17C4EB610405EB850106EBBD
:1035E000C101214400244C70AD00FFF7D3B9F8EEBF
:1035F0004C7A9FED2C7A0E9967EEAE7A1FEE102A68
:10360000F4EEC77AF1EE10FA0A440AD89FED267A52
:10361000F4EEC77AF1EE10FAA4BFFDEEE77A17EEEA
:10362000903A9A427FF797A9FFF7DBB81CEE102A71
:10363000013222F0010292B207EE902AF8EE677A88
:103640009FED1A7A0E9967EEAE7A1FEE102AF4EE0D
:10365000C77AF1EE10FA0A440ED89FED157AF4EE0F
:10366000C77AF1EE10FA07DBB6EE007A67EE877ADA
:10367000FDEEE77A17EE903A9342BFF66CA91CEE86
:10368000101ACB1A013B93427FF765A9FFF7A9B83F
:10369000ABAAAAAAD81600208180803B6B0D00201F
:1036A000ABAAAA2A0000004F000000CF0000804F04
:1036B000000080CF049A1FED037A013202F4FF72FA
:1036C00007EE902AF8EE677A67EE887AF4EEC77A0A
:1036D000F1EE10FA0ED81FED0A7AF4EEC77AF1EE89
:1036E00010FA07DBB6EE007A67EE877AFDEEE77A2E
:1036F00017EE903A1FEE102A9342BFF62CA9049AB7
:10370000D31A013B73E62EEE088A5FED1A7AB4EE07
:10371000E78AF1EE10FA0AD85FED1D7AB4EEE78A77
:10372000F1EE10FAA4BFFDEEC87A17EE903A1FEE44
:10373000102A9342BFF60FA9FFF753B82EEE088A5E
:103740005FED287AB4EEE78AF1EE10FA0AD85FED61
:103750002A7AB4EEE78AF1EE10FAA4BFFDEEC87A39
:1037600017EE903A1FEE102A9342BFF63AA8FFF7E1
:10377000F2B8049A1FED337A013202F4FF7207EEB9
:10378000902AF8EE677A67EE887AF4EEC77AF1EE5F
:1037900010FA0ED81FED3A7AF4EEC77AF1EE10FA6D
:1037A00007DBB6EE007A67EE877AFDEEE77A17EE72
:1037B000903A1FEE102A9342BFF613A8049AD31A28
:1037C000013BFDE41FEE103A0E9A95499A1881FBD1
:1037D0000234D317C3EB241303EB4303B2EB4313BD
:1037E00000F18F80139D8F4E81FB0341DC17C4EBEA
:1037F000610405EB850106EBC101214400244C70F6
:10380000AD00FEF79FBF1CEE102A013222F001022C
:1038100092B207EE902AF8EE677A9FED837A0E99BE
:1038200067EEAE7A1FEE102AF4EEC77AF1EE10FAC8
:103830000A440ED89FED7D7AF4EEC77AF1EE10FAC5
:1038400007DBB6EE007A67EE877AFDEEE77A17EED1
:10385000903A9342BEF6C5AF1CEE101ACB1A013B4C
:1038600093427EF7BEAFFFF776B89FED707AF4EE25
:10387000C77AF1EE10FAFFF627AAB6EE007A67EEE5
:10388000877AFDEEE77A17EE903AFFF71EBA9FEDC2
:10389000677AF4EEC77AF1EE10FAFFF6E5A9B6EE14
:1038A000007A67EE877AFDEEE77A17EE903AFFF737
:1038B000DCB99FED5F7AF4EEC77AF1EE10FAFFF60D
:1038C00087A9FDEEE77A17EE903AFFF782B9FDEE91
:1038D000E77A17EE903AFFF75CB99FED557AF4EE70
:1038E000C77AF1EE10FAFFF632A8FDEEE77A17EE8E
:1038F000903AFFF72DB8FDEEE77A17EE903AFFF712
:10390000D0B8139D4B49474E6033A1FB031405EB20
:10391000850106EBC10101EBD40100244C70AD0020
:10392000FEF710BF9FED417AF4EEC77AF1EE10FA80
:10393000FFF6CAACB6EE007A67EE877AFDEEE77A5C
:1039400017EE903AC1E49FED3A7AF4EEC77AF1EEC1
:1039500010FAFFF634ACFDEEE77A17EE903A2FE45A
:103960009FED337AF4EEC77AF1EE10FAFFF63EAD32
:10397000FDEEE77A17EE903A39E59FED2C7AF4EEFA
:10398000C77AF1EE10FAFFF6C4ACB6EE007A67EE35
:10399000877AFDEEE77A17EE903ABBE4F0EE487ACC
:1039A000FFF730B9BDEEC87A17EE103AFFF7EBBB60
:1039B000BDEEC87A17EE103AFFF796BB139D1D496E
:1039C000184E6033A1FB031405EB850106EBC10122
:1039D00001EBD40100244C70AD00FEF7DBBF139C5B
:1039E000144A104D6033A2FB032104EB840205EB63
:1039F000C20202EBD10200215170A50006E4139C23
:103A00000C4A084D6033A2FB032104EB840205EB52
:103A1000C20202EBD10200215170A500A7E400BF51
:103A2000ABAAAA2AD81600200000804F000080CF41
:103A3000000000CFABAAAAAA2DE9F04F2DED108B04
:103A4000DFF888C2994A9A499A4CDFED9BCADFEDAC
:103A50009BAADFF87C929BB0002312919E461493A0
:103A60000493194666469246608894F804C06278CA
:103A70000D920CEE100A924894ED02AA96ED009A6F
:103A800096ED01EAA0FB0C02307A0A909AF8200029
:103A9000019064271298520907FB12C212F0FF0C22
:103AA00090F820700C9701F0D482149A7F4D90F812
:103AB00021000B9002EB820205EBC2050D9A9AF8E9
:103AC0002100139500270090049D1894501E02EBCE
:103AD00042021996039708900292CDF854C0BE4650
:103AE00098463C468B465646764BCDF838E013F860
:103AF0001520069203EB450396445B780793002A52
:103B000000F0F28207EE902AF8EE67DA07EE904AAC
:103B10003346F8EEE79A46469846079B6A48129F56
:103B200011944FF0010ACDE90FE529EE2DBA6EEEA2
:103B30002DBAF1EE699AF0EE4EFACDF810A0002BF6
:103B400040F09C82049B013B0FEE103AB5EEC0AAF8
:103B5000F1EE10FAB8EECFDA40F39D82B4EECDBAB2
:103B6000F1EE10FA00F26383F4EECDBAF1EE10FA42
:103B7000CCBF012300230A9A9A4200F08C820C9B4E
:103B8000002B00F056833C780B9BB7EE008A102C7C
:103B90002CBFB0EE6AEAB0EE48EA38BFB0EE6A8AEF
:103BA000EBB1D7ED077AD7ED048A97F82330E9EE29
:103BB000A78A33B1B0EE680A0AF0AAF9424878EE53
:103BC000C08AF5EEC08AF1EE10FA00F11487F7EE24
:103BD000007AF4EEE78AF1EE10FA40F38087089B52
:103BE000013300F040820024F7EE008A0825A24647
:103BF000099725E0F5EEC07AF1EE10FA40F315834F
:103C0000FCEEE77A0123CDED057A03939DF814309D
:103C100000F80B309F4218BF01260BF10103A9FBEE
:103C2000032B4FEA1B2B4FF4166202FB1B3B029B3C
:103C300003349C4205F101050AF1020A00F01282E8
:103C4000019A10F80B70A5F10803002A42D0009ADF
:103C5000E2B1D8ED077A98ED040A98F82320A7EE90
:103C6000A90AF0EE40EA32B105930AF051F916487C
:103C7000059B7EEEC0EAF5EEC0EAF1EE10FA05D43F
:103C8000F4EEE8EAF1EE10FA40F3FD8507EE907AE3
:103C9000F8EE677A68EE277AF4EEEC7AF1EE10FA35
:103CA000A8DD0122FF230392B2E700BF68180020BD
:103CB000D81600208C00002000007F430000000088
:103CC0001F85EB51F8190020780D0020140000200A
:103CD000B5814E1B009A002AD8D098F82320D8ED41
:103CE00004EA42B1B0EE6E0A05930AF011F9D54824
:103CF000059B7EEEC0EAF5EEC0EAF1EE10FAC5D4FF
:103D0000F4EEE8EAF1EE10FAC0DC98F80020212A7F
:103D1000BCD801A151F822F0413F01088D3C0108B7
:103D20008D3C01088D3C01088D3C01088D3C01084B
:103D30008D3C01088D3C01088D3C01088D3C01083B
:103D40008D3C01088D3C01088D3C01088D3C01082B
:103D50008D3C01088D3C0108E53E0108C93F010882
:103D60008D3C01088D3C01088D3C01088D3C01080B
:103D70008D3C01088D3C01088D3C01088D3C0108FB
:103D80008D3C01088D3C01088D3C01088D3C0108EB
:103D90008D3C01088D3C0108853E0108A13D0108CC
:103DA000A94ADFF8B8E213789EF80010169183EA6A
:103DB0000313DBB281EA5101594081EA4301D8ED96
:103DC000067ADFF89CC2DFEDA16ACBB2B3EE097AC6
:103DD00067EE877A07EE103AB8EE477A179327EE28
:103DE000267A8EF800309CF8003013700593984BBB
:103DF000169A19788CF80010B4EEE77AF1EE10FA02
:103E00001A7000F26686904A1170169A8CF800209B
:103E1000179A1A70059B83EA0313DBB283EA430304
:103E2000534083EA5203DBB207EE903A8EF800303B
:103E3000884B0AF10101A3FB0AC2A3FB01C3D2080C
:103E4000DB0802EB420203EB4303A1EB8303AAEB83
:103E5000820208F10101B8EE677A8A5CCB5C27EE3A
:103E6000267A07EE902A06EE903AF8EE677AF8EE98
:103E7000666A76EEE76AE6EE877A67EE8A7A6AEE37
:103E8000277A07E798F82430002B40F0B885714A6C
:103E9000A2FB0523DB08139A03EB4303A5EB830383
:103EA00013445A7807EE907A9742F8EE677A3FF417
:103EB000F1AEB7EE007A98ED066A37EE6E7AB4EEA0
:103EC000C76AF1EE10FA01F2728006EE902AF8EE5F
:103ED000666A76EEE76A66EE866A86EE876A77EE4F
:103EE000867AD7E65B4B611CA3FB04C2A3FB01C32C
:103EF000D208DB0803EB430302EB4202A1EB830190
:103F0000A4EB820208F101039A5C595C07EE102AC7
:103F100098F825201AB1F7EE006A76EEEEEAB8EED0
:103F2000477ADFED4D6AAEEEAC7AB4EEE67AF1EEAA
:103F300010FA40F2268507EE901AF8EE677A9EE7AF
:103F4000444AA2FB0312D20802EB4202A3EB820313
:103F5000139A134407EE907A5B78B8EE677A07EE0F
:103F6000903AF8EE677A67EE8A7AF4EEEC7AF1EE40
:103F700010FA00F23485F5EEC07AF1EE10FAC0F2D4
:103F80002E85FCEEE76ACDED056A9DF81430BB4244
:103F900000F0298598F82230002B7FF47BAEF7EEF5
:103FA000006A98ED066A76EEEE6AB4EEE66AF1EE25
:103FB00010FA3FF66FAE77EEC77A67EE867A87EE35
:103FC000A66A76EE077A65E6224B611CA3FB04C263
:103FD000A3FB01C3D208DB0803EB430302EB42025D
:103FE000A1EB8301A4EB820208F101039A5C13F8B0
:103FF00001C007EE102A98F825201AB1F7EE006AE2
:1040000076EEEEEA1FEE102A0E999FED135A0A443F
:1040100005EE902AB8EE4C6AF8EEE55AB8EE477A0B
:10402000C5EE866A76EEAE6AA6EEAC7AB4EEC57AD6
:10403000F1EE10FA40F2C18707EE90CAF8EE677A07
:104040001DE700BF780D00206B0D00208180803BB4
:10405000690D0020ABAAAAAA0000004F130000209F
:104060006A0D0020099F049A06998A4202F1010311
:1040700032D00493079B002B3FF464AD069B049A57
:104080009B1A0FEE103AB5EEC0AAF1EE10FAB8EE98
:10409000CFDA3FF763AD089B0133E4D000230D9DD9
:1040A0001C464FF4166110F80B2000F80B40002A54
:1040B0000BF1010203F10103A9FB02CB18BF01269A
:1040C0004FEA1B2BAB4201FB1B2BECD1049A069948
:1040D0008A4202F10103CCD1DDE90FE54346119C90
:1040E000B046B0EE6FEA1E46964A6B1CA2FB031266
:1040F0005509642202FB1535159B0134A3427FF458
:10410000F3ACB246189C199E049559464346227B4F
:104110000398824202D0012220736273009A2AB36C
:10412000DAED047ADAED066A9AED057A9AF8222039
:1041300077EEA67AF5EEC07AF1EE10FAC0F27C873F
:10414000002A00F04887B4EEE77A0122F1EE10FA77
:104150008AF8232000F244874FF07E52CAF81420D8
:1041600040F20112CAED04AAAAF823200B9AEAB180
:10417000129AD2ED047AD2ED066A92ED057A92F89F
:10418000222077EEA67AF5EEC07AF1EE10FAC0F2B0
:104190003F87002A40F02B87B4EEE77AF1EE10FA61
:1041A00000F22E871298002280F82120149A12988B
:1041B000013228300A2A149204F1100406F10C0688
:1041C0000AF1280A12907FF44FACB1F5166F8B46B6
:1041D00008DA5D480093C1F516625844002109F0E1
:1041E00023FD009B002B00F0FB87574A574B1278AA
:1041F000574C584D584E03EB02130FCBAC6084E87C
:104200000F00012455483480002104F057FE214658
:1042100053482A4603F07CFB514821461BB0BDECB5
:10422000108BBDE8F04F03F0C7BB0023F0E4002380
:10423000A1E43C780B9BB7EE008A102C2CBFF0EE6B
:104240006A8AF0EE488A38BFB0EE6A8A002B3FF4E3
:10425000C6AC97F82330D7ED04EA33B1B0EE6E0A5E
:1042600009F056FE38487EEEC0EAF5EEC0EAF1EEFF
:1042700010FA00F1BC83F7EE007AF4EEE7EAF1EE13
:1042800010FA3FF7ACAC252C2AD8DFE814F0E00098
:104290001F0243028E01C3012900290029002900C1
:1042A00029002900290029002900290029002900C6
:1042B000B402E400C300600229002900290029009B
:1042C0002900290029002900290029002900AF011F
:1042D0002C0077008F02F201590197F821300B93DF
:1042E000B7EE008A7BE4DFF888C01E4C9CF80030F3
:1042F00021781D4D83EA0313DBB281EA51025A4053
:1043000082EA43025FFA82FE184B2A7884F800E0C2
:104310003C79297019781A70FB788CF80010744574
:1043200007EE903A40F2AD82BB78F8EE677A07EE7E
:10433000103AF7EE006AB8EE477A77EEA67A87EE83
:10434000278A4CE41F85EB51780D0020FCE601081C
:10435000C41A00202C010020C01A002000040140D3
:104360000064024013000020690D00206A0D002047
:104370006B0D00200000004B000000CBFB785FEDD0
:10438000036A07EE903AF4EEE6EA3B79F1EE10FAB2
:1043900007EE103A00F25B825FED096AF4EEE6EA9E
:1043A000F1EE10FAC0F25382B8EE477ADFF848C354
:1043B000F0EE6E6AFEEECC6A9CF80030C64D16EE4A
:1043C000902A83EA0313D9B25342DBB2D2B258BF68
:1043D0005A42C24B2C7803EB8203D3ED006AC04AE9
:1043E00084EA54034B4083EA4103DBB227EE267A8A
:1043F00006EE903AF8EE666A2B70BA4B117814709C
:10440000F4EEC76A1A788CF80020F1EE10FA1970F1
:104410008AD436E297F82530002B00F02486F7EE98
:10442000007A77EEEE7AB8EE4C7ADFEDB56A0E9A46
:1044300067EE877A1FEE103AF4EEE67AF1EE10FAA4
:104440001A4441F26D8000239A42BFF649AFB0EEA4
:104450006A8AFFF7C4BB97F82430002B40F09E8691
:104460001FEE102A0E99A3F15533541803F100439F
:1044700083FB0432E317C3EB221303EB4303B4EBD8
:10448000431301F15B80149A4FEA820A964A9749D6
:10449000A2FB0323149A524401EBC20202EBD302A3
:1044A000DB08099353780593634203F0070304F094
:1044B000070C58BFC3F1000CBCF1000F059BB8BF3F
:1044C0000CF1080C43FA0CF3DB073FF506AFDFF8FD
:1044D00028E2814C9EF80020217897ED067ADFEDE6
:1044E000846A7F4D82EA0212D2B281EA51035340BC
:1044F00083EA4203DBB207EE903AF8EE677A37EED2
:104500002E7A67EEA67A2370764B2A782970F4EE1D
:10451000C77A19788EF80010F1EE10FA1A7040F18F
:104520001085149B714A0599534402EBC303099A01
:104530001344012202FA0CF21143597000F065BCD9
:1045400097F82530F97853B1F6EE007AF4EEE7EA01
:10455000F1EE10FAD4BF7EEEA7EA7EEEE7EAF8EEBF
:104560004C7A9FED677A0E9A67EEAE7A1FEE103A9C
:10457000F4EEC77AF1EE10FA1A4407D89FED617A8B
:10458000F4EEC77AF1EE10FA81F211800023934223
:1045900000F09A801CEE104AE31A013B934200F0AF
:1045A00093807B7807EE901ABFE697F82530002BB2
:1045B00000F0AB86F7EE007A77EEEE7AB8EE4C7A42
:1045C000DFED4F6A0E9A67EE877A1FEE103AF4EE2F
:1045D000E67AF1EE10FA1A4440F2DB8700239A42A1
:1045E000FFF67EAEB0EE6A8AFFF7F9BADFED477AE2
:1045F000F4EEE7EAF1EE10FA00F21081DFED447A12
:10460000F4EEE7EAF1EE10FAC0F20881F0EE6E7A0D
:1046100000F05DBF97F82530002B00F05B851CEEA5
:10462000103A013323F001039BB207EE903AB7EE44
:10463000007A37EE6E7AF8EE677ADFED306A0E9A1E
:1046400067EE877A1FEE103AF4EEE67AF1EE10FA92
:104650001A4440F2B887002393423FF741AE1CEE64
:10466000101ACB1A93427FF73BAEB0EE6A8AFFF77F
:10467000B6BA97F82530F9781BB1F7EE007A77EEE5
:10468000EEEAF8EE4C7A9FED1D7A0E9A67EEAE7A5E
:104690001FEE103AF4EEC77AF1EE10FA1A443FF624
:1046A00075AF9FED147AF4EEC77AF1EE10FAFFF6CB
:1046B0006DAFB6EE007A67EE877AFDEEE77A17EE19
:1046C000903A93427FF466AFBB786BE7B7EE008A0F
:1046D00038EE6E8AFFF783BA13000020DCDF010892
:1046E000690D00206A0D0020ABAAAAAAD8160020E6
:1046F0008180803B000080CF6B0D00200000804F48
:104700000000004F000000CF000000000000004B40
:10471000000000CB97F82430002B40F015861FEEE8
:10472000102A0E99A3F15533541803F1004383FB6B
:104730000432E317C3EB221303EB4303B4EB43133D
:1047400000F15387149A4FEA820A00F01DBE97F8D1
:104750002530002B00F0F0841CEE103A013323F0DA
:1047600001039BB207EE903AB7EE007A37EE6E7A0D
:10477000F8EE677A5FED1F6A0E9A67EE877A1FEE92
:10478000103AF4EEE67AF1EE10FA1A4440F2EF86AF
:10479000002393423FF75BAE1CEE101ACB1A9342F4
:1047A0007FF755AEB7EE008AFFF719BA97F82530B4
:1047B000F9781BB1F7EE007A77EEEEEAF8EE4C7A74
:1047C0001FED317A0E9A67EEAE7A1FEE103AF4EED4
:1047D000C77AF1EE10FA1A4407D81FED367AF4EED4
:1047E000C77AF1EE10FA80F2E88600239A427FF44D
:1047F000D8AEBB78D6E6B0EE6E8AFFF7F0B95FEDC3
:104800003D7AF4EEE78AF1EE10FA07D85FED407AD0
:10481000F4EEE78AF1EE10FA80F257861FED468A31
:10482000FFF7DDB9FB785FED476A07EE903AF4EEEB
:10483000E68A3B79F1EE10FA07EE103A07D85FED01
:104840004C6AF4EEE68AF1EE10FA80F2A683DFF805
:1048500044C3CC4D9CF800302978CB4CDFF83CE3C6
:1048600083EA0313DBB281EA51025A4082EA43022F
:104870002A7023789EF8002021708CF800208EF892
:1048800000307B7851E598F80020212A3FF6FEA9F8
:1048900001A151F822F000BF413F01088D3C010801
:1048A0008D3C01088D3C01088D3C01088D3C0108C0
:1048B0008D3C01088D3C01088D3C01088D3C0108B0
:1048C0008D3C01088D3C01088D3C01088D3C0108A0
:1048D0008D3C01088D3C0108E53E01082149010895
:1048E0008D3C01088D3C01088D3C01088D3C010880
:1048F0008D3C01088D3C01088D3C01088D3C010870
:104900008D3C01088D3C01088D3C01088D3C01085F
:104910008D3C01088D3C0108853E0108A13D010840
:104920009A4B611CA3FB04C2A3FB01C3D208DB08A2
:1049300003EB430302EB4202A1EB8301A4EB8202EF
:1049400008F101039A5C595C07EE102A98F82520BB
:104950001AB1F7EE006A76EEEEEAF7EE006A86EE3E
:10496000AD6AB0EE6E0AADEE060AB8EE477ADFED3C
:104970008F6AA0EE2C7AB4EEE67AF1EE10FA3FF6EA
:10498000DAAADFED886A07EE901AB4EEE67AF1EE65
:1049900010FAF8EE677AFFF672AA7C4AA11CA2FB15
:1049A00001C2D20802EB4202A1EB8202BDEEC77A3D
:1049B0009B5C774906EE903A17EE103A5A42D2B213
:1049C000DBB2F8EE666A58BF534201EB830176EE24
:1049D000E76A91ED007AE7EE267AFFF750BA0023F6
:1049E000BB427FF4D7AAF0EE477AFFF753B9B0EE97
:1049F000688AFFF7F4B8B0EE4E8AFFF7F0B8654B5F
:104A0000624A1B789FED646A0AF1010183EA03138D
:104A10005FFA83FEA2FB0AC3A2FB01C2DB08D20835
:104A200003EB430302EB4202A1EB820208F1010C0B
:104A30005449AAEB830309781CF803301CF802C020
:104A4000504A07EE903A81EA51038EEA030383EA63
:104A50004E03DBB206EE90CA07EE103AF8EE677A24
:104A6000F8EE666AB8EE477A76EEE76A27EE067ADF
:104A70001370E6EE877A444A484B92F800C01170F2
:104A800067EE8A7A43491A780A70F4EEEC7AF1EE0E
:104A900010FA83F800C000F28882F5EEC07AF1EED9
:104AA00010FAC0F28282FCEEE77ACDED007A9DF832
:104AB0000020364BA3FB0513DB08139903EB4303DC
:104AC000A5EB83030B445A7098F821300093FFF74D
:104AD000E9B907EE907AF8EE677AFFF7D0B9252C9E
:104AE0003FF6FEAB01A353F824F000BF4F4401088A
:104AF000514F01081F4D01085D4F0108194E010873
:104B0000E1420108E1420108E1420108E1420108F5
:104B1000E1420108E1420108E1420108E1420108E5
:104B2000E1420108E1420108E1420108E1420108D5
:104B3000EF490108714E0108E54C01089D4C010840
:104B4000E1420108E1420108E1420108E1420108B5
:104B5000E1420108E1420108E1420108E1420108A5
:104B6000E1420108E1420108E1420108FF47010872
:104B7000E7420108254801085B4C0108154C010873
:104B8000B14B010813000020690D0020ABAAAAAAAE
:104B9000DCDF01086B0D00208180803B6A0D002066
:104BA000000080CF000000CF0000804F0000004FC9
:104BB000FA7897F8253007EE902A53B1B6EE007ACE
:104BC000F4EEC78AF1EE10FAD4BF78EE878A78EE59
:104BD000C78A6DEEA88A1FED0B7AF4EEC78AF1EE54
:104BE00010FA07D81FED117AF4EEC78AF1EE10FA29
:104BF00080F27D8400231FEE102A93423FF494AB91
:104C0000069AD31A013B1FEE102A93427FF439AE65
:104C1000FFF78ABBFA7897F8253007EE902A1BB188
:104C2000B7EE007A77EE688A6DEEA88A1FED227AD9
:104C3000F4EEC78AF1EE10FADCD81FED277AF4EE15
:104C4000C78AF1EE10FAD5DBB6EE007A68EE878AF5
:104C5000BDEEE87A17EE103ACDE7FA7897F82530EE
:104C600007EE902A1BB1B7EE007A77EE688A6DEEF8
:104C7000A88A1FED327AF4EEC78AF1EE10FA00F23C
:104C80008A811FED387AF4EEC78AF1EE10FAC0F28D
:104C90008281BDEEE87A17EE103AB4E797F8253036
:104CA000002B00F0E082069B5FED416A013303F4C4
:104CB000FF7307EE903AB7EE007A37EE687AF8EEB7
:104CC000677A67EE877AF4EEE67AF1EE10FA40F250
:104CD000CD8300231FEE102A93423FF7B8AB069A0C
:104CE000D31A4FE197F82530002B00F07483F7EECC
:104CF000007A77EEE87A1FED537A67EEAD7AF4EE3C
:104D0000C77AF1EE10FA40F2A48300231FEE102AB6
:104D100093423FF79CABB7EE008AFEF760BF97F86F
:104D20002430002B40F061821FEE102AA3F155338E
:104D300003F1004383FB02321FEE103ADB17C3EB93
:104D400022131FEE102A03EB4303B2EB4313149A12
:104D500048BF60334FEA820AD24AD349A2FB0323F9
:104D6000149A524401EBC20202EBD302DB08059312
:104D70001FEE103A92F801E05B421FEE102A03F09A
:104D8000070302F0070C58BFC3F1000CBCF1000F81
:104D9000B8BF0CF1080C4EFA0CF3DC0700F1D1801F
:104DA00097ED067ADFEDC16A37EE287AC04BC14C29
:104DB0001A782178C04D82EA0212D2B281EA5103F8
:104DC000534083EA4203DBB207EE903AF8EE677A8B
:104DD000237067EEA67AB94BB54C2A782970F4EEA9
:104DE000C77A19782170F1EE10FA1A707FF575AA5A
:104DF000149BAD4A534402EBC303059A13440122AA
:104E000002FA0CF24EEA02025A7097F821309FED36
:104E1000AC8A0B93FEF7E3BE97F82530002B00F029
:104E20004B82069BDFEDA96A013303F4FF7307EEA3
:104E3000903AB7EE007A37EE687AF8EE677A67EE66
:104E4000877AF4EEE67AF1EE10FA40F22D83002331
:104E50001FEE102A93423FF743AA069AD31A1FEE79
:104E6000102A93427FF73CAAB0EE6A8AFEF7B7BEDB
:104E700097F82430002B40F0C9821FEE102AA3F1CE
:104E8000553303F1004383FB02321FEE103ADB1768
:104E9000C3EB22131FEE102A03EB4303B2EB4313C1
:104EA000149A48BF60334FEA820A7E4A7E49A2FBC9
:104EB0000323149A524401EBC20202EBD302DB0833
:104EC00005931FEE103A92F801E05B421FEE102AA4
:104ED00003F0070302F0070C58BFC3F1000CBCF14C
:104EE000000FB8BF0CF1080C4EFA0CF3D9073FF5D0
:104EF000F4A96F4B6F4C1A78217897ED067ADFEDA5
:104F00006B6A6D4D82EA0212D2B281EA51035340BC
:104F100083EA4203DBB207EE903AF8EE677A37EEA7
:104F2000287A67EEA67A2370644B614C2A78297040
:104F3000F4EEC77A19782170F1EE10FA1A703FF585
:104F400057AF97F821300B93B0EE6A8AFEF747BE51
:104F5000B7EE008A38EE688AFEF741BE97F8253032
:104F6000002B00F06581F7EE007A77EEE87A9FED8E
:104F7000557A67EEAD7AF4EEC77AF1EE10FA40F2A8
:104F8000868200231FEE102A93427FF760AAB7EEB5
:104F9000008AFEF724BE002335E6B8EE477ADFF834
:104FA00010C1F0EE686AFFF705BA002281E507EE4E
:104FB000902AF8EE677AFEF76DBEDFED436A07EEE2
:104FC00090CAB4EEE67AF1EE10FAF8EE677ABFF620
:104FD000E4ACFEF754BFB4EEE77AF1EE10FA33D941
:104FE0000022CAED047A8AF82420FFF7BFB812988D
:104FF000B4EEE77A0122F1EE10FA80F823200FD9FF
:1050000012980022C0ED047A80F82420FFF7CEB871
:10501000B4EEE77AF1EE10FAF2D8002A3FF4C2A813
:1050200012984FF07E52426140F20112C0ED04AA84
:10503000A0F82320FFF7BAB8B4EEE77AF1EE10FA41
:10504000CED8002A7FF488A800228AF82120FFF712
:105050008DB890F821200B929AF82120CDF80CC041
:105060000092FFF754B8F8EE4C7A9FED167A0E993D
:1050700067EEAE7A1FEE102AF4EEC77AF1EE10FA60
:105080000A440AD89FED107AF4EEC77AF1EE10FACE
:10509000A4BFFDEEE77A17EE903A9A427FF720A977
:1050A000FFF7D5B9ABAAAAAAD81600208180803B09
:1050B0006B0D002013000020690D00206A0D0020F8
:1050C00000007F430000004F000000CF0000804F31
:1050D000000080CF1CEE102A013222F0010292B2B1
:1050E00007EE902AF8EE677A1FED087A0E9967EEC0
:1050F000AE7A1FEE102AF4EEC77AF1EE10FA0A44E7
:105100000ED81FED0D7AF4EEC77AF1EE10FA07DB38
:10511000B6EE007A67EE877AFDEEE77A17EE903A00
:105120009342BFF694A91CEE101ACB1A013B93428E
:105130007FF78DA9FFF7D4B81CEE102A013222F0B8
:10514000010292B207EE902AF8EE677A1FED217AFB
:105150000E9967EEAE7A1FEE102AF4EEC77AF1EEE2
:1051600010FA0A440ED81FED267AF4EEC77AF1EE53
:1051700010FA07DBB6EE007A67EE877AFDEEE77A83
:1051800017EE903A9342BFF6ABA81CEE101ACB1A5A
:10519000013B93427FF7A4A8FFF759B91FEE103ADD
:1051A0000E9AD6499C1881FB0432E317C3EB2213F5
:1051B00003EB4303B4EB431300F1438281FB03127F
:1051C000149DD917C1EB620CCD4905EB850201EBAB
:1051D000C2026244002151704FEA850AFFF756B9B6
:1051E0001BB0BDEC108BBDE8F08FC44C1FEE103A25
:1051F0001FEE102ADB1784FB0212C3EB22131FEEF3
:10520000102A03EB4303B2EB431300F1088284FB43
:105210000312149CBA4DD917C1EB620104EB84024E
:1052200005EBC2020A44002151704FEA840A93E55B
:105230006DEEA88ADFEDB37AF4EEE78AF1EE10FAAC
:105240000AD8DFEDB67AF4EEE78AF1EE10FAA4BFE1
:10525000FDEEE87A17EE903A1FEE102A9342BFF661
:10526000F6A8FFF73DB8069A9FEDA77A013202F43F
:10527000FF7207EE902AF8EE677A67EEA87AF4EEEE
:10528000C77AF1EE10FA0ED89FEDA07AF4EEC77A45
:10529000F1EE10FA07DBB6EE007A67EE877AFDEEE4
:1052A000E77A17EE903A1FEE102A9342BFF618A83D
:1052B000069AD31A013B29E5069A9FED937A0132AB
:1052C00002F4FF7207EE902AF8EE677A67EEA87A8A
:1052D000F4EEC77AF1EE10FA0ED89FED8C7AF4EE68
:1052E000C77AF1EE10FA07DBB6EE007A67EE877A3E
:1052F000FDEEE77A17EE903A1FEE102A9342BFF6C2
:10530000A6A8069AD31A013B3CE6F8EE4C7A9FED2C
:105310007D7A0E9967EEAE7A1FEE102AF4EEC77A08
:10532000F1EE10FA0A440AD89FED7C7AF4EEC77ABF
:10533000F1EE10FAA4BFFDEEE77A17EE903A9A422A
:105340007FF785A8FEF7CCBF1FEE103A0E9A6B4987
:105350009C1881FB0432E317C3EB221303EB4303D6
:10536000B4EB431300F1488181FB0312149DD9175C
:10537000C1EB620C624905EB850201EBC20262449B
:10538000002151704FEA850A614A5D49A2FB03235F
:10539000149A524401EBC20202EBD302DB080593DC
:1053A000634203F0070304F0070C58BFC3F1000C7D
:1053B00092F801E0BCF1000FB8BF0CF1080C4EFAF6
:1053C0000CF3DA073FF5BDAD97ED067ADFED516AD4
:1053D00037EE2E7AEAE46DEEA88ADFED4A7AF4EE33
:1053E000E78AF1EE10FA0AD8DFED4C7AF4EEE78A9C
:1053F000F1EE10FAA4BFFDEEE87A17EE903A1FEE38
:10540000102A9342BEF66CAFFFF721B83B4C1FEE5B
:10541000103A1FEE102ADB1784FB0212C3EB221393
:105420001FEE102A03EB4303B2EB431300F18E800F
:1054300084FB0312149C324DD917C1EB620104EBBB
:10544000840205EBC2020A44002151704FEA840A2B
:105450002BE59FED327AF4EEC77AF1EE10FAFFF603
:1054600054ACFDEEE77A17EE903A4FE49FED277AC1
:10547000F4EEC77AF1EE10FAFFF62BACB6EE007A36
:1054800067EE877AFDEEE77A17EE903A22E49FED19
:10549000237AF4EEC77AF1EE10FAFFF672ADFDEE64
:1054A000E77A17EE903A6DE59FED187AF4EEC77A39
:1054B000F1EE10FAFFF6CBACB6EE007A67EE877A23
:1054C000FDEEE77A17EE903AC2E4F0EE687AFEEE6F
:1054D000CC7A114A17EE903A5942C9B2DBB258BFA2
:1054E0004B4202EB830292ED008AFEF778BBBDEEE1
:1054F000E87A17EE103AFFF77EBB00BFABAAAA2AE4
:10550000D81600200000004F0000804F000080CF20
:10551000ABAAAAAA8180803BDCDF0108000000CF93
:105520001FED027AF4EEC77AF1EE10FAFEF68BAFB9
:10553000FDEEE77A17EE903AFEF786BF03F16001C1
:10554000149B4FEA830A0B46FEF7A0BF149C474A00
:10555000474D6033A2FB032104EB840205EBC2023A
:1055600002EBD102002151704FEA840A9DE49FEDC5
:10557000417AF4EEC77AF1EE10FAFFF609A9B6EE19
:10558000007A67EE877AFDEEE77A17EE903AFFF73A
:1055900000B99FED397AF4EEC77AF1EE10FAFFF612
:1055A0001DA8FDEEE77A17EE903AFFF718B8FDEE6A
:1055B000E77A17EE903AFEF7EABFFDEEE77A17EECC
:1055C000903AFFF713B99FED2B7AF4EEC77AF1EE1C
:1055D00010FAFFF640A8B6EE007A67EE877AFDEE85
:1055E000E77A17EE903AFFF737B803F16001149BA2
:1055F0004FEA830A0B46C7E603F16001149D1B4B7B
:105600001B4AA3FB013C05EB850302EBC30303EB41
:10561000DC0300225A704FEA850A0B46B4E6149C5C
:10562000124A134D6033A2FB032104EB840205EB05
:10563000C20202EBD102002151704FEA840AFFF747
:105640008BBB03F16001149D084B094AA3FB013C8D
:1056500005EB850302EBC30303EBDC0300225A7066
:105660004FEA850A0B46FEF711BF00BFABAAAAAAF4
:10567000D8160020000080CF000000CF2DE9F047B1
:10568000294D2A4E2C6806EB04177B7B6BB901343D
:10569000274AE31782FB0412C3EBA20303EB830345
:1056A000A4EB43042C60BDE8F087224B2249D3F8D9
:1056B0000090224B48461A884FEA041805F03CF83F
:1056C00020B10134464400237373E1E73B7BDFF8EC
:1056D00074A01B4801344033B4F5807F8AF8003051
:1056E0004FF0410234BF2346002306218AF80130DF
:1056F00004F0C4FB412207460221504604F0BEFBE1
:1057000082460146384604F0C7FC3946484604F054
:10571000C7FF484605F03EF8384604F095FC504671
:1057200004F092FCCEE700BF700D00208C0000203A
:1057300067666666144C0120C04B0120B40A002045
:10574000184C0120BC4901202DE9F041A448012159
:1057500003F022FD70B1A34B1B78022B0CD01BB3BE
:10576000012B3BD0032B6AD0BDE8F0419C480121BE
:1057700003F01CBDBDE8F0819B4C2378022B24D0A4
:10578000032B54D0042BEFD1984D2B78612B22D1D1
:105790009748082103F0FCF8002800F04881002217
:1057A00005232A702370DFE78F4C2378002BDBD191
:1057B0008E4D904F2E783B7846B39E4200F0FC8091
:1057C000082E20D001362E70CEE7884D2B783BB3C3
:1057D000302B00F0EA8001332B70C5E7824C237830
:1057E000012BC1D1814D2B78D3B1012B00F0188151
:1057F000022B00F02281082BEDD17F4B1B78082B68
:1058000001D10C23237000232B70ADE7DFF8E88172
:1058100098F80060072E40F2B58005232370A3E7B7
:105820007348082103F0B2F801232B709CE76F4AFC
:105830001378372B00F0C5800133137094E76A4C5E
:105840002378022BC1D00B2B8ED801A252F823F063
:105850006B59010869570108695701082F58010859
:105860004D59010869570108695701082B5901086A
:1058700007590108CF580108B1580108815801089B
:105880005E495F480A7803785E4D5B000132DBB207
:10589000D2B20A700370297823B90131C9B2012349
:1058A00029700370082900F0FE80072323705BE74E
:1058B0004E4D2B78002BB3D04E4A16789E427BD0AB
:1058C000082B88D100220B232A7023704CE74E4A04
:1058D0004E4B11781E78002900F0C280002E9CD11A
:1058E000484B474A1B784A484A49127803F0070355
:1058F0000126C55C0E702A430121C2540A2323707D
:105900003C4B197030E7394D2B78002B88D0012B98
:1059100000F08680022B00F0EC80082B7FF45BAF58
:10592000002209232A7023701EE7304D2B78002BAC
:105930003FF476AF012B73D0022B00F0E680082BEA
:105940007FF449AF00222A7023700DE7274D2B7892
:10595000612B7FF440AF2648082103F019F8002896
:1059600065D000232B702370FEE6204D214F2E784A
:105970003B78002E7FF421AFDFF87C8098F8006040
:10598000072E92D81A48082103F000F8224B1B7802
:10599000334113F0010F0CBF0723012301363B7085
:1059A000012388F800602B70DEE61148082102F020
:1059B000EBFF03232370D7E60D48082102F0E4FF34
:1059C00000E70B48082102F0E3FF10B9042323701D
:1059D000CAE6124A01210E2311702370C4E600BFEB
:1059E00000140040530B002002000020500B002048
:1059F00000040240FA0A0020F90A0020EA0A002006
:105A0000E70A0020E80A0020EC0A0020EB0A002048
:105A1000F00A0020E50A0020FB0A0020E40A00202A
:105A20003D48082102F0B0FF02232B709CE63B4A60
:105A300002210E231170237096E608213648384C57
:105A400002F0A6FF22783749031E18BF01239340B6
:105A50000132227003222A700A7813430B7083E606
:105A6000314B324A1B783248127803F00703C55C89
:105A7000002E37D12F49304E09783678B14234D2D2
:105A80002A4214BF012600262C4F3E70002E7FF4C0
:105A900032AF2B4E0829317001D82A4E317025EAD9
:105AA0000202072129E7402A10D9254B224A1B78F8
:105AB000137013B9244B01221A701D4B234A1B7813
:105AC0000121117043B10D2323704DE61F4A184B7D
:105AD00012781B78002AF5D1104A03210E23117089
:105AE000237041E6154E3170D9E70CBF0126002620
:105AF000CAE70821084802F04BFF1549031E18BFEA
:105B0000012303220B702A702EE60821024802F0BE
:105B10003FFF1049F2E700BF00040240E40A002002
:105B2000F90A0020FB0A0020E80A0020E70A00200A
:105B3000F00A0020EA0A0020EF0A0020E50A00200F
:105B4000E90A0020ED0A0020EE0A0020E60A002003
:105B5000EB0A0020EC0A00202DE9F041A44C237848
:105B6000052B0ED0063B092B37D8DFE813F0420097
:105B700036003600360036003600550085006C00D1
:105B8000EB009C490A88002A00F0FE809A4D9B4851
:105B90002B689B4E013A0A80591C80FB0120CA17D2
:105BA000C2EBA00203EB430302EB4202A1EBC201F2
:105BB000F218296090785178924AF35C1370924AF7
:105BC0001170924A107053B99148924A0170137043
:105BD0002370914A138801331380BDE8F081012BB3
:105BE00000F0FE80032B00F0DB80022BF1D123704C
:105BF000EFE78A4B1B7813BB89498A480B708A49A7
:105C00008A4D037001220A70894882492A70022253
:105C100003700B702270E0E77C4A864B12787C4957
:105C2000A3FB02035B08784809780578824803EBF8
:105C3000C303D31ADBB2082AC15400F0198105232B
:105C40002370BDE8F0817D4B7D4A1E687D4B7E4F01
:105C500015787E491A887D70304604F06DFD002865
:105C600000F0A981013D012D02D8794B00221A7064
:105C70000F232370BDE8F081764D77492A7801F132
:105C80000800002311F801CF4FEA530E8CEA0303FA
:105C9000DF0748BF8EF08C0E8EEA5C064FEA5E038B
:105CA000F60744BF83F08C03DBB283EA9C0E1EF040
:105CB000010F4FEA53031CBF83F08C03DBB283EA6E
:105CC000DC0E1EF0010F4FEA53031CBF83F08C0360
:105CD000DBB283EA1C1E1EF0010F4FEA53031CBF08
:105CE00083F08C03DBB283EA5C1E1EF0010F4FEAE7
:105CF00053031CBF83F08C03DBB283EA9C1E1EF0AF
:105D0000010F4FEA53031CBF83F08C03DBB283EA1D
:105D1000DC1C1CF0010F4FEA53031CBF83F08C0303
:105D2000DBB28842AED1002B34D14C4B19782829F4
:105D300048D0354B1B78934281D0013206232A701C
:105D400023704AE72B490A88F2B12B48013A0368CD
:105D50000A802A495A1C81FB025103EB4303284D58
:105D6000ED5CD317C3EBA10303EB4303A2EBC30228
:105D7000AB1E012B02603FF62CAF224B032D1D7092
:105D80000ED00223237024E7BDE8F04134480121FE
:105D900003F0FCB92A4A03210E23117023701CE77B
:105DA00030492E4A2B4D304800230B701B492B7075
:105DB000C2E90033164A0B700370F02106231170FC
:105DC000237006E7224F294E93E803003B7803F047
:105DD0003F0C06EBCC06013386E803003B70A8E7D6
:105DE0000B480C492370002202700A70F1E600BFD4
:105DF00002000020FC0A0020000B0020ABAAAA2A07
:105E0000080B0020530B0020520B0020510B0020E8
:105E1000FB0A0020F90A002000000020EE0A002002
:105E2000E90A0020E80A0020E70A0020EA0A002028
:105E3000E60A0020398EE338580D0020144C01206A
:105E4000E40A0020B40A002004000020C04B012016
:105E5000560D0020F80A0020EF0A0020F00A00206A
:105E600000140040EF0A0020ED0A0020540B00202F
:105E7000421E00F10801002312F801CF5E088CEAEF
:105E80000303DF0748BF86F08C0686EA5C0E7308C2
:105E90001EF0010F1CBF83F08C03DBB283EA9C066B
:105EA000F6074FEA530344BF83F08C03DBB283EA67
:105EB000DC06F7074FEA530344BF83F08C03DBB2E1
:105EC00083EA1C16F6074FEA530344BF83F08C03A2
:105ED000DBB283EA5C16F7074FEA530344BF83F053
:105EE0008C03DBB283EA9C16F6074FEA530344BFE8
:105EF00083F08C03DBB283EADC1C1CF0010F4FEA59
:105F000053031CBF83F08C03DBB29142B4D1002B4E
:105F10007FF495AE0388374A05F03F0502EBC502D2
:105F200003EB830303CA03EB83031BB2324A334DF3
:105F30005160002B10601A46B8BFDA1C594201F0BC
:105F4000030103F003032E4858BF4B429210002B6D
:105F5000B8BF02F1FF322B490668B6BF93B293B2C5
:105F600012B26A721B0A0A882749AB72304604F0E3
:105F7000E3FB00287FF463AE41220621234803F0AF
:105F80007DFF412203460B2128461D4603F076FF84
:105F900007460146284604F07FF82946304604F0BB
:105FA0007FFB304604F0F6FB284604F04DF83846F7
:105FB00004F04AF843E641220621144803F05EFF4C
:105FC00041220346022138461F4603F057FF804610
:105FD0000146384604F060F83946304604F060FB6C
:105FE000304604F0D7FB384604F02EF8404604F063
:105FF0002BF837E6540B0020090000200800002091
:10600000144C0120B40A0020C04B0120184C012080
:106010002DE9F0434FF0E022DB49DC4C5461DC4BCE
:10602000F0200024072681F8230094611661D3F83C
:10603000201AD3F8100AD3F8145AD3F8187A85B076
:106040006FF03A024FF6FF73F2F7B8F83846294678
:1060500017461D466FF03A024FF6FF73F2F7AEF89F
:106060005740CC4ACC4917606B4013714FF0006029
:106070001B0A537102F050FD62B64FF4406002F00B
:1060800057FD02231A462146C448C54FDFF8408316
:1060900002F004FC022319462246C04802F04CFBE1
:1060A00002220B21BD4802F079FC4FF4406002F05F
:1060B0003FFD2146B9480423022202F0EFFB0423EE
:1060C0002246B648022102F037FB04220B21B348D6
:1060D00002F064FC40F6024002F02AFD02231A4658
:1060E0002146B04802F0DAFB022319462246AD48A9
:1060F00002F022FB02220B21AA4802F04FFC4FF4CF
:10610000406002F015FD2146A4488023022202F0DF
:10611000C5FB80232246A148022102F00DFB80220C
:106120000B219E4802F03AFC40F6024002F000FDCE
:1061300021469C481023022202F0B0FB1023224685
:106140009848022102F0F8FA10220B21954802F03B
:1061500025FC40F6024002F0EBFC2146914820234A
:10616000022202F09BFB202322468E48022102F0ED
:10617000E3FA20220B218B4802F010FC40F601408C
:1061800002F0D6FC214688484FF40063022202F058
:1061900085FB4FF4006322468348022102F0CCFACB
:1061A0004FF400620B21804802F0F8FB40F60140FA
:1061B00002F0BEFC21467C484FF48053022202F0DC
:1061C0006DFB4FF4805322467748022102F0B4FA67
:1061D0004FF480520B21744802F0E0FB40F601407E
:1061E00002F0A6FC214670484FF40053022202F050
:1061F00055FB4FF4005322466B48022102F09CFAF3
:106200004FF400520B21684802F0C8FB41F20E1017
:1062100002F08EFC4FF4000002F03AFD40F6194007
:1062200002F086FC40F61A4002F082FC40F61B4069
:1062300002F07EFC01F02AFD01F048FD22462146D5
:106240004FF4904001F006FF102002F0BDF8F7F780
:10625000F3FF5648564A57494FF0FF331360036027
:10626000554A5648564B0860FD21117040F60240D1
:10627000F2221A7002F05CFC21464A488023022276
:1062800002F00CFB802322464648022102F054FA19
:1062900080220821434802F081FB40F6024002F0D0
:1062A00047FC21463F484023022202F0F7FA4023F0
:1062B00022463C48022102F03FFA08213948402298
:1062C00002F06CFB3F4B404A1A6040F6164002F069
:1062D0002FFC22462146472002F0D2FB2246012114
:1062E000452002F0CDFB41F2051002F021FC3748B9
:1062F000042102F0CDFF3548082102F0C3FF3348E6
:1063000040F2053102F0E2FF30484FF4A06102F0A4
:10631000DDFF4FF442712D4802F0D8FF2B4802F008
:10632000ABFF40F6014002F003FC21461E484FF44B
:106330008043022202F0B2FA22464FF480431A4808
:10634000012102F0F9F94FF48041174802F01EFBD9
:1063500040F6024002F0ECFB214612484FF4006385
:10636000022202F09BFA4FF4006322460D480221FC
:1063700002F0E2F94FF4006208210A4802F00EFB35
:1063800040F6024026E000BF00ED00E03E0D0300B5
:106390000070FF1F184C0120008000080000024020
:1063A000B80A00200008024000040240C04B01204F
:1063B000BC4B0120B8490120B4490120F000010183
:1063C000B0490120900A002004140140001401404B
:1063D000893BE65502F0ACFB2146DA484FF4806376
:1063E000022202F05BFA4FF480632246D548022174
:1063F00002F0A2F90821D3484FF4806202F0CEFAED
:10640000D14BD24A1A6040F6154002F091FB224669
:106410002146342002F034FB224601210F2002F0F5
:106420002FFB41F2130002F083FBC948042102F064
:106430002FFFC748082102F025FFC54840F205316B
:1064400002F044FFC2484FF4A06102F03FFF4FF456
:106450004271BF4802F03AFFBD4802F00DFF40F61E
:10646000024002F065FB2146B6484FF480530222F9
:1064700002F014FA22464FF48053B248012102F090
:106480005BF94FF48051AF4802F080FA40F60340C8
:1064900002F04EFB2146AF484FF40073022202F097
:1064A000FDF94FF400732246AA48022102F044F994
:1064B00031464FF40072A74802F070FA40F60340EC
:1064C00002F036FB2146A3484FF48073022202F00B
:1064D000E5F94FF4807322469E48022102F02CF920
:1064E00031469C484FF4807202F058FA9A4B9B4A0E
:1064F0001A6040F6154002F01BFB22462146272079
:1065000002F0BEFA224601210E2002F0B9FA41F251
:10651000120002F00DFB9248042102F0B9FE9048EF
:10652000082102F0AFFE8E4840F2053102F0CEFEA7
:106530008B484FF4A06102F0C9FE4FF442718848C5
:1065400002F0C4FE864802F097FE40F6014002F0D9
:10655000EFFA214683484FF40043022202F09EF9ED
:1065600022464FF400437F48012102F0E5F84FF442
:1065700000417C4802F00AFA40F6014002F0D8FAE5
:10658000214678488023022202F088F9802322469F
:106590007448022102F0D0F831468022714802F09E
:1065A000FDF940F6014002F0C3FA21466D48402350
:1065B000022202F073F9402322466A48022102F0C7
:1065C000BBF831466748684E402202F0E7F9674B56
:1065D000674A1A6040F6164002F0AAFA224621469F
:1065E000252002F04DFA22460121462002F048FA09
:1065F00041F2041002F09CFA5E48042102F048FEC9
:106600005C48082102F03EFE5A4840F2053102F093
:106610005DFE58484FF4A06102F058FE4FF44271FD
:10662000544802F053FE534802F026FE40F6034061
:1066300002F07EFA02231A462146464802F02EF95D
:10664000224602234348012102F076F80221414804
:1066500002F09CF94FF0807002F094FA41F20200CF
:1066600002F066FA444802F01FFB3B684248ADF86E
:106670000240A6FB03239B0C013BB3F5803F28BFE0
:10668000234640F2E73269460292ADF800300194A9
:106690008DF80C4002F0D8FB374802F009FC40F6B8
:1066A000034002F045FA21462A484FF48053022263
:1066B00002F0F4F84FF4805322462648022102F0FB
:1066C0003BF824484FF480520221012502F066F97C
:1066D0006A46214628480294CDE9005402F0FEFBA8
:1066E00022462146244802F017FD21462248402236
:1066F00002F0EAFC224621461F4802F01BFD294613
:106700001D4802F0E1FB1C4802F0D2FB40F60340BA
:1067100002F00EFA21460F484FF40053022202F015
:10672000BDF84FF4005322460A48022102F004F853
:1067300008484FF40052022102F030F96A46294617
:106740001CE000BF0008024058080020044C004034
:10675000004C0040000C024020060020044800408D
:10676000004800400004024083DE1B43E803002091
:10677000041001400010014000080040A8480294A5
:10678000CDE9005402F0AAFB22462946A44802F0B3
:10679000C3FC2946A248402202F096FC2246294624
:1067A0009F4802F0C7FC29469D4802F08DFB9C489B
:1067B00002F07EFB40F6034002F0BAF92146994808
:1067C0004FF48043022202F069F84FF480432246DE
:1067D0009448022101F0B0FF92484FF48042022118
:1067E00002F0DCF86A468E4802940221CDE900549A
:1067F00002F074FB22468A48022102F08DFC884890
:106800000221402202F060FC22468548022102F06B
:1068100091FC2946824802F057FB814802F048FB70
:106820004FF4406002F084F921467F484FF48073B2
:10683000022202F033F82A4621464FF480737A4848
:1068400001F07AFF40F6014002F072F921467748E4
:106850001023022202F022F82A4621461023734810
:1068600001F06AFF40F6014002F062F921466F48EC
:106870004FF48063022202F011F82A4621464FF4B9
:1068800080636A4801F058FF4FF4406002F050F90D
:10689000214665484FF40043022201F0FFFF2A46DB
:1068A00021464FF40043604801F046FF41F20100E9
:1068B00002F03EF95E4802F0F7F93B685C48ADF83B
:1068C0000240A8FB03235B0E013BB3F5803F28BFCA
:1068D000234669464FF07709ADF8003001948DF8F2
:1068E0000C40CDF8089002F0AFFA514802F0E0FAFF
:1068F00040F6014002F01CF92B4621464B4802228B
:1069000001F0CCFF2B4622464848022101F014FF3B
:106910002A460221454802F041F8FAF767FEFAF7E5
:10692000EBFE41F2011002F003F9424802F0BCF91B
:106930003B684048CDF80890A8FB03835B0E013B01
:10694000B3F5803F28BF23466946ADF80030ADF867
:10695000024001948DF80C4002F076FA354802F0BE
:10696000A7FA40F6024002F0E3F8214632484FF41D
:106970000073022201F092FF4FF4007322462E486A
:10698000022101F0D9FE4FF4007203212A4802F0DF
:1069900005F8FBF733F8FBF77DF8FBF783FA40F6D1
:1069A000014002F0C5F8294620480823022201F0E0
:1069B00075FF2246294608231C4801F0BDFE41F21E
:1069C000050002F0B5F81D4802F06EF93B681B485F
:1069D000ADF80240A6FB03639B0C013BB3F5803F7F
:1069E00028BF2346092269460292ADF8003001947F
:1069F0008DF80C4002F028FA104802F059FA0B48C2
:106A0000082101F0C1FF21462246372002F038F864
:106A10000A48294605B0BDE8F04302F0B3BB00BF09
:106A200000080040000C0240000002400004024048
:106A3000000400400004014000080240001400402F
:106A40002DE9F04F2DED028B4FF0000E91B0CDE906
:106A500005EECDE903EE9FED638ADFF8AC91DFF838
:106A6000ACA1CDF824E0F346CDF800E0CDF81CE071
:106A7000CDF820E0CDF804E0CDF808E07646CDF87A
:106A800028E0594B1C68029BE31AB3F57A7F80F02B
:106A9000DD82039BE51A632D00F2D482049BE21A87
:106AA0004EF65F239A4200F2C982059BE31AB3F5C2
:106AB000FA7F80F0BF82069BE31AB3F5FA6F80F08D
:106AC0009482019BE71A272F00F2A280B44200F0C3
:106AD00040839AF8002099F80030022A00F0F683EB
:106AE000424A1278022A00F0C982A046404A12782F
:106AF000022A40F0A48093BB3E4B1A88C2F30802DE
:106B00006AB33D4B02EB820203EB820209E0F1EE35
:106B100010FA58BFF0EE467AC3ED027A14339A4267
:106B20001DD0D3ED007A93ED027AD3ED036AF4EE33
:106B3000C77A37EE266AF1EE10FAF4EEC67AE6DC92
:106B400037EE667AEAD5F4EEC77AF1EE10FAD8BFDE
:106B5000F0EE477AC3ED027A14339A42E1D1272F3F
:106B60006FD8B44276D0254B99F800201B78022BC1
:106B70006ED1002A6CD1224B1A88C2F308026AB384
:106B8000204B02EB820203EB820209E0F1EE10FAE5
:106B900058BFF0EE467AC3ED027A143393421DD00B
:106BA000D3ED007A93ED027AD3ED036AF4EEC77A5F
:106BB00037EE266AF1EE10FAF4EEC67AE6DC37EE2E
:106BC000667AEAD5F4EEC77AF1EE10FAD8BFF0EEA5
:106BD000477AC3ED027A14339342E1D1B44239D0FB
:106BE00036E000BF00007F43204C01205408002005
:106BF0001C060020F2830020F8830020E40300201C
:106C0000A6380020AC380020B60A00208C0A0020EC
:106C10009AF80030022B00F0DF83954BB4421B78CA
:106C200000F07285022B00F0AE840194A046914BD7
:106C30001B78022B00F05F82B44200F07F82272F86
:106C400091D98D4B1B78022B00F07D82B44201D08C
:106C5000FAF70EFB089BE31A092B464602D9FAF70E
:106C600015FC0894272F03D9FAF746FDFCF7E4FE3C
:106C7000632D04D9814B1B78002B40F0F482079BD5
:106C8000E31A4A2B00F2D081009BE31A4B2B0DD95B
:106C90007B4B1B783BB17B4B1B78092B40F2BC83B1
:106CA000774A00231370A4F124030093099BE21A8E
:106CB00043F697239A4200F2A681A4EB0B0245F219
:106CC00007239A4211D9704B1B7853B16F4B1B8825
:106CD000002B40F0E3836E4A002313706D4A0123BA
:106CE0001370A4F5BB5BABF1100B632D04D9694B9A
:106CF0001B780BB1F6F7C2FE0A9BE21A41F287330A
:106D00009A4205D999F800300BB9F7F7EFF90A94D0
:106D100001F0D6FB012802D95F4800F051FD5F4B1E
:106D20001B78002B40F06581F7F712FC9AF80030D1
:106D30005B4A5C4912780978012B00F02F815A4A8E
:106D400099F8003012783BB9002A00F07D829AF859
:106D50000030022B00F08482F8F7DEF9444B534AEE
:106D60001B78534912780978012B00F0C580514AED
:106D700099F8003012783BB9002A00F047823C4B6A
:106D80001B78022B00F04E82F8F7AAFF394B4A4AD3
:106D90001B784A4912780978012B00F0D680484ABE
:106DA00099F8003012783BB9002A00F03E82314B4E
:106DB0001B78022B00F04582F9F774FD2E4B414AF7
:106DC0001B78414912780978012B2AD03F4A99F85B
:106DD0000030127803BB002A00F0C481264B1B78D8
:106DE000022B00F0CA813A4B1D783A4BA3FB0523D6
:106DF00003F0FE0404EB53042C1BE4B2364BC4EB4B
:106E0000C40103EB81024FEAC408107E002800F0A1
:106E10002D822F4B01351D70FAF788FBFEF79CFE83
:106E20002FE6002A40F02081002940F01D81F6F76E
:106E3000E3F8114B294A1978294B12681B6801297C
:106E4000C4D1D31A012BC1D972B6264926480023D2
:106E50000B6026490B6026490B804FF49671018028
:106E600062B61F490A60234A1370164A1370ADE7D1
:106E7000540800201C060020E4030020760D0020AA
:106E8000750D0020740D0020560D0020000000201C
:106E9000550D0020540D0020D04B0120AC4901209D
:106EA000790A0120780A01206A0A01202DBF0020FA
:106EB0002CBF00201EBF0020E1730020E0730020E3
:106EC000D2730020952800209428002086280020D6
:106ED000681C0020ABAAAAAA80010020204C012037
:106EE0009028002060650020E603002064650020F3
:106EF0005C6500206E280020002A40F0B080002948
:106F000040F0AD80F5F79EF9A04BA14A1978A14B4E
:106F100012681B6801297FF42AAFD31A012B7FF670
:106F200026AF72B69C499D4800230B609C490B60BC
:106F30009C490B804FF49671018062B695490A60B6
:106F4000994A1370994A137011E7002A40F0918012
:106F5000002940F08E80F5F7F3FC954B8C4A1978A8
:106F6000944B12681B6801297FF419AFD31A012BC7
:106F70007FF615AF72B69049904800230B60904998
:106F80000B6090490B804FF49671018062B689497D
:106F90000A608D4A13708D4A137000E7002A59D198
:106FA000002957D1F4F7F4FD9AF80010884B784A7D
:106FB0001B68126801297FF4C2AED31A012B7FF639
:106FC000BEAE72B68349844800230B6083490B60D0
:106FD00083490B804FF49671018062B67C490A6048
:106FE000804A1370804A1370A9E6F7F773F9069484
:106FF00067E57E4804F0A6FE002840F09E817C4AAA
:107000000023137090E67B4B7B491A8800230B709A
:10701000002A40F0BB81A4EB0B0245F207239A4201
:1070200009943FF65EAE60E6FEF728FBA4F1230369
:10703000079329E604F026FE05943CE504F018FDCC
:10704000049432E505F0AEFE039427E505F016F949
:1070500002941EE55E4B4E4A1B681268ADE74D4B2D
:107060004B4A1B68126858E7644B494A1B68126810
:10707000E7E6504B464A1B68126877E79BBB604BBC
:107080001A88C2F308026AB35E4B02EB820203EB7A
:10709000820209E0F1EE10FA58BFF0EE467AC3ED35
:1070A000027A14339A421DD0D3ED007A93ED027A1E
:1070B000D3ED036AF4EEC77A37EE266AF1EE10FAE2
:1070C000F4EEC67AE6DC37EE667AEAD5F4EEC77AF5
:1070D000F1EE10FAD8BFF0EE477AC3ED027A14331E
:1070E0009A42E1D10023272F12D9314B1B78022B72
:1070F000A0467FF4A1ADF5F77FFEB4421ED099F80B
:107100000030F3E4214B1B78022B18BF0023B6D0CC
:10711000B442A0467FF4EAAC9CE5272FF2D91B4B82
:107120001B78022BE1D1F5F70BFBB44240F02E8225
:10713000A0461F4B1B78022B00F06681324B1B7858
:10714000022B7FF487ADF6F7AFF9B4427FF40BADB5
:1071500080E5089BE31A092B7FF68AADFAF796F9CA
:10716000089485E5F6F736F9274B1A7899F8003038
:10717000022A06D1002B7FF44FAEF6F711FA99F8E8
:107180000030002B3FF42FAE46E600BF540800202D
:10719000204C012028BF0020F8FB002056080020CA
:1071A000FCFB0020F4FB002006BF00202DBF0020C8
:1071B0001C060020DC730020ACB000201E0600205E
:1071C000B0B00020A8B00020BA730020E173002006
:1071D000740A01204C4701208E0A002050470120EC
:1071E00048470120520A0120790A0120D04B012092
:1071F000AC49012000000020560D002090280020FE
:107200003ECF002044CF0020E4030020F5F72EFA03
:107210008E4B99F800201B78022B7FF4B5AD002A25
:107220007FF4B2ADF5F70AFBAEE5F5F77BFD884BD1
:1072300099F800201B78022B7FF4BEAD002A7FF462
:10724000BBADF5F757FEB7E5F4F792FE9AF80030BC
:1072500099F80020022B7FF47FAD002A7FF47CADEB
:10726000F4F76EFF78E5F6F71DFA08E5794B92ED35
:10727000017AD2ED027A127B9A70774A27EE087A69
:1072800012F82120DA7067EE887A744ABCEEC77A69
:107290001768FCEEE77A17EE102A1A7117EE902A9B
:1072A000D0215A716E4A1970611C597012886D494B
:1072B000384603F041FA002800F08B81664AA8EBBB
:1072C000040302EB830301221A76A2E5002B40F0AF
:1072D0007181654B1A88C2F30802002A3FF412AF8D
:1072E000624B02EB820203EB82020AE0F1EE10FA3B
:1072F00058BFF0EE467AC3ED027A143393423FF45E
:107300000CAFD3ED007A93ED027AD3ED036AF4EE7D
:10731000C77A37EE266AF1EE10FAF4EEC67AE5DCAB
:1073200037EE667AE9D5F4EEC77AF1EE10FAD8BFF7
:10733000F0EE477AC3ED027ADFE7484B49491C6813
:10734000474B20461A8803F0F7F900287FF457AE20
:1073500041220621464802F091FD412205460421C2
:10736000444802F08BFD07460146284602F094FE91
:107370002946204603F094F9204603F00BFA2846EC
:1073800002F062FE384602F05FFE38E63A493B48BA
:10739000013A0A803A4A3B491268571C81FB071C94
:1073A000F917C1EBAC0101EB4101A7EBC10734496F
:1073B0000F60354902EB420201EB020C4FF60377F6
:1073C0008F5201218CF8023001F0DCFE2F4A099423
:1073D00013880133138070E4F4F734FEB44200F0F4
:1073E00099819AF8002099F80030022A40F0E08054
:1073F000002B40F0DD801C4B1A88C2F30802002AE3
:1074000000F0D68001946BE7F5F7F6FC204B1B7873
:10741000022B7FF41FAC96E6104A009317681D4AB2
:10742000104902EB03120E4B92F804801A8838467A
:1074300003F082F9009B1A010133002800F0E88074
:10744000DBB20B93144B0B9A1A702CE454080020F7
:107450001C0600206C1C002080010020144C012020
:10746000B40A0020C04B01208A1A0120981A01207A
:10747000184C0120B84901200000002000140040F1
:10748000040B0020ABAAAA2A080B0020FC0A00204B
:10749000E40300208C000020740D0020A349A44FB9
:1074A000A448013B0B80A44B1B68591C87FB012798
:1074B000CA17C2EBA70202EB4202A1EBC2019F4F27
:1074C0009D4A03EB43031160FA180221F9524FF071
:1074D0000008012182F8028001F054FE9848934987
:1074E0000388013303800B88002B3FF4F4AB924AEE
:1074F0008F4F9048013B0B801368591C87FB012C70
:10750000CA17C2EBAC0202EB4202A1EBC2018A4AEB
:1075100011608A4903EB43030F46CA184FF44C41EC
:10752000F952012182F8028001F02CFE84487F4943
:107530000388013303800B88002B3FF4CCAB7E4AD9
:107540007B4F7C48013B0B801368591C87FB012C47
:10755000CA17C2EBAC0202EB4202A1EBC201774FA9
:10756000754A03EB43031160FA184FF48841F9524E
:10757000012182F8028001F005FE714A138801336F
:107580001380FFF7A8BBF5F7DBF801946D4B1A7871
:1075900099F80030022A3FF471AD6B4B1B78022B37
:1075A00002D0A046FFF74BBBF5F726FCA046A6E5A8
:1075B0000194B4E5634A1278022A3FF4A9AD624B04
:1075C0001B78022BEDD1272FA0463FF63AABFFF7F1
:1075D000C8BA412206215D4802F050FC41220B90BE
:1075E00006215B4802F04AFC01460C900B9802F021
:1075F00053FD0B99384603F053F8384603F0CAF8A8
:107600000B9802F021FD0C9A104602F01DFD55E684
:1076100050498A5C5049DBB20B934B704F4B8A70D8
:10762000A3FB08235B09642281F8038002FB138813
:1076300018F0FF0C4FF048030B7074D0484BCDF896
:1076400038B0CDE90C464FEA4C081B680F9708F19B
:1076500005080522AB464348404E00EB4305414830
:107660006D785C1C009410F8133086FB046702F1FF
:10767000020ECDB34FF001004B711FFA8EF2E317EB
:107680000871C3EB67136420424500FB134301F10B
:107690000201E0D1324A5D46DDE90C46DDE90EB774
:1076A0000CF1020C13604FEA4C08412206212748D6
:1076B00002F0E4FB412241468046274802F0DEFB0F
:1076C00001460090404602F0E7FC4146384602F091
:1076D000E7FF384603F05EF8404602F0B5FC009B39
:1076E000184602F0B1FCADE6009C4B711FFA8EF219
:1076F000E317C3EB6713642042450D7100FB13438E
:1077000001F10201A7D1C5E7022B07D00196B046CF
:10771000FFF78DBA0B4B1B78022BF7D1F5F710F85A
:10772000B046019605E54FF00408BEE700000020D2
:10773000ABAAAA2A00140040040B0020080B00206A
:10774000FC0A0020540800201C060020184C0120D0
:107750006C1C00208C000020BC4901201F85EB51CF
:107760006C0D0020F819002008B5FEF751FCFFF75A
:1077700067F900BF114B18680368002B00DAFEE7B9
:1077800070B50C46012100F027FE064684B10025A5
:1077900062896168701906F04FFA638924681D4494
:1077A000002CF5D12946002000F050FB002070BDD0
:1077B0002146002000F04AFB002070BD704C0120E3
:1077C0002DE9F0411D4D02218046286800F004FE9D
:1077D00005210446286800F0FFFD4FF4C1720646FB
:1077E000A1B2002002F0BEFA0746F8B10446002517
:1077F00062896068711906F01FFA638924681D4464
:10780000002CF5D12146204600F0D0FAD8F81030EF
:10781000414638469847044610B92046BDE8F081F5
:10782000384602F011FC2046BDE8F08101464FF0D9
:10783000FF3400F0BBFA2046BDE8F0816C4C01201B
:1078400038B50446154B164AE362164961610623B2
:1078500044F2474004F132016087A26184F8383075
:10786000002000F065FB40F2DC522E23228684F8D3
:1078700039304FF4E00000F03FFA4FF460200A4C3A
:1078800000F03AFA04F150052046103400F0CEFD25
:10789000AC42F9D100F026FB002038BDFCF801080D
:1078A0007577010899C601084C88012001EB410C4D
:1078B00000EBCC0303291A6922F001021A614FF090
:1078C00000021A615A619A61DA611A625A620BD82F
:1078D00049084FEA4C0C82680CEB810C3D2303FAFB
:1078E0000CF31343836070470439CBB203EB4303BB
:1078F000C1F340015B0010B403EB8103C4683D2277
:1079000002FA03F32343C3605DF8044B704700BFE2
:1079100001EB410100EBC10030B4436A23F00403E2
:107920004362136883619368C361D36943611469D7
:10793000136A01699569234321F45E312B4321F0D9
:10794000C00143EA84030B43036153688BB90369A5
:1079500043F400730361D368B3B9036943F48063EC
:1079600003615369BBB9036943F4807330BC03619D
:107970007047012B03690CBF23F4007343F40043E9
:107980000361D368002BE8D0036923F480630361AB
:107990005369002BE7D0036923F4807330BC036183
:1079A000704700BF01EB4101C90010300B5823F4B0
:1079B00080730B50704700BF01EB4101C9001030CC
:1079C0000B5843F001030B50704700BF01EB41011E
:1079D000C90010300B5823F0606343EA42630B5038
:1079E000704700BF01EB4101802A4FEAC10104D07A
:1079F00010300B5813430B50704724300B5843F092
:107A000080030B50704700BF032910B418D8013A07
:107A10001F2A11D8DFE802F07A10108A1010109A8D
:107A200010101010101010AA1010101010101010BC
:107A300010101010101010BA00205DF8044B7047A1
:107A40000B1F013ADBB21F2AF6D80FF2080C5CF8C4
:107A500022F000BFAD7B0108397A0108397A0108AC
:107A6000D77B0108397A0108397A0108397A010887
:107A7000017C0108397A0108397A0108397A01084C
:107A8000397A0108397A0108397A0108397A010806
:107A90002B7C0108397A0108397A0108397A010802
:107AA000397A0108397A0108397A0108397A0108E6
:107AB000397A0108397A0108397A0108397A0108D6
:107AC000397A0108397A0108397A0108397A0108C6
:107AD000D57A010801EB41014468C3F3400210303C
:107AE00003EB4303C9004FEA430C0CEB820C202349
:107AF0000A5803FA0CF0204002F0100300289CD032
:107B0000181E18BF01205DF8044B704701EB4103BC
:107B100050F8244B5A00DB0049081B5802EB810245
:107B200001209040204003F08003E7E701EB410390
:107B300050F8104B5A00DB0049081B5802EB810239
:107B400004209040204003F00203D7E701EB4103FB
:107B500050F8104B5A00DB0049081B5802EB810219
:107B600008209040204003F00403C7E701EB4103E5
:107B700050F8104B5A00DB0049081B5802EB8102F9
:107B800010209040204003F00803B7E701EB4103C9
:107B900050F8104B5A00DB0049081B5802EB8102D9
:107BA00020209040204003F01003A7E701EB4101A3
:107BB0004468C3F34002243003EB4303C9004FEA97
:107BC000430C0CEB820C01230A5803FA0CF0204002
:107BD00002F0800392E701EB41014468C3F34002E5
:107BE000103003EB4303C9004FEA430C0CEB820C4B
:107BF00004230A5803FA0CF0204002F002037DE748
:107C000001EB41014468C3F34002103003EB43032E
:107C1000C9004FEA430C0CEB820C08230A5803FA04
:107C20000CF0204002F0040368E701EB41014468D6
:107C3000C3F34002103003EB4303C9004FEA430C87
:107C40000CEB820C10230A5803FA0CF0204002F0CF
:107C5000080353E703290BD84FEA510C01EB41010C
:107C60004B0003EB8C0381689A400A4382607047A3
:107C70000439CBB203EB4303C1F340015B0003EBD8
:107C80008103C1689A400A43C260704708B540F258
:107C9000194000F05BFF40F2194000F065FF0A4B0D
:107CA000002200200021C3E90C01C3E90022C3E93E
:107CB0000222C3E90422C3E90622C3E90822C3E978
:107CC0000A229A6308BD00BF284C01200849094BCD
:107CD0000A6842F001020A6001E0013B02D00A6832
:107CE000D207FAD4024B1868C04300F00100704775
:107CF00000900240FFFF0400B0F5E00F70B437D0F1
:107D0000214C2249224B234ACC604FF000401C609A
:107D100044F2F4512346204DDC6400242C601F4DB6
:107D200018602C6002F58E5502F5BE541C351034D7
:107D300003F110069D63596003F140059A601861D4
:107D400059611862596218635963186459649C64D4
:107D500003F1200002F2F45403F1300102F6E8329C
:107D6000C3E90640DE60DD63C3E90A2170BC7047E9
:107D70000B4C064A0B4B14614FF480101C600A4AEE
:107D800000212346C7E700BF4C8801200090024035
:107D90006C4C0120386A0120644C0120684C0120A1
:107DA000FC870120704C0120744C012070B4244CDD
:107DB00023681A68002A05DB28B302F40345B5F5E9
:107DC000407F02D0002070BC70471E4D2E68B60167
:107DD000C2F30D4501D5960600D4043D8D42F1D87D
:107DE0008DB19B68012D1B7803700BD0411E294477
:107DF000024623689B6801331B1A9B5C02F8013F13
:107E00008A42F6D12368104A4FF000411960516947
:107E1000080603D580200021506191605A68510402
:107E200003D5DB6823600120CDE7120401D5064BA2
:107E3000F7E7054A1268C2F3840210321344F1E7EF
:107E40006C4C0120008002400090024030B5234C71
:107E500023681A68002A33DB40F2F455A9422FD870
:107E6000B8B1B1B19B6802781A7001290FD000EB4C
:107E7000010E0EF1FF3E024623689B6801331B1A78
:107E8000134412F801CF83F800C07245F4D123687F
:107E90001A68134D42F03042C3E9002169696869EC
:107EA00001F0040100F02000014303D000226961C9
:107EB0006A601A68D10205D5DB682360012030BDF5
:107EC000002030BD920202D5054B1B69F5E7044A3C
:107ED0001268C2F3840210321344EEE7704C0120A2
:107EE000009002400F4810490268104B42F008020F
:107EF00002608A6942F480128A6101E0013B02D08B
:107F00008A69D202FAD4084B06499A6942F40052AF
:107F10009A610A6842F004020A609A6942F0020219
:107F20009A6170470080024000900240FFFF040009
:107F3000034B8A88C25004330A68C250704700BF9E
:107F40004080024010B5374B82B001201C6900F020
:107F500029FE354B354A0344934224F01C043FD29A
:107F600044F008042F49324B0C610A6922F47F4225
:107F700022F0C3024FF4004042F0030248610A615C
:107F800001E0013B02D00A69D407FAD4254B1B69F2
:107F900013F001032DD1264A01930192019B2BB1CD
:107FA000019B013B0193019B002BF9D11D49204B03
:107FB0000A6922F47F4222F0C30242F001020A6100
:107FC00001E0013B02D00A69D007FAD4154B1A69C7
:107FD000D2070DD45869C043C0F3C03002B010BD01
:107FE000144B154A0344934206D844F00C04B9E7F5
:107FF0005B69002002B010BD104B114A034493424C
:10800000B0D3104B104A0344934202D844F0040406
:10801000A8E70E4B0E4A03449342EAD844F01004FA
:10802000A0E700BF0080024000D3CEFEC0E1E40024
:10803000FFFF040040F1E9FD3F787D0100796CFC11
:10804000005A6202001F0AFA7FF0FA02802E0FF730
:10805000804A5D05F0B583B006460D461446FFF72D
:1080600071FF78B9934B00900093009B2BB1009B5C
:10807000013B0093009B002BF9D1FFF763FF002821
:1080800000F048818C4A8D4B11680B40136000232F
:1080900053609360D36091694FF64170014041F0A5
:1080A000800187489161D36187698649394041F0F1
:1080B00008718161016884490160012E00F02D8101
:1080C0001369F10823F47F43700823F0C30301F41C
:1080D000807100F4005043F00303014351611361C8
:1080E0007A4B01E0013B02D01169CF07FAD4724B01
:1080F0001B6913F0010340F00D816FF07F42019383
:108100000192019B2BB1019B013B0193019B002B31
:10811000F9D1694A136823F4B0431E4316606E0513
:108120000BD51368664943F4806313608A6905F0D0
:10813000806322F0806213438B615F49644A4B681D
:108140001C434C601368D80713D50C68536861480A
:1081500024F0007424F0800418402043584C086038
:10816000A1699B0821F0C00103F0C0030B43A36188
:1081700013689F0709D5524990680B6823F0E063A4
:1081800023F4803303430B6013685E0709D54C4921
:10819000D0680B6823F47E0323F47C5303430B6005
:1081A00013681D0709D5464910690B6823F440433D
:1081B00023F0020303430B601368DC0607D5404934
:1081C000454B8C695069234003438B6113689806C3
:1081D00012D53B4C9369A069404920F0807019404A
:1081E00020F004000143A161216803F0800321F025
:1081F00080010B4323601368590607D52E49D069C7
:10820000CB695B0C5B040343CB6113681F0617D576
:10821000294C136AA0694FF64171084023F47F414D
:1082200021F0410101432648A161D0F880101B0ACA
:1082300021F0770103F077030B43C0F88030136817
:10824000DE0503D51C4B516A996013689D0503D563
:10825000194B916AD96013685C0509D51649D06A33
:108260004B6823F4FB6323F0060303434B6013685E
:10827000180509D51049106B0B6823F4913323F0CE
:10828000700303430B601368D90407D50A49506B88
:108290000B6823F4400303430B6013689B0406D56B
:1082A0000549926B0B6823F4602313430B60012094
:1082B00003B0F0BDFFFF8F00008002400F8130FD52
:1082C00000900240233FDEF80060C102FFFF04007F
:1082D000284C012080000002E73FDEFD0400000181
:1082E000364B9C4516D0116921F47F4121F0C30122
:1082F00041F003014FF4805050611161304901E0B9
:10830000013B02D00A69D007FAD42D4F396911F028
:1083100001011AD0002003B0F0BD2A4E274F9C4621
:108320001169264B314041F04101116101E0013BEF
:1083300002D01069C107FAD4136953695B070CF1C5
:10834000010CCDD4BC45EBD1E4E71E4EDFF86CE068
:108350003A691A4B324042F041023A6101E0013B76
:1083600002D03869C207FAD43B697B69980601F1EB
:10837000010102D47145EBD1CCE7104B9942C9D031
:108380003A690F4922F47F4222F0C30242F4F062BC
:1083900042F001023A6101E0013B02D00A69D207D2
:1083A000FAD4074B1A695B69C3F38006DB074FEA0F
:1083B000C6263FF5AEAE46F48046AAE6FFFF0400AF
:1083C000008002403C00FFFF024A536803435360B1
:1083D000704700BF00800240052921D8DFE801F086
:1083E000050309161A03806870470068C0F3C300CC
:1083F00070470368C3F30D4004280FD90A4A126876
:10840000920101D59B060AD4043870474068C0F336
:108410000C007047C088C0F30C0070470020704704
:108420004FF0FF30704700BF00800240436823F0E8
:1084300000434360704700BF1E4A136859684FF0FD
:10844000004010B4186048040BD51B48016800298F
:108450002AD00B68CC6814600BB303605DF8044B42
:10846000704709040BD5144B14481968C068106094
:108470000029F3D00A685DF8044B1A6070470F4971
:108480000D4C096820681033C1F384010B4413605C
:108490000028E3D0103020605DF8044B70471031A5
:1084A0005DF8044B01607047DB685DF8044B1360B6
:1084B000704700BF6C4C0120644C012000900240CA
:1084C00008B50F4B1B681B68002B14DB03F4034239
:1084D000B2F5407F0BD103F02102212A07D0094ACF
:1084E00012689201C3F30D4007D4043808BDFFF7AA
:1084F000A3FF012008BD002008BD9B06F5D508BDDF
:108500006C4C012000800240054BD3F8102C002A4F
:1085100005DA0449044AC3F8041CC3F8042C704764
:108520000030024023016745AB89EFCD034AD2F802
:10853000103C43F00043C2F8103C7047003002404A
:108540003E496FF03043D1F80C2C12F4803F4BD1F0
:1085500012F4807F4CD112F0800F4ED112F0400FF8
:1085600050D112F0100F58D192075DD4012B3DD09D
:10857000D1F8103C23F0F80310B4C1F8103CD1F846
:10858000103C2E4C034343F00203C1F8103CD1F8D9
:10859000103C43F480336FF03042C1F8103CD4F803
:1085A0000C0CC10333D4C30502F1FF3233D40406EB
:1085B00038D441063DD4C3063DD410F0020018BFA4
:1085C0000620002A08BF07201C4B5DF8044BD3F897
:1085D000102C22F00202C3F8102CD3F8102C22F039
:1085E000F802C3F8102C7047013BACD1072070474C
:1085F000012B14BF022007207047012B14BF03205A
:1086000007207047012B14BF042007207047013A50
:10861000C5D10720D8E70220D3E7012B14BF0520DE
:10862000072070470320CCE7012B14BF062007204A
:1086300070470420C5E70520C3E700BF00300240B3
:1086400030B4394C6FF03043D4F80C2CD5033FD400
:10865000D50542D4150646D4550649D4D50652D47C
:10866000920757D4012B35D0D4F8103C2E4D23F46B
:108670004073C4F8103CD4F8103C43F40073C4F8C1
:10868000103CD4F8103C43F00103C4F8103C6FF0E8
:1086900030420160D5F80C0CC3032ED4C50502F19D
:1086A000FF322ED4040633D4410638D4C30638D45E
:1086B00010F0020018BF0620002A08BF07201A4A3F
:1086C000D2F8103C23F0010330BCC2F8103C7047D4
:1086D000013BB9D1072030BC7047012B14BF0220E9
:1086E000072030BC7047012B14BF03200720F2E79E
:1086F000012B14BF04200720EDE7013ACAD107205F
:10870000DDE70220D8E7012B14BF05200720E2E7B0
:108710000320D1E7012B14BF06200720DBE704204C
:10872000CAE70520C8E700BF00300240014BC3F88C
:108730000C0C70470030024013F0010F30B4056894
:10874000C46806D025F0030C24F003044CEA0105AC
:10875000144313F0020F07D025F00C0C24F00C0486
:108760004CEA810544EA820413F0040F07D025F097
:10877000300C24F030044CEA011544EA021413F0E2
:10878000080F07D025F0C00C24F0C0044CEA811576
:1087900044EA821413F0100F07D025F4407C24F42F
:1087A00040744CEA012544EA022413F0200F07D05C
:1087B00025F4406C24F440644CEA812544EA822488
:1087C00013F0400F07D025F4405C24F440544CEAE9
:1087D000013544EA023413F0800F07D025F4404CF1
:1087E00024F440444CEA813544EA823413F4807F17
:1087F00007D025F4403C24F440344CEA014544EAD7
:10880000024413F4007F07D025F4402C24F44024C4
:108810004CEA814544EA824413F4806F07D025F482
:10882000401C24F440144CEA015544EA025413F469
:10883000006F07D025F4400C24F440044CEA815525
:1088400044EA825413F4805F07D025F0407C24F082
:1088500040744CEA016544EA026413F4005F07D0F7
:1088600025F0406C24F040644CEA816544EA82645F
:1088700013F4804F07D025F0405C24F040544CEABC
:10888000017544EA02741B0444BF61F39F7562F3EF
:108890009F740560C46030BC704700BF0129416807
:1088A0000CBF194399434160816813F0010F1CBF4D
:1088B00021F00301114313F0020F1CBF21F00C0142
:1088C00041EA820113F0040F1CBF21F0300141EA9C
:1088D000021113F0080F1CBF21F0C00141EA821100
:1088E00013F0100F1CBF21F4407141EA022113F074
:1088F000200F1CBF21F4406141EA822113F0400F98
:108900001CBF21F4405141EA023113F0800F1CBF1B
:1089100021F4404141EA823113F4807F1CBF21F4ED
:10892000403141EA024113F4007F1CBF21F4402191
:1089300041EA824113F4806F1CBF21F4401141EAE7
:10894000025113F4006F1CBF21F4400141EA82512F
:1089500013F4805F1CBF21F0407141EA026113F4FF
:10896000005F1CBF21F0406141EA826113F4804F37
:108970001CBF21F0405141EA02711B0448BF62F361
:108980009F718160704700BF81617047816270474D
:1089900003690B4214BF01200020704710B4046A21
:1089A000436A12F0010F1CBF24F00F040C4312F0B5
:1089B000020F1CBF24F0F00444EA011412F0040F6B
:1089C0001CBF24F4706444EA012412F0080F1CBF99
:1089D00024F4704444EA013412F0100F1CBF24F454
:1089E000702444EA014412F0200F1CBF24F47004E8
:1089F00044EA015412F0400F1CBF24F0706444EAB2
:108A0000016412F0800F18BF61F31F7412F4807FAD
:108A10001CBF23F00F030B4312F4007F1CBF23F095
:108A2000F00343EA011312F4806F1CBF23F4706358
:108A300043EA012312F4006F1CBF23F4704343EA9E
:108A4000013312F4805F1CBF23F4702343EA014317
:108A500012F4005F1CBF23F4700343EA015312F4C5
:108A6000804F1CBF23F0706343EA0163120448BFC8
:108A700061F31F7304625DF8044B4362704700BFEB
:108A800010B4224CE36803F4E063B3F5E06F32D036
:108A9000E36803F4E063B3F5C06F17D0E36803F451
:108AA000E063B3F5A06F0DD0E36803F4E063B3F5C2
:108AB000806F24D0E36803F4E063B3F5407F22D0F5
:108AC000134BE36002F00302022302E002F007020C
:108AD0000323104C9940114323180901C9B283F8AC
:108AE00000134209012300F01F00834044F82230A4
:108AF0005DF8044B704702F00F020423E9E702F02F
:108B000001020123E5E700221346E2E700ED00E061
:108B10000005FA0500E100E021F06041034B21F07F
:108B20007F0101439960BFF34F8F704700ED00E074
:108B3000830903F1804303F50E3300F01F00196829
:108B4000012282400A431A60704700BF830903F183
:108B5000804303F50E3300F01F00196801228240A4
:108B60000A431A60704700BF830903F1804303F58D
:108B70000E3300F01F001A680121814022EA010231
:108B80001A607047064A6FF080739842D2F88C38AA
:108B90000CBF23F080730343C2F88C38704700BFCA
:108BA0000030024010B5364C844694E80F0088B07F
:108BB0000DF1200E10340EE90F0094E803006B460F
:108BC00083E8030002AB83E803002E4AD2F808389A
:108BD000C3F38103012B4ED0022B43D1D2F80408FA
:108BE000D2F80418D2F80438D2F80428264CC3F37B
:108BF000014312F4800F03F10103C1F388124FEA1D
:108C0000430300F03F01214818BF2046B0FBF1F0BC
:108C100002FB00F0B0FBF3F01A4BD3F80818D3F8BE
:108C20000828D3F80838C1F3031120316944C2F38E
:108C30008222C3F342332032203311F8101C6A44DD
:108C40006B4412F8202C13F8183C20FA01F1BCF107
:108C5000030F12D8DFE80CF0040C020821FA02F02E
:108C600008B010BD0948D7E721FA03F008B010BDDD
:108C7000084608B010BD0448CEE70020F0E700BF6A
:108C8000BCDF01080030024040787D010024F40080
:108C9000044AD2F8043823F400030343C2F804382A
:108CA000704700BF0030014008B5634B98427CD04C
:108CB00017D8A3F58053984200F0818036D95F4BD6
:108CC000984200F0868003F58063984220D140F6F8
:108CD0000600FFF73BFFBDE8084040F60600FFF73F
:108CE00043BF574B98427ED032D9564B984200F042
:108CF000848003F58063984240F0898040F612102A
:108D0000FFF724FFBDE8084040F61210FFF72CBF24
:108D1000A3F5006398427AD140F60400FFF716FFEE
:108D2000BDE8084040F60400FFF71EBFA3F500634E
:108D300098426DD003F5806398421BD140F6020043
:108D4000FFF704FFBDE8084040F60200FFF70CBF44
:108D5000A3F58043984265D003F58063984216D10D
:108D600040F60110FFF7F2FEBDE8084040F60110A2
:108D7000FFF7FABEB0F1804F49D14FF40060FFF722
:108D8000E5FEBDE808404FF40060FFF7EDBEA3F537
:108D9000644398423BD140F60800FFF7D7FEBDE898
:108DA000084040F60800FFF7DFBE40F60700FFF777
:108DB000CDFEBDE8084040F60700FFF7D5BE40F6FF
:108DC0000300FFF7C3FEBDE8084040F60300FFF7CD
:108DD000CBBE40F60500FFF7B9FEBDE8084040F6FF
:108DE0000500FFF7C1BE4FF41160FFF7AFFEBDE80D
:108DF00008404FF41160FFF7B7BE40F61110FFF7BF
:108E0000A5FEBDE8084040F61110FFF7ADBE08BD55
:108E100040F60100FFF79AFEBDE8084040F6010069
:108E2000FFF7A2BE4FF41060FFF790FEBDE80840C8
:108E30004FF41060FFF798BE001C00400014004083
:108E40000040014000440140174B0A88826220F430
:108E5000806C9C451BD020F44063B3F1804F16D04A
:108E6000124B8A68C2629C450CD00268CB8822F4FF
:108E700040720260026813430B4A0360944504BFCA
:108E80000B7B0363436943F001034361704702684E
:108E90004B8822F07002026002681343036002688C
:108EA0008B8813430360DBE70000014000100040A3
:108EB000036843F001030360704700BF41627047DD
:108EC000C3681943C1607047436C01290CBF43F468
:108ED000004323F400434364704700BF10B40329E8
:108EE0001DD8DFE801F00288461F036A118823F0CD
:108EF000010303628469938824F003048461046A93
:108F000021430162016A6F4C21F002010162016A92
:108F10000B4320F48061A142036200F0AF805DF852
:108F2000044B7047036A1188948823F480530362CA
:108F3000C36923F44073C361036A43EA01330362E4
:108F4000036A604923F400530362036A43EA04336B
:108F500020F480648C420362E1D1436812895DF899
:108F6000044B23F480434360436843EA8213436025
:108F70007047036A1188948823F480730362C3697D
:108F800023F00303C361036A43EA01230362036A14
:108F90004C4923F400730362036A43EA042320F478
:108FA00080648C420362BAD1036A5488D18823F466
:108FB00080630362036A43EA04230362036A5DF881
:108FC000044B23F400630362036A43EA0123036250
:108FD00043681189528923F480534360436843EA0C
:108FE00001134360436823F400534360436843EA3A
:108FF000021343607047036A1188948823F01003BA
:109000000362836923F440738361036A43EA0113B3
:109010000362036A2B4923F020030362036A43EAD5
:10902000041320F480648C4203627FF478AF036AF7
:109030005488D18823F040030362036A43EA04138F
:109040000362036A5DF8044B23F080030362036A42
:1090500043EA0113036243681189528923F4806350
:109060004360436843EA81034360436823F4006339
:109070004360436843EA820343607047036A518850
:1090800023F004030362046AD38821430162016A66
:1090900021F008010162016A0B43036243681189F0
:1090A00023F48073436044685389214341604268DC
:1090B0005DF8044B22F4007242604268134343603F
:1090C000704700BF0000014003290BD8DFE801F022
:1090D0001C130B02C36923F4E043C361C36943EA71
:1090E0000223C3617047C36923F07003C361C3697E
:1090F0001343C3617047836923F4E0438361836949
:1091000043EA022383617047836923F0700383611C
:109110008369134383617047032904D8DFE801F0B2
:109120000806040202647047C26370478263704796
:109130004263704703290BD8DFE801F01C130B02D0
:10914000C36923F40063C361C36943EA0223C361B3
:109150007047C36923F00803C361C3691343C36144
:109160007047836923F400638361836943EA0223C0
:1091700083617047836923F0080383618369134324
:1091800083617047C3680B43C3607047C36823EAB9
:109190000103C360704700BFC3680069084003D083
:1091A0000B4214BF01200020704700BFC94301617A
:1091B000704700BF38B5214B984204460D4608D091
:1091C0002ED8A3F53053984203D015D91C4B9842A2
:1091D0001AD10220FFF7E6FCE3681B0419D56B08DF
:1091E0004FF6F07103EB4003B3FBF5F3C3F3420218
:1091F0000B401343A36038BDA3F500639842E8D049
:1092000003F580639842E4D0E3681B044FF000004C
:10921000E5D400EB5500B0FBF5F080B2A06038BD9E
:10922000084B20F480629A4204D0A3F5144398427C
:10923000CFD0E9E70320FFF7B5FCCDE70078004089
:109240000050004000100140C36823F4C063C360B5
:10925000C3680B43C3607047C36823F48053C36083
:10926000C3680B43C3607047036923F44053036131
:1092700003690B4303617047C36843F40053C36041
:10928000704700BFC36823F008030B43C3607047F7
:10929000C36823F004030B43C36070474068C0F306
:1092A00008007047436923F080030B434361704714
:1092B0004FEA911C01225CF8003001F01F018A4046
:1092C00023EA02034CF80030704700BF8A0910B44B
:1092D00001F01F01145801238B40234313505DF804
:1092E000044B70474FEA911C01225CF8003001F0FA
:1092F0001F018A4023EA02034CF80030704700BF88
:10930000C1F389138A0D30B41D581458C1F30443B6
:10931000012202FA03F0204006D001F01F018A402A
:109320002A4214BF0120002030BC70474FEA915CF4
:1093300001225CF80030C1F304418A4023EA0203B1
:109340004CF80030704700BF002103E00A4B5B5827
:109350004350043109480A4B42189A42F6D3094A4D
:1093600002E0002313600432074B9A42F9D300F065
:109370000FF8FEF7F9F9704718FA0108000000200D
:10938000C40A0020C80A0020206B0220FEE700006B
:109390005B495C4AD1F8883010B443F47003C1F8DB
:1093A0008830D2F8003843F0010383B0C2F80038A7
:1093B000D2F800389907FBD5D2F80838002143F0DD
:1093C0008003C2F808380191019B4F2B05D8019BFF
:1093D00001330193019B4F2BF9D94A4AD2F808383F
:1093E000002143F09003C2F808380191019B4F2BF4
:1093F00005D8019B01330193019B4F2BF9D94149BA
:10940000414CD1F8083823F00303C1F80838D1F8EB
:10941000002822F0847222F48032C1F80028D1F8AA
:109420000028002022F48022C1F80028C1F8080892
:10943000D1F80828C1F80448C1F80C08D1F8002870
:1094400042F480324FF6FF73C1F8002801E0013B7F
:1094500003D0D1F800289203F9D52A4BD3F800287D
:1094600094034CD5D3F840282849294842F080522B
:10947000C3F840280A6842F440420A60D3F808283A
:10948000C3F80828D3F8082842F40042C3F8082893
:10949000D3F8082842F4A052C3F80828C3F80408F7
:1094A000D3F8002842F08072C3F80028D3F80028CF
:1094B0009001FBD5154A136843F480331360536859
:1094C000D903FCD51368114943F4003313604B688A
:1094D0009A03FCD50B4AD2F8083823F00303C2F8EC
:1094E0000838D2F8083843F00203C2F80838D2F836
:1094F00008381B07FBD503B05DF8044B7047FEE747
:1095000000ED00E000300240103000240070004008
:109510001964400940BA80B2704700BF00BA704772
:1095200030B510F001044FF0000C06D0614529DD84
:1095300010F8013B013963F31F2C01292ADD0239A0
:109540004D0805F1010E00EB4E0E002330F8022B02
:1095500070451344FAD1C5EBC57501EB45010129EE
:1095600005BF9EF8002062F3070C0CEB030013FA12
:109570008CF083B203EB104398B200EB134014B9A4
:1095800080B230BD604603029BB2C0F3072018438F
:1095900080B230BD86460023E1E700BF2DE9F843E5
:1095A000089C1B6824689046220C12FA84F414FA72
:1095B00083F404EB1344A3B203EB14439CB2894637
:1095C00004EB1344E0B1054600276E896868314614
:1095D000FFF7A6FF204484B2F30704EB104406D53E
:1095E00023029BB2C4F3072487F001071C432D68B4
:1095F000002DEAD127B123029BB2C4F307241C43F8
:109600004846FFF787FF05464046FFF783FF28449B
:10961000204483B203EB104398B200EB1340C043E5
:1096200080B2BDE8F88300BFFFF7B8BF30B510F0D7
:1096300001044FF0000505D039B310F8013B0139A2
:1096400063F31F25012928DD02394FEA510E0EF17F
:10965000010C00EB4C0C002330F8022B6045134446
:10966000FAD1CEEBCE7E01EB4E01012905BF9CF86D
:10967000002062F30705ED1813FA85F5ABB203EB92
:10968000154399B201EB134124B10B029BB2C1F314
:1096900007211943C94388B230BD84460023E4E75B
:1096A00020B3F8B5002705463C466E896868314608
:1096B000FFF736FF0444A3B203EB1444F30706D5C7
:1096C00023029BB2C4F3072487F001071C432D68D3
:1096D000002DEAD13FB1200280B2C4F30724204319
:1096E000C04380B2F8BDE443A0B2F8BD4FF6FF70AE
:1096F000704700BF0B4B0C490C4830B423F00303F8
:1097000003F520420A4C03604FF420450A60002014
:1097100001211D601871236011714FF0A02330BC2E
:1097200013607047C3880120B8880120B4880120E5
:10973000BC880120002866D0830764D1324A1168B2
:10974000A0F1080399425ED82DE9F0432F4C24681C
:1097500000F10C02944254D310F8042C002A50D08B
:1097600030F8082C30F806CCB2F5204F49D8BCF5BB
:10977000204F46D85D1AADB2654501EB0C0903D008
:1097800031F80C60AE423CD101EB020E744503D0BF
:10979000BEF80260AE4234D11D4F002600F8046CC2
:1097A0003E689E4284BF3B601E46734517D09EF8BC
:1097B0000480B8F1000F12D1744510D0BEF800201B
:1097C00020F8082CB64504BF3B601E46B2F5204F7A
:1097D00005D08C18658030F806CC01EB0C09994552
:1097E0000FD099F8040060B9B34208BFC7F80090E1
:1097F000B2F5204F18BF8918A9F8002018BFA1F8AA
:1098000002C0BDE8F0837047BC880120B888012001
:10981000B4880120CB1C23F003039BB20B2B3BD954
:10982000B3F5204F3BD8994239D82E4A126882426C
:1098300037D82D490968814233D970B5A0F10801A4
:1098400030F808EC891A89B2AEF1080CACEB010CC7
:109850001FFA8CFC9C4542D31DD002EB0E042579E7
:1098600005BB224D32F80EE02E6801F1080C63446E
:109870009BB2A64202EB030408BF2C60618000216A
:10988000A4F800E0217120F8083C2188B1F5204FB0
:1098900001D011444B8070BD0C239942C5D90020E2
:1098A0007047704703F11404A4B2A445F3D30F4DDD
:1098B00001F1080423449BB22E68D418A64288BF45
:1098C0002C600025257122F803E0618020F8083C17
:1098D000D15AB1F5204FDED00A44538070BD00202C
:1098E00070BD00BFBC880120B8880120B488012069
:1098F000002855D02DE9F04100F1030E2EF0030EA3
:109900001FFA8EFEBEF10B0F29D9BEF5204F23D8CA
:10991000704521D8294B2A4E19683568A5EB010CF2
:109920001FFA8CF3CEF52047BB429C4614D26FF051
:10993000070806E0CB5A1A44724513D29F429C4650
:109940000AD9C818A8EB03020479002CF2D031F828
:1099500003C063469F42F4D80020BDE8F0814FF079
:109960000C0ED5E70EF11407BA4206D2012303719B
:10997000854216D00830BDE8F0810EF1080262443D
:1099800092B28F183C718B520123A7F802C002805B
:1099900003718B5AB3F5204FEAD00B445A80E7E7A6
:1099A0007047084A0346146803E01B880B441A7981
:1099B0000AB19C42F9D13360DCE700BFBC880120CA
:1099C000B4880120B8880120F0B5124D124B134E17
:1099D00005F11C0E0A240027033355F8042B3760C9
:1099E00023F003036CB10021B2F804C00A4600E082
:1099F00003460132A242196003EB0C001946F7D16D
:109A00003360AE4504D02A68D2E90236D488E3E751
:109A1000F0BD00BF10F90108486802204468022028
:109A2000062808D8054B53F82030DB68186818B1B1
:109A300002681A6070470020704700BF10F90108E3
:109A4000062807D831B1044B53F82030DB681A6878
:109A50000A601960704700BF10F901086FF00B0031
:109A6000704700BF30B50D4641682B688B4283B00C
:109A700001D103B030BD04461160104601A9019325
:109A800000F0C0FE94F839302A68626003F00501E6
:109A9000052906D0E369002BEBD02046984703B098
:109AA00030BD002AF6D01A0705D49B06F2D5204611
:109AB00003F0E6F8EEE7211D204602F0EBFE94F8F5
:109AC0003930F2E72DE9F04383B0DDF82C9000281F
:109AD0006BD0B9F1000F68D01F460A9B03620C9B44
:109AE0003B4C03613B4B0E469046002908BF1E4687
:109AF000002A08BF9846002F08BF1F46227880F82A
:109B00003C20002343608360C36080F839304362A7
:109B100083623268304903860546C361036441614C
:109B2000002A4CD018461946D8F80020904218BF99
:109B3000AA603A68934218BFEA60002939D02846E3
:109B4000C847034688BB254E95F83C103068FF296E
:109B500004BF85F83C30194670B1034601E01B682C
:109B600053B193F83C208A42F9D10131C9B2FF299F
:109B700013D085F83C10F0E7FE2918BF4B1C95F870
:109B80003920286014BFDBB20023237093063560B0
:109B900007D4284603B0BDE8F083002185F83C10C7
:109BA000DBE7284603F030F8F3E7002003B0BDE818
:109BB000F08301AA31462846FFF754FFBFE731463C
:109BC00001AAFFF74FFFD5E902030121ACE700BF6F
:109BD000DB690220F4F901085D9A0108E0690220BE
:109BE000F0B5254D002914BF0E462E46002A14BF9D
:109BF00017462F46002B18BF1D46336883B0044616
:109C00006BB100223B68A1688B4218BFA3602B6830
:109C1000E1688B4218BFE3603AB103B0F0BD6A4619
:109C20003146FFF71FFF0122ECE7636832689A4272
:109C3000F3D001A96846CDE9003200F0E3FD94F8C5
:109C400039303268626003F00501052907D132B16D
:109C50001A070AD49B0602D5204603F011F8E369DF
:109C6000002BDAD020469847D7E7211D204602F086
:109C700011FE94F83930EDE7F4F90108014B186052
:109C8000704700BFDC690220C8B110B590F83930C8
:109C9000D907044612D4C26943F0010380F8393071
:109CA00012B1904794F8393003F00502052A05D126
:109CB00062681AB11A0708D49B0601D410BD704718
:109CC0002046BDE8104002F0DBBF211D204602F017
:109CD000E1FD94F83930EFE700B1C161704700BF92
:109CE000024658B1064B186810B907E0006830B159
:109CF00090F83C300133DBB29342F7D170477047A4
:109D0000E069022038B558B3002405E0036998479C
:109D10000134E4B2C5B12846837B013BDBB28373D7
:109D200093B9427B0568037B9207EFD403F00F03DE
:109D3000022B0BD0012B0ED0002BE9D10134FFF701
:109D4000F9FCE4B2002DE6D1204638BD01460620DC
:109D5000FFF776FEDCE701460520FFF771FED7E747
:109D60000446F1E72DE9F843002661F30F06B2F54A
:109D7000C17F884661F31F4641D0144609D822F0BE
:109D80004003012B9DB22AD04FF000094846BDE8A0
:109D9000F883B2F5207FF7D1C31C01F1030828F046
:109DA000030823F0030343449BB20546434503F1F4
:109DB000100080B2E8D38045E6D8FFF799FD8146D0
:109DC0000028E3D02B4A4319C0E902621333002173
:109DD00023F00303C0E900134846BDE8F8830520DB
:109DE000FFF71EFE81460028D0D000230473437382
:109DF000C581C0E9003386604846BDE8F883002687
:109E00001D4D0746B14640F2DC5407E01FFA81F8C9
:109E10003060B8F1000FB9D0064600270620FFF7E2
:109E2000FFFDFB1C23F00303E31A9BB243450744E9
:109E300028BF43461337A8EB0301002227F003078E
:109E400088B1C0E90027A0F808804381C560B9F156
:109E5000000FDBD1A8EB03031FFA83F88146B8F1AA
:109E6000000FD9D192E7B9F1000F8DD04846FFF726
:109E700049FF89E7800001008200010070B50025DC
:109E8000064661F30F050520144661F31F45FFF7F1
:109E9000C7FD38B10023C0E9003601228560047394
:109EA0004373C28170BD00BF10B5033020F0030CB6
:109EB0001846002361F30F03BDF80CE0029C61F328
:109EC0001F43614471450BD804B164440021C0E9CB
:109ED000014301600123022102734173C38110BD5C
:109EE000002010BD38B504460089884228D962890F
:109EF000914211D9218124688B1A6289081A99B27A
:109F00008A4280B208D22389034423812468891AB3
:109F1000628989B28A42F6D3237B002561F30F055B
:109F2000180761F31F4504D1914202D0637B9B0760
:109F300007D52068A56008B1FFF7E4FE0023236081
:109F400038BD63681B1B1944204689B2FFF762FCC9
:109F50000446EEE770B1B1F5803F0BD261B10389E1
:109F60008AB213449BB29A4204D890F90CC0BCF157
:109F7000000F03DB012070470020704710B44468D5
:109F800000F1100C611A614509D3B0F80AC04160B4
:109F900062444281038100205DF8044B7047012038
:109FA000FAE700BFA0B1B1F5803F11D291B143896A
:109FB0008AB29A420CD810B444680C4401894460B7
:109FC0009B1A8A1A438102815DF8044B0020704776
:109FD000012070470020704700291ADB00B359B3F5
:109FE00003898AB213449BB29A4219D810B490F9EB
:109FF0000CC04468BCF1000FA4EB01011EDBB0F8FB
:10A000000AC0416062444281038100205DF8044B34
:10A01000704728B1438949421FFA81FC9C4501D908
:10A02000012070474268114402894160A3EB0C0390
:10A03000A2EB0C02438102810020704700F1100C5A
:10A040006145DCD20120E1E708B1FFF75BBE704754
:10A05000034630B100201B68013080B2002BFAD1DA
:10A060007047704710B1837B01338373704700BF23
:10A0700080B179B1036843B10289B1F808C0624484
:10A08000028118461B68002BF6D10A8903890160FA
:10A0900013440381704700BFA0B191B1036843B17D
:10A0A0000289B1F808C06244028118461B68002B7F
:10A0B000F6D10A8903890160134403818B7B013344
:10A0C0008B7370470029F9D1704700BF00287AD000
:10A0D0002DE9F0410D4600296DD002890B899A4285
:10A0E000804668D30026438937466C89D8F8040037
:10A0F0006968DB1BA41B9C4228BF1C4631443844C2
:10A10000224603F099FD6B892644B342274414D9B3
:10A11000B8F80A2097423CD02A899A4219D0B8F858
:10A120000A30B8F808209A42DFD1D8F80020002A77
:10A13000DBD06FF00500BDE8F081B8F80A302D687B
:10A14000BB4215D06DB169892A8991424FF0000652
:10A15000E7D12B68002BE2D06FF00500EBE7B8F8F1
:10A160000A30B8F808209A421AD00020BDE8F081E1
:10A17000D8F80080B8F1000F1BD0002DEFD06A890D
:10A180002B899A424FF0000618D0B8F80A303746AB
:10A19000C7E7D8F80080B8F1000F0CD00027BBE764
:10A1A000D8F80030002B0CBF00206FF00500BDE890
:10A1B000F081002DD9D06FF00F00D7E72B6837461C
:10A1C000002BACD0C8E76FF00F0070472DE9F041CD
:10A1D000054660B30F4671B3164682B34FF00008D0
:10A1E000B5F80AC007EB080053B16345A3EB0C02B6
:10A1F00006D32D6893B2002DF2D14046BDE8F08120
:10A20000ACEB0304A4B2B44228BF34466968361BE1
:10A21000224619444444B6B203F00EFD1FFA84F8F6
:10A220002D68002EE9D00023002DD9D1E5E7804626
:10A230004046BDE8F08188464046BDE8F081904642
:10A24000DBE700BF38B515460A462989FFF78AFDC6
:10A25000044610B12946FFF739FF204638BD00BF3C
:10A2600018B90AE0006899B230B143898B42A1EB7A
:10A270000303F7D94368585C704770472DE9F04FE6
:10A280004389072B87B0044640F29980DFF8AC91F0
:10A29000D0F804A0D9F814008846D9F8001003F0CB
:10A2A000C5F80546BAF80000FFF734F90746BAF8D2
:10A2B0000200FFF72FF95E4BD3F800B00246BBF166
:10A2C000000F00F0B180D9E9043C00260393CDF8DB
:10A2D00014B05B46D9F804E004943046D34604E059
:10A2E000D9681846002970D00B46598A9142F7D197
:10A2F00093F808A0BAF1000F05D09EF83C10013188
:10A30000C9B28A45ECD11968002D44D049B1BCF1DD
:10A31000FF3F64D0D8F8084081EA0C0A1AEA040F1B
:10A32000DED193F810A01AF0040F04D1002E69D0EA
:10A33000BCF1FF3F59D0998AB942D1D1596811B1C6
:10A34000039CA142CCD1DA46DDE9044B28B1384A5E
:10A350001360DA68C260C3F80CB01E46BAF8063063
:10A3600043B1344B00932289043B11212046FFF76F
:10A370005BF920BB08212046FFF714FEF8B9BEB1F7
:10A38000356AE5B1706A2C4B009722463146A847E2
:10A3900007B0BDE8F08F09B16145A1D1197C49072B
:10A3A000C9D4998A002E08BF1E46B94298D1C5E784
:10A3B0002DB9D9F8143003F0F003E02B28D1204652
:10A3C00007B0BDE8F04FFFF73FBE049CDA46002E11
:10A3D000C4D1D8F804309C45F1D10026BEE793F8EB
:10A3E00010A01AF0040FA6D166B1D8F804A0346802
:10A3F0005445A0D08A4508BF1E46998AB9427FF4C9
:10A400006FAF9BE7998AB9421E467FF469AF95E723
:10A41000B9F80C100831204609B2FFF7DDFD032121
:10A42000204602F01DFBCAE7D9F814C0D1E700BFEF
:10A43000E4690220B0880120AC8801209C880120BA
:10A44000394BF0B5002914BF0C461C46002865D0D6
:10A45000364E3768F7B1B84218BF394602D143E0EB
:10A46000884241D0C9680029FAD1AAB125683B4683
:10A4700015B929E0DB68FBB18342FBD0B3F812C009
:10A480009445F7D11C68A54201D0002CF2D16FF0A1
:10A490000700F0BD0ABB3946DFF894E0BEF80020A3
:10A4A0004FF6FF739A424FF4804532D0013292B298
:10A4B0002FBB2568AEF800200560428281B10020E4
:10A4C000F0BDDB68002BF7D09842FAD05C8A94424A
:10A4D000DDD0DB68002BF7D1EEE723680360428212
:10A4E000C76030600020EBE70121BEE7013DADB25F
:10A4F000BDB14FF6FF739A42D8D14FF440423B466C
:10A5000002E0DB68002BD4D0B3F812C09445F8D138
:10A51000ECE74FF44042002FF1D1CAE76FF00F0093
:10A52000F0BDAEF80020B2E7F4F90108E4690220BA
:10A53000BC0A00202DE9F04F85B0DDE90EBA0028F5
:10A5400000F087800D46002900F083801746002A1E
:10A550007FD0BAF1000F7CD0BBF1000F79D0428AD6
:10A5600099460446002A5BD02A894FF6F7739A422F
:10A5700072D808212846FFF7EDFC002841D12E466D
:10A58000608AD6F80480FEF7C5FFA8F800004846A8
:10A59000FEF7C0FF0023A8F8020088F8063088F80C
:10A5A0000730237C1A0708D53B6803F0F003E02B43
:10A5B00003D1737B43F0040373733089FEF7AAFF62
:10A5C000A8F80400237CDB0734D53B6803F0F003D4
:10A5D000E02B0CBF637FE37ACDF808B0A27A00923B
:10A5E000112001903A465146304602F0A3FEAE4299
:10A5F000804602D03046FFF727FD404605B0BDE853
:10A60000F08F4FF4207208212220FFF7ABFB0646A3
:10A6100010B32B89002BB3D02946FFF73DFDAFE7E0
:10A620000146FFF70DFF804600289DD0404605B04B
:10A63000BDE8F08F32890097534611213046FEF76E
:10A64000F3FF4FF6FF73002818BF0346A8F8063043
:10A65000BBE76FF00F08D0E74FF0FF38CDE700BF42
:10A6600070B582B0069CA8B1A1B19AB194B1056849
:10A6700035B9251DCDE90045FFF75CFF02B070BD7F
:10A6800005F0F00CBCF1E00FF3D06668B54204D1E0
:10A690000546EFE76FF00F00F0E76FF00300EDE71E
:10A6A000002843D0F0B50D4683B000293BD00446C6
:10A6B000007AA68A271D58BB636803F0F003E02BDD
:10A6C0000CD1207F38BBA36943B11A4A1268934268
:10A6D00004D004F1180002F091FB18B9384602F0DA
:10A6E0008DFBE8B1216851B9031DCDE900033A465D
:10A6F000334629462046FFF71DFF03B0F0BD01F0A9
:10A70000F003E02BF0D04368994209D12346ECE7EF
:10A71000FFF7E6FAE5E7FFF7E3FA0028E2D1DDE725
:10A720006FF00300E9E76FF00F00E6E76FF00F004E
:10A73000704700BFF0F9010818B370B50D4619B3A2
:10A740001646428A0446B2B111492A68237C6260E7
:10A750000A68A68243F00403237442B1944208D0ED
:10A76000134601E09C4204D0DB68002BFAD1E26082
:10A770000C60002070BD0146FFF762FE0028E3D0A8
:10A7800070BD6FF00F0070476FF00F0070BD00BF1D
:10A79000E469022038B1037C002223F00403426004
:10A7A000828202720374704708B1C0E908127047D0
:10A7B000014698B10A4A136883420AD033B11A4657
:10A7C000DB681BB18B42FAD1CB68D3600020FFF766
:10A7D00037B9C36813600020FFF732B9704700BF74
:10A7E000E469022010B50020FFF71AF9044630B1E1
:10A7F0002822002103F018FAFF23E3726377204632
:10A8000010BD00BF88B102687AB171B10B6863B145
:10A810000A4B1B684BB110B41C68944206D0DB682D
:10A82000002BF9D15DF8044B704770470A681A6035
:10A83000DB68002BF6D00268EEE700BFE469022077
:10A840002DE9F84300286CD00E46002969D0174640
:10A8500005464FF420724FF49A7136209946FFF75F
:10A8600081FA804600285CD0032F3FD0B379C3B370
:10A870002E4B1B68D8F8044033604FF49A720021C5
:10A88000204603F0D1F940F20113238095F83830C7
:10A89000A3703068FEF742FE4FF4C873FB40DB073D
:10A8A00060603BD4032F35D0D5F83230E361EB8EB6
:10A8B0002384632384F8EC3084F8EF3040F23513BE
:10A8C000A4F8F0306FF07D0384F8ED3084F8F27076
:10A8D0000322532384F8EE304046A9F80020BDE857
:10A8E000F883124A136801331360C3E77379032BAB
:10A8F000BCD044684FF49A720021204603F094F9CA
:10A9000040F20113238095F83830A3703068FEF7C9
:10A9100005FE60607379043B012BC5D86B68E3606A
:10A92000C2E74FF000084046BDE8F883C00A0020A7
:10A93000002800F08180416A00297DD010B58B6A23
:10A9400000225C1C82B04A8206D01E33B3F5701F11
:10A950005BD34FF6FF738B82CB6A5A1C1BD01E331E
:10A96000B3F5701F42D30B6B4FF6FF725C1C4A812C
:10A97000CA815DD01E33B3F5701F65D38A810A8208
:10A9800000234B81CB79C3B991F91C300A7F002B8E
:10A9900053DBFF2312E00A6B4B89541C2FD01E326D
:10A9A000B2F5701F3DD23B2A5BD801228A810A8210
:10A9B000002BE5D1CB79002BE6D00B6A4A6ACDE9B2
:10A9C000003222B9CA69134043F0807301934B7976
:10A9D0000A2B04D00A220023A1F805200B8101AB29
:10A9E0006A461C31FFF7FCF802B010BD3B2B31D892
:10A9F000012213464A810A6BCB81541CCFD18A892C
:10AA00009A42D7D8002AD5D0BAE73B2B83BF1E4A3B
:10AA1000A2FB03235B0901238B82CB6A5A1C9ED1C4
:10AA2000B9E74FF6FF7293428A810A82C2D1A7E743
:10AA30008A89002ABED0A3E77047BF2A4FF6FF736A
:10AA400088BF6FF07F43B9E73B2B14D801238B817C
:10AA50000B8295E70C4AA2FB0323C3F34F131A465C
:10AA6000C8E7094CA4FB0242C2F34F129A428A8102
:10AA70000A829FD884E7044AA2FB0323C3F34F133F
:10AA80008B810B827CE700BF8988888838B51D4D93
:10AA9000EA78002304460362436212B11A4BDB6872
:10AAA00083622B79002B29D0174B1B696A79E362EB
:10AAB00052B1154B5B692363AB790A69E2616BB9EB
:10AAC000E371EB79A3B938BDA36AC3EBC303DB0819
:10AAD0002363AB790A69E261002BF1D00A4B9869D4
:10AAE000FEF71CFD0123E371EB792062002BEAD015
:10AAF000054BD869FEF712FD606238BDA36A5B089A
:10AB0000D4E700BFF0690220F86902202DE9F04F78
:10AB1000446A62790023062A89B00646E36103D0BD
:10AB20000622A4F8052023810DF11E0301222146EF
:10AB30003046FFF785FE0546002860D04368BDF823
:10AB40001E20F033511C89B23920985402205854E9
:10AB500002EB0008D01D80B2B6F830A00390D71CDD
:10AB600002F10800BFB280B21FFA88F8111D89B245
:10AB7000049002F1050E02F1090002F1060C4FEA01
:10AB80001A2B03F808B01FFA80F903F807A01FFA80
:10AB90008EFE37271FFA8CFC5F54CDF814900121EC
:10ABA0004FF0030903F80E9003F80C100399049F6B
:10ABB00003F8019002F10A001C21D95580B2059FCB
:10ABC000FF214328D95507D8C2F13A02184492B25E
:10ABD000002103F029F8442000F1F00189B2284651
:10ABE000FFF780F9144A154B10680193144A009638
:10ABF00043232946FFF79EFC2846FFF725FAA37951
:10AC0000FF2B13D00133DAB2052AA2710ED84FF40C
:10AC10007A73934003F2F3130A4A9BB2A2FB032315
:10AC20005B090020238109B0BDE8F08F7823002064
:10AC3000238109B0BDE8F08FEC690220F4F9010826
:10AC4000F0F90108D34D62102DE9F04F466A73798F
:10AC5000032B89B0804604D003220023A6F80520E8
:10AC600033810DF11E03032231464046FFF7E8FD14
:10AC70000746002800F09480BDF81E50446805F196
:10AC8000010CA81CF0341FFA8CFC80B2E91C4FF0B8
:10AC9000020E89B24FF039092A1D04F8059092B2CC
:10ACA00004F80CE06B1D04F800E0402060549BB2F7
:10ACB0003221A1540422E254F069FEF72FFC05F181
:10ACC00006091FFA89F905F1070E05F10B031FFAB2
:10ACD0008EFE9BB205F1080C05F109014FEA106BDD
:10ACE00004F809B089B203934FEA10491FFA8CFCAB
:10ACF00005F10A0205F10C0304F80E9092B29BB222
:10AD00004FEA102E04F80CE00493605405F10D0393
:10AD10003721A1541FFA83FA039ACDF814A004999D
:10AD20004FF0030A04F802A00122625405F10E0359
:10AD3000059A9BB204F802A01C22E25405F10F0A06
:10AD4000D8F82C901FFA8AFAADF81EA0B9F1000FBE
:10AD500004D04846EDF72AFA00283ED10AF1010056
:10AD600080B2FF23432804F80A3007D8CAF143020F
:10AD7000204492B2002102F057FF442000F1F0017C
:10AD800089B23846FFF7AEF8274B284A1868CDF845
:10AD9000008043233946FFF763FC3846FFF754F938
:10ADA000B379FF2B14D00133DBB2092BB3710FD869
:10ADB000C3EB431203EB8203DB001D4A03F2F313E0
:10ADC0009BB2A2FB03235B09338109B0BDE8F08F7E
:10ADD0001423338109B0BDE8F08FCAF1410C05F1AD
:10ADE00010039BB260454FF00C0204F80A2028BF04
:10ADF000604605F1110AE0541FFA8AFA411E002844
:10AE0000ACD009EB000CAAEB090A484600EB0A0398
:10AE100010F8012B9BB26045E254F7D112350D4476
:10AE20001FFA85FA9AE700BFEC690220F0F90108E1
:10AE3000D34D6210002800F014812DE9F04F466ACE
:10AE400089B00746002E00F007817379012B04D0EA
:10AE500001220023A6F8052033810DF11E030322F1
:10AE600031463846FFF7ECFC8046002800F0E180D0
:10AE7000BDF81E5044686B1CF0349BB239226255F9
:10AE80000222E254A818B7F830C0E91C80B289B297
:10AE90002A1D6B1D4FEA1C2E92B29BB204F800E0F3
:10AEA0004FF0040904F801C03221A15404F80390C2
:10AEB000F069FEF733FB05F1060A1FFA8AFA05F17D
:10AEC000070E4FEA106B1FFA8EFE05F1080C05F114
:10AED000090104F80AB01FFA8CFC4FEA104A89B243
:10AEE00005F10A0205F10B0304F80EA092B24FEA35
:10AEF000102E9BB204F80CE060543621A15404F8E3
:10AF00000390B069FEF70AFB05F10C091FFA89F9F5
:10AF100005F10D0E05F111031FFA8EFE9BB205F12E
:10AF20000E0C05F10F014FEA106B04F809B089B25D
:10AF300003934FEA10491FFA8CFC05F1100205F14A
:10AF4000120304F80E9092B29BB24FEA102E04F84E
:10AF50000CE00493605405F113033721A1541FFA48
:10AF600083FA039ACDF814A004994FF0030A04F869
:10AF700002A00122625405F11403059A9BB204F861
:10AF800002A01C22E25405F1150AD7F82C901FFAF2
:10AF90008AFAADF81EA0B9F1000F27D04846EDF7A8
:10AFA00005F918B3CAF1410C05F116039BB26045CF
:10AFB0004FF00C0204F80A2028BF604605F1170A7A
:10AFC000E0541FFA8AFA411E80B109EB000CAAEB8B
:10AFD000090A484600EB0A0310F8012B9BB284458E
:10AFE000E254F7D118350D441FFA85FA0AF1010031
:10AFF00080B2FF23432804F80A3007D8CAF143027D
:10B00000204492B2002102F00FFE442000F1F00132
:10B0100089B24046FEF766FF124A134B106801934F
:10B02000124A009743234146FFF784FA4046FFF750
:10B030000BF8B379FF2B12D00133DAB2052AB271C3
:10B040000DD84FF47A73934003F2F313084A9BB27E
:10B05000A2FB03235B09338109B0BDE8F08F78239D
:10B06000F9E77047EC690220F4F90108F0F90108EA
:10B07000D34D6210994B2DE9F04F5D6853686E6AAD
:10B0800089B01446002E00F09F803279002A00F02B
:10B090009B8062892B2A40F297801A78022A40F01E
:10B0A000938095F838205AB395F83200197F88427A
:10B0B00040F08A80012A23D0587F95F833108842C7
:10B0C00040F08280022A1BD0987F95F83410884285
:10B0D0007AD1032A14D0D87F95F83510884273D1DD
:10B0E000042A0DD093F8200095F8361088426BD1D1
:10B0F000052A05D095F8371093F82120914263D1A5
:10B100005868FEF70BFA336898425DD1DFF8D4B186
:10B110000022CBE9002263892B2B55D9B4F808A073
:10B12000CDE9035690462746F022CDF808805446D4
:10B130003D4605E02D688AB29CB2002D43D06B8954
:10B140009A42A2EB0301A4EB0303F3D29442D5F895
:10B15000048040F2038116460592019718F80620F4
:10B16000FF2A00F0FA80B31C9BB2B342C0F0918179
:10B170006889711C814280F2E78008EB060C9CF81C
:10B1800001903B2A26D8DFE802F03E992587252545
:10B19000252525252525252525252525252525255F
:10B1A000252525252525252525252525252525254F
:10B1B0002525252525252525252525252578BDAFCA
:10B1C000D02525256A403C46204609B0BDE8F04F11
:10B1D000FEF73ABF4E444FF6FD72964200F3598196
:10B1E0004B449EB28642C0F0B580361A201AB6B2E1
:10B1F00084B2A64280F04D812D68002D00F0498177
:10B20000D5F80480AAE78EB2ECE7B9F1040F40F05C
:10B2100040814FF6F972964200F23B810636B6B293
:10B220004F464FF0050A1BF80A100022079200292A
:10B23000D8D13A4607A92846FEF7C8FFB84240F0E1
:10B240002881B9F1040F00F02B819DF81C00244ADD
:10B25000012342F82A000BF80A306889C2E7B9F1E5
:10B26000040F40F016814FF6F972964200F21181F8
:10B270000636B6B24F46CA46D5E7B9F1040F40F0DC
:10B2800008814FF6F972964200F203810636B6B293
:10B290004F464FF0030AC6E7B9F1030F40F2F980B9
:10B2A0004E444FF6FD72964200F3F38009EB03061D
:10B2B0000427B6B24FF0070AB946B4E7B9F1040F54
:10B2C00040F0E7804FF6F972964200F2E2800636CF
:10B2D000B6B24F464FF0060AA5E700BF9C88012092
:10B2E000F8690220F0690220B9F1010F40F0D18025
:10B2F0004FF6FE72914200F0CC800336B6B24F4654
:10B30000CA4690E7B9F1010F40F0C380059AF02AD0
:10B3100040F0BF804FF6FE72914200F0BA800336D3
:10B32000B6B24F464FF0000A7DE7B9F1040F40F086
:10B33000B0804FF6F972964200F2AB800636B6B294
:10B340004F464FF0020A6EE72F680FB37F6897F8F9
:10B35000009016E7A642FFF401AF019F9BF8003072
:10B3600063B18A4B1B680022012B8BF8002000F090
:10B370009480022B06D0032B00F08D80029B002BC3
:10B3800000F09280002302936C242C227B89CFE66C
:10B390003B2A7BD801A656F822F000BF07B201086D
:10B3A00093B401088DB4010893B401088DB4010869
:10B3B0008DB401088DB401088DB401088DB4010865
:10B3C0008DB401088DB401088DB401088DB4010855
:10B3D0008DB401088DB401088DB401088DB4010845
:10B3E0008DB401088DB401088DB401088DB4010835
:10B3F0008DB401088DB401088DB401088DB4010825
:10B400008DB401088DB401088DB401088DB4010814
:10B410008DB401088DB401088DB401088DB4010804
:10B420008DB401088DB401088DB401088DB40108F4
:10B430008DB401088DB401088DB401088DB40108E4
:10B440008DB401088DB401088DB401088DB40108D4
:10B450008DB401088DB401088DB401088DB40108C4
:10B460008DB401088DB4010893B4010893B40108A8
:10B4700093B4010893B401088DB401088DB4010898
:10B480008DB4010893B4010893B401084FF000098A
:10B49000A6E6019C98E601230293EC246C2275E752
:10B4A0000798FEF73BF8D2E69BF80130DDF80880FC
:10B4B000DDE903563C46002B3FF486AE334A7F68F5
:10B4C0001379052B1AD0062B27D0022B7FF47CAEE4
:10B4D0007379062B7FF478AE9BF802306E6A002BEE
:10B4E0003FF472AE9068A6F80880FEF717F8B061D6
:10B4F0003B69F3612846FFF79DFC65E67379012BF4
:10B5000025D0033B022B3FF65FAE686A3946FFF752
:10B51000BDFA2846FFF70CFA56E67379DA1E022ABE
:10B5200002D9012B7FF450AE6B6A5A790C2A04D0F1
:10B530000C210022A3F805101A81154B28461A4643
:10B540001946FEF74DFB2846FFF7E0FA3CE6686A2D
:10B550003946FFF79BFA95F839301B07D9D56E6A43
:10B560007379082B04D00823A6F80530A6F80880C4
:10B57000002206F11C01284600F0C0FFB379FF2B22
:10B580001CBF0133B371012333811DE6F86902202A
:10B59000F4F90108002872D02DE9F04F456A85B012
:10B5A000044615B16B79082B02D005B0BDE8F08FC9
:10B5B0000A68EB699A42F8D10C234FF00009A5F80C
:10B5C0000530A5F808900DF10E0304222946FFF777
:10B5D00037F9804600284AD0BDF80E604768731CD2
:10B5E000F0379BB23222BA550422FA54E869FDF7CB
:10B5F00095FF06F1020A1FFA8AFA06F1030E1FFAF6
:10B600008EFE06F1040C721D4FEA106B07F80AB0AB
:10B6100092B21FFA8CFCB31DF11D4FEA104A07F8D5
:10B620000EA09BB289B24FEA102E07F80CE0432916
:10B63000B8544FF0FF02FA5407D8C6F13D0278180B
:10B6400092B2494602F0F0FA4421F03189B2404604
:10B65000FEF748FC0A4A0B4B106801930A4A009413
:10B6600043234146FEF766FF4046FEF7EDFCAB790B
:10B67000FF2B1CBF0133AB7114232B8195E770475F
:10B68000EC690220F4F90108F0F901082DE9F04F06
:10B69000476A7B79052B87B0064604D00522002334
:10B6A000A7F805203B810DF11603032239463046E9
:10B6B000FFF7C6F88046002800F0B080BDF81650AD
:10B6C00044686B1CF0349BB2392262550222E2546A
:10B6D00005EB020EB6F830A005F1030C1FFA8CFC46
:10B6E0001FFA8EFE281D691DEB1D89B29BB205F164
:10B6F00008094FEA1A2B80B2AA1D04F80EB092B2C4
:10B7000004F80CA002934FF0370C1FFA89F34FF0A6
:10B71000030904F800C0039304F80190029B01217F
:10B72000A154039A04F803901C23A35405F1090AB9
:10B73000D6F82C901FFA8AFAADF816A0B9F1000FCE
:10B7400004D04846ECF732FD002841D10AF101004F
:10B7500080B2FF23432804F80A3007D8CAF1430215
:10B76000204492B2002102F05FFA442000F1F0017F
:10B7700089B24046FEF7B6FB2A4B0096186807F1DF
:10B78000180243234146FEF76BFF04464046FEF78E
:10B790005BFCBB79FF2B15D00133DBB2092BBB71EE
:10B7A00010D8C3EB431203EB82031B011E4A03F2C2
:10B7B000F3139BB2A2FB03235B0920463B8107B036
:10B7C000BDE8F08F282320463B8107B0BDE8F08F0D
:10B7D000CAF1410C05F10A039BB260454FF00C021F
:10B7E00004F80A2028BF604605F10B0AE0541FFA4E
:10B7F0008AFA411E0028A9D009EB000CAAEB090A1D
:10B80000484600EB0A0310F8012B9BB28445E25432
:10B81000F7D10C350D441FFA85FA97E74FF0FF3446
:10B82000B7E700BFEC690220D34D62102DE9F04765
:10B83000446A84B064B3627952B30023A16903916E
:10B840000A2AC4E90633C4E90833C4E90B330546C0
:10B85000A362C4F80E30C4F812301CD0043A012A96
:10B8600019D93D4B28461A461946FEF7B9F96379AE
:10B870001BB10023A4F805302381237943B1374B52
:10B880001D78013DEDB21D70002D5ED000232371A7
:10B8900004B0BDE8F0870DF10A03072221462846CF
:10B8A000FEF7CEFF07460028DBD0BDF80A604368EC
:10B8B00003F1F008731C9BB2362208F8062004221C
:10B8C00008F803200398FDF729FE06F102091FFA84
:10B8D00089F906F1030E1FFA8EFE06F1040C721DA3
:10B8E0004FEA106A08F809A092B21FFA8CFCB31D47
:10B8F000F11D4FEA104908F80E909BB289B24FEA49
:10B90000102E08F80CE0432908F802004FF0FF025F
:10B9100008F8032008D8C6F13D0208EB010092B2F6
:10B92000002102F081F94421F031384689B2FEF756
:10B93000D9FA0B4B0095186803AA43233946FEF742
:10B940008FFE3846FEF780FB8BE7054E3068FEF72A
:10B950002FFF35609AE700BFF4F90108E86902207B
:10B96000EC690220002878D02DE9F04190F83930B8
:10B97000DB0704466ED5038E466AB3F5107F55D3B8
:10B9800006B3374F33793D7823B3013DEDB23D70B7
:10B99000002D4ED034220021304602F045F901231B
:10B9A000337194F83930013513F004033D7035D10B
:10B9B0007279022A03D00222A6F8052033810020E2
:10B9C000BDE8F0813420FDF793FF064670B3244FA5
:10B9D00060623D7834220021304602F025F9002DC6
:10B9E000DDD1FEF7FFFEDFF88480C8F80000E8B183
:10B9F000427A1C4942F0200242724422FEF720FDA6
:10BA00001849D8F800004322FEF796FE2A46D8F8D7
:10BA100000001549FEF7C8FE3D78C0E72046FFF755
:10BA200075F80028CBD02046FFF700FF4FF0FF301D
:10BA3000C6E7DFF83880D8F80000FEF7B9FEC8F88E
:10BA400000503D7834220021304602F0EDF8002D00
:10BA5000C7D0A4E76FF00F00B2E76FF00F00704798
:10BA6000E8690220F4F9010875B00108EC690220C8
:10BA70002DE9F04F7F4B1D6887B0D5B16C6AACB132
:10BA800063799BB1A18A29B1628A013292B2914253
:10BA9000628211D0228A1AB1511E012A218212D04B
:10BAA000E2891AB1511E012AE18115D02D68002DBD
:10BAB000E4D107B0BDE8F08F2846FFF7B7FE28466F
:10BAC000FFF750FFF2E703F0FB02012A15D00A2B23
:10BAD00013D0042BEAD115E003F0FB02012A01D0B8
:10BAE0000A2BE3D12846FFF7D1FDA389628A9B1A6E
:10BAF000012BC4BF5B10E381D8E704220023A4F824
:10BB0000052023810DF11603032221462846FEF766
:10BB100097FE8046002800F08D80BDF816704668BC
:10BB20007B1CF0369BB23922F2550222F25407EB0D
:10BB3000020EB5F830A007F1030C1FFA8CFC1FFAB7
:10BB40008EFE381D791DFB1D89B29BB207F10809D5
:10BB50004FEA1A2B80B2BA1D06F80EB092B206F860
:10BB60000CA002934FF0370C1FFA89F34FF0030932
:10BB700006F800C0039306F80190029B0121B1541E
:10BB8000039A06F803901C23B35407F1090AD5F869
:10BB90002C901FFA8AFAADF816A0B9F1000F28D040
:10BBA0004846ECF703FB034618B3CAF1410098423C
:10BBB00007F10A0228BF184692B20C2306F80A3091
:10BBC00007F10B0AB0541FFA8AFA411E88B14844A3
:10BBD0004B46AAEB090A03EB0A0213F801CB92B217
:10BBE000984206F802C0F6D107F10C030B441FFA85
:10BBF00083FA0AF1010080B2FF23432806F80A30D5
:10BC000007D8CAF14302304492B2002102F00CF886
:10BC1000442000F1F00189B24046FEF763F9164B6B
:10BC200000951868154A43234146FEF719FD404622
:10BC3000FEF70AFAA379FF2B1AD00133DBB2092BE6
:10BC4000A37115D8C3EB431203EB8203DB000C4A4C
:10BC500003F2F3139BB2A2FB03235B09A28A618A5E
:10BC60002381531A012B7FF721AF5B1023821DE73D
:10BC70001423F3E7E0690220EC690220F0F90108DF
:10BC8000D34D621038B52E4B1C6824B926E0013B19
:10BC90002B81246814B3656A002DFAD02B89012BFF
:10BCA000F5D8F6D16B7900220C2B2A8117D0013BF5
:10BCB000072BEED801A252F823F000BF03BD010804
:10BCC00093BC0108F5BC010893BC010893BC0108B2
:10BCD000DFBC010893BC0108E7BC010838BD204661
:10BCE000FEF714FFD5E7AB79012B1AD92046FEF7F2
:10BCF0001FFECEE7AB79012B20460FD9FEF706FFDA
:10BD0000C7E7AB79052B204602D8FFF793F8C0E7C9
:10BD1000FFF78CFD2046FFF725FEBAE7FEF794FFFC
:10BD2000B7E7002205F11C01204600F0E7FBAB79E4
:10BD3000FF2B1CBF0133AB7101232B81A9E700BF8F
:10BD4000E069022058B1406A48B140790A2805D01C
:10BD5000043801288CBF0020012070470120704763
:10BD60002DE9F04F9F4D85B08B4691460646002841
:10BD700000F0D880002A00F039814FF0000C0A272B
:10BD80002A46CDF80CC00297BE4639466446E246C4
:10BD9000A8460A29137D3BD053B1356850688542C7
:10BDA0003BD0012B5ED0538A9C459CBF9C46A64647
:10BDB0000134A3B20A2B24B200F099810A2900F0C1
:10BDC000998145460197D0468A460EE001292244D2
:10BDD00032D005EBC202538A9C459CBF9C46A646C6
:10BDE0000134A3B20A2B24B238D004EB440305EB90
:10BDF000C3036200197D0029F2D058683768874272
:10BE0000E4D19B689945E1D1204605B0BDE8F08FAB
:10BE10004BB1556830688542C3D190688145F3D0F5
:10BE2000012BC0D11EE0631C9BB20A2B2DD01BB28C
:10BE3000214618321C46ACE705EBC20355F8322008
:10BE40005B8AC2B1984598BF9846019B98BF23462C
:10BE500001340193A3B20A2B24B2C6D1019F5146EB
:10BE60000C4613E01368002B51D0538A9A459CBFAF
:10BE70009A4627469CE7039A9A4288BF1346039343
:10BE8000029B98BF23460293AAE74546BBF1010FE8
:10BE900040F0A4800A2C11D0670026B13B1905EBB5
:10BEA000C30332685A60274405EBC70700232046C6
:10BEB0007B82C7F8089005B0BDE8F08FBEF10A0F8D
:10BEC00023D1029B0A2B1ED10A2F00F087803C460B
:10BED00004EB44084FEAC808670055F8080020B191
:10BEE000FEF7B2F8002345F808303B1905EBC30311
:10BEF0003D490022C3E9012208681A755A828A88DE
:10BF0000D8601A82C9E71C46E2E77446E0E7538A24
:10BF10000398984288BF03460393029B98BF234629
:10BF2000029345E70A272A46804684460297BE4682
:10BF3000394604460A29137D23D033B1012B34D06E
:10BF4000538A834224BF1846A646631C9CB20A2C1F
:10BF50001BB285D00A2900F0C18003EB430205EB38
:10BF6000C202147D34B1012C17D0528A90429CBF7A
:10BF700010469E4601339AB20A2A1BB2EDD10C46F6
:10BF800084E7002BDAD1631C9BB20A2B3FF47EAF0F
:10BF90001BB2214618321C46CCE71468528A64B1A1
:10BFA00094459CBF1F469446E4E713686BB1538ADF
:10BFB0009C459CBF9C462746C7E7904598BF904646
:10BFC000029A98BF1A460292D4E7538A984598BFBE
:10BFD0009846029B98BF23460293B6E74FF0FF3482
:10BFE00012E700BF1C6A0220F8F901080A27294657
:10BFF000904692460297BE46BC4614460192BCF15A
:10C000000A0F087D33D058B133684A689A423FF42A
:10C01000FBAE012847D04B8A434524BF9846A6462D
:10C020000134A3B20A2B24B25FD0BCF10A0F58D05E
:10C030005246CDF80CC0DDF804A094460BE0012870
:10C0400025D05B8A98459CBF9846A6460134A3B28A
:10C050000A2B24B223D004EB440305EBC303187D61
:10C060000028F3D031685A689142E8D1CCE620B17B
:10C070004B6832689A42CCD1C6E6631C9BB20A2B4D
:10C080003FF404AF1BB2A44618311C46B7E718684A
:10C090005B8A80B19C459CBF9C462746D6E7DDF86D
:10C0A0000CC06446F2E60B686BB14B8A534524BF63
:10C0B0009A462746B4E79A4598BF9A46029B98BF8E
:10C0C00023460293C2E74B8A019A934228BF1A463D
:10C0D000029B019228BF23460293A1E718321C4617
:10C0E00028E7234618311C4689E76446CEE64546D4
:10C0F0000C46CBE6234618321C464AE62DE9F04FA3
:10C100005A4F02EB420807EBC80885B098F8143084
:10C11000022B05460E4612D0182303FB027202F1D1
:10C120000C0405F132094FF4006300934A4623469C
:10C130003146284601F040FD05B0BDE8F08FB8F863
:10C140001230B3F58E7F49D8B3F5877FE4D302EB85
:10C150004202D20002F10C03043203921C214FF47C
:10C1600020720E20DC19FDF7FDFD05F13209834632
:10C170000028D8D0D0F804A00120FDF7CBF9AAF808
:10C180000600D5F83230CAF80830394BB9F8042027
:10C19000AAF80C201A689B88CAF81220AAF8163050
:10C1A0006B68039ACAF80E30BB58CAF81830314B86
:10C1B000CAF8003040F20643AAF8043040F60603FD
:10C1C00000934A4623465946284601F0F5FC584656
:10C1D000FDF73AFF032388F81430A4E702EB42028C
:10C1E000D4001C214FF420720E20FDF7BBFD05F199
:10C1F0003209221D8346B0B3D0F804A00392012077
:10C20000FDF788F9AAF80600D5F83230CAF80830E8
:10C21000174BB9F80410AAF80C1019689B88CAF8D3
:10C220001210AAF816306B68039ACAF80E30BB5881
:10C23000CAF818300F4BCAF8003040F20643AAF88B
:10C24000043040F6060300934A460B4B59462846F5
:10C2500001F0B2FC5846FDF7F7FE0C3403233C44D2
:10C2600088F814305FE70C343C445CE71C6A022019
:10C27000F8F901080001080000FA01082DE9F04F63
:10C28000364CDFF8DC8083B004F1F00700260AE0CA
:10C29000012D27D0032D5ED0042D01D1022323755B
:10C2A0001834BC421BD0257D002DF9D0638A0133A0
:10C2B0009BB2B3F5967F6382EAD3206810B1FDF795
:10C2C000C3FE2660D8F80000B8F8043026756682F0
:10C2D000E0602382C4E901661834BC42E3D103B0B4
:10C2E000BDE8F08F042BE8D84FF420721C210E20FB
:10C2F000D4F808A0FDF736FD0AF1320B814600287C
:10C30000CED02846D9F80450FDF704F9E880DAF8D1
:10C310003230AB60124BBAF8362019689B88AA817C
:10C32000C5F81210EB82DAF80430C5F80E306368F5
:10C33000AB610C4B2B6040F20643AB8040F606032A
:10C3400000935A46084B5046494601F035FC484692
:10C35000FDF77AFEA4E704232375A1E71C6A0220F7
:10C36000F8F901080001080000FA010800297DD051
:10C370002DE9F04746683388B3F5807F84B00446E2
:10C3800002D13379062B05D0204604B0BDE8F04732
:10C39000FDF75ABE7379042BF6D17388082BF3D1BD
:10C3A0004F68D6F80E00B36903900D4606F10808F1
:10C3B000002F56D09F4240F08F80002800F09480DC
:10C3C0000127BA46294601F031F88146C0BB039BDC
:10C3D00003F0F003E02B33D051462A4603A8FFF7C1
:10C3E000BFFC031E2CDB434903EB430201EBC20CF1
:10C3F00002208CF814004FF0180E0C20CCF80850D6
:10C4000013FB0E03D8F80000C8500B44B8F8040022
:10C410009880D200ACF8129051F802A0BAF1000F47
:10C420000ED04FF4006341F802902846009305F1C6
:10C4300032024346514601F0BFFB5046FDF704FE71
:10C44000F388B3F5807F12D0B3F5007F03D103A941
:10C450002846FFF79FF82046FDF7F6FD04B0BDE83B
:10C46000F08700283BD04FF0020AABE77047002F5F
:10C47000F1D04FF420721C210E20FDF773FC05F162
:10C48000320907460028E6D046680220FDF742F848
:10C49000F080D5F83230B360EB8EB381D8F800303D
:10C4A000C6F81230B8F80430F3826968C6F80E1086
:10C4B0000399B1611049316040F20641B18040F604
:10C4C000060100914A4643462846394601F074FB6E
:10C4D0003846FDF7B9FDBEE700270028C3D1F38831
:10C4E000B3F5807FB0D1B6E7F388B3F5807FABD1E9
:10C4F000BFE700BF1C6A0220000108002DE9F04FD1
:10C50000044685B008680D462146164600F08EFFA9
:10C51000002840F0B0802B6803F0F002E02A00F021
:10C52000AA80002B00F0A780224601212846FFF7B1
:10C5300017FC0028C0F28B80C7B2DFF8588107EBE8
:10C54000470308EBC3037A0003921A7D04F1320912
:10C55000002A48D101221A751C214FF420720E20A6
:10C560009C60FDF7FFFB8246002800F087800120D9
:10C57000DAF804B0FCF7CEFFABF80600D4F832309E
:10C58000CBF808303F4BB9F80420ABF80C201A6800
:10C590009B88CBF81220ABF816306368CBF80E30CE
:10C5A0002B68CBF81830384BCBF8003040F20643FC
:10C5B000ABF8043040F6060300934A46334B51462D
:10C5C000204601F0F9FA5046FDF73EFD00203EB14D
:10C5D0007B003B4408EBC3031B7D012B26D806D010
:10C5E00005B0BDE8F08F002E35D0012A1ED13346AC
:10C5F00002E01B68002B3AD01A7B5206F9D532466E
:10C600004FF420710E20FDF71DFE064666B3039B16
:10C610003B4458F8330008B1FDF716FD039B3B443B
:10C62000002048F8336005B0BDE8F08F2046184C74
:10C630001823277003FB07834FF400644A463146F2
:10C640000C33009401F0B8FA05B0BDE8F08F40B2A9
:10C6500005B0BDE8F08F4FF420721C210E20FDF7CD
:10C6600081FB8246002882D14FF0FF30B8E7304688
:10C67000FDF7F8FCCAE76FF00F00B1E74FF0FF30AD
:10C68000A5E700BFF8F901080001080000FA010859
:10C69000186A02201C6A02202DE9F041044684B089
:10C6A0000E4610682146154600F0C0FE002840F0F6
:10C6B0009780296801F0F003E02B73D06368A268CB
:10C6C0004B40134284460AD08AB24FF6A9639A427D
:10C6D00005D0E168002900F0D38004F10C05DFF8F3
:10C6E000B081694B98F8002002EB420003EBC000D8
:10C6F00090F814E0BEF1010F02D98768A74271D00B
:10C700001A7D012A02D99A68944275D093F82C2098
:10C71000012A02D91A6A944277D093F84420012A58
:10C7200002D99A6B944276D093F85C20012A02D900
:10C730001A6D944275D093F87420012A02D99A6E2A
:10C74000944274D093F88C20012A03D9D3F8802026
:10C75000944272D093F8A420012A03D9D3F89820E8
:10C76000944270D093F8BC20012A03D9D3F8B020AA
:10C7700094426FD093F8D420012A03D9D3F8C8206B
:10C7800094426ED093F8EC20012A03D9D3F8E0202C
:10C79000A2426DD032462946204604B0BDE8F041A1
:10C7A000FFF7ACBE6B78EA78A9788DF80D2003F01E
:10C7B0007F0301205E228DF80B30ADF808008DF864
:10C7C0000C1002AB8DF80A204FF400620092314643
:10C7D00004F13202204601F0EFF904B0BDE8F08127
:10C7E0002A4BF1E7406881428AD13146204604B0A5
:10C7F000BDE8F041FFF782BC5A68914286D162469B
:10C800003146204688F800C0F1E7DA69914284D1C8
:10C810004FF0010CF3E75A6B914285D14FF0020CB7
:10C82000EDE7DA6C914286D14FF0030CE7E75A6EE0
:10C83000914287D14FF0040CE1E7DA6F914289D140
:10C840004FF0050CDBE7D3F8942091428AD14FF0EA
:10C85000060CD4E7D3F8AC2091428BD14FF0070CF3
:10C86000CDE7D3F8C42091428CD14FF0080CC6E735
:10C87000D3F8DC30994208BF4FF0090C8AD1BEE7EB
:10C880006FF00300A9E700BF1C6A022000FA01084C
:10C89000186A02202DE9F0414FF4207282B0074659
:10C8A00088460E201C21FDF75DFA68B344680546F2
:10C8B0000120FCF72FFEE080D7F83230A360144B44
:10C8C000FA8E19689B88A281C4F81210E3827B68F3
:10C8D000C4F80E30D8F80030A3610E4B236040F648
:10C8E000060140F2064307F13206A38032460A4BA6
:10C8F00000913846294601F05FF92846FDF7A4FB70
:10C90000002002B0BDE8F0814FF0FF30F9E700BF32
:10C91000F8F901080001080000FA01082DE9F043C8
:10C920004D4FD7F8088098F8004004F00F04A40099
:10C93000132C85B0054613D94389032B10D94368BE
:10C940001B78082B0CD1786900F0F003E02B07D09E
:10C950000E46396800F06AFD10B92B89072B05D8FF
:10C96000284605B0BDE8F043FDF76EBB2846FCF74E
:10C9700097FE0028F4D104F10E0949462846FDF738
:10C98000E9FA00285CD02B89191989B28B42E7D8C3
:10C990004FF420720E20FDF7E5F981460028DFD024
:10C9A000428904F108039A4251D341464068224625
:10C9B00001F042F921464846FDF7F4FA002846D135
:10C9C00029464846FDF782FB002840D12846FDF75E
:10C9D0003BFB4D4621462846D5F80490FDF7BAFAB0
:10C9E0000028BDD1D7E90432D5F80480C8F80C205E
:10C9F000C8F81030B9F8023089F800004FF6F77225
:10CA000093428CBF093308339BB2FF272146002491
:10CA1000A9F80230404688F8087088F80A4088F87B
:10CA20000B40FCF703FE0123A8F80A000B49009411
:10CA3000CDE9013622463B46284600F03BFB8FE716
:10CA400049462846FDF7AEFA0028C3D088E7484695
:10CA5000FDF7FAFA84E700BF9C880120B088012026
:10CA6000F0B54FF4207287B007460E4622202421ED
:10CA7000FDF778F980B344687B686670032200276D
:10CA80002270676019685A68DE68054698682061F8
:10CA90006661A160E260986919695A69E261206281
:10CAA000A161DB68059305A800F0A8F9064680B1EE
:10CAB0006989A770E7702046FCF7B8FD0123608004
:10CAC00005AACDE901360097FF233946284600F034
:10CAD000F1FA2846FDF7B8FA07B0F0BDF0B54FF40B
:10CAE000207287B007460E4622202421FDF73AF92E
:10CAF00080B344687B6866700B22002722706760F1
:10CB000019685A68DE680546986820616661A16008
:10CB1000E260986919695A69E2612062A161DB6883
:10CB2000059305A800F06AF9064680B16989A770E7
:10CB3000E7702046FCF77AFD0123608005AACDE965
:10CB400001360097FF233946284600F0B3FA2846FD
:10CB5000FDF77AFA07B0F0BD2DE9F041204B88B01F
:10CB60001C68069488461646074608214FF4207232
:10CB70003620FDF7F7F880B345687B680693162EDC
:10CB8000D8F804306B6004BF012388F808302E7099
:10CB90004FF0000604464FF008016E70AE70EE7064
:10CBA000284614BFDFF83C8008F10408FCF73EFD7E
:10CBB000688040F29440079004200223049007A864
:10CBC000CDE90063039002970123424606A920465F
:10CBD00000F0EAFA2046FDF737FA08B0BDE8F08128
:10CBE000F4F901080C6B02200349044B0448054A80
:10CBF00008601A60704700BF106B02200C6B0220A7
:10CC0000E0000001E000000270B5866A04463EB311
:10CC10001A4D3046296801E0006880B142688A42B6
:10CC2000FAD1027B0132D2B2022141720273236C2B
:10CC30001BB11249012220469847002070BD0320F5
:10CC4000FCF7EEFE48B10022826002733268296868
:10CC5000C0E9002101223060E6E74FF0FF3070BDEF
:10CC60000320FCF7DDFE0028F7D0044A8660126836
:10CC70004260067306600122A062D5E7106B0220B5
:10CC8000836A83B11B6873B10220012103E0012A8A
:10CC90000AD01B683BB15A7A022AF8D158815972DE
:10CCA0001B68002BF7D170475A89013A92B2042AC7
:10CCB000EFD958815972F3E7806A30B10A6801E010
:10CCC000006810B143689342FAD17047F8B54389C0
:10CCD000072B04461CD947680D46384619461646A8
:10CCE000FCF7A4FCA0B9A86A90B13168034601E042
:10CCF0001B686BB15A688A42FAD13A78112A0CD073
:10CD0000162A05D15A7A012A04BF4FF400729A609C
:10CD10002046BDE8F840FDF797B9214A12689142D4
:10CD20007A6813D0002AF3D0597A7A78022905D08C
:10CD30000129EDD1598909B19142E9D95208012A55
:10CD400038BF012201215A815972E1E7E2B97D78A9
:10CD50000DB90A257D700368002BD9D0012005E0AC
:10CD6000012A16D01B68002BD2D07D785A7A022A6D
:10CD70004FEA5501F4D1012938BF01215981587278
:10CD8000F0E700680028C3D043689342F9D1034616
:10CD9000CAE75A89002AEED0AA42E3D9EBE700BFDE
:10CDA000106B0220F8B5134B1D6815B3124F022605
:10CDB000AC6A14B91AE02468C4B16289531E9BB2EC
:10CDC000002AF8D06381002BF5D1637A012BF2D1D0
:10CDD00062683B689A4221464FF016022846EAD024
:10CDE0006672FFF7B9FE2468002CE6D12D68002D8D
:10CDF000DED1F8BDE0690220106B0220016801F06D
:10CE0000F003E02B28D0194B1868A8B190F83930FE
:10CE1000DA070ED55A070CD5426881EA020C42B1F6
:10CE200082681CEA020F1BD09B0702D4C368994298
:10CE300016D000680028E9D10D4B186880B190F831
:10CE4000393003F00503052B0BD143685BB1C9B240
:10CE50007F2908BF00207047064B18680028D2D0F1
:10CE60007047002070471846FAE700BFE0690220CB
:10CE7000DC690220146B02202DE9F84347683B78F7
:10CE80001A09042A044612D103F00F0378889D0082
:10CE90000E46FCF73FFB2389834280460DD8638909
:10CEA000AB4204D32389434501D3132D0DD820462B
:10CEB000FDF7CAF80020BDE8F88301462046FDF7DB
:10CEC00011F86389AB42EDD2F1E729463846FCF709
:10CED000ADFB0028EBD13B69DFF8D481F868C8F8D6
:10CEE000100003F0F002E02AC8F8143061D196F87F
:10CEF0003930990600F195807B7A112B00F0A180E2
:10CF00000028D4D04FF00009314600F08FFA0028F5
:10CF1000CDD1D8F8103003F0F003E02BC7D0B9F131
:10CF2000000FC4D0FB8823F0C00333B1204600F0CB
:10CF300035FB04460028BDD04768C8F80870C8E92A
:10CF400000963B7803F00F039B0029462046A8F883
:10CF50000C30FDF727F87B7A022B00F08E80112B26
:10CF600000F08680012B7ED0D8F81400494600F0EE
:10CF70005DFA68B9D8F8143003F0F003E02B07D05D
:10CF800029462046FDF728F802212046FFF768FDD4
:10CF90002046FDF759F80023C8F80030C8F80430DF
:10CFA000C8F80830A8F80C30C8F81030C8F81430A9
:10CFB00080E796F83920D20725D4DBB27F2B4CD0FE
:10CFC000384BD3F80090B9F1000F08D145E000F0DC
:10CFD0002DFA98B9D9F80090B9F1000F3DD04E451F
:10CFE000F8D099F83930DB07F4D5D9F80430002BA4
:10CFF000F0D0D8F8140083424946E8D1D8F81000A0
:10D0000000288FD080E77268002AD6D09A4213D0C9
:10D010001846314600F00AFA00283BD1D8F81430FF
:10D02000CBE708F114013046FFF746FEA8B1D8E976
:10D0300004021D4B9A420CD0B14600283FF472AF57
:10D0400062E77B195B88B3F5884F7FF459AFB1462F
:10D0500068E70028FBD0B14656E77B7A112B12D047
:10D06000D8F810004CE731462046FFF757FC92E70E
:10D0700031462046FDF702F98DE70C4A314620463D
:10D08000FFF724FE87E77B195B88B3F5884FE7D16C
:10D09000B14647E7D8F81000B14600283FF442AF48
:10D0A00032E700BFE0690220E0000001B088012003
:10D0B0009C8801202DE9F04F85B006469DF8384048
:10D0C0009DF83CB0109F002A5AD08946904609B17D
:10D0D0000A680AB907F10409142130460193FCF7E4
:10D0E00039FF824600285AD17568019B2B7285F85A
:10D0F00009B0D8F8001029614BEA032B0B0C13FA86
:10D1000081F1220245232B706C7042F045024FEAF8
:10D110002B240A4444EA0B24308912FA84F4FCF7E5
:10D12000F9F985F806A085F807A0DFF878A06880EF
:10D130008346BAF80000FCF7EDF9D9F80020EA6060
:10D1400014FA82F303EB12435B4403449AB202EBFA
:10D15000134303EB1343DB436B81BAF80030A88021
:10D160000133AAF800303B8E13B132899A4210D8AD
:10D170007B69424631463846984705B0BDE8F08F96
:10D180004389132B0BD943681B6903930DF10C08DA
:10D19000E9E742463946304600F0E0FBEDE76FF044
:10D1A0000100EAE7186B02202DE9F04F85B0044634
:10D1B0009DF838B09DF83C80BDF848A0002A00F0EA
:10D1C00097800F469946164609B10B680BB9109B1C
:10D1D0001F1DBAF1000F00F09380BAF1280F00F282
:10D1E000A4800AF1030525F00305ADB205F114038F
:10D1F0009BB2294620460093FCF7ACFE0190002824
:10D2000040F0908060681199524600F015FDAA45E3
:10D21000019B79D36368E918002533F8022B994202
:10D220001544FAD114212046FCF794FE0190002801
:10D2300078D1D4F804A0009B8AF80890C3F3870142
:10D240008AF809803068CAF8100041F0400148EAC5
:10D2500009288AF800104BEA01294FEA282141EAFF
:10D260000828010C11FA80F08AF801B010FA88F849
:10D270002089DFF8BCB0FCF74DF9019AAAF802004A
:10D2800000908AF806208AF80720BBF80000FCF717
:10D2900041F93A68CAF80C2018FA82F808EB1248EB
:10D2A0004FEA29220099AAF80400A84442EA092278
:10D2B00018FA82F20A44024490B2BBF8003000EB44
:10D2C000124000EB1040C0430133AAF80A00ABF84B
:10D2D0000030109B1B8E13B122899A421CD8109BE0
:10D2E00010985B6932462146984705B0BDE8F08F3B
:10D2F0004389132B16D943681B69039303AEE8E7F0
:10D300001423554600938DE7606819465044A5EBF9
:10D310000A0200F089FC7DE710993246204600F0B1
:10D320001DFBE2E76FF00100DFE76FF00500DCE7CF
:10D33000186B02202DE9F04F85B005469DF8389016
:10D340009DF83CB0109E0193002A5AD088461421C3
:10D350001746FCF7FFFD019B824600285FD16C68F1
:10D36000237284F809B03A6822614BEA032B130C4C
:10D3700013FA82F284F8019045234FEA09292370B9
:10D3800049F045094FEA2B23914443EA0B232889AE
:10D3900019FA83F9FCF7BEF884F806A084F807A010
:10D3A000DFF884A060808144BAF80000FCF7B2F88E
:10D3B000BAF80020A080013200EB0903AAF800208F
:10D3C000B8F1000F1AD0D8F80020E26013FA82F307
:10D3D00003EB12439AB202EB134303EB1343DB4319
:10D3E0006381338E13B12A899A4212D873693A46FF
:10D3F00029463046984705B0BDE8F08F094A1268C3
:10D40000E3E74389132B0AD943681B69039303AFEE
:10D41000E7E73A463146284600F0A0FAEBE76FF01E
:10D420000100E8E7F4F90108186B0220421E0332FC
:10D43000034615D891F8390010F002000FD04A6861
:10D440009A420BD089685A400A4207D1C84323EA5E
:10D450000103181AB0FA80F04009704700207047A5
:10D46000012070472DE9F041446863689A880746B7
:10D4700088461AB300266368204625461C68FCF7D8
:10D48000E7FD831928469EB2FCF7DEFD002CF2D1A1
:10D49000184B1A68974216BF3B683A68C8F80030C4
:10D4A0004FF00100394608BF1A60FCF7C9FA124A6A
:10D4B00013889B1B30461380BDE8F0811A684260D8
:10D4C000396982687D69C06858609960DD601A605A
:10D4D000BA691A6101212046FFF700FB2046FCF7DC
:10D4E000B7FD06462046FCF7AFFD7C68002CC2D194
:10D4F000CEE700BF1C6B02201A6B02202DE9F84317
:10D50000DFF87C8005460E460027D8F800309BB334
:10D51000D5F80CE05A69002472452146A4462046FD
:10D520000FD00134D0B1C27F93F81F9091459CBFBA
:10D53000614618461A689C46B2B113465A6972454C
:10D54000EFD19A69D5F810904A45EAD1B3F80C901A
:10D55000AA889145EED001340028E4D11A686146CA
:10D5600018469C46002AE8D110B1FFF77BFF07441C
:10D57000B74201DA012CC8DC3846BDE8F88300BFA9
:10D580001C6B022010B50446406908B1FCF75CFD35
:10D5900021460220BDE81040FCF752BA2DE9F04FB9
:10D5A000D0F804A09AF8003003F00F03052B85B0E3
:10D5B000054676D1BAF80600FBF7ACFF0646BAF886
:10D5C0000200FBF7A7FF9AF8003003F00F03B0EB5F
:10D5D000830F4FEA830264D3831A9BB2DFF874830C
:10D5E00000932846FCF734FDB8F8003003440A2BBA
:10D5F000074600F3D080DFF86093D9F80040002C94
:10D6000000F0D780DAF80C2003E02468002C00F04A
:10D61000D08063699342F8D1DAF81030A169994259
:10D62000F3D1A189BAF804309942EED1BAF80600D4
:10D63000FBF770FFC0F30C00002800F09480BAF8EC
:10D640000630C6F30C0613F020034FEAC60601931A
:10D6500008D1009BF3189BB29E4212D84FF6EB7292
:10D6600093420ED8D5F804A0BAF80200FBF752FF97
:10D670009AF8003003F00F03B0EB830F4FEA8302F8
:10D6800017D263686BB9D9F80020944202D022689F
:10D690001A60FFDE2368C9F8003021460120FCF73C
:10D6A000CFF92846FCF7D0FC0026304605B0BDE88F
:10D6B000F08F831ABAF806001FFA83FAFBF72AFFE5
:10D6C000C0F30C02D5F804B0D2000AEB0203ABF8A9
:10D6D00006309BB2194602938A424FF00003ABF822
:10D6E00004208BF800308BF801308BF802308BF877
:10D6F0000330C6D861680391002900F0BB804FF069
:10D70000010A94460DE0CCD0B3F806E0F445C8D346
:10D7100022B1D288824218BF4FF0000A196800294E
:10D720006AD01A464B6898888445ECD26346944682
:10D73000CBF800101A46BCF1000F00F09480BCF842
:10D7400006309A42ADD302998142AAD89A42CCF8C7
:10D75000005054D0019B002B7FD0B8F800303B44E0
:10D76000A8F80030A0E7E089FBF7D4FEC0F30C0076
:10D7700000283FF464AFDAF80030DAF80410DAF881
:10D780000820DAF80C006061A360E1602261DAF839
:10D790001030A36153E701465046FFF7AFFE002863
:10D7A0003FF47FAFB8F800303B440A2B7FF723AF3C
:10D7B00077E70120FCF734F9044678B10023E361F0
:10D7C000A360E36023616361A3616360D9F8003003
:10D7D00023600F23C9F80040E377CCE73946504671
:10D7E000FFF78CFE87423FF75CAF0120FCF718F98A
:10D7F00004460028E2D154E7F4451D60AAD1019BFC
:10D8000043B3A37FDA07A8D5BAF1000FA5D0039BD5
:10D810005B689B886BB9DBF80020002A34D0029942
:10D8200003E01A68002A2FD0D98853689A888A4260
:10D83000F7D0B8F800303B44A8F80030019B002B2B
:10D840007FF432AFA37F009A43F001031644A6830E
:10D85000A37729E7BAF1000FD9D1B8F800303B44DB
:10D86000A8F80030EEE7029B83423FF61AAF6560EE
:10D870000395C4E7019B6560002B5BD0A37FDB07AA
:10D8800048BF0395C3D468E7B8F800303B44A8F814
:10D890000030019B33B9009B1E44A37FA68343F055
:10D8A0000103A3776368A08B5E68E168A3682269BF
:10D8B0006569F5607160B26035683360A369336192
:10D8C000143080B2FBF726FE00237080B371F37131
:10D8D000B372F37230461421FBF7A8FE70816668BC
:10D8E0005DB16F6828461421FCF75CFB2946304681
:10D8F000FCF7BEFB3D68002DF3D1D9F800309C4207
:10D9000005D0A3B11A68944211D01346F9E72368F1
:10D91000C9F8003021460120FCF792F83046FCF7A8
:10D9200097FBB8F800301B1AA8F80030BDE6226853
:10D930001A60EFE7BBF80430002B8ED1DBF8002033
:10D94000002A7FF46CAFB8F800303B44A8F80030F0
:10D95000A1E700BF1A6B02201C6B02202DE9F04FDB
:10D960000B8E8DB005460A92B3F1140248BFA3F1A5
:10D970000D02436807911E461B7803F00F03C2F3A4
:10D98000CF02052B06924FEA830840F0BD80438901
:10D99000132B40F2B980F088FBF7BCFD2B89143BB8
:10D9A0009BB200F400520393C0F30C0E0B92002BB9
:10D9B00000F09080069BDFF858A1CDF814E0DB0062
:10D9C0009BB20893002437464FF4207214210E2096
:10D9D000FCF7C8F9089B039A934228BF13460493A7
:10D9E0008346002800F0858043683A687868B96803
:10D9F000FE68DE601A60586099603A691A61DBF867
:10DA000004300993049B002B7AD0994602976C89C5
:10DA1000A4EB0804A4B24C4528BF4C460220002CBD
:10DA20005CD0FBF7FDFF064641222146002033462D
:10DA3000002E5BD001946F6847440097FCF734FADE
:10DA400007462846002F4DD0A9EB0409FCF70AFB36
:10DA50001FFA89F9C6E904A539465846FCF708FBC0
:10DA6000B9F1000F3AD1A044029F1FFA88F8079B32
:10DA7000059A1B8EC2F30C00039A133B93423BDCC6
:10DA800040F40050FBF746FD099E049BF08003F133
:10DA9000140080B2FBF73EFD00237080B372F37276
:10DAA00014213046FBF7C2FD708107980A9A43693A
:10DAB000594698475846FCF7C7FADDE90323D31ABD
:10DAC000DDE905210A449BB292B203930592002B33
:10DAD0007FF47AAF00200DB0BDE8F08F2D684FF0D5
:10DAE000000894E731460220FBF7AAFF5846FCF7EE
:10DAF000ABFA4FF0FF30EEE70B9B002BC2D0BFE735
:10DB0000A0441FFA88F8B2E76FF00500E3E700BF12
:10DB100085D5010843890E2B70B504461BD9C37BFC
:10DB20000D461BB991F83C300133C373606803782C
:10DB30008689D9070AD5012B30D01E49062200F06C
:10DB400063F818B9637B43F008036373082E16D09B
:10DB5000B6F5C16F04D02046FCF776FA002070BD00
:10DB600095F839301B07F6D50E212046FCF71AFA36
:10DB70000028F0D129462046FEF7F8FBEEE795F89D
:10DB800039301A07E7D50E212046FCF70BFA00289A
:10DB9000E1D129462046FFF76FF9DFE74378002BF4
:10DBA000D4D183785E2BD1D1637B43F010036373B0
:10DBB000CCE700BF00FA01082DE9F0470646BDF8A2
:10DBC00020000C4617469846FBF7A4FC0E21814620
:10DBD0002046FCF7BFF998B96568A5F80C90D8F80D
:10DBE00000302B60B8F80430AB803B68C5F80630D5
:10DBF000BB886B81B36921463046BDE8F0471847C2
:10DC00006FF00100BDE8F08710B501390244904281
:10DC100001D1002005E0037811F8014FA34201D0A3
:10DC2000181B10BD0130F2E702440346934200D1B5
:10DC3000704703F8011BF9E70A44914200F1FF33F2
:10DC400000D1704710B511F8014B03F8014F914214
:10DC5000F9D110BD2DE9F047089D0C46002B4ED19F
:10DC600094468C458646B2FA82F262D94AB1C2F134
:10DC70002003914020FA03F30CFA02FC194300FA46
:10DC800002FE4FEA1C471FFA8CF6B1FBF7F44FEA8D
:10DC90001E4307FB141143EA014304FB06F19942BA
:10DCA0000AD91CEB030304F1FF3080F01381994281
:10DCB00040F21081023C6344591A1FFA8EF3B1FB03
:10DCC000F7F007FB101143EA014300FB06F69E4202
:10DCD0000AD91CEB030300F1FF3180F0FD809E4266
:10DCE00040F2FA80634402389B1B40EA0440002162
:10DCF0001DB1D3400022C5E90032BDE8F0878B4258
:10DD000005D90DB1C5E9000100210846F5E7B3FAD0
:10DD100083F1002946D1A34202D39042C0F0F180A2
:10DD2000861A64EB03030120002DE6D0C5E90063E9
:10DD3000E3E7002A40F09180A1EB0C044FEA1C4875
:10DD40001FFA8CF70121B4FBF8F64FEA1E4308FBDB
:10DD5000164443EA044307FB06F0984208D91CEB3B
:10DD6000030306F1FF3402D2984200F2CE80264629
:10DD70001C1A1FFA8EF3B4FBF8F008FB104443EAB8
:10DD8000044300FB07F79F4208D91CEB030300F193
:10DD9000FF3402D29F4200F2B1802046DB1B40EAF2
:10DDA0000640A5E7C1F120068B4022FA06F71F4383
:10DDB00020FA06FC04FA01F343EA0C03F44000FAEB
:10DDC00001F8380C4FEA1349B4FBF0FE1FFA87FC48
:10DDD00000FB1E4449EA04440EFB0CF9A14502FA7B
:10DDE00001F20AD93C190EF1FF3A80F08580A14575
:10DDF00040F28280AEF1020E3C44A4EB09041FFA0B
:10DE000083F9B4FBF0F300FB134449EA044403FB39
:10DE10000CFCA44507D93C1903F1FF3068D2A44596
:10DE200066D9023B3C4443EA0E40A0FB0293A4EBBC
:10DE30000C049C42CE469C4652D34FD055B1B8EB11
:10DE40000E0364EB0C0404FA06F6CB40CC401E43F0
:10DE5000C5E900640021BDE8F087C2F1200320FA83
:10DE600003F10CFA02FC24FA03F394400C434FEA4A
:10DE70001C4800FA02FE1FFA8CF7B3FBF8F008FB0F
:10DE80001031230C43EA014300FB07F1994208D902
:10DE90001CEB030300F1FF362CD299422AD9023839
:10DEA00063445B1AA4B2B3FBF8F108FB113344EAF4
:10DEB000034401FB07F3A34208D91CEB040401F15E
:10DEC000FF3613D2A34211D902396444E41A41EA5D
:10DED000004138E70446EFE6084605E7C845ADD2FD
:10DEE000B9EB020E63EB070C0138A7E73146EDE70B
:10DEF000034698E73046D4E7D6467EE763440238C7
:10DF00004CE70646234608460EE7023E63442FE7E9
:10DF100010EE102AC2F3C7537F3B162B22F00041AC
:10DF200029DC002B104618DB1A4919410A4221D07E
:10DF3000DFED197A70EE277AF5EEC07AF1EE10FA7D
:10DF400018DD002A04DA4FF4000242FA03F3184401
:10DF500020EA010300EE103A7047DFED0F7A70EE11
:10DF6000277AF5EEC07AF1EE10FA03DD002A08DB1D
:10DF70009FED0A0A7047B1F1FF4FFBD330EE000A64
:10DF80007047DFED077A0029BFEE000A08BFB0EE48
:10DF9000670A7047FFFF7F00CAF249710000000066
:10DFA00000000080F8B500BFF8BC08BC9E46704772
:0CDFB000F8B500BFF8BC08BC9E467047E6
:10DFBC00000000000000000001020304060708092D
:10DFCC00000000000102030472735F687562340084
:10DFDC000000000000E81D3900E21D3A0093B13A40
:10DFEC0080C91D3B006E763B0055B13B0036F13BC2
:10DFFC0040681D3C600C473C0081753C905F943C34
:10E00C00505FB03C90BBCE3C806FEF3C103B093D69
:10E01C0010E51B3DD0B22F3D40A1443D38AD5A3DDB
:10E02C0048D3713DEC07853D98AF913DB4DE9E3DE4
:10E03C003C93AC3D0CCBBA3DF883C93DB8BBD83D45
:10E04C00F46FE83D409EF83D0EA2043E7C2F0D3E41
:10E05C001AF6153E8CF41E3E6E29283E5693313E20
:10E06C00CE303B3E5E00453E80004F3EAC2F593ECD
:10E07C004E8C633ECA146E3E88C7783E6DD1813E8D
:10E08C008C52873E46E68C3EC08B923E1C42983E9C
:10E09C0076089E3EECDDA33E96C1A93E8FB2AF3E04
:10E0AC00E8AFB53EB6B8BB3E0ECCC13EFBE8C73EB2
:10E0BC00910ECE3ED83BD43EDF6FDA3EB2A9E03EA5
:10E0CC0059E8E63EE12AED3E4D70F33EACB7F93E21
:10E0DC000000003F2B24033FDA47063F906A093FBC
:10E0EC00D48B0C3F27AB0F3F11C8123F15E2153FE5
:10E0FC00B8F8183F830B1C3FFA191F3FA623223F89
:10E10C000D28253FB926283F361F2B3F0A112E3FDD
:10E11C00C6FB303FF3DE333F20BA363FDE8C393F4F
:10E12C00BB563C3F4A173F3F1ECE413FCE7A443F41
:10E13C00EE1C473F15B4493FE03F4C3FEABF4E3F12
:10E14C00CC33513F2B9B533FA6F5553FDE42583FF6
:10E15C007A825A3F22B45C3F7ED75E3F38EC603FF8
:10E16C0002F2623F8AE8643F82CF663F9EA6683F18
:10E17C00996D6A3F2A246C3F0DCA6D3F035F6F3F58
:10E18C00CCE2703F2C55723FECB5733FD404753F15
:10E19C00B041763F4F6C773F8484783F248A793F37
:10E1AC00067D7A3F045D7B3FFC297C3FCFE37C3FBF
:10E1BC00608A7D3F941D7E3F569D7E3F92097F3F36
:10E1CC0036627F3F37A77F3F88D87F3F22F67F3F5D
:10E1DC000000803F22F67F3F88D87F3F36A77F3FE5
:10E1EC0036627F3F92097F3F569D7E3F941D7E3F56
:10E1FC005F8A7D3FCEE37C3FFC297C3F045D7B3F07
:10E20C00057D7A3F248A793F8484783F4E6C773F32
:10E21C00AF41763FD304753FECB5733F2C55723F3D
:10E22C00CCE2703F025F6F3F0CCA6D3F2A246C3FFB
:10E23C00986D6A3F9EA6683F81CF663F89E8643F30
:10E24C0001F2623F37EC603F7CD75E3F20B45C3F0D
:10E25C0078825A3FDE42583FA4F5553F2C9B533FE2
:10E26C00CD33513FE8BF4E3FDF3F4C3F14B4493FE5
:10E27C00EB1C473FCB7A443F1FCE413F4A173F3FF1
:10E28C00BA563C3FDC8C393F1FBA363FF0DE333F89
:10E29C00C3FB303F0B112E3F351F2B3FB926283FB8
:10E2AC000B28253FA323223FF7191F3F800B1C3F50
:10E2BC00B9F8183F14E2153F10C8123F26AB0F3FB8
:10E2CC00D28B0C3F8E6A093FD747063F2B24033F66
:10E2DC000000003FA9B7F93E4A70F33EDC2AED3E40
:10E2EC0054E8E63EACA9E03EE06FDA3ED73BD43EC4
:10E2FC008E0ECE3EF8E8C73E09CCC13EB2B8BB3E4E
:10E30C00E2AFB53E8EB2AF3E96C1A93EEADDA33E6A
:10E31C0072089E3E1742983EBB8B923E40E68C3E66
:10E32C008C52873E6CD1813E84C7783EC6146E3EBB
:10E33C00468C633EA22F593E82004F3E5E00453E06
:10E34C00CC303B3E5293313E6829283E84F41E3E2D
:10E35C0012F6153E7E2F0D3E0EA2043E3C9EF83D5D
:10E36C00EC6FE83DB0BBD83DEC83C93D00CBBA3D6A
:10E37C003C93AC3DB4DE9E3D94AF913DE407853DAE
:10E38C0038D3713D28AD5A3D30A1443DD0B22F3D1C
:10E39C0008E51B3D103B093D706FEF3C70BBCE3C5C
:10E3AC00405FB03C705F943C0081753C600C473C16
:10E3BC0020681D3C0036F13BC054B13B006E763BEF
:10E3CC0000C91D3B0093B13A00E21D3A00E81D392B
:10E3DC0000000000005881390052813A006D113B59
:10E3EC004031813BC0B6C93B401A113C204A453CE8
:10E3FC00F0AE803C10A3A23CF078C83C0027F23C65
:10E40C0058D10F3D4070283D08EA423DF0375F3D42
:10E41C00E8527D3DA4998E3D80689F3DC811B13D69
:10E42C000C91C33D9CE1D63D90FEEA3DE0E2FF3D00
:10E43C009EC40A3E1AF6153E0A83213E88682D3E7C
:10E44C008EA3393E0C31463ED00D533E9C36603E79
:10E45C001CA86D3EEC5E7B3ECAAB843E47C78B3E30
:10E46C002000933E84549A3E97C2A13E7848A93E20
:10E47C0043E4B03E0A94B83EDC55C03EC427C83EC7
:10E48C00C707D03EE9F3D73E29EADF3E84E8E73EF2
:10E49C00F6ECEF3E77F5F73E0000003F4505043FF4
:10E4AC008509083FBE0B0C3FEB0A103F0C06143FCE
:10E4BC001CFC173F1EEC1B3F12D51F3FFBB5233F27
:10E4CC00DE8D273FC45B2B3FB41E2F3FBED5323FA2
:10E4DC00F07F363F5C1C3A3F1BAA3D3F4528413F2D
:10E4EC00F995443F59F2473F8C3C4B3FBD734E3F2F
:10E4FC001C97513FDEA5543F3E9F573F7A825A3FAF
:10E50C00D84E5D3FA403603F2EA0623FCC23653FF5
:10E51C00DE8D673FC7DD693FF0126C3FCC2C6E3F40
:10E52C00D22A703F810C723F60D1733FFC78753FEB
:10E53C00EA02773FC86E783F38BC793FE8EA7A3F09
:10E54C0088FA7B3FD8EA7C3F97BB7D3F926C7E3F3D
:10E55C009EFD7E3F936E7F3F57BF7F3FD5EF7F3F42
:10E56C000000803FD4EF7F3F57BF7F3F936E7F3FCC
:10E57C009DFD7E3F926C7E3F96BB7D3FD7EA7C3FF4
:10E58C0088FA7B3FE7EA7A3F38BC793FC86E783F20
:10E59C00EA02773FFC78753F5FD1733F810C723F85
:10E5AC00D02A703FCC2C6E3FF0126C3FC7DD693F18
:10E5BC00DE8D673FCD23653F2EA0623FA403603FF5
:10E5CC00D84E5D3F7A825A3F3D9F573FDEA5543F60
:10E5DC001C97513FBC734E3F8C3C4B3F58F2473F0E
:10E5EC00F895443F4428413F1AAA3D3F5D1C3A3FF1
:10E5FC00EE7F363FBDD5323FB31E2F3FC45B2B3F62
:10E60C00DD8D273FF9B5233F12D51F3F1EEC1B3F75
:10E61C001AFC173F0906143FEB0A103FBD0B0C3FC9
:10E62C008309083F4405043FFFFFFF3E75F5F73EA5
:10E63C00F0ECEF3E82E8E73E27EADF3EE7F3D73E19
:10E64C00C807D03EC127C83ED955C03E0A94B83E33
:10E65C0044E4B03E7548A93E93C2A13E84549A3E10
:10E66C002000933E43C78B3ECAAB843EEA5E7B3EA2
:10E67C001AA86D3E9236603ECC0D533E0831463E94
:10E68C008CA3393E8A682D3E0683213E16F6153E34
:10E69C009CC40A3EE4E2FF3D8CFEEA3D90E1D63D8F
:10E6AC001891C33DC011B13D78689F3D9C998E3D3A
:10E6BC00F8527D3DE8375F3DF8E9423D4870283D12
:10E6CC0060D10F3DE026F23CE078C83C20A3A23C90
:10E6DC00F0AE803C004A453C601A113C00B7C93B87
:10E6EC004031813B806C113B0052813A005C813996
:10E6FC001E001E001E001E001E001E001E001E001E
:10E70C001E001E001E001E001E001E001E005A00D1
:10E71C001E001E001E001E001E001E005A001E00C1
:10E72C001E001E001E001E001E001E005A005A0075
:10E73C001E001E001E001E001E005A001E001E00A1
:10E74C001E001E001E001E001E005A001E005A0055
:10E75C001E001E001E001E001E005A005A001E0045
:10E76C001E001E001E001E001E005A005A005A00F9
:10E77C001E001E001E001E005A001E001E001E0061
:10E78C001E001E001E001E005A001E001E005A0015
:10E79C001E001E001E001E005A001E005A001E0005
:10E7AC001E001E001E001E005A001E005A005A00B9
:10E7BC001E001E001E001E005A005A001E001E00E5
:10E7CC001E001E001E001E005A005A001E005A0099
:10E7DC001E001E001E001E005A005A005A001E0089
:10E7EC001E001E001E001E005A005A005A005A003D
:10E7FC001E001E001E005A001E001E001E001E00E1
:10E80C001E001E001E005A001E001E001E005A0094
:10E81C001E001E001E005A001E001E005A001E0084
:10E82C001E001E001E005A001E001E005A005A0038
:10E83C001E001E001E005A001E005A001E001E0064
:10E84C001E001E001E005A001E005A001E005A0018
:10E85C001E001E001E005A001E005A005A001E0008
:10E86C001E001E001E005A001E005A005A005A00BC
:10E87C001E001E001E005A005A001E001E001E0024
:10E88C001E001E001E005A005A001E001E005A00D8
:10E89C001E001E001E005A005A001E005A001E00C8
:10E8AC001E001E001E005A005A001E005A005A007C
:10E8BC001E001E001E005A005A005A001E001E00A8
:10E8CC001E001E001E005A005A005A001E005A005C
:10E8DC001E001E001E005A005A005A005A001E004C
:10E8EC001E001E001E005A005A005A005A005A0000
:10E8FC001E001E005A001E001E001E001E001E00E0
:10E90C001E001E005A001E001E001E001E005A0093
:10E91C001E001E005A001E001E001E005A001E0083
:10E92C001E001E005A001E001E001E005A005A0037
:10E93C001E001E005A001E001E005A001E001E0063
:10E94C001E001E005A001E001E005A001E005A0017
:10E95C001E001E005A001E001E005A005A001E0007
:10E96C001E001E005A001E001E005A005A005A00BB
:10E97C001E001E005A001E005A001E001E001E0023
:10E98C001E001E005A001E005A001E001E005A00D7
:10E99C001E001E005A001E005A001E005A001E00C7
:10E9AC001E001E005A001E005A001E005A005A007B
:10E9BC001E001E005A001E005A005A001E001E00A7
:10E9CC001E001E005A001E005A005A001E005A005B
:10E9DC001E001E005A001E005A005A005A001E004B
:10E9EC001E001E005A001E005A005A005A005A00FF
:10E9FC001E001E005A005A001E001E001E001E00A3
:10EA0C001E001E005A005A001E001E001E005A0056
:10EA1C001E001E005A005A001E001E005A001E0046
:10EA2C001E001E005A005A001E001E005A005A00FA
:10EA3C001E001E005A005A001E005A001E001E0026
:10EA4C001E001E005A005A001E005A001E005A00DA
:10EA5C001E001E005A005A001E005A005A001E00CA
:10EA6C001E001E005A005A001E005A005A005A007E
:10EA7C001E001E005A005A005A001E001E001E00E6
:10EA8C001E001E005A005A005A001E001E005A009A
:10EA9C001E001E005A005A005A001E005A001E008A
:10EAAC001E001E005A005A005A001E005A005A003E
:10EABC001E001E005A005A005A005A001E001E006A
:10EACC001E001E005A005A005A005A001E005A001E
:10EADC001E001E005A005A005A005A005A001E000E
:10EAEC001E001E005A005A005A005A005A005A00C2
:10EAFC001E005A001E001E001E001E001E001E00DE
:10EB0C001E005A001E001E001E001E001E005A0091
:10EB1C001E005A001E001E001E001E005A001E0081
:10EB2C001E005A001E001E001E001E005A005A0035
:10EB3C001E005A001E001E001E005A001E001E0061
:10EB4C001E005A001E001E001E005A001E005A0015
:10EB5C001E005A001E001E001E005A005A001E0005
:10EB6C001E005A001E001E001E005A005A005A00B9
:10EB7C001E005A001E001E005A001E001E001E0021
:10EB8C001E005A001E001E005A001E001E005A00D5
:10EB9C001E005A001E001E005A001E005A001E00C5
:10EBAC001E005A001E001E005A001E005A005A0079
:10EBBC001E005A001E001E005A005A001E001E00A5
:10EBCC001E005A001E001E005A005A001E005A0059
:10EBDC001E005A001E001E005A005A005A001E0049
:10EBEC001E005A001E001E005A005A005A005A00FD
:10EBFC001E005A001E005A001E001E001E001E00A1
:10EC0C001E005A001E005A001E001E001E005A0054
:10EC1C001E005A001E005A001E001E005A001E0044
:10EC2C001E005A001E005A001E001E005A005A00F8
:10EC3C001E005A001E005A001E005A001E001E0024
:10EC4C001E005A001E005A001E005A001E005A00D8
:10EC5C001E005A001E005A001E005A005A001E00C8
:10EC6C001E005A001E005A001E005A005A005A007C
:10EC7C001E005A001E005A005A001E001E001E00E4
:10EC8C001E005A001E005A005A001E001E005A0098
:10EC9C001E005A001E005A005A001E005A001E0088
:10ECAC001E005A001E005A005A001E005A005A003C
:10ECBC001E005A001E005A005A005A001E001E0068
:10ECCC001E005A001E005A005A005A001E005A001C
:10ECDC001E005A001E005A005A005A005A001E000C
:10ECEC001E005A001E005A005A005A005A005A00C0
:10ECFC001E005A005A001E001E001E001E001E00A0
:10ED0C001E005A005A001E001E001E001E005A0053
:10ED1C001E005A005A001E001E001E005A001E0043
:10ED2C001E005A005A001E001E001E005A005A00F7
:10ED3C001E005A005A001E001E005A001E001E0023
:10ED4C001E005A005A001E001E005A001E005A00D7
:10ED5C001E005A005A001E001E005A005A001E00C7
:10ED6C001E005A005A001E001E005A005A005A007B
:10ED7C001E005A005A001E005A001E001E001E00E3
:10ED8C001E005A005A001E005A001E001E005A0097
:10ED9C001E005A005A001E005A001E005A001E0087
:10EDAC001E005A005A001E005A001E005A005A003B
:10EDBC001E005A005A001E005A005A001E001E0067
:10EDCC001E005A005A001E005A005A001E005A001B
:10EDDC001E005A005A001E005A005A005A001E000B
:10EDEC001E005A005A001E005A005A005A005A00BF
:10EDFC001E005A005A005A001E001E001E001E0063
:10EE0C001E005A005A005A001E001E001E005A0016
:10EE1C001E005A005A005A001E001E005A001E0006
:10EE2C001E005A005A005A001E001E005A005A00BA
:10EE3C001E005A005A005A001E005A001E001E00E6
:10EE4C001E005A005A005A001E005A001E005A009A
:10EE5C001E005A005A005A001E005A005A001E008A
:10EE6C001E005A005A005A001E005A005A005A003E
:10EE7C001E005A005A005A005A001E001E001E00A6
:10EE8C001E005A005A005A005A001E001E005A005A
:10EE9C001E005A005A005A005A001E005A001E004A
:10EEAC001E005A005A005A005A001E005A005A00FE
:10EEBC001E005A005A005A005A005A001E001E002A
:10EECC001E005A005A005A005A005A001E005A00DE
:10EEDC001E005A005A005A005A005A005A001E00CE
:10EEEC001E005A005A005A005A005A005A005A0082
:10EEFC005A001E001E001E001E001E001E001E00DA
:10EF0C005A001E001E001E001E001E001E005A008D
:10EF1C005A001E001E001E001E001E005A001E007D
:10EF2C005A001E001E001E001E001E005A005A0031
:10EF3C005A001E001E001E001E005A001E001E005D
:10EF4C005A001E001E001E001E005A001E005A0011
:10EF5C005A001E001E001E001E005A005A001E0001
:10EF6C005A001E001E001E001E005A005A005A00B5
:10EF7C005A001E001E001E005A001E001E001E001D
:10EF8C005A001E001E001E005A001E001E005A00D1
:10EF9C005A001E001E001E005A001E005A001E00C1
:10EFAC005A001E001E001E005A001E005A005A0075
:10EFBC005A001E001E001E005A005A001E001E00A1
:10EFCC005A001E001E001E005A005A001E005A0055
:10EFDC005A001E001E001E005A005A005A001E0045
:10EFEC005A001E001E001E005A005A005A005A00F9
:10EFFC005A001E001E005A001E001E001E001E009D
:10F00C005A001E001E005A001E001E001E005A0050
:10F01C005A001E001E005A001E001E005A001E0040
:10F02C005A001E001E005A001E001E005A005A00F4
:10F03C005A001E001E005A001E005A001E001E0020
:10F04C005A001E001E005A001E005A001E005A00D4
:10F05C005A001E001E005A001E005A005A001E00C4
:10F06C005A001E001E005A001E005A005A005A0078
:10F07C005A001E001E005A005A001E001E001E00E0
:10F08C005A001E001E005A005A001E001E005A0094
:10F09C005A001E001E005A005A001E005A001E0084
:10F0AC005A001E001E005A005A001E005A005A0038
:10F0BC005A001E001E005A005A005A001E001E0064
:10F0CC005A001E001E005A005A005A001E005A0018
:10F0DC005A001E001E005A005A005A005A001E0008
:10F0EC005A001E001E005A005A005A005A005A00BC
:10F0FC005A001E005A001E001E001E001E001E009C
:10F10C005A001E005A001E001E001E001E005A004F
:10F11C005A001E005A001E001E001E005A001E003F
:10F12C005A001E005A001E001E001E005A005A00F3
:10F13C005A001E005A001E001E005A001E001E001F
:10F14C005A001E005A001E001E005A001E005A00D3
:10F15C005A001E005A001E001E005A005A001E00C3
:10F16C005A001E005A001E001E005A005A005A0077
:10F17C005A001E005A001E005A001E001E001E00DF
:10F18C005A001E005A001E005A001E001E005A0093
:10F19C005A001E005A001E005A001E005A001E0083
:10F1AC005A001E005A001E005A001E005A005A0037
:10F1BC005A001E005A001E005A005A001E001E0063
:10F1CC005A001E005A001E005A005A001E005A0017
:10F1DC005A001E005A001E005A005A005A001E0007
:10F1EC005A001E005A001E005A005A005A005A00BB
:10F1FC005A001E005A005A001E001E001E001E005F
:10F20C005A001E005A005A001E001E001E005A0012
:10F21C005A001E005A005A001E001E005A001E0002
:10F22C005A001E005A005A001E001E005A005A00B6
:10F23C005A001E005A005A001E005A001E001E00E2
:10F24C005A001E005A005A001E005A001E005A0096
:10F25C005A001E005A005A001E005A005A001E0086
:10F26C005A001E005A005A001E005A005A005A003A
:10F27C005A001E005A005A005A001E001E001E00A2
:10F28C005A001E005A005A005A001E001E005A0056
:10F29C005A001E005A005A005A001E005A001E0046
:10F2AC005A001E005A005A005A001E005A005A00FA
:10F2BC005A001E005A005A005A005A001E001E0026
:10F2CC005A001E005A005A005A005A001E005A00DA
:10F2DC005A001E005A005A005A005A005A001E00CA
:10F2EC005A001E005A005A005A005A005A005A007E
:10F2FC005A005A001E001E001E001E001E001E009A
:10F30C005A005A001E001E001E001E001E005A004D
:10F31C005A005A001E001E001E001E005A001E003D
:10F32C005A005A001E001E001E001E005A005A00F1
:10F33C005A005A001E001E001E005A001E001E001D
:10F34C005A005A001E001E001E005A001E005A00D1
:10F35C005A005A001E001E001E005A005A001E00C1
:10F36C005A005A001E001E001E005A005A005A0075
:10F37C005A005A001E001E005A001E001E001E00DD
:10F38C005A005A001E001E005A001E001E005A0091
:10F39C005A005A001E001E005A001E005A001E0081
:10F3AC005A005A001E001E005A001E005A005A0035
:10F3BC005A005A001E001E005A005A001E001E0061
:10F3CC005A005A001E001E005A005A001E005A0015
:10F3DC005A005A001E001E005A005A005A001E0005
:10F3EC005A005A001E001E005A005A005A005A00B9
:10F3FC005A005A001E005A001E001E001E001E005D
:10F40C005A005A001E005A001E001E001E005A0010
:10F41C005A005A001E005A001E001E005A001E0000
:10F42C005A005A001E005A001E001E005A005A00B4
:10F43C005A005A001E005A001E005A001E001E00E0
:10F44C005A005A001E005A001E005A001E005A0094
:10F45C005A005A001E005A001E005A005A001E0084
:10F46C005A005A001E005A001E005A005A005A0038
:10F47C005A005A001E005A005A001E001E001E00A0
:10F48C005A005A001E005A005A001E001E005A0054
:10F49C005A005A001E005A005A001E005A001E0044
:10F4AC005A005A001E005A005A001E005A005A00F8
:10F4BC005A005A001E005A005A005A001E001E0024
:10F4CC005A005A001E005A005A005A001E005A00D8
:10F4DC005A005A001E005A005A005A005A001E00C8
:10F4EC005A005A001E005A005A005A005A005A007C
:10F4FC005A005A005A001E001E001E001E001E005C
:10F50C005A005A005A001E001E001E001E005A000F
:10F51C005A005A005A001E001E001E005A001E00FF
:10F52C005A005A005A001E001E001E005A005A00B3
:10F53C005A005A005A001E001E005A001E001E00DF
:10F54C005A005A005A001E001E005A001E005A0093
:10F55C005A005A005A001E001E005A005A001E0083
:10F56C005A005A005A001E001E005A005A005A0037
:10F57C005A005A005A001E005A001E001E001E009F
:10F58C005A005A005A001E005A001E001E005A0053
:10F59C005A005A005A001E005A001E005A001E0043
:10F5AC005A005A005A001E005A001E005A005A00F7
:10F5BC005A005A005A001E005A005A001E001E0023
:10F5CC005A005A005A001E005A005A001E005A00D7
:10F5DC005A005A005A001E005A005A005A001E00C7
:10F5EC005A005A005A001E005A005A005A005A007B
:10F5FC005A005A005A005A001E001E001E001E001F
:10F60C005A005A005A005A001E001E001E005A00D2
:10F61C005A005A005A005A001E001E005A001E00C2
:10F62C005A005A005A005A001E001E005A005A0076
:10F63C005A005A005A005A001E005A001E001E00A2
:10F64C005A005A005A005A001E005A001E005A0056
:10F65C005A005A005A005A001E005A005A001E0046
:10F66C005A005A005A005A001E005A005A005A00FA
:10F67C005A005A005A005A005A001E001E001E0062
:10F68C005A005A005A005A005A001E001E005A0016
:10F69C005A005A005A005A005A001E005A001E0006
:10F6AC005A005A005A005A005A001E005A005A00BA
:10F6BC005A005A005A005A005A005A001E001E00E6
:10F6CC005A005A005A005A005A005A001E005A009A
:10F6DC005A005A005A005A005A005A005A001E008A
:10F6EC005A005A005A005A005A005A005A005A003E
:10F6FC0000C0C101C30302C2C60607C705C5C404C6
:10F70C00CC0C0DCD0FCFCE0E0ACACB0BC90908C835
:10F71C00D81819D91BDBDA1A1EDEDF1FDD1D1CDC25
:10F72C0014D4D515D71716D6D21213D311D1D01095
:10F73C00F03031F133F3F23236F6F737F53534F485
:10F74C003CFCFD3DFF3F3EFEFA3A3BFB39F9F838F5
:10F75C0028E8E929EB2B2AEAEE2E2FEF2DEDEC2CE5
:10F76C00E42425E527E7E62622E2E323E12120E055
:10F77C00A06061A163A3A26266A6A767A56564A445
:10F78C006CACAD6DAF6F6EAEAA6A6BAB69A9A868B5
:10F79C0078B8B979BB7B7ABABE7E7FBF7DBDBC7CA5
:10F7AC00B47475B577B7B67672B2B373B17170B015
:10F7BC005090915193535292965657975595945405
:10F7CC009C5C5D9D5F9F9E5E5A9A9B5B9959589875
:10F7DC00884849894B8B8A4A4E8E8F4F8D4D4C8C65
:10F7EC0044848545874746868242438341818040D5
:10F7FC0000C1814001C0804101C0804100C18140F5
:10F80C0001C0804100C1814000C1814001C08041E4
:10F81C0001C0804100C1814000C1814001C08041D4
:10F82C0000C1814001C0804101C0804100C18140C4
:10F83C0001C0804100C1814000C1814001C08041B4
:10F84C0000C1814001C0804101C0804100C18140A4
:10F85C0000C1814001C0804101C0804100C1814094
:10F86C0001C0804100C1814000C1814001C0804184
:10F87C0001C0804100C1814000C1814001C0804174
:10F88C0000C1814001C0804101C0804100C1814064
:10F89C0000C1814001C0804101C0804100C1814054
:10F8AC0001C0804100C1814000C1814001C0804144
:10F8BC0000C1814001C0804101C0804100C1814034
:10F8CC0001C0804100C1814000C1814001C0804124
:10F8DC0001C0804100C1814000C1814001C0804114
:10F8EC0000C1814001C0804101C0804100C1814004
:10F8FC00476967616465766963652E434F4D5F6C3C
:10F90C0077697000E0F90108D0F90108C0F9010825
:10F91C00B0F90108A0F9010890F9010880F9010873
:10F92C00504255465F504F4F4C00000050425546D8
:10F93C005F5245462F524F4D000000005359535F04
:10F94C0054494D454F55540049474D505F47524F10
:10F95C0055500000465241475F504255460000004A
:10F96C005245415353444154410000005544505FAB
:10F97C00504342002CF90108EC050A00D82802205B
:10F98C00D428022038F9010810000A00186402205B
:10F99C001464022048F9010810000A00C064022017
:10F9AC00BC64022054F9010810000C0068650220A8
:10F9BC006465022060F9010818000F00306602200F
:10F9CC002C6602206CF9010820000500A0670220BB
:10F9DC009C67022078F9010828000A004868022078
:10F9EC0044680220FFFFFFFF000000000000000041
:0CF9FC0000000000FFFFFFFFFFFF000005
:08FA08004CE2FF7F0100000049
:04FA1000598200080F
:04FA14003182000833
:10FA180018000500C6000000C60000000000000035
:10FA280000000001000000000000803F000000000E
:10FA3800000000000000803F0000000000000000FF
:10FA48000000803F00000000000000000000803F30
:10FA580000000000000000000000803F00000000DF
:10FA6800000000000000803F0000000000000000CF
:10FA78000000803F00000000000000000000803F00
:10FA880000000000000000000000803F00000000AF
:10FA9800000000000000803F00000000000000009F
:10FAA800000000000000003F00010000000000000E
:10FAB800000000000000003F0001000000000000FE
:10FAC800000000000000003F0001000000000000EE
:10FAD800000000000000003F0001000000000000DE
:10FAE800000000000000003F0001000000000000CE
:10FAF800000000000000003F0001000000000000BE
:10FB0800000000000000003F0001000000000000AD
:10FB1800000000000000003F00010000000000009D
:10FB2800000000000000003F00010000000000008D
:10FB3800000000000000003F00010000000000007D
:10FB480001000000000000000000000000080000A4
:10FB580001000000400000000C000000000003004D
:10FB6800FA00010001000000010000000000000090
:10FB78000100000000000000000000000008000074
:10FB880001000000400000000C000000000003001D
:10FB9800000000000000000000000000010000005C
:10FBA800000000000000000000000000000000004D
:10FBB800000000000000000002000000000000003B
:10FBC800000000000000000000000000000000002D
:10FBD800000000000300000000000000000000001A
:10FBE8000000000001000000FFFF0000FFFFFFFF12
:10FBF800FFFFFFFFFFFFFFFFFFFFFFFFFFFFFFFF0D
:10FC0800FFFFFFFFFFFFFFFFFFFFFFFFFFFFFFFFFC
:10FC1800FFFFFFFFFFFFFFFFFFFFFFFFFFFFFFFFEC
:10FC2800FFFFFFFFFFFFFFFFFFFFFFFFFFFFFFFFDC
:10FC3800FFFFFFFFFFFFFFFFFFFFFFFFFFFFFFFFCC
:10FC4800FFFFFFFFFFFFFFFFFFFFFFFFFFFFFFFFBC
:10FC5800FFFFFFFFFFFFFFFFFFFFFFFFFFFFFFFFAC
:10FC6800FFFFFFFFFFFFFFFFFFFFFFFFFFFFFFFF9C
:10FC7800FFFFFFFFFFFFFFFFFFFFFFFFFFFFFFFF8C
:10FC8800FFFFFFFFFFFFFFFFFFFFFFFFFFFFFFFF7C
:10FC9800FFFFFFFFFFFFFFFFFFFFFFFFFFFFFFFF6C
:10FCA800FFFFFFFFFFFFFFFFFFFFFFFFFFFFFFFF5C
:10FCB800FFFFFFFFFFFFFFFFFFFFFFFFFFFFFFFF4C
:10FCC800FFFFFFFFFFFFFFFFFFFFFFFFFFFFFFFF3C
:10FCD800FFFFFFFFFFFFFFFFFFFFFFFFFFFFFFFF2C
:10FCE800FFFFFFFFFFFFFFFFFFFFFFFFFFFFFFFF1C
:10FCF800FFFFFFFFFFFFFFFFFFFFFFFFFFFFFFFF0C
:10FD0800FFFFFFFFFFFFFFFFFFFFFFFFFFFFFFFFFB
:10FD1800FFFFFFFFFFFFFFFFFFFFFFFFFFFFFFFFEB
:10FD2800FFFFFFFFFFFFFFFFFFFFFFFFFFFFFFFFDB
:10FD3800FFFFFFFFFFFFFFFFFFFFFFFFFFFFFFFFCB
:10FD4800FFFFFFFFFFFFFFFFFFFFFFFFFFFFFFFFBB
:10FD5800FFFFFFFFFFFFFFFFFFFFFFFFFFFFFFFFAB
:10FD6800FFFFFFFFFFFFFFFFFFFFFFFFFFFFFFFF9B
:10FD7800FFFFFFFFFFFFFFFFFFFFFFFFFFFFFFFF8B
:10FD8800FFFFFFFFFFFFFFFFFFFFFFFFFFFFFFFF7B
:10FD9800FFFFFFFFFFFFFFFFFFFFFFFFFFFFFFFF6B
:10FDA800FFFFFFFFFFFFFFFFFFFFFFFFFFFFFFFF5B
:10FDB800FFFFFFFFFFFFFFFFFFFFFFFFFFFFFFFF4B
:10FDC800FFFFFFFFFFFFFFFFFFFFFFFFFFFFFFFF3B
:10FDD800FFFFFFFFFFFFFFFFFFFFFFFFFFFFFFFF2B
:10FDE800FFFFFFFFFFFFFFFFFFFFFFFFFF054000D3
:10FDF80040420F0003002C01000000000100000039
:10FE080000000000000000000008000001000000E1
:10FE18004000000000000000000003000100000096
:10FE2800FFFF0000FFFFFFFFFFFFFFFFFFFFFFFFD8
:10FE3800FFFFFFFFFFFFFFFFFFFFFFFFFFFFFFFFCA
:10FE4800FFFFFFFFFFFFFFFFFFFFFFFFFFFFFFFFBA
:10FE5800FFFFFFFFFFFFFFFFFFFFFFFFFFFFFFFFAA
:10FE6800FFFFFFFFFFFFFFFFFFFFFFFFFFFFFFFF9A
:10FE7800FFFFFFFFFFFFFFFFFFFFFFFFFFFFFFFF8A
:10FE8800FFFFFFFFFFFFFFFFFFFFFFFFFFFFFFFF7A
:10FE9800FFFFFFFFFFFFFFFFFFFFFFFFFFFFFFFF6A
:10FEA800FFFFFFFFFFFFFFFFFFFFFFFFFFFFFFFF5A
:10FEB800FFFFFFFFFFFFFFFFFFFFFFFFFFFFFFFF4A
:10FEC800FFFFFFFFFFFFFFFFFFFFFFFFFFFFFFFF3A
:10FED800FFFFFFFFFFFFFFFFFFFFFFFFFFFFFFFF2A
:10FEE800FFFFFFFFFFFFFFFFFFFFFFFFFFFFFFFF1A
:10FEF800FFFFFFFFFFFFFFFFFFFFFFFFFFFFFFFF0A
:10FF0800FFFFFFFFFFFFFFFFFFFFFFFFFFFFFFFFF9
:10FF1800FFFFFFFFFFFFFFFFFFFFFFFFFFFFFFFFE9
:10FF2800FFFFFFFFFFFFFFFFFFFFFFFFFFFFFFFFD9
:10FF3800FFFFFFFFFFFFFFFFFFFFFFFFFFFFFFFFC9
:10FF4800FFFFFFFFFFFFFFFFFFFFFFFFFFFFFFFFB9
:10FF5800FFFFFFFFFFFFFFFFFFFFFFFFFFFFFFFFA9
:10FF6800FFFFFFFFFFFFFFFFFFFFFFFFFFFFFFFF99
:10FF7800FFFFFFFFFFFFFFFFFFFFFFFFFFFFFFFF89
:10FF8800FFFFFFFFFFFFFFFFFFFFFFFFFFFFFFFF79
:10FF9800FFFFFFFFFFFFFFFFFFFFFFFFFFFFFFFF69
:10FFA800FFFFFFFFFFFFFFFFFFFFFFFFFFFFFFFF59
:10FFB800FFFFFFFFFFFFFFFFFFFFFFFFFFFFFFFF49
:10FFC800FFFFFFFFFFFFFFFFFFFFFFFFFFFFFFFF39
:10FFD800FFFFFFFFFFFFFFFFFFFFFFFFFFFFFFFF29
:10FFE800FFFFFFFFFFFFFFFFFFFFFFFFFFFFFFFF19
:08FFF800FFFFFFFFFFFFFFFF09
:020000040802F0
:10000000FFFFFFFFFFFFFFFFFFFFFFFFFFFFFFFF00
:10001000FFFFFFFFFFFFFFFFFFFFFFFFFFFFFFFFF0
:10002000FFFFFFFFFFFFFFFFFFFFFFFFFF05400098
:1000300040420F0003002C010000000001000000FE
:1000400000000000000000000008000001000000A7
:10005000400000000000000000000300010000005C
:10006000FFFF0000FFFFFFFFFFFFFFFFFFFFFFFF9E
:10007000FFFFFFFFFFFFFFFFFFFFFFFFFFFFFFFF90
:10008000FFFFFFFFFFFFFFFFFFFFFFFFFFFFFFFF80
:10009000FFFFFFFFFFFFFFFFFFFFFFFFFFFFFFFF70
:1000A000FFFFFFFFFFFFFFFFFFFFFFFFFFFFFFFF60
:1000B000FFFFFFFFFFFFFFFFFFFFFFFFFFFFFFFF50
:1000C000FFFFFFFFFFFFFFFFFFFFFFFFFFFFFFFF40
:1000D000FFFFFFFFFFFFFFFFFFFFFFFFFFFFFFFF30
:1000E000FFFFFFFFFFFFFFFFFFFFFFFFFFFFFFFF20
:1000F000FFFFFFFFFFFFFFFFFFFFFFFFFFFFFFFF10
:10010000FFFFFFFFFFFFFFFFFFFFFFFFFFFFFFFFFF
:10011000FFFFFFFFFFFFFFFFFFFFFFFFFFFFFFFFEF
:10012000FFFFFFFFFFFFFFFFFFFFFFFFFFFFFFFFDF
:10013000FFFFFFFFFFFFFFFFFFFFFFFFFFFFFFFFCF
:10014000FFFFFFFFFFFFFFFFFFFFFFFFFFFFFFFFBF
:10015000FFFFFFFFFFFFFFFFFFFFFFFFFFFFFFFFAF
:10016000FFFFFFFFFFFFFFFFFFFFFFFFFFFFFFFF9F
:10017000FFFFFFFFFFFFFFFFFFFFFFFFFFFFFFFF8F
:10018000FFFFFFFFFFFFFFFFFFFFFFFFFFFFFFFF7F
:10019000FFFFFFFFFFFFFFFFFFFFFFFFFFFFFFFF6F
:1001A000FFFFFFFFFFFFFFFFFFFFFFFFFFFFFFFF5F
:1001B000FFFFFFFFFFFFFFFFFFFFFFFFFFFFFFFF4F
:1001C000FFFFFFFFFFFFFFFFFFFFFFFFFFFFFFFF3F
:1001D000FFFFFFFFFFFFFFFFFFFFFFFFFFFFFFFF2F
:1001E000FFFFFFFFFFFFFFFFFFFFFFFFFFFFFFFF1F
:1001F000FFFFFFFFFFFFFFFFFFFFFFFFFFFFFFFF0F
:10020000FFFFFFFFFFFFFFFFFFFFFFFFFFFFFFFFFE
:10021000FFFFFFFFFFFFFFFFFFFFFFFFFFFFFFFFEE
:10022000FFFFFFFFFFFFFFFFFFFFFFFFFFFFFFFFDE
:10023000FFFFFFFFFFFFFFFFFFFFFFFFFFFFFFFFCE
:10024000FFFFFFFFFFFFFFFFFFFFFFFFFFFFFFFFBE
:10025000FFFFFFFFFFFFFFFFFFFFFFFFFFFFFFFFAE
:10026000FFFFFFFFFF05400040420F0003002C018D
:10027000000000000100000000000000000000007D
:100280000008000001000000400000000000000025
:100290000000030001000000FFFF0000FFFFFFFF60
:1002A000FFFFFFFFFFFFFFFFFFFFFFFFFFFFFFFF5E
:1002B000FFFFFFFFFFFFFFFFFFFFFFFFFFFFFFFF4E
:1002C000FFFFFFFFFFFFFFFFFFFFFFFFFFFFFFFF3E
:1002D000FFFFFFFFFFFFFFFFFFFFFFFFFFFFFFFF2E
:1002E000FFFFFFFFFFFFFFFFFFFFFFFFFFFFFFFF1E
:1002F000FFFFFFFFFFFFFFFFFFFFFFFFFFFFFFFF0E
:10030000FFFFFFFFFFFFFFFFFFFFFFFFFFFFFFFFFD
:10031000FFFFFFFFFFFFFFFFFFFFFFFFFFFFFFFFED
:10032000FFFFFFFFFFFFFFFFFFFFFFFFFFFFFFFFDD
:10033000FFFFFFFFFFFFFFFFFFFFFFFFFFFFFFFFCD
:10034000FFFFFFFFFFFFFFFFFFFFFFFFFFFFFFFFBD
:10035000FFFFFFFFFFFFFFFFFFFFFFFFFFFFFFFFAD
:10036000FFFFFFFFFFFFFFFFFFFFFFFFFFFFFFFF9D
:10037000FFFFFFFFFFFFFFFFFFFFFFFFFFFFFFFF8D
:10038000FFFFFFFFFFFFFFFFFFFFFFFFFFFFFFFF7D
:10039000FFFFFFFFFFFFFFFFFFFFFFFFFFFFFFFF6D
:1003A000FFFFFFFFFFFFFFFFFFFFFFFFFFFFFFFF5D
:1003B000FFFFFFFFFFFFFFFFFFFFFFFFFFFFFFFF4D
:1003C000FFFFFFFFFFFFFFFFFFFFFFFFFFFFFFFF3D
:1003D000FFFFFFFFFFFFFFFFFFFFFFFFFFFFFFFF2D
:1003E000FFFFFFFFFFFFFFFFFFFFFFFFFFFFFFFF1D
:1003F000FFFFFFFFFFFFFFFFFFFFFFFFFFFFFFFF0D
:10040000FFFFFFFFFFFFFFFFFFFFFFFFFFFFFFFFFC
:10041000FFFFFFFFFFFFFFFFFFFFFFFFFFFFFFFFEC
:10042000FFFFFFFFFFFFFFFFFFFFFFFFFFFFFFFFDC
:10043000FFFFFFFFFFFFFFFFFFFFFFFFFFFFFFFFCC
:10044000FFFFFFFFFFFFFFFFFFFFFFFFFFFFFFFFBC
:10045000FFFFFFFFFFFFFFFFFFFFFFFFFFFFFFFFAC
:10046000FFFFFFFFFFFFFFFFFFFFFFFFFFFFFFFF9C
:10047000FFFFFFFFFFFFFFFFFFFFFFFFFFFFFFFF8C
:10048000FFFFFFFFFFFFFFFFFFFFFFFFFFFFFFFF7C
:10049000FFFFFFFFFFFFFFFFFFFFFFFFFF05400024
:1004A00040420F0003002C0100000000010000008A
:1004B0000000000000000000000800000100000033
:1004C000400000000000000000000300E107010000
:0C04D00000C2EB0B00C000000000CDAB30
:040000050801934912
:00000001FF
