:020000040800F2
:1000000010020020891F0008D51F0008D51F000816
:10001000D51F0008D51F0008D51F000800000000EC
:10002000000000000000000000000000D51F0008D4
:10003000D51F000800000000D51F0008CD010008F2
:1000400000000000D51F0008D51F0008D51F0008BC
:10005000D51F0008D51F0008D51F0008D51F0008B0
:10006000D51F0008D51F0008D51F0008D51F0008A0
:10007000D51F0008D51F0008D51F0008D51F000890
:10008000D51F0008D51F000800000000D51F00087C
:10009000D51F0008D51F0008D51F0008D51F000870
:1000A000D51F0008D51F0008D51F0008D51F000860
:1000B000E903000800000000D51F00080000000050
:1000C000D51F000800000000D51F0008D51F00083C
:1000D000D51F000800000000000000000000000024
:1000E0000000000000000000D51F00080000000014
:1000F0000000000000000000000000000000000000
:10010000D51F00080000000000000000D51F0008F7
:1001100000000000000000000000000000000000DF
:1001200000000000000000000000000000000000CF
:1001300000000000000000000000000000000000BF
:10014000000000000000000000000000D51F0008B3
:1001500053B94AB9002908BF00281CBF4FF0FF312E
:100160004FF0FF3000F00CB8ADF1080C6DE904CE93
:1001700002F03EF8DDF804E0DDE9022304B0704748
:10018000704700BF074B591E1A5C095C41EA022107
:100190009A1E033B125C185C42EA012240EA0220EC
:1001A000704700BF2F0200204FF0E023054A5A613C
:1001B000054AF02182F8231000229A6107221A6171
:1001C000704700BF1E48010000ED00E0024A1368BE
:1001D00001331360704700BF68090020F8B5144B65
:1001E0006FF03A02D3F8E017D3F8AC07D3F8B06752
:1001F000D3F8B4774FF6FF73FFF7AAFF38461446DB
:100200001D466FF03A024FF6FF733146FFF7A0FF2D
:10021000084862406B400021013100F8012B06299B
:100220004FEA122242EA03624FEA1323F4D1F8BDE7
:1002300000F0FF1F6009002008B540F2115001F0E6
:10024000EBFC0823032200214FF0904001F02AFC30
:100250000823002202214FF0904001F001FCBDE88C
:100260000840082201214FF0904001F056BC08B52B
:1002700040F2115001F0D0FC0423032200214FF082
:10028000904001F00FFC0423002202214FF0904027
:1002900001F0E6FBBDE80840042201214FF0904048
:1002A00001F03BBC08B500221C20114601F066FCA1
:1002B000BDE8084040F2117001F0AEBC10B540F24C
:1002C000115001F0A9FC1023032200214FF09040AF
:1002D00001F0E8FBBDE810401023002201214FF09F
:1002E000904001F0BDBB10214FF0904001F013BCD5
:1002F000037810B55940044C044B5A5C4378615C58
:1003000042704B40037010BDC6250008C62400088B
:1003100073B5124C2246552102F8011B104908689A
:100320008988C4F8010091800122227262720D4A0C
:1003300000251288E571ADF80420264614F8011B4B
:1003400001A80135FFF7D4FF0A2DF7D19DF804303D
:10035000B3729DF80530F37202B070BD1802002030
:1003600060090020AC24000837B50C4B0C4C1D78FC
:100370000C4B65701B88ADF804305F2101A821701B
:10038000FFF7B6FF2946FFF7B3FF9DF80430A370CF
:100390009DF80530E37003B030BD00BF06000020BB
:1003A00028020020AC24000837B50C4B0C4C1D78FB
:1003B0000C4B65701B88ADF80430332101A8217007
:1003C000FFF796FF2946FFF793FF9DF80430A370CF
:1003D0009DF80530E37003B030BD00BF060000207B
:1003E00024020020AC240008F8B56549654801F0F6
:1003F000A1FD064640B1634840F2017101F07DFD68
:100400005F49604801F0ACFD5F495E4801F092FD34
:10041000074640B15B4840F2027101F06EFD5A4957
:10042000584801F09DFD5949564801F083FD0546A5
:1004300040B1544840F2037101F05FFD5349514807
:1004400001F08EFD52494F4801F074FD044640B161
:100450004C484FF4E06101F050FD4D49494801F02E
:100460007FFD4C49474801F065FDD0B1454840F259
:10047000037101F042FD4749424801F071FD72B637
:10048000454A00231360454A1360454A4FF4807182
:100490001180444A138062B6434A1370434A137072
:1004A00005E03E4335432C43E4B2002CE7D14049FC
:1004B000344801F03FFD10B3394A1388DBB13749A6
:1004C00030480C68013B1380631C5A42D2B2DBB245
:1004D00058BF53420B6001F00CFD364B23F814005B
:1004E000324B01221A70344B1A68344B1A602D4A71
:1004F0001388013313802E49224801F031FD304921
:10050000204801F017FDC0B12E4D2F4B2C881B88C1
:10051000A34226D94FF49672B4FBF2F302FB1343C5
:100520009BB22A4A174832F81310013401F0DDFC5F
:100530002C802349134801F013FD2549114801F08F
:10054000F9FCE0B10F48062101F0E9FC10214FF061
:10055000904001F0E0FABDE8F8401D49094801F07B
:10056000FFBC0848072101F0DAFC0648062101F02B
:10057000CCFC0E4A00231370164A1370D9E7F8BD5D
:1005800000020107004400400002020700020307C6
:100590000800000705000307580700205C0700203B
:1005A0000A000020540700202E0300203D030020F5
:1005B00005000507600700206809002038030020B7
:1005C00007000707FA040020F8040020FC040020BC
:1005D000060006073C03002010B5174C204601F02A
:1005E00005FC2046042101F078FC2046082101F09A
:1005F0006CFC2046052101F088FC20464FF4007178
:1006000001F083FC2046082101F07FFC20460B49C5
:1006100001F008FC2046002101F03AFC20460021B0
:1006200001F042FC2046002101F026FC2046BDE8F6
:10063000104001F045BC00BF0044004040420F00A4
:100640002DE9F04F764B1A8885B0002A31D072B66A
:100650001A88013A1A8062B67248734F01684B1CBF
:100660005A42D2B2DBB258BF534203606F4B33F8E9
:1006700011403B78002B58D1FF2C14D8AA2CE1B2A2
:100680001AD16B49032008706A496B480B706B499B
:100690000B706B4B01221A70FF233A70037043708A
:1006A0002146FFF725FE72B6664A13880133138090
:1006B00062B605B0BDE8F08FCC290FD102223A70A6
:1006C0005B4A13705B4A5C4813705C4A13705C4B66
:1006D00001221A70FF2303704370E2E7AF2901D1B2
:1006E0000322ECE7A02901D10422E8E7552905D12E
:1006F00005223A704E4A0B201070E3E7332904D1EB
:1007000005223A7003204A4AF6E75F2906D10523FD
:100710003B70474B03221A700023D3E75029C2D104
:1007200006233B700222424BF5E7013B052BBAD86A
:10073000DFE813F03805C705F3040600E505EE050C
:100740003B4D2978B9B9404BFF2C1E7809D93A485E
:10075000FFF7CEFD16B13A4B00221A7001232B7021
:10076000A1E7E4B234482146FFF7C2FDA642F5D026
:10077000FF2CF3D0EFE70139082994D801A353F8EF
:1007800021F000BFA9070008C1070008A70600085C
:10079000A7060008A7060008A7060008EB07000840
:1007A0001312000855080008B4F5807F274B224833
:1007B00028BF0024E1B21970FFF79AFD0223CEE7AB
:1007C000FF2C1E4B08D900211B481970FFF790FD24
:1007D000174B08221A7066E7E1B217481970FFF745
:1007E00087FD002CF4D00723B9E712480378B4F54D
:1007F000807F28BF0024FF22B3FBF2F21A440133AA
:10080000DDB2E1B202F0FF02114C05700A48A154BA
:10081000FFF76EFD094B1B78AB427FF444AFD7E77F
:1008200054070020580700202E03002060070020F6
:100830002D0300202C030020010000202B030020AA
:10084000000000200A000020060000201602002000
:100850002C020020D14BD24A4FF0000883F80080D0
:100860001278D04B5B78002A00F0C381B4F5807F0A
:1008700028BF44469C4240F0BC81CB4BCB49CC4A7C
:100880001B780978B2F900200091002B00F0AB81B1
:100890008A4200F0A881C74C94F80090B9F1F50F96
:1008A00040F0AA81C44B93F800B0BBF1FF0F00F0F9
:1008B0009A81C24A1388002B00F09581C049C14E2D
:1008C000D1F800A0013B13800AF10103B8EB030249
:1008D00002F01F0203F01F0358BF53420B60BA4BD4
:1008E000BA4A1D881288ADF80C204FF4967403A8FC
:1008F0005021FFF7FDFCB5FBF4F204FB125292B25B
:100900005021B1545946FFF7F3FC6A1C92B2B2FB76
:10091000F4F104FB112292B206F802B0DFF8C0B283
:100920009BF800100191FFF7E3FCAA1C92B2B2FB06
:10093000F4FC04FB1C22019992B2B15401318BF8F2
:1009400000101321FFF7D4FCEA1C92B2B2FBF4F1C1
:1009500004FB112292B21321B1544946FFF7C8FC9F
:100960002A1D92B2B2FBF4F104FB112292B20121D2
:1009700006F80290FFF7BCFC6A1D92B2B2FBF4F1DC
:1009800004FB112292B24FF00109414606F8029091
:10099000FFF7AEFCAA1D92B2B2FBF4F104FB1122E8
:1009A00092B23B2106F80280FFF7A2FCEA1D92B248
:1009B000B2FBF4F104FB112292B23B21B1540D21A0
:1009C000FFF796FC05F1080292B2B2FBF4F104FBCA
:1009D000112292B20D21B1544946FFF789FC05F16D
:1009E000090292B2B2FBF4F104FB112292B2414629
:1009F00006F80290FFF77CFC05F10A0292B2B2FB06
:100A0000F4F104FB112292B2672106F80280FFF78D
:100A10006FFC05F10B0292B2B2FBF4F104FB112260
:100A200092B26721B1546421FFF762FC05F10C0218
:100A300092B2B2FBF4F104FB112292B26421B154E0
:100A40003321FFF755FC05F10D0292B2B2FBF4F130
:100A500004FB112292B24FF03308322106F80280D3
:100A6000FFF746FC05F10E0292B2B2FBF4F104FB73
:100A7000112292B23221B1546621FFF739FC05F1FF
:100A80000F0292B2B2FBF4F104FB112292B2662182
:100A9000B1544146FFF72CFC05F1100292B2B2FBB3
:100AA000F4F104FB112292B2414606F80280FFF7EE
:100AB0001FFC05F1110292B2B2FBF4F104FB11220A
:100AC00092B2302106F80280FFF712FC05F1120203
:100AD00092B2B2FBF4F104FB112292B23021B15474
:100AE0006B21FFF705FC05F1130292B2B2FBF4F1A2
:100AF00004FB112292B26B21B1543821FFF7F8FBAD
:100B000005F1140292B2B2FBF4F104FB112292B28D
:100B10003821B1547521FFF7EBFB05F1150292B2B4
:100B2000B2FBF4F104FB112292B27521B1543621CB
:100B3000FFF7DEFB05F1160292B2B2FBF4F104FB03
:100B4000112292B23621B15405F1170292B2B2FBD2
:100B5000F4F104FB112292B29DF80C10B15405F18E
:100B6000180292B2B2FBF4F104FB112292B2164BBE
:100B70009DF80D10B15405F119021A80144B23F899
:100B80001A50144B192203F80A20134B102203F8B1
:100B90000A20124A13884B4424E000BF3D03002082
:100BA00000000020010000202B030020160200207E
:100BB000040000202C020020060000200800002075
:100BC00074040020400300203E030020AC240008F1
:100BD000B804002098040020780400206C04002051
:100BE000170200201380B94B01221A70B84B009AEB
:100BF0001A8000233B7056E5B9F1FB0FF3D1012BAE
:100C00000BD1BFF34F8FB349B34BCA6802F4E06214
:100C10001343CB60BFF34F8FFEE7072BE3D9B4F844
:100C20000110002940F01181182BDCD1AB4BE27987
:100C30001970B4F80510A37AB1F56C5FD3D10D2A01
:100C4000D1D1012BCFD194F80CB094F80DA094F829
:100C50000E9094F80F8094F810E094F811C0A67CE0
:100C6000E57C207D617DA27DE37DBBF1670FBAD17C
:100C7000BAF1640FB7D1B9F1330FB4D1B8F1320F73
:100C8000B1D1BEF1660FAED1BCF1330FABD1332E73
:100C9000A9D1302DA7D16B28A5D13829A3D1752A88
:100CA000A1D1362B9FD172B600F06AFE202000F051
:100CB0007DFE102000F07AFE042000F077FE8848C8
:100CC00000F098FE202000F071FE102000F06EFE73
:100CD000042000F06BFE00F061FE62B6B4F8033051
:100CE000804A5BBA1380804B4FF00209A3F8009052
:100CF0007E4B93F800A0BAF1FF0F00F0A2807C4A6F
:100D00001388002B00F09D807A49DFF804B2D1F8F7
:100D10000080BBF80050784E013B138008F10103BE
:100D20005A4202F01F0203F01F0358BF53420B60E8
:100D3000724B4FF4967403A81B88ADF80C30502109
:100D4000FFF7D6FAB5FBF4F304FB13539BB2502222
:100D50005146F254FFF7CCFA6B1C9BB2B3FBF4F292
:100D600004FB12339BB206F803A0DFF8A8A19AF89F
:100D700000100191FFF7BCFA05EB09039BB2B3FB2E
:100D8000F4F204FB123301999BB2F15401318AF859
:100D900000100321FFF7ACFAEB1C9BB2B3FBF4F29B
:100DA00004FB12339BB20322FB21F254FFF7A0FA9B
:100DB0002B1D9BB2B3FBF4F204FB12339BB2FB225C
:100DC0000021F254FFF794FA6B1D9BB2B3FBF4F2CF
:100DD00004FB12339BB200224946F254FFF788FA13
:100DE000AB1D9BB2B3FBF4F204FB12339BB206F8CB
:100DF0000390EB1D9BB2B3FBF4F204FB12339BB2E6
:100E00009DF80C20F25405F108039BB2B3FBF4F2F9
:100E100004FB12339BB29DF80D20F25405F1090337
:100E2000ABF80030364B23F81850364B092203F844
:100E30000820354B102203F80820344A1388013368
:100E40001380264B01221A70CDE6274E4DBA328808
:100E5000ADB2AA427FF4C7AED4F803801F48DC1FAE
:100E60000022C4F38504B1F5807F027098FA88F8F7
:100E700004F1FF3450D1154624E04FEA850909F109
:100E80000700FFF77FF9064672B600F079FD2020D3
:100E900000F08CFD102000F089FD042000F086FD9C
:100EA000314609EB080000F0C1FD202000F07EFD76
:100EB000102000F07BFD042000F078FD00F06EFDB6
:100EC00062B60135A542D8DD8DE600BF31030020B2
:100ED0000400002000ED00E00400FA0510020020EC
:100EE0000028000814020020120200200600002042
:100EF000080000207404002040030020AC240008F7
:100F0000B804002098040020780400206C0400201D
:100F10003E03002017020020C8F30903D3B972B6BC
:100F200000F02EFD202000F041FD102000F03EFDDD
:100F3000042000F03BFD404600F05CFD202000F066
:100F400035FD102000F032FD042000F02FFD00F0F0
:100F500025FD62B64FF00009A14540F3B780B44BC0
:100F60001B88AB42B34B93F800A01ABF0135ADB25A
:100F70000125BAF1FF0F35803FF463AFAE4A138805
:100F8000002B3FF45EAFAD49DFF8E8B2D1F8009036
:100F9000BBF80060DFF8E082013B138009F1010338
:100FA0005A4202F01F0203F01F0358BF53420B6066
:100FB000A34B4FF4967403A81B88ADF80C30502156
:100FC000FFF796F9B6FBF4F304FB13639BB25022D0
:100FD000514608F80320FFF78BF9731C9BB2B3FB53
:100FE000F4F204FB12339BB208F803A0DFF88CA2E2
:100FF0009AF800100191FFF77BF9B31C9BB2B3FB89
:10100000F4F204FB123301999BB208F8031001318A
:101010008AF800100321FFF76BF9F31C9BB2B3FBB6
:10102000F4F204FB12339BB20322FB2108F80320E5
:10103000FFF75EF9331D9BB2B3FBF4F204FB1233EE
:101040009BB24FEA152AFB22514608F80320FFF70E
:101050004FF9731D9BB2B3FBF4F204FB12339BB246
:10106000EDB2294608F803A0FFF742F9B31D9BB281
:10107000B3FBF4F204FB12339BB208F80350F31DE8
:101080009BB2B3FBF4F204FB12339BB29DF80C202D
:1010900008F8032006F108039BB2B3FBF4F204FB4B
:1010A00012339BB29DF80D2008F8032006F10903C6
:1010B000ABF80030634B23F81960634B092203F847
:1010C0000920624B102203F80920B6E64FEA890B8B
:1010D0000BF10700FFF756F8824672B600F050FC9D
:1010E000202000F063FC102000F060FC042000F0E1
:1010F0005DFC51460BEB080000F098FC202000F04E
:1011000055FC102000F052FC042000F04FFC00F0D1
:1011100045FC62B609F101091EE74D4B1978C9B9C2
:10112000444BFF2C1D7805D94A48FFF7E1F865B913
:10113000FFF74EBBE4B247482146FFF7D9F8A54276
:101140003FF446ABFF2C3FF443AB434B00221A70F5
:10115000FFF73EBB082907D13E4BB4F5807F1B78D3
:1011600028BF0024A3425BE009297FF49CAA3B4BE3
:10117000394900221A700978364B5B7800293FF410
:1011800038ADB4F5807F28BF14469C427FF431AD62
:10119000334B197800293FF42CAD324901200870F7
:1011A0001A7026E52A4E3378032B23D12E4F294877
:1011B0003D780622B5FBF2F302FB1353DBB22B4A58
:1011C000B4F5807FD35C28BF0024E1B28B4218BF06
:1011D000214B05F1010518BF0022EDB218BF1A70AE
:1011E000FFF786F8062D3D707FF45DAA002333706B
:1011F000FFF759BA5BB9B4F5807F1D4B154828BF7E
:101200000024E1B21970FFF773F80823EFE7082B09
:1012100036D1104BB4F5807F1B7828BF00249C4248
:101220001EBF0D4B00221A70094B0922FFF7D2BADC
:101230001402002006000020080000207404002092
:10124000AC240008B8040020980400207804002092
:101250002D03002001000020000000203D0300209D
:101260002F030020300300202C0300206009002001
:10127000160200203E030020400300201702002039
:10128000092B7FF410AA2A4B2A4A00251D701278D8
:10129000294B5B78002A3FF4ACACB4F5807F28BFC3
:1012A0002C469C427FF4A5AC244B1A78244B1A7030
:1012B000FFF75AF8FFF778F8224B01221D70224BF6
:1012C0006EE7224B197800293FF42AAF0829A0D0F5
:1012D00009297FF4E8A9164B00221A70154A164B0B
:1012E00012785B78002A3FF484ACB4F5807F28BF85
:1012F00000249C427FF47DAC114BFF2250E7134A3F
:101300001378012B7FF675AC013B1370FFF7CBB957
:101310000E4A1378012BF7D8FF2C98BF02344FF0F8
:10132000050394BFE4B202243B701470FFF7BBB90D
:101330003D030020000000200100002016020020D4
:1013400006000020310300200C0000202D030020A7
:10135000714B2DE9F74F1B78704F3C78002B40F014
:10136000AD80002C40F0AA806D4B6E4D1B786E4E08
:10137000FF2B00F0B9806D4B1A78E2B110214FF0CD
:1013800090401C7000F0C5FB694A6A4B11781980C7
:10139000517859809178D2789980DA80664B674885
:1013A00004221A80664B07211C8000F0AEFD3368D2
:1013B0002B6001233B70D6F800A02B68AAEB030337
:1013C000012B58D95F490B88002B54D05E4ADFF8B7
:1013D00098B114681BF80490B9F1000F7FD05B48F6
:1013E00030F8140001905A4890F80080B8F1000FCE
:1013F00014D04FF0000C013B01340B8080F800C08A
:10140000BCEB040303F01F0304F01F0458BF5C424D
:101410001460504A1388013313802CE04E4B4FF078
:1014200090401B5D0093102100F073FB424BDFF8EE
:1014300004C1A3F80080009BDFF830E15A1E4FF48E
:10144000967043469A423CDAB8F1000F02D03A4B0C
:10145000009A1A803A4B3948002207211A8009F174
:10146000FF3900F052FD3D4A0BF804900123137040
:10147000C5F800A03B7033682A689B1AB3F57A7FE1
:101480001CD910214FF0904000F043FB344A294B07
:1014900011781980517859809178D278DA809980C2
:1014A000254B04221A80264B2448002207211A804B
:1014B00000F02BFD33682B6001233B7003B0BDE8C7
:1014C000F08F01995918B1FBF0F800FB18114FF09B
:1014D00001081EF801102CF813100133B2E7013B8C
:1014E00001340B8063428DE733682A689B1AB3F599
:1014F0007A7FE3D910214FF0904000F00AFB194A9F
:101500000C49234612F8010B21F8130001330C2B70
:10151000F8D1094A1380C6E73D0300203C030020B0
:101520000600002034030020680900203103002059
:1015300028020020FC040020F804002000440040A1
:10154000FA0400206C04002070040020B80400207D
:101550003003002008000020980400202F03002002
:1015600024020020180200207804002040030020FC
:101570000D4B0E4A19681368CB1A012B10B511D9FF
:1015800072B60B48002303600A4803600A484FF410
:10159000807404800948038062B6094811600370B2
:1015A0000848037010BD00BF680900203803002000
:1015B000580700205C0700200A0000205407002084
:1015C0002E0300203D0300204B4B1B782DE9F347F1
:1015D000002B00F08E80494B93F80090B9F1FF0F7B
:1015E00000F08780464A1388002B00F0828045492E
:1015F000DFF830810F68B8F80050434E013B13808C
:101600007B1C5A4202F01F0203F01F0358BF5342D3
:101610000B603E4B4FF4967401A81B88ADF8043064
:101620005021FEF765FEB5FBF4F304FB13539BB2A8
:1016300050224946F254FEF75BFE6B1C9BB2B3FB93
:10164000F4F204FB12339BB206F80390DFF8D89053
:1016500099F800A05146FEF74BFEAB1C9BB2B3FBC2
:10166000F4F204FB12339BB2012106F803A00AF145
:10167000010A89F800A0FEF73BFEEB1C9BB2B3FB0E
:10168000F4F204FB12339BB20122F254204B93F884
:1016900000904946FEF72CFE2B1D9BB2B3FBF4F2E3
:1016A00004FB12339BB206F803906B1D9BB2B3FB95
:1016B000F4F204FB12339BB29DF80420F254AB1DEC
:1016C0009BB2B3FBF4F204FB12339BB29DF80520EE
:1016D000F254EB1DA8F800300E4B23F817500E4BB8
:1016E0000722DA550D4B1022DA550D4A13880133C3
:1016F000138002B0BDE8F0870C0000200600002037
:10170000080000207404002040030020AC240008DE
:1017100007000020B804002098040020780400206E
:101720006C0400203E03002017020020064BD3F873
:101730000028013207D072B6D3F8002882F3088857
:10174000D3F8043818477047002000085A4B1B781C
:101750002DE9F74F002B00F0AC80584B93F800A018
:10176000BAF1FF0F00F0A580554A1388002B00F056
:10177000A0805449DFF86C81B1F800905249B8F864
:1017800000500F68514E013B13807B1C5A4202F0FF
:101790001F0203F01F0358BF53420B604C4B4FF422
:1017A000967401A81B88ADF804305021FEF7A0FD07
:1017B000B5FBF4F304FB13539BB250225146F25491
:1017C000FEF796FD6B1C9BB2B3FBF4F204FB1233E5
:1017D0009BB206F803A0DFF810A19AF800B05946B2
:1017E000FEF786FDAB1C9BB2B3FBF4F204FB123395
:1017F0009BB2032106F803B00BF1010B8AF800B08D
:10180000FEF776FDEB1C9BB2B3FBF4F204FB123344
:101810009BB20322FB21F254FEF76AFD2B1D9BB203
:10182000B3FBF4F204FB12339BB24FEA192AFB22FA
:101830005146F254FEF75CFD6B1D9BB2B3FBF4F214
:1018400004FB12339BB25FFA89F9494606F803A0FC
:10185000FEF74EFDAB1D9BB2B3FBF4F204FB12335B
:101860009BB206F80390EB1D9BB2B3FBF4F204FBB2
:1018700012339BB29DF80420F25405F108039BB289
:10188000B3FBF4F204FB12339BB29DF80520F25433
:1018900005F10903A8F800300E4B23F817500E4B42
:1018A0000922DA550D4B1022DA550D4A13880133FF
:1018B000138003B0BDE8F08F100200200600002066
:1018C00008000020120200207404002040030020C1
:1018D000AC240008B80400209804002078040020FC
:1018E0006C0400203E0300201702002008B5FEF71C
:1018F0005BFCFEF773FCFEF79FFCFEF7B8FCFEF7FF
:10190000D1FCFEF7DBFCFEF7EEFCFEF701FDFEF777
:101910002BFDFEF749FDBDE80840FEF75DBE000067
:101920002DE9F0470025DFF848802F462E4643F684
:10193000972940F6B73AD8F80040A31BB3F5FA6FE1
:1019400002D3FFF741FE2646E31B4B4502D9FFF7C2
:10195000EDFE2746631B534502D9FFF7F7FE2546E8
:10196000FEF76EFEFFF7F4FCFFF702FEE3E700BFB1
:101970006809002008B5FFF7B9FFFFF7D1FF0000A5
:10198000044B1A69120641BF034A5A6002F18832B9
:101990005A6070470020024023016745024A1369DC
:1019A00043F080031361704700200240014BD86070
:1019B000704700BF00200240074BDA68D10707D408
:1019C000DA68D20606D4D868C0F3800040007047B9
:1019D00001207047032070470020024010B50446E4
:1019E000FFF7EAFF012804F1FF3402D1002CF7D100
:1019F000042010BD38B505464FF47020FFF7EEFF08
:101A000088B9094C236943F00203236165612369A6
:101A100043F0400323614FF47020FFF7DFFF236999
:101A200023F00203236138BD0020024070B5054653
:101A30004FF470200E46FFF7D1FF68B9074C2369B9
:101A400043F0010323614FF470202E60FFF7C6FFBF
:101A5000236923F00103236170BD00BF0020024011
:101A60002DE9F0430568C46800264FF0010E4FF0E1
:101A700003080EFA06F71F420DD0770008FA07FC9C
:101A800001FA07F925EA0C0524EA0C0402FA07F723
:101A900049EA05053C430136102EEAD10560C460D1
:101AA000BDE8F08301294168F0B50CBF19439943A3
:101AB0004FF6FF744160A242816815D1C46B0022C9
:101AC00001274FF0030C07FA02F61E421CBF550017
:101AD0000CFA05F502F101021CBF29433443102A18
:101AE000F1D18160C463F0BD002401274FF0030CE5
:101AF00007FA04F51D4207D065000CFA05F621EA45
:101B0000060102FA05F529430134102CF0D1816059
:101B1000E9E78161704781627047F0B5066A456AFE
:101B200000234FF0010C4FF00F0E0CFA03F4144297
:101B300007D09C000EFA04F726EA070601FA04F41F
:101B400026430133082BF0D100234FF0010C4FF056
:101B50000F0E03F108040CFA04F4144207D09C00A1
:101B60000EFA04F725EA070501FA04F425430133C8
:101B7000082BEED106624562F0BD000010B51D4C89
:101B8000E36803F4E063B3F5A06F08D020D8B3F5A1
:101B9000407F26D0B3F5806F26D0174BE360022339
:101BA0001C46C4F10404A140C3F104040F23E34024
:101BB0001340124A0B431B011118DBB281F80033AA
:101BC0004109012300F01F00834042F8213010BD7D
:101BD000B3F5C06F0BD0B3F5E06FDED10423002462
:101BE000DFE700230424DCE701230324D9E70323F0
:101BF0000124D6E700ED00E00005FA0500E100E071
:101C000021F06041034B21F07F0101439960BFF354
:101C10004F8F704700ED00E0830903F1804303F527
:101C2000043300F01F001968012282400A431A6041
:101C30007047830903F1804303F5043300F01F006C
:101C40001A680121814022EA01021A607047FFF7F9
:101C5000E3BFFFF7EEBF0000F0B55D4B89B005466E
:101C600004AC03F110061F4618685968224603C2E7
:101C70000833B3421446F7D1716838696B4603C321
:101C800003C354494B68C3F38103022B44D14A6810
:101C90004868CB6A0601C2F383424FEAD37334D457
:101CA000002B30D102324B68C86ADC0332D5CB6AD4
:101CB000400003F00F0354BF474848480133B0FBCE
:101CC000F3F35A434B68C3F3031320336B4413F805
:101CD000104C4B68C3F3022320336B4422FA04F404
:101CE00013F8206C4B68C3F3C22320336B4413F802
:101CF000183C24FA03F0062D10D8DFE805F0641232
:101D0000141017464F002132CDE70BB91132CAE744
:101D10003132C8E7324BD4E72F4AD3E7002009B06D
:101D2000F0BD2046FBE724FA06F0F8E70B6BDA0576
:101D300007D40B6B2B4813F4803F2B4B08BF18467E
:101D4000EDE74A680B6BC2F38132022A4FEAD37384
:101D50000FD0032A14D0012A06D00BB94008DEE7C1
:101D60000320B4FBF0F0DAE70BB98008D7E70520D1
:101D7000F7E71BB90623B0FBF3F0D0E70720F0E745
:101D80000BB9C008CBE70920EBE70B6B13F0400F52
:101D900048F2120018BF4FF40040C0E70B6B9B07DE
:101DA000BDD00B6B03F00303012B0CD00B6B03F0C6
:101DB0000303022B09D00B6B074803F00303032B2B
:101DC00018BF0020ABE71046A9E74FF40040A6E794
:101DD000AE2400080010024000127A00006CDC0201
:101DE00000093D00003FAB01809FD50008B50C4BBA
:101DF00098420DD003F57443984210D140F20E3052
:101E0000FFF725FF40F20E30BDE80840FFF721BF85
:101E100040F21140FFF71BFF40F21140F4E708BD0C
:101E20000044004038B5134B984204460D4618D084
:101E300003F57443984216D10620FFF70DFF226880
:101E400012044FEA550310D503EB4003B3FBF5F141
:101E5000C1F3420321F00F010904090C0B43E360B5
:101E600038BD0220E9E70020E9E70344B3FBF5F3BE
:101E70009BB2F4E700440040036823F001030360D1
:101E8000036823F4C063036003680B430360704777
:101E9000036823F001030360036823F480530360A5
:101EA00003680B4303607047036823F0010303607A
:101EB000436823F44053436043680B4343607047D7
:101EC000036843F0010303607047036823F00803CD
:101ED000036003680B4303607047036823F0040347
:101EE000036003680B4303607047C1F3080181621C
:101EF0007047406AC0F308007047026A01F01F0192
:101F000001238B401343036270478A0910B501F027
:101F10001F01145801238B402343135010BD10B5EB
:101F20008C090122235801F01F018A4023EA020391
:101F3000235010BDC1F3891310B51C588B0D1A58CE
:101F4000C1F30440012303FA00F0104006D001F071
:101F50001F018B40234214BF0120002010BD000050
:101F6000084B994206D1D0F8D03023F40043C0F892
:101F7000D0307047026AC1F3044101238B40134300
:101F80000362704709340F34DFF830D0002103E0DA
:101F90000B4B5B58435004310A480B4B42189A4292
:101FA000F6D30A4A02E0002342F8043B084B9A4267
:101FB000F9D300F011F8FFF7DDFC704710020020A4
:101FC000D826000800000020100000201002002089
:101FD0006C090020FEE700007E4BDA6902F0060281
:101FE000062A82B047D0DA69900444D57A4A7B4900
:101FF00059605A6099609A601A6942F020021A6129
:102000001A6942F040021A61DA68D107FCD41A69F1
:1020100022F020021A611A6942F010021A61DA698C
:1020200012F0060F6E4A40F0C780A5231380694B5B
:102030006B4AD969090A01F0DF015180D969C1F3FE
:1020400007419180D969090ED180196AC9B21181FD
:10205000196AC1F307215181DA68D207FCD41A69E1
:1020600022F010021A611A6922F400721A611A69C8
:1020700042F080021A615B4AD2F8883043F4700360
:10208000C2F88830584B1A6842F001021A601A6888
:102090009007FCD55A6842F080025A6000220192F3
:1020A000019A4F2A40F290805A6842F090025A609A
:1020B00000220192019A4F2A40F289805A6822F048
:1020C00003025A601A6822F0867222F480321A6083
:1020D0005968464A0A405A605A6822F0084222F477
:1020E00074125A60DA6A22F0404222F00F02DA6279
:1020F0001A6B22F4817222F001021A631A6B22F425
:1021000080321A631A6B22F000421A635A6B22F073
:1021100001025A63D3F8C02022F48032C3F8C020F1
:1021200000229A60C3F8CC201A6842F480321A6008
:102130004FF400621968890301D4013AFAD11A6890
:10214000900333D55A685A605A6842F400525A6074
:102150005A6842F480625A605A6822F0036222F49C
:1021600070225A60DA6A22F0404222F00F02DA62EC
:102170005A6842F0016242F480325A60DA6A42F0F0
:102180000102DA62DA6ADA621A6842F080721A6070
:102190001A689101FCD55A6822F003025A605A6805
:1021A00042F002025A605A681207FCD500214FF033
:1021B000006002B0FFF724BDDB6903F00603022BC9
:1021C0007FF435AFBB2331E7019A013267E7019A0B
:1021D00001326EE700200240AB89EFCD2301674555
:1021E00000F8FF1F00ED00E0001002400C00FF08A7
:1021F0002DE9F047089D0C46002B4ED194468C45A6
:102200008646B2FA82F262D94AB1C2F12003914005
:1022100020FA03F30CFA02FC194300FA02FE4FEA1B
:102220001C471FFA8CF6B1FBF7F44FEA1E4307FB7D
:10223000141143EA014304FB06F199420AD91CEB4D
:10224000030304F1FF3080F01381994240F21081C2
:10225000023C6344591A1FFA8EF3B1FBF7F007FBF7
:10226000101143EA014300FB06F69E420AD91CEB1B
:10227000030300F1FF3180F0FD809E4240F2FA80BE
:10228000634402389B1B40EA044000211DB1D34047
:102290000022C5E90032BDE8F0878B4205D90DB1B7
:1022A000C5E9000100210846F5E7B3FA83F10029EA
:1022B00046D1A34202D39042C0F0F180861A64EB6B
:1022C00003030120002DE6D0C5E90063E3E7002AFF
:1022D00040F09180A1EB0C044FEA1C481FFA8CF7E8
:1022E0000121B4FBF8F64FEA1E4308FB164443EA0B
:1022F000044307FB06F0984208D91CEB030306F1E0
:10230000FF3402D2984200F2CE8026461C1A1FFAF1
:102310008EF3B4FBF8F008FB104443EA044300FBDF
:1023200007F79F4208D91CEB030300F1FF3402D2E8
:102330009F4200F2B1802046DB1B40EA0640A5E741
:10234000C1F120068B4022FA06F71F4320FA06FC53
:1023500004FA01F343EA0C03F44000FA01F8380CE4
:102360004FEA1349B4FBF0FE1FFA87FC00FB1E4442
:1023700049EA04440EFB0CF9A14502FA01F20AD91C
:102380003C190EF1FF3A80F08580A14540F2828031
:10239000AEF1020E3C44A4EB09041FFA83F9B4FB2E
:1023A000F0F300FB134449EA044403FB0CFCA4458E
:1023B00007D93C1903F1FF3068D2A44566D9023B26
:1023C0003C4443EA0E40A0FB0293A4EB0C049C4265
:1023D000CE469C4652D34FD055B1B8EB0E0364EBBA
:1023E0000C0404FA06F6CB40CC401E43C5E9006459
:1023F0000021BDE8F087C2F1200320FA03F10CFAB6
:1024000002FC24FA03F394400C434FEA1C4800FA00
:1024100002FE1FFA8CF7B3FBF8F008FB1031230C17
:1024200043EA014300FB07F1994208D91CEB03037F
:1024300000F1FF362CD299422AD9023863445B1A44
:10244000A4B2B3FBF8F108FB113344EA034401FBE7
:1024500007F3A34208D91CEB040401F1FF3613D2A1
:10246000A34211D902396444E41A41EA004138E731
:102470000446EFE6084605E7C845ADD2B9EB020EC3
:1024800063EB070C0138A7E73146EDE7034698E711
:102490003046D4E7D6467EE7634402384CE706462A
:1024A000234608460EE7023E63442FE7FFFF000085
:1024B00000000000000001020304060708090000F4
:1024C00000000102030400C0C101C30302C2C6062A
:1024D00007C705C5C404CC0C0DCD0FCFCE0E0ACA5C
:1024E000CB0BC90908C8D81819D91BDBDA1A1EDEAC
:1024F000DF1FDD1D1CDC14D4D515D71716D6D2125C
:1025000013D311D1D010F03031F133F3F23236F66B
:10251000F737F53534F43CFCFD3DFF3F3EFEFA3A1B
:102520003BFB39F9F83828E8E929EB2B2AEAEE2EAB
:102530002FEF2DEDEC2CE42425E527E7E62622E21B
:10254000E323E12120E0A06061A163A3A26266A66B
:10255000A767A56564A46CACAD6DAF6F6EAEAA6ADB
:102560006BAB69A9A86878B8B979BB7B7ABABE7E2B
:102570007FBF7DBDBC7CB47475B577B7B67672B2DB
:10258000B373B17170B0509091519353529296566B
:102590005797559594549C5C5D9D5F9F9E5E5A9A9B
:1025A0009B5B99595898884849894B8B8A4A4E8E2B
:1025B0008F4F8D4D4C8C448485458747468682429B
:1025C00043834181804000C1814001C0804101C0FE
:1025D000804100C1814001C0804100C1814000C1F3
:1025E000814001C0804101C0804100C1814000C1E3
:1025F000814001C0804100C1814001C0804101C0D3
:10260000804100C1814001C0804100C1814000C1C2
:10261000814001C0804100C1814001C0804101C0B2
:10262000804100C1814000C1814001C0804101C0A2
:10263000804100C1814001C0804100C1814000C192
:10264000814001C0804101C0804100C1814000C182
:10265000814001C0804100C1814001C0804101C072
:10266000804100C1814000C1814001C0804101C062
:10267000804100C1814001C0804100C1814000C152
:10268000814001C0804100C1814001C0804101C042
:10269000804100C1814001C0804100C1814000C132
:1026A000814001C0804101C0804100C1814000C122
:1026B000814001C0804100C1814001C0804101C012
:0826C000804100C181400000CF
:0426C800F8B500BFA2
:0426CC00F8B500BF9E
:0826D00020FBFF7F0100000068
:1026D80001FFFF00FFFFFFF22000000101000000E2
:0400000508001F8947
:020000040800F2
:1028000068030020B5B9000801BA000801BA000841
:1028100001BA000801BA000801BA0008000000006F
:1028200000000000000000000000000001BA0008E5
:1028300001BA00080000000001BA0008B929000828
:102840000000000001BA000801BA000801BA00083F
:1028500001BA000801BA000801BA000801BA00086C
:1028600001BA000801BA00081DA9000801BA000851
:1028700001BA000801BA000801BA000801BA00084C
:1028800001BA000801BA00080000000001BA0008FF
:1028900001BA00082158000801BA0008795500085B
:1028A00001BA000801BA000801BA0008F968000876
:1028B000E92B00080000000001BA00080000000039
:1028C000E55600080000000001BA000801BA00083F
:1028D00001BA000800000000000000000000000035
:1028E000000000000000000001BA00080000000025
:1028F00000000000000000000000000000000000D8
:1029000001BA0008000000000000000001BA000841
:1029100000000000000000000000000000000000B7
:1029200000000000000000000000000000000000A7
:102930000000000000000000000000000000000097
:1029400000000000000000000000000001BA0008C4
:1029500053B94AB9002908BF00281CBF4FF0FF3106
:102960004FF0FF3000F00CB8ADF1080C6DE904CE6B
:1029700009F054F9DDF804E0DDE9022304B0704702
:10298000704700BF02440346934200D1704703F8EA
:10299000011BF9E74FF0E023054A5A61054AF0218F
:1029A00082F8231000229A6107221A61704700BF43
:1029B0001E48010000ED00E0024A13680133136075
:1029C000704700BFAC1F0020F8B5144B6FF03A02FF
:1029D000D3F8E017D3F8AC07D3F8B067D3F8B477DF
:1029E0004FF6FF73FFF7B4FF384614461D466FF0ED
:1029F0003A024FF6FF733146FFF7AAFF08486240DC
:102A00006B400021013100F8012B06294FEA122208
:102A100042EA03624FEA1323F4D1F8BD00F0FF1F2E
:102A2000A41F002008B503494FF0006008F088FBA0
:102A300062B608BD0028000808B540F2115008F041
:102A40008BFB0823032200214FF0904008F0BCF9D3
:102A50000823002202214FF0904008F093F9BDE8CE
:102A60000840082201214FF0904008F0EEB908B567
:102A700040F2115008F070FB0423032200214FF0B4
:102A8000904008F0A1F90423002202214FF0904069
:102A900008F078F9BDE80840042201214FF0904089
:102AA00008F0D3B908B500221C20114608F006FB37
:102AB000BDE8084040F2117008F04EBB10B540F27E
:102AC000115008F049FB1023032200214FF09040E1
:102AD00008F07AF9BDE810401023002201214FF0E0
:102AE000904008F04FB910214FF0904008F0A5B980
:102AF000037810B55940044C044B5A5C4378615C30
:102B000042704B40037010BD98CC000898CB000871
:102B100073B5124C2246552102F8011B1049086872
:102B20008988C4F8010091800122227262720D4AE4
:102B300000251288E571ADF80420264614F8011B23
:102B400001A80135FFF7D4FF0A2DF7D19DF8043015
:102B5000B3729DF80530F37202B070BD5C180020AE
:102B6000A41F00206CBF000837B50C4B0C4C1D781F
:102B70000C4B65701B88ADF804305F2101A82170F3
:102B8000FFF7B6FF2946FFF7B3FF9DF80430A370A7
:102B90009DF80530E37003B030BD00BF5C0100203C
:102BA0006C1800206CBF000837B50C4B0C4C1D781E
:102BB0000C4B65701B88ADF80430332101A82170DF
:102BC000FFF796FF2946FFF793FF9DF80430A370A7
:102BD0009DF80530E37003B030BD00BF5C010020FC
:102BE000681800206CBF0008F8B56549654808F012
:102BF000B7FE064640B1634840F2017108F093FE0B
:102C00005F49604808F0C2FE5F495E4808F0A8FED0
:102C1000074640B15B4840F2027108F084FE5A4911
:102C2000584808F0B3FE5949564808F099FE054641
:102C300040B1544840F2037108F075FE53495148C1
:102C400008F0A4FE52494F4808F08AFE044640B1FD
:102C50004C484FF4E06108F066FE4D49494808F0E1
:102C600095FE4C49474808F07BFED0B1454840F2FC
:102C7000037108F058FE4749424808F087FE72B6D3
:102C8000454A00231360454A1360454A4FF480715A
:102C90001180444A138062B6434A1370434A13704A
:102CA00005E03E4335432C43E4B2002CE7D14049D4
:102CB000344808F055FE10B3394A1388DBB1374960
:102CC00030480C68013B1380631C5A42D2B2DBB21D
:102CD00058BF53420B6008F022FE364B23F8140015
:102CE000324B01221A70344B1A68344B1A602D4A49
:102CF0001388013313802E49224808F047FE3049DB
:102D0000204808F02DFEC0B12E4D2F4B2C881B887B
:102D1000A34226D94FF49672B4FBF2F302FB13439D
:102D20009BB22A4A174832F81310013408F0F3FD19
:102D30002C802349134808F029FE2549114808F042
:102D40000FFEE0B10F48062108F0FFFD10214FF003
:102D5000904008F072F8BDE8F8401D49094808F0B5
:102D600015BE0848072108F0F0FD0648062108F0C6
:102D7000E2FD0E4A00231370164A1370D9E7F8BD1E
:102D8000000201070044004000020207000203079E
:102D900008000007050003079C1D0020A01D00205F
:102DA00060010020981D0020721900208119002068
:102DB00005000507A41D0020AC1F00207C19002081
:102DC000070007073E1B00203C1B0020401B002083
:102DD000060006078019002010B5174C204608F0A1
:102DE0001BFD2046042108F08EFD2046082108F036
:102DF00082FD2046052108F09EFD20464FF400711B
:102E000008F099FD2046082108F095FD20460B4961
:102E100008F01EFD2046002108F050FD204600214C
:102E200008F058FD2046002108F03CFD2046BDE892
:102E3000104008F05BBD00BF0044004040420F005E
:102E40002DE9F04F764B1A888BB0002A31D072B63C
:102E50001A88013A1A8062B6724801684B1C5A42BD
:102E6000D2B2DBB258BF534203606F4A6F4B33F8A4
:102E700011401378002B58D1FF2C14D8AA2CE1B2A2
:102E80001AD1012111706A4A03201070694A6A48F8
:102E900013706A4A13706A4B1970FF2303704370F2
:102EA0002146FFF725FE72B6664A13880133138068
:102EB00062B60BB0BDE8F08FCC290FD102201070A4
:102EC0005B4A13705B4A5C4813705C4A13705C4B3E
:102ED00001221A70FF2303704370E2E7AF2901D18A
:102EE0000320ECE7A02901D10420E8E7552905D10A
:102EF000052010704E4A0B201070E3E7332904D1EF
:102F0000052010704A4A0320F6E75F2906D1052301
:102F10001370474B03221A700023D3E75029C2D104
:102F200006231370424B0222F5E7013B052BBAD86A
:102F3000DFE813F04A0DA20DDD0C0600C80DD10D1F
:102F40003B4D2978B9B9404BFF2C1E7809D93A4836
:102F5000FFF7CEFD16B13A4B00221A7001232B70F9
:102F6000A1E7E4B234482146FFF7C2FDA642F5D0FE
:102F7000FF2CF3D0EFE70139082994D801A353F8C7
:102F800021F000BFA92F0008C12F0008A72E0008BC
:102F9000A72E0008A72E0008A72E0008EB2F000878
:102FA0006D49000855300008B4F5807F274B224852
:102FB00028BF0024E1B21970FFF79AFD0223CEE783
:102FC000FF2C1E4B08D900211B481970FFF790FDFC
:102FD000174B08221A7066E7E1B217481970FFF71D
:102FE00087FD002CF4D00723B9E712480378B4F525
:102FF000807F28BF0024FF22B3FBF2F21A44013382
:10300000DDB2E1B202F0FF02114C05700A48A15492
:10301000FFF76EFD094B1B78AB427FF444AFD7E757
:10302000981D00209C1D002072190020A41D002066
:103030007119002070190020570100206F1900201D
:1030400056010020600100205C0100205A18002079
:1030500070180020A34AA449002313700978A34ADA
:10306000527800297ED0B4F5807F28BF1C46944258
:1030700078D19F4A9F4914789F4A0978B2F9002075
:103080000591002C68D08A4266D09C4D2E78F42E93
:103090006BD19B4A1372137582F8203082F82C3062
:1030A000984A1388002B45D09749DFF890820F6823
:1030B000B8F80040954D013B13807B1C5A4202F04A
:1030C0001F0203F01F0358BF53420B60904B09A827
:1030D0001B88ADF82430A521FFF70AFDC4F30803CF
:1030E000A5220121EA54FFF703FD631CC3F3080383
:1030F00001223146EA54FFF7FBFCA31CC3F308038B
:103100009DF82420EE54E31CC3F30803EA54231D66
:10311000C3F308039DF82520EA54631DA8F8003086
:103120007C4B23F817407C4B0522DA557B4A1388E9
:10313000013313807A4A002313707A4A13607A4A63
:1031400001211170794A517301330A2B02F11002E7
:10315000F9D1774B00221A60764B01221A70664B28
:10316000059A1A80744B002234E7482E3AD82F2E45
:10317000F2D9303E182EEFD801A353F826F000BF45
:10318000253200085931000859310008593100082A
:1031900059310008593100085931000859310008E7
:1031A00059310008593100085931000859310008D7
:1031B00059310008593100085931000859310008C7
:1031C000AF340008233400083D35000801390008F9
:1031D000533A0008E73D00080D3F0008DF400008B3
:1031E0008D42000806F10E03DBB2092BB4D8F23E83
:1031F000092EB1D801A353F826F000BFED33000823
:103200005931000859310008E545000859310008D6
:10321000593100085931000859310008413300087C
:10322000D7480008374A1388002B95D03649434FBA
:103230000E683D88DFF8D480013B1380731C5A422E
:1032400002F01F0203F01F0358BF53420B60304BC4
:10325000A5211B88ADF8243009A804F1FF39FFF738
:1032600047FC5FFA89F9C5F30803A522494608F827
:103270000320FFF73DFC6B1CC3F30803012208F891
:1032800003901E4B02F1010B55FA8BFA9145CAF3DC
:10329000080A1ADA9DF8243008F80A30A31C55FAF7
:1032A00083F3C3F3080303349DF8252008F80320B3
:1032B00055FA84F33B80174B23F81650164B9C5558
:1032C000164A13880133138046E713F8011F09A833
:1032D000CDE90113FFF70CFC019908F80A10029BD5
:1032E0005A46CFE7811900205601002057010020DF
:1032F0006F1900205A1800205A0100207018002071
:103300009415002040010020841200207E1000202F
:103310006CBF0008A8120020881200207E12002036
:103320007803002070030020790300207C00002037
:103330007403002075190020721900207C100020F1
:10334000022C7FF409AFB14A1388002B3FF404AF7D
:10335000AF49DFF8F892D1F80080B9F80060AD4FBE
:10336000013B138008F101035A4202F01F0203F0EF
:103370001F0358BF53420B60A74B09A81B88ADF829
:103380002430A521FFF7B4FBC6F30803A52221468C
:10339000FA54FFF7ADFB731CC3F30803FA21FC5486
:1033A000FFF7A6FB6C78B31CC3F30803FA2221468F
:1033B000FA54FFF79DFBF31CC3F308039DF8242088
:1033C000FC54331DC3F30803FA54731DC3F30803FD
:1033D0009DF82520FA54B31DA9F800308F4B23F82F
:1033E00018608F4B062203F8082069E70B2C7FF446
:1033F000B3AE8C498C4A9FED8D7A002311F8010FF2
:1034000007EE900AF8EE677A013367EE877A0A2BA7
:10341000C2ED027A02F11002F0D1854B00221A703F
:103420009AE6022C7FF498AE6B78013BDBB2092B55
:103430003FF692AE7F4A804CDFF814E20C2101FB8C
:103440000322282000FB03F7002100264FF07E55C1
:103450001160556016724FF0200CE21904F807C095
:10346000DFF8F0C1C2F820E011615561C2F818C060
:10347000D16182F82560012210FB03231A19E6545A
:103480004FF0FF10FF23A2F80130C2F80300D37100
:103490006A4A1320D319D05540F2011219615D61B7
:1034A000C3F818C0D9611A6283F8256054E6022C6B
:1034B0007FF452AE6B78013BDBB2092B3FF64CAE8A
:1034C0005C4A5D4EDFF88CE10C2101FB03222820D1
:1034D00000FB03F500214FF07E540027116054607B
:1034E00017724FF0200C721906F805C0DFF860C1A2
:1034F000C2F820C04FF0010C10FB03C311615461EE
:10350000C2F818E0D16182F825709A19F7544FF08B
:10351000FF10FF23A2F80130C2F80300D371474A1D
:1035200003205319505540F2011219615C61C3F830
:1035300018E0D9611A6283F825C00DE6083CE4B2B0
:103540000C2C3FF609AE6B780193591EC9B20929BC
:103550003FF602AEEB783848029301EB81072B79F6
:103560000393FF006B7995F8069095F8078095F81E
:1035700002A004937E1C3518002383510744304E6B
:103580006B60AB603846A342B8BFF55C03F1010342
:10359000A8BF00250C2B00F8015FF4D1DDED027A05
:1035A0009FED287A2448049AF8EE677AF7EE006ACD
:1035B00077EEA67A282487EE276A4C430319161E55
:1035C000055D00F804A018BF0126012483F82140FE
:1035D00083F82060DDED037A83ED066AB8EE677A42
:1035E000DFED197A37EE677A27EE067A83ED077AF0
:1035F000B9F1000F30D183F82290B8F1000F00F03C
:103600003D8183F8239040F2011439E1400100200C
:10361000841200207E1000206CBF0008A812002039
:1036200088120020701800207C0000208180803BE0
:103630006201002004000020040D0020740B002013
:10364000781800200AD7233E000000437C10002099
:10365000010101000AD7233DB8F1000618BF012679
:10366000AA4583F825605C8483F8244040F00981F2
:10367000984B93F800B0BBF1FF0F3FF46DAD964946
:103680000B88002B3FF468AD944C954E013B0B80AA
:1036900023680793591C484200F01F0001F01F01E6
:1036A00058BF41428F4B21608F491D880988ADF872
:1036B00024104FF4967409A85021FFF719FAB5FBAE
:1036C000F4F104FB115189B24FF0500C06F801C01F
:1036D0005946FFF70DFA691C89B2B1FBF4FC04FBF3
:1036E0001C1189B206F801B0DFF810B29BF8001087
:1036F0000691FFF7FDF905F1020C1FFA8CFCBCFBEB
:10370000F4FE04FB1ECC06991FFA8CFC06F80C1084
:1037100001318BF800101421FFF7EAF9E91C89B296
:10372000B1FBF4FC04FB1C1189B24FF0140C06F839
:1037300001C04221FFF7DCF9291D89B2B1FBF4FC7D
:1037400004FB1C1189B24FF0420C06F801C001992C
:10375000FFF7CEF9691D89B2B1FBF4FC04FB1C1123
:1037600089B2019B73545146FFF7C2F9A91D89B272
:10377000B1FBF4FC04FB1C1189B206F801A002990C
:10378000FFF7B6F9EA1D92B2B2FBF4F104FB112285
:1037900092B2029B0399B354FFF7AAF905F108020C
:1037A00092B2B2FBF4F104FB112292B2039B049992
:1037B000B354FFF79DF905F1090292B2B2FBF4F19F
:1037C00004FB112292B2049BB3544946FFF790F9CF
:1037D00005F10A0292B2B2FBF4F104FB112292B29B
:1037E000414606F80290FFF783F905F10B0292B209
:1037F000B2FBF4F104FB112292B205F10C0906F8B8
:103800000280079B05F118081FFA89F91FFA88F84A
:1038100017F801AF0193514609A8FFF769F9B9FB01
:10382000F4F204FB129209F1010992B21FFA89F92C
:10383000C84506F802A0019BEAD1B8FBF4F204FBEC
:1038400012881FFA88F89DF8242006F8082005F150
:10385000190292B2B2FBF4F104FB112292B29DF86C
:103860002510B1541F4905F11A020A801F4A22F897
:1038700013501F4A1A21D1541E4AA1E283F8238013
:103880009C841D4B03EB011300241B7907EE903A37
:10389000F8EE677A282377EEE67A67EE877AF5EE18
:1038A000C07AF1EE10FA07DD03FB010377EEA67A8A
:1038B0001C61C3ED057ADBE651BF03FB010003FB8E
:1038C0000103C3ED047AC3ED056A5CBF0461C0ED7A
:1038D000056ACDE65C0100205E010020B81A0020D8
:1038E00084190020821900206CBF0008FC1A0020F7
:1038F000DC1A0020BC1A00207C0000205B1800208D
:10390000022C7FF429AC95F8019009F1FF33DBB26A
:10391000092B3FF621AC924A282101FB0323002208
:1039200083F821208F4B93F800A0BAF1FF0F3FF4EA
:1039300013AC8D4A1388002B3FF40EAC8B49DFF893
:1039400058B2D1F80080BBF80060894F013B13806A
:1039500008F101035A4202F01F0203F01F0358BF8F
:1039600053420B60834B4FF4967509A81B88ADF842
:1039700024305021FFF7BCF8B6FBF5F305FB1363C9
:103980009BB250225146FA54FFF7B2F8731C9BB217
:10399000B3FBF5F205FB12339BB207F803A0DFF887
:1039A000FCA19AF800100191FFF7A2F8B31C9BB29A
:1039B000B3FBF5F205FB123301999BB2F9540131C7
:1039C0008AF800102146FFF793F8F31C9BB2B3FB73
:1039D000F5F205FB12339BB24321FC54FFF788F844
:1039E000331D9BB2B3FBF5F205FB12339BB24322AE
:1039F000FA544946FFF77CF8731D9BB2B3FBF5F20E
:103A000005FB12339BB207F80390B31D9BB2B3FBC7
:103A1000F5F205FB12339BB29DF82420FA54F31DF6
:103A20009BB2B3FBF5F205FB12339BB29DF8252048
:103A3000FA5406F10803ABF800304F4B23F8186036
:103A40004E4B082203F808204D4B102203F80820A3
:103A5000B8E1083CE4B20C2C3FF67EAB6B780193E6
:103A6000591EC9B209293FF677AB01EB8107EB7804
:103A700044480293FF002B7995F8069095F807804B
:103A800095F802A003937E1C6B79049335180022ED
:103A9000825107443C4E6A60AA6038469442C8BFCF
:103AA000B55C02F10102D8BF00250C2A00F8015FC5
:103AB000F4D1DDED027A9FED357A3248049BF8EEC1
:103AC000677AF7EE006A77EEA67A282487EE276AEF
:103AD0004C4302191E1E055D00F804A018BF012604
:103AE000012482F8214082F82060DDED037A82ED26
:103AF000066AB8EE677ADFED267A37EE677A27EE48
:103B0000067A82ED077AB9F1000F49D182F8229046
:103B1000B8F1000F1ED182F8238094841D4A02EB75
:103B200001120024137907EE903AF8EE677A282202
:103B300077EEE67A67EE877AF5EEC07AF1EE10FA64
:103B400040F3438102FB010277EEA67A1461C2EDD5
:103B5000057A30E082F8239040F20114DDE700BFDF
:103B6000040D00205C0100205E010020B81A002036
:103B7000841900206CBF0008FC1A0020DC1A002009
:103B8000BC1A0020740B0020781800200AD7233EAE
:103B9000000000437C000020821900205B180020F8
:103BA000B8F1000618BF0126AA4582F825605484A2
:103BB00082F82440B2D1C84A92F800B0BBF1FF0F9E
:103BC0003FF4CAAAC5490A88002A3FF4C5AAC44CD2
:103BD000C44BC54E1D88013A0A8022680792511CC9
:103BE000484200F01F0001F01F0158BF4142216010
:103BF000BE490988ADF824104FF4967409A85021E5
:103C0000FEF776FFB5FBF4F104FB115189B24FF0DA
:103C1000500C06F801C05946FEF76AFF691C89B2CC
:103C2000B1FBF4FC04FB1C1189B206F801B0DFF80B
:103C3000D4B29BF800100691FEF75AFF05F1020C72
:103C40001FFA8CFCBCFBF4FE04FB1ECC06991FFA89
:103C50008CFC06F80C1001318BF800101421FEF7D3
:103C600047FFE91C89B2B1FBF4FC04FB1C1189B2CB
:103C70004FF0140C06F801C04421FEF739FF291D4E
:103C800089B2B1FBF4FC04FB1C1189B24FF0440C67
:103C900006F801C00199FEF72BFF691D89B2B1FB3F
:103CA000F4FC04FB1C1189B2019B73545146FEF7CE
:103CB0001FFFA91D89B2B1FBF4FC04FB1C1189B2E2
:103CC00006F801A00299FEF713FFEB1D9BB2B3FBB0
:103CD000F4F104FB11339BB2029A0399F254FEF7FC
:103CE00007FF05F108039BB2B3FBF4F104FB1133AA
:103CF0009BB2039A0499F254FEF7FAFE05F1090308
:103D00009BB2B3FBF4F104FB11339BB2049AF2545F
:103D10004946FEF7EDFE05F10A039BB2B3FBF4F151
:103D200004FB11339BB2414606F80390FEF7E0FE18
:103D300005F10B039BB2B3FBF4F104FB11339BB20F
:103D400005F10C0906F80380079A05F118081FFA17
:103D500089F91FFA88F817F801AF0192514609A8AE
:103D6000FEF7C6FEB9FBF4F304FB139309F1010956
:103D70009BB21FFA89F9C84506F803A0019AEAD157
:103D8000B8FBF4F304FB13881FFA88F89DF824307D
:103D900006F8083005F119039BB2B3FBF4F104FBFC
:103DA00011339BB29DF82510F1544E4905F11A03C9
:103DB0000B804F4B23F812504E4B1A2199544E4B07
:103DC000102199544D4AFFF77CBA51BF02FB010004
:103DD00002FB0102C2ED047AC2ED056A5CBF046118
:103DE000C0ED056AE7E6022C7FF4B6A995F80190CC
:103DF00009F1FF33DBB2092B3FF6AEA9404A282177
:103E000001FB0323002283F82120334B93F800A009
:103E1000BAF1FF0F3FF4A0A9304A1388002B3FF4FA
:103E20009BA92F49DFF8BCB0D1F80080BBF8006037
:103E30002D4F013B138008F101035A4202F01F028B
:103E400003F01F0358BF53420B60284B4FF4967585
:103E500009A81B88ADF824305021FEF749FEB6FBB7
:103E6000F5F305FB13639BB250225146FA54FEF75B
:103E70003FFE731C9BB2B3FBF5F205FB12339BB202
:103E800007F803A0DFF87CA09AF800100191FEF774
:103E90002FFEB31C9BB2B3FBF5F205FB1233019965
:103EA0009BB2F95401318AF800102146FEF720FE3A
:103EB000F31C9BB2B3FBF5F205FB12339BB2452119
:103EC000FC54FEF715FE331D9BB2B3FBF5F205FB68
:103ED00012339BB245228BE55C0100205E0100207D
:103EE000B81A002082190020841900206CBF000835
:103EF000FC1A0020DC1A0020BC1A0020B01A002096
:103F0000740B00205B1800208180803B052C7FF41F
:103F100023A995F801A00AF1FF32D2B2092A3FF68F
:103F20001BA995F80290EB781FED097A019307EE33
:103F3000909AF8EE677AC84B95F8048067EE877A16
:103F40000C2101FB0233C3ED007ADDED017AF8EEBE
:103F5000677AB8F1000267EE877A18BF0122C3EDD5
:103F6000017A1A72BD4B93F800B0BBF1FF0F3FF41A
:103F7000F3A8BB4A1388002B3FF4EEA8B948BA4F08
:103F8000013B1380036803935A1C514201F01F0147
:103F900002F01F0258BF4A420260B449B44A09887D
:103FA0001688ADF824104FF4967509A85021FEF735
:103FB0009FFDB6FBF5F105FB116189B24FF0500C86
:103FC00007F801C05946FEF793FD711C89B2B1FB99
:103FD000F5FC05FB1C1189B207F801B0DFF8A8B2A7
:103FE0009BF800100291FEF783FD06F1020C1FFA08
:103FF0008CFCBCFBF5FE05FB1ECC02991FFA8CFC69
:1040000007F80C1001318BF800102146FEF770FD07
:10401000F11C89B2B1FBF5FC05FB1C1189B27C5483
:104020004621FEF765FD311D89B2B1FBF5F405FBB4
:10403000141189B246247C545146FEF759FD711D76
:1040400089B2B1FBF5F405FB141189B207F801A0A0
:104050004946FEF74DFDB11D89B2B1FBF5F405FBF4
:10406000141189B207F801900199FEF741FDF11D85
:1040700089B2B1FBF5F405FB141189B2019B7B54A5
:104080004146FEF735FD06F1080189B2B1FBF5F0B6
:1040900005FB101189B2764A07F8018006F1090183
:1040A00089B2B1FBF5F005FB101189B29DF824002F
:1040B000785406F10A0189B2B1FBF5F005FB101145
:1040C00089B29DF82500785406F10B011180039BFD
:1040D000684A0B2122F81360674AFFF7CCBB032C18
:1040E0007FF43AA895F8019009F1FF33DBB2092B70
:1040F0003FF632A895F802809FED607A604A07EE9D
:10410000908AF8EE677A02EB031367EE877AC3EDC5
:10411000027A524B93F800A0BAF1FF0F3FF41CA8AB
:104120004F4A1388002B3FF417A84E494E4FD1F841
:1041300000B0013B13800BF101035A4202F01F0251
:1041400003F01F0358BF53420B60494B474A1E8878
:104150001288ADF824204FF4967509A85021FEF777
:10416000C7FCB6FBF5F205FB126292B25021B954BE
:104170005146FEF7BDFC721C92B2B2FBF5F105FB95
:10418000112292B207F802A0DFF8FCA09AF8001002
:104190000191FEF7ADFCB21C92B2B2FBF5FC05FB3F
:1041A0001C22019992B2B95401318AF800102146BB
:1041B000FEF79EFCF21C92B2B2FBF5F105FB112258
:1041C00092B24721BC54FEF793FC321D92B2B2FB6F
:1041D000F5F105FB112292B24721B9544946FEF789
:1041E00087FC721D92B2B2FBF5F105FB112292B26F
:1041F000414607F80290FEF77BFCB21D92B2B2FB7B
:10420000F5F105FB112292B2194B07F80280F21D5D
:1042100092B2B2FBF5F105FB112292B29DF8241087
:10422000B95406F1080292B2B2FBF5F105FB112276
:1042300092B29DF82510B95406F109021A800D4B6F
:1042400023F81B600C4B092203F80B200D4B1022A6
:1042500003F80B20B6E500BF040000205C0100203D
:104260005E010020B81A0020841900206CBF0008ED
:1042700082190020FC1A0020DC1A00208180803B7B
:104280007C000020BC1A00205B180020032C7EF666
:1042900063AF68780138C0B209283EF65DAFA978EF
:1042A00095F803908B1E012B40F2D3800B1F5A42CE
:1042B0005A419200BE4B03EB00154FEA001C6A7096
:1042C000002203F80C10154611469B461E798842C1
:1042D000A8BF2A46013135440A29EDB203F1100383
:1042E000F4D10BEB0C031B799945C0F0B4809945D0
:1042F00000F2EB806421B2FBF1F301FB13234A448B
:10430000D2B2013AE34492FBF1F601FB1622A9492D
:10431000A74EDFF8CCC28BF80490DDB201EB45016B
:104320000027042306EB00164FF0FF0EAA42778009
:1043300001F1020180F20A819F4B01221A709F4B0A
:104340001D78FF2D3EF408AF9D4A1388002B3EF4E4
:1043500003AF9C499C4FD1F80080013B138008F1CA
:1043600001035A4202F01F0203F01F0358BF5342D9
:104370000B60964B1E88964B4FF4967B1B88ADF8CE
:10438000243009A85021FEF7B3FBB6FBFBF20BFB70
:10439000126292B25021B9542946FEF7A9FB721C51
:1043A00092B2B2FBFBF10BFB112292B2BD54894DCC
:1043B00095F800A05146FEF79BFBB21C92B2B2FBEF
:1043C000FBF10BFB112292B2214607F802A00AF181
:1043D000010A85F800A0FEF78BFBF21C92B2B2FB3B
:1043E000FBF10BFB112292B24FF0000ABC54FF22EA
:1043F000B4FBF2F2144404F0FF04631E01930AF1CB
:104400000405019B56FA85F5ADB25345B5FBFBF1AA
:104410000BFB1155ADB280F2B5809DF824207A5582
:10442000621D56FA82F292B2B2FBFBF10BFB112233
:1044300092B29DF82530BB540634644A56FA84F390
:104440001380654B23F81860644B03F80840FFF7AE
:10445000FBBA03222EE709EB02016426C9B2B1FBC5
:10446000F6F706FB1711A3EB0907FFB2039709F153
:104470006307FF1AFFB2B7FBF6F806FB1877DFF801
:1044800034815FFA81FE08EB4E015FFA87FA0191F1
:104490000199F24501F102010191FFF628AF039F56
:1044A0007744B7FBF6F106FB1171029108EB41016D
:1044B000019F497807F8011C029918F811700199B9
:1044C0000EF1010E01F8027CE2E7C5F16405A9EBEB
:1044D0000301EDB2C9B2A94205D91D445FFA85F9BD
:1044E0004B45BFF407AF03F16301A9EB030EA1EB4A
:1044F000090113446425C9B2DBB2B1FBF5F6DFF85C
:10450000B480B3FBF5F705FB161105FB1733CEB2EC
:10451000DBB25FFA8EFE019308EB4601019BB342CA
:10452000A1F102013FF7E6AECF7806EB0E0A3B465B
:10453000BAFBF5F705FB17A708EB470A013E8AF817
:10454000013091F802A008F817A0E7E71CF8030073
:10455000003818BF012001F8010C581C90FBFEF830
:10456000C8EB0828A0EB080002331CF8000001F893
:10457000020C384487B293FBFEF0C0EB00201B1AFC
:104580000135D3E6BAF1030F08D1494609A8FEF771
:10459000AFFA494679550AF1010A30E7104B09A8EC
:1045A00013F80A100291FEF7A3FA0299F2E700BF8E
:1045B0007C000020940E00207A0300205C01002083
:1045C0005E010020B81A0020841900208219002002
:1045D0006CBF00085B180020FC1A0020DC1A0020C9
:1045E00070180020D14B93F80090B9F1FF0F3EF402
:1045F000B3ADCF4A1388002B3EF4AEADCD49DFF802
:1046000060830F68B8F80050CB4E013B13807B1CD1
:104610005A4202F01F0203F01F0358BF53420B60BF
:10462000C64B4FF4967409A81B88ADF8243050216E
:10463000FEF75EFAB5FBF4F304FB13539BB2502272
:104640004946F254FEF754FA6B1C9BB2B3FBF4F2EA
:1046500004FB12339BB206F80390DFF8089399F835
:1046600000A05146FEF744FAAB1C9BB2B3FBF4F238
:1046700004FB12339BB2132106F803A00AF1010ACE
:1046800089F800A0FEF734FAEB1C9BB2B3FBF4F2FE
:1046900004FB12339BB21322F521F254FEF728FAE1
:1046A0002B1D9BB2B3FBF4F204FB12339BB2F52239
:1046B0000021F254FEF71CFA6B1D9BB2B3FBF4F21F
:1046C00004FB12334FF000099BB2494606F80390F1
:1046D000FEF70EFAAB1D9BB2B3FBF4F204FB1233F0
:1046E0009BB23B2106F80390FEF702FAEB1D9BB24A
:1046F000B3FBF4F204FB12339BB23B220D21F254C4
:10470000FEF7F6F905F108039BB2B3FBF4F204FBE4
:1047100012339BB24FF00D09042106F80390FEF707
:10472000E7F905F109039BB2B3FBF4F204FB123382
:104730009BB204224946F254FEF7DAF905F10A0366
:104740009BB2B3FBF4F204FB12339BB2672106F871
:104750000390FEF7CDF905F10B039BB2B3FBF4F226
:1047600004FB12339BB267226421F254FEF7C0F9B6
:1047700005F10C039BB2B3FBF4F204FB12339BB2C2
:1047800064223321F254FEF7B3F905EB09039BB21F
:10479000B3FBF4F204FB12339BB24FF03309322126
:1047A00006F80390FEF7A4F905F10E039BB2B3FBE4
:1047B000F4F204FB12339BB232226621F254FEF76C
:1047C00097F905F10F039BB2B3FBF4F204FB12332C
:1047D0009BB266224946F254FEF78AF905F11003AE
:1047E0009BB2B3FBF4F204FB12339BB2494606F8CA
:1047F0000390FEF77DF905F111039BB2B3FBF4F2D0
:1048000004FB12339BB2302106F80390FEF770F9D7
:1048100005F112039BB2B3FBF4F204FB12339BB21B
:1048200030226B21F254FEF763F905F113039BB2BA
:10483000B3FBF4F204FB12339BB26B223821F25427
:10484000FEF756F905F114039BB2B3FBF4F204FB37
:1048500012339BB238227521F254FEF749F905F163
:1048600015039BB2B3FBF4F204FB12339BB2752227
:104870003621F254FEF73CF905F116039BB2B3FB67
:10488000F4F204FB12339BB23622F25405F1170303
:104890009BB2B3FBF4F204FB12339BB29DF82420CD
:1048A000F25405F118039BB2B3FBF4F204FB12338C
:1048B0009BB29DF82520F25405F11903A8F80030A9
:1048C0001F4B23F817501F4B1922DA551E4B10228D
:1048D000DA55FFF777BABFF34F8F1C491C4BCA68F4
:1048E00002F4E0621343CB60BFF34F8FFEE7194B36
:1048F0001978002938D10D4BFF2C1D7805D91648A1
:10490000FEF7F6F865B9FEF763BBE4B2124821463C
:10491000FEF7EEF8A5423EF45BABFF2C3EF458AB3D
:104920000E4B00221A70FEF753BB00BF5C01002043
:104930005E010020B81A0020841900206CBF000816
:10494000FC1A0020DC1A0020BC1A002000ED00E058
:104950000400FA05711900205701002056010020BB
:10496000821900205B18002008290ED1644BB4F591
:10497000807F1B7828BF00249C421EBF614B002211
:104980001A70614B0922FEF725BB09297EF48BAA18
:104990005E4B5C4900221A700978594B5B780029FC
:1049A0003EF4E0ABB4F5807F28BF14469C427EF411
:1049B000D9AB574B197800293EF4D4AB55490120A7
:1049C00008701A70FEF7CEBB4F4E3378032B23D1FD
:1049D000514F4B483D780622B5FBF2F302FB1353CF
:1049E000DBB24E4AB4F5807FD35C28BF0024E1B22D
:1049F0008B4218BF434B05F1010518BF0022EDB2F1
:104A000018BF1A70FEF774F8062D3D707EF44BAA9D
:104A100000233370FEF747BA5BB9B4F5807F404B93
:104A2000374828BF0024E1B21970FEF761F8082367
:104A3000EFE7082B9AD0092B7EF435AA334B314A85
:104A400000251D7012782E4B5B78002A3EF48AAB4D
:104A5000B4F5807F28BF2C469C427EF483AB304B5C
:104A60001A78304B1A70FEF77FF8FEF79DF82E4B40
:104A700001221D702D4BA4E7234B197800293FF428
:104A80003AAF082907D11E4BB4F5807F1B7828BFA9
:104A90000024A34271E709297EF405AA1B4B0022DA
:104AA0001A70184A164B12785B78002A3EF45AABFB
:104AB000B4F5807F28BF00249C427EF453AB194B91
:104AC000FF227EE7104A1378012B7EF64BAB013BA9
:104AD0001370FEF7E8B90C490B78012B03D9013BA1
:104AE0000B70FEF7E0B9FF2C98BF02344FF00503BE
:104AF00094BFE4B2022413700C70FEF7D4B900BF67
:104B00005701002056010020711900208119002052
:104B1000731900207419002070190020A41F0020B0
:104B20005A1800205C010020751900206201002045
:104B3000714B2DE9F74F1B78704F3C78002B40F0FC
:104B4000AD80002C40F0AA806D4B6E4D1B786E4EF0
:104B5000FF2B00F0B9806D4B1A78E2B110214FF0B5
:104B600090401C7006F067F9694A6A4B1178198009
:104B7000517859809178D2789980DA80664B67486D
:104B800004221A80664B07211C8006F0D4FE33688D
:104B90002B6001233B70D6F800A02B68AAEB03031F
:104BA000012B58D95F490B88002B54D05E4ADFF89F
:104BB00098B114681BF80490B9F1000F7FD05B48DE
:104BC00030F8140001905A4890F80080B8F1000FB6
:104BD00014D04FF0000C013B01340B8080F800C072
:104BE000BCEB040303F01F0304F01F0458BF5C4236
:104BF0001460504A1388013313802CE04E4B4FF061
:104C000090401B5D0093102106F015F9424BDFF830
:104C100004C1A3F80080009BDFF830E15A1E4FF476
:104C2000967043469A423CDAB8F1000F02D03A4BF4
:104C3000009A1A803A4B3948002207211A8009F15C
:104C4000FF3906F078FE3D4A0BF8049001231370FB
:104C5000C5F800A03B7033682A689B1AB3F57A7FC9
:104C60001CD910214FF0904006F0E5F8344A294B4A
:104C700011781980517859809178D278DA809980AA
:104C8000254B04221A80264B2448002207211A8033
:104C900006F051FE33682B6001233B7003B0BDE882
:104CA000F08F01995918B1FBF0F800FB18114FF083
:104CB00001081EF801102CF813100133B2E7013B74
:104CC00001340B8063428DE733682A689B1AB3F581
:104CD0007A7FE3D910214FF0904006F0ACF8194AE2
:104CE0000C49234612F8010B21F8130001330C2B59
:104CF000F8D1094A1380C6E78119002080190020E5
:104D00005C01002078190020AC1F002075190020DC
:104D10006C180020401B00203C1B00200044004079
:104D20003E1B0020B01A0020B41A0020FC1A0020FC
:104D3000741900205E010020DC1A00207319002085
:104D4000681800205C180020BC1A0020841900207C
:104D50000D4B0E4A19681368CB1A012B10B511D9E7
:104D600072B60B48002303600A4803600A484FF4F8
:104D7000807404800948038062B60948116003709A
:104D80000848037010BD00BFAC1F00207C19002034
:104D90009C1D0020A01D002060010020981D002007
:104DA00072190020811900204B4B1B782DE9F34725
:104DB000002B00F08E80494B93F80090B9F1FF0F63
:104DC00000F08780464A1388002B00F08280454916
:104DD000DFF830810F68B8F80050434E013B138074
:104DE0007B1C5A4202F01F0203F01F0358BF5342BC
:104DF0000B603E4B4FF4967401A81B88ADF804304D
:104E00005021FDF775FEB5FBF4F304FB13539BB281
:104E100050224946F254FDF76BFE6B1C9BB2B3FB6C
:104E2000F4F204FB12339BB206F80390DFF8D8903B
:104E300099F800A05146FDF75BFEAB1C9BB2B3FB9B
:104E4000F4F204FB12339BB2012106F803A00AF12D
:104E5000010A89F800A0FDF74BFEEB1C9BB2B3FBE7
:104E6000F4F204FB12339BB20122F254204B93F86C
:104E700000904946FDF73CFE2B1D9BB2B3FBF4F2BC
:104E800004FB12339BB206F803906B1D9BB2B3FB7D
:104E9000F4F204FB12339BB29DF80420F254AB1DD4
:104EA0009BB2B3FBF4F204FB12339BB29DF80520D6
:104EB000F254EB1DA8F800300E4B23F817500E4BA0
:104EC0000722DA550D4B1022DA550D4A13880133AB
:104ED000138002B0BDE8F087620100205C01002071
:104EE0005E010020B81A0020841900206CBF000861
:104EF0005D010020FC1A0020DC1A0020BC1A0020F2
:104F0000B01A0020821900205B18002008B540F27A
:104F1000115006F021F94FF48063032200214FF075
:104F2000904005F051FF4FF48063002202214FF0C2
:104F3000904005F027FFBDE808404FF4806204214F
:104F40004FF0904005F081BF08B540F2115006F0D7
:104F500003F94FF40073032200214FF0904005F055
:104F600033FF4FF40073002202214FF0904005F010
:104F700009FFBDE808404FF4007204214FF0904053
:104F800005F063BF10B50F4C40F2157006F0E4F861
:104F900020460D49002205F089FF00231A461946D4
:104FA000204606F005F8204606F021F800221146BA
:104FB000172006F083F8BDE81040012200212020D0
:104FC00006F07CB800540040801A060010B5134A61
:104FD000134B1178527819705A70124B124C0222EE
:104FE0001A60124BC4221A70114B01221A70114B15
:104FF0000022204640F209111A8006F00CF82046E3
:105000004FF4857106F007F820464FF4847106F0DE
:1050100002F82046BDE8104005F0EEBF5401002024
:105020005618002050180020005400405818002046
:105030005918002054180020134A002310B513708B
:10504000124A134C09211160124AC4211170124AEC
:105050001370124A20464FF48061138005F0B3FFAD
:10506000204640F2091105F0D6FF20464FF4857125
:1050700005F0D1FF20464FF4847105F0CCFF2046A7
:10508000BDE8104005F0B8BF4018002050180020BF
:1050900000540040581800205918002054180020CF
:1050A0002DE9F04F774B1B7887B0002B00F0E7809D
:1050B000754D9FED767AC2232B70754BDB885BBAFA
:1050C0009BB207EE903AF8EE677A67EE877AFCEECD
:1050D000E77A17EE903A9BB26B701B0AAB706D4B80
:1050E00093F80090B9F1FF0F00F09B806A4A138893
:1050F000002B00F096806948DFF8CCA1D0F800B012
:10510000674F013B13800BF10102514201F01F0177
:10511000644B02F01F0258BF4A420260624A1E8876
:105120001288ADF814204FF4967405A85021FDF7AD
:10513000DFFCB6FBF4F204FB126292B250210AF8D3
:1051400002104946FDF7D4FC721C92B297F8008019
:10515000B2FBF4F104FB112292B241460AF802902C
:10516000FDF7C6FCB21C92B2B2FBF4F104FB1122B3
:1051700092B203210AF8028008F1010887F8008042
:10518000FDF7B6FCF21C92B2B2FBF4F104FB112263
:1051900092B2032106F10408F71D0AF802101FFA63
:1051A00088F82A46BFB212F8011B05A8CDE9011202
:1051B000FDF79EFCB8FBF4F004FB108008F1010839
:1051C00080B21FFA88F801990AF800104745029A40
:1051D000E9D1B7FBF4F204FB1277BFB29DF81420BB
:1051E0000AF8072006F1080292B2B2FBF4F104FBC0
:1051F000112292B29DF815102A4B0AF8021006F1FE
:1052000009021A80294A22F81B60294A092102F85A
:105210000B10284A102102F80B10274A138801337B
:105220001380C0232B701A4BDFED246AB3F80330D0
:105230005BBA9BB207EE903AB8EE677ADFED207A60
:10524000E7EE267A9FED1F7A67EE877AF5EEC07A51
:10525000F1EE10FAA9BFFCEEE77A002317EE903AC0
:105260009BB26B70B9F1FF0F4FEA1323AB702DD1D6
:10527000074AC5232B7053786B701378AB7007B057
:10528000BDE8F08F401800204118002000401C3E6F
:10529000441800205C0100205E010020B81A0020A4
:1052A0005B180020821900206CBF0008FC1A002047
:1052B000DC1A0020BC1A0020B01A002000002F3B8E
:1052C000000034C20000C84284190020DFF8A0B2F8
:1052D000BBF80030002B00F097809B48DFF894A2C9
:1052E0009A4F013BABF80030036801935A1C5142BE
:1052F00001F01F01964B02F01F0258BF4A420260A4
:10530000944A1E881288ADF814204FF4967405A8AC
:105310005021FDF7EDFBB6FBF4F204FB126292B2F2
:1053200050210AF802104946FDF7E2FB721C92B2C6
:1053300097F80080B2FBF4F104FB112292B24146CF
:105340000AF80290FDF7D4FBB21C92B2B2FBF4F162
:1053500004FB112292B203210AF8028008F101082D
:1053600087F80080FDF7C4FBF21C92B2B2FBF4F1A7
:1053700004FB112292B203210AF8021006F104087C
:10538000F71D754A019B1FFA88F8BFB212F8011B7E
:10539000039305A8CDE90112FDF7AAFBB8FBF4F0D1
:1053A00004FB108008F1010880B21FFA88F8019907
:1053B0000AF800104745DDE90223E7D1B7FBF4F214
:1053C00004FB1277BFB29DF814200AF8072006F1FB
:1053D000080292B2B2FBF4F104FB112292B29DF8E2
:1053E00015100AF802105A4906F109020A805B4AB0
:1053F00022F813605A4A0921D1545A4A1021D15433
:10540000594A138801331380584AC5232B705378A7
:105410006B701378AB70BBF80030002B3FF42FAFEC
:1054200049494B4FD1F800A03E88DFF84881474CEE
:10543000013BABF800300AF101035A4202F01F02AF
:1054400003F01F0358BF53420B60424BDFF808B113
:105450001B88ADF814304FF4967505A85021FDF760
:1054600047FBB6FBF5F305FB13639BB2502249469D
:1054700008F80320FDF73CFB731C9BB2B3FBF5F26D
:1054800005FB12339BB208F8039094F8009049464C
:10549000FDF72EFBB31C9BB2B3FBF5F205FB1233F9
:1054A0009BB2032108F8039009F1010984F80090E8
:1054B000FDF71EFBF31C9BB2B3FBF5F205FB1233A9
:1054C0009BB20322341D06F1070908F80320A4B299
:1054D0001FFA89F91BF8011B019105A8FDF708FBCC
:1054E000B4FBF5F305FB134301349BB2A4B201995D
:1054F00008F803104C45EDD1B4FBF5F305FB13445C
:10550000A4B29DF8143008F8043006F108039BB2E9
:10551000B3FBF5F205FB12339BB29DF8152008F89A
:10552000032006F109033B800C4B23F81A600C4B57
:10553000092203F80A200B4B102203F80A200A4A1A
:105540001388013313809AE6B81A00205B180020F4
:10555000821900206CBF000841180020FC1A0020AE
:10556000DC1A0020BC1A0020B01A002044180020C9
:105570005E010020841900204E4B4F491B784F4894
:1055800070B5002B3FD005F05BFD40B16FF001021C
:105590004B4B4A481978BDE8704005F020BD494999
:1055A000464805F04DFD28B146494448BDE87040E5
:1055B00005F070BD4449414805F042FD70B1434DCE
:1055C000434B2C881B68A34209DD04F00103414AC8
:1055D0003A48D15C013405F019FD2C8070BD374884
:1055E00005F00FFD35484FF4847105F01EFD33487A
:1055F0004FF4857105F019FDBDE870402F4840F269
:10560000091105F012BD05F01BFD044608B1012289
:10561000BEE72C4929482E4E05F012FD054638B14B
:105620003368012BC0D12548214605F0CCFCBBE7EF
:1056300029492248346805F003FD0028CED0022C09
:105640001ED11E48294605F0BEFC204D1B48013CDA
:1056500034602C8805F0DCFC0923B4FBF3F303EB86
:10566000C303E31A1D4A1C499BB2082CD05404BF43
:105670001B4B012204F1010408BF1A702C8094E72F
:10568000012CE2D10D4805F0BCFC29460B4805F081
:10569000A0FC0A484FF4847105F0C7FC07484FF49A
:1056A000857105F0C2FC054840F2091105F0BDFC0A
:1056B000CBE700BF59180020090100050054004045
:1056C0005818002009010105090107055418002098
:1056D0005018002056180020090106054418002023
:1056E0004018002010B50F4C0F49204605F0D2FCA1
:1056F00020460E4905F0CEFC20460D4905F0CAFCB7
:1057000020460C4905F0C6FC20460B4905F0C2FCBA
:1057100020460A4905F0BEFC20460949BDE8104074
:1057200005F0B8BC0054004008010A0508010F0547
:1057300008010E0508010B05080109050801080507
:1057400008010C0510B540F2115005F005FD4FF4AD
:105750000043032201214FF0904005F035FBBDE8E6
:1057600010404FF40043002201214FF0904005F01B
:1057700009BB00001FB540F2116005F0EDFC1048B8
:1057800005F0D4FD0F4B104A1B68B3FBF2F3013B4D
:105790000022B3F5803F28BF1346ADF800306946BC
:1057A00009230748ADF80220019202938DF80C20DE
:1057B00005F010FE024805F09DFE05B05DF804FB03
:1057C000004401406401002040420F004FF40041BA
:1057D0004FF0904005F02FBB30B5421EC31D002096
:1057E00012F8014F082145086040C0074CBF85F002
:1057F0008C00284601394FEA5404F4D19A42EFD183
:1058000030BD000008B500221146152005F056FCF9
:10581000BDE808400148012105F073BE0044014085
:105820002DE9F041A748012105F074FE002800F0A1
:105830000182A54B1B78022B4ED1A44D2B78022B55
:105840001DD1A34A137873B94FF400414FF0904033
:1058500005F0F3FA9E4B01221A70BDE8F041994819
:10586000012105F060BE302B40F0CA804FF40041AA
:105870004FF0904005F0DFFA944B0322ECE7032B46
:1058800013D1934A1378372B40F0BA804FF400417C
:105890004FF0904005F0D3FA8C4B08B90422DBE7B7
:1058A0008C4A012111700E22D6E7042BD5D1884CE9
:1058B0002378612B7BD14FF400414FF0904005F0ED
:1058C000BEFA20B10023237005232B70C5E7814B5E
:1058D00002221A707D4BE6E7002B32D17B4B1B78FE
:1058E000002BBAD17A4D7C4F2C783B78CCB97B4ECB
:1058F0003478072C12D84FF400414FF0904005F057
:105900009CFA774B1B78234113F0010F0CBF072340
:10591000012301343B7034700123D6E76B4B052221
:105920009AE79C4208D14FF400414FF0904005F0B7
:1059300082FA01342C7090E7082CFAD1644B0022D3
:105940008AE7012B35D1614A1378012B85D1604C50
:105950002378002B3FF478AF012B08D14FF400419E
:105960004FF0904005F067FA594B022274E7022B82
:1059700014D14FF400414FF0904005F060FA574ABF
:10598000574913780D78003818BF012098402843F4
:10599000013313700870032323705EE7082B06D1D0
:1059A0004E4B1B78082BC9D10C231370C6E701336B
:1059B000F2E7032B7FF451AF444C2378022B3FF4E2
:1059C00040AF0B2B3FF649AF01A252F823F000BFC6
:1059D0002B5A00085B5800085B58000883580008E1
:1059E000075A00085B5800085B5800088B5A0008EB
:1059F000E95A00081F5B0008A75B0008D95B000894
:105A00000133137029E7324D2B78612B0BD14FF402
:105A100000414FF0904005F012FA00283FF457AFD4
:105A200000232B70B8E701334FE7294EDFF8A88039
:105A3000357898F80030D5B9284F3D78072D14D81F
:105A40004FF400414FF0904005F0F7F9244B1B78DC
:105A50002B4113F0010F0CBF0723012388F80030FE
:105A6000013501233D703370F7E6072394E79D422B
:105A700008D14FF400414FF0904005F0DCF90135BA
:105A80003570EAE6082DFAD158E7114D2B78002B36
:105A90003FF4DAAE012B3FF461AF022B0CD14FF48F
:105AA00000414FF0904005F0CAF90E4B003818BF86
:105AB00001201870032308E7082BB4D100222A70B4
:105AC0006AE700BF00440140331600204601002071
:105AD00030160020C4150020DA150020D91500204A
:105AE000DB150020CC150020534D2B78002B3FF404
:105AF000ABAE012B3FF432AF022B0AD14FF4004181
:105B00004FF0904005F09BF900384C4B18BF012036
:105B1000CFE7082B87D100232B7009233CE7484BA4
:105B20001878464B1D78C0B1002D7FF4F7AE454B79
:105B3000454A1978454B1B7803F00703D25C444D66
:105B4000287043480078002829D00A4301213E48A4
:105B5000C254404B19700A231EE73A4B3A4A19784F
:105B60003A4B1B7803F00703D25C002DE7D13A488B
:105B70003A4D00782D78A8420DD2114214BF01256C
:105B80000025334E3570002DDBD1354D08282870A7
:105B9000D7D8344DD4E70CBF01250025F1E722EA20
:105BA00001020721D3E7244D2B78002B3FF44CAEA4
:105BB000284A16789E4208D14FF400414FF0904099
:105BC000013605F038F92E7047E6082B7FF42BAF2D
:105BD00000232B700B23DFE61A481F4E0278337820
:105BE0001A4901335200DBB2D2B20D783370027021
:105BF0001AB96A1C0A70012202700A78082A7FF416
:105C000034AF402B184B09D9154A144912780A7041
:105C100012B9164A0121117001221A700A4A1B7822
:105C2000127803B122B9124B03221A700E23B3E685
:105C30000D23B1E6BDE8F08130160020CB15002021
:105C4000CC150020C7150020D0150020C815002055
:105C5000C5150020DA150020CA150020CF15002038
:105C6000C9150020CD150020C6150020CE15002036
:105C7000C415002030B5421E00F10803002012F8C0
:105C8000014F082145086040C0074CBF85F08C00DB
:105C9000284601394FEA5404F4D19A42EFD130BD7D
:105CA0002DE9F04FAB4D2B78052B85B04BD1AA4A8F
:105CB0001388002B40D0A949013B13800B681820A2
:105CC0005A1C92FBF0F400FB14220A60A44A03EB76
:105CD0004303D118D35C88784A78A2490B70A24953
:105CE0000A70A24908702BB9A1490A70A14A137021
:105CF0002B701CE0012B05D19D4900220A709D49A3
:105D00000A70F5E7032B10D19B4A00231360536000
:105D10009A4A13709A4A13709A4A13709A4A1370E7
:105D2000934BF0221A700623E2E7022BE0D0974A49
:105D30001388013313801AE09548012105B0BDE8AE
:105D4000F04F05F0E2BB063B092B10D8DFE813F05B
:105D50000A000F000F000F000F000F0021004A0182
:105D600071011F02884B1B7823B105232B7005B0EE
:105D7000BDE8F08F874901220A7087490B70874977
:105D80000B7087490A70874A13707A4A137002238E
:105D9000ECE7754B76491C78744B834E1A7809787A
:105DA0000923B2FBF3F303EBC303D31ADBB2082AD4
:105DB000F154DAD13046FFF75DFF0028D5D17B4999
:105DC0007B4A04F03F0301EBC30051F8333013600A
:105DD000436853603388774C03EB830303EB8303FF
:105DE0001BB2002B1A46B8BFDA1C594201F003015E
:105DF00003F0030358BF4B42002B6F4B4FEAA20244
:105E0000B8BF02F1FF3293F800B0B8BF12B26272AD
:105E1000BBF1FF0FC2F30722A272A6D0674A138814
:105E2000002BA2D06649DFF8B081D1F800A0B8F805
:105E30000070DFF8A891013B13800AF101035A4278
:105E400002F01F0203F01F0358BF53420B605D4B6B
:105E50004FF4967603A81B88ADF80C305021FCF760
:105E600047FEB7FBF6F306FB13739BB2502259466D
:105E700009F80320FCF73CFE7B1C9BB2B3FBF6F257
:105E800006FB12339BB209F803B0DFF854B19BF85C
:105E900000100091FCF72CFEBB1C9BB2B3FBF6F28A
:105EA00006FB123300999BB209F8031001318BF8FD
:105EB00000100B21FCF71CFEFB1C9BB2B3FBF6F29F
:105EC00006FB12339BB20B2209F8032007F10F0BDC
:105ED00022463C1DA4B21FFA8BFB12F8011B03A83B
:105EE000CDE90012FCF704FEB4FBF6F306FB134306
:105EF00001349BB2A4B2009909F803105C45019AE1
:105F0000EBD1B4FBF6F306FB1344A4B29DF80C30BE
:105F100009F8043007F110039BB2B3FBF6F206FB5D
:105F200012339BB29DF80D2009F8032007F11103ED
:105F3000A8F80030244B23F81A70244B112203F8E0
:105F40000A20234B102203F80A20224A1388013327
:105F500013800AE746010020DC150020E015002030
:105F6000E8150020331600203216002031160020DC
:105F7000DB150020D9150020D0150020D8150020F1
:105F8000CF150020CD150020CE15002044010020A3
:105F900000440140CA150020C9150020C815002082
:105FA000C7150020C6150020371800203416002021
:105FB0004A010020490100205C0100205E01002010
:105FC000B81A00206CBF0008FC1A0020DC1A002060
:105FD000BC1A0020B01A0020821900208419002069
:105FE0005B180020794E7A4F30463C78FFF7F4FB7F
:105FF000D0B93378282B0ED1764977480B783268A0
:1060000003F03F0C00EBCC0E40F83C2001337268EB
:10601000CEF804200B70714B1B78A3423FF4A5AE61
:1060200001343C700623A1E66D4B03221A700E2347
:106030009CE66B4B6B4A93F800806B4B82F80180B7
:1060400093F800B0BBF1FF0F00F0978067490B8811
:10605000002B00F092806648DFF8C0A1D0F80090D5
:10606000BAF80060634F013B0B8009F1010359420C
:1060700001F01F0103F01F0358BF4B4203605E4B4A
:106080004FF4967403A81B88ADF80C305021FCF730
:106090002FFDB6FBF4F304FB13639BB25021F954BC
:1060A0005946FCF725FD731C9BB2B3FBF4F104FBCE
:1060B00011339BB207F803B0DFF864B19BF800100E
:1060C0000091FCF715FDB31C9BB2B3FBF4FC04FB81
:1060D0001C3300999BB2F95401318BF80010022156
:1060E000FCF706FDF31C3F4A9BB2B3FBF4F104FB43
:1060F000113392F800B09BB20221F9545946FCF7D3
:10610000F7FC331D9BB2B3FBF4F204FB12339BB2DA
:10611000414607F803B0FCF7EBFC731D9BB2B3FBE1
:10612000F4F204FB12339BB207F80380B31D9BB259
:10613000B3FBF4F204FB12339BB29DF80C20FA542B
:10614000F31D9BB2B3FBF4F204FB12339BB29DF838
:106150000D20FA5406F10803AAF80030274B23F863
:106160001960274B082203F80920264B102203F858
:106170000920254A13880133138008F1FF38B8F14C
:10618000010F9EBF134B00221A700F23EEE51F4A2A
:106190001388002B3FF4D0AD1D49013B13800B68E1
:1061A00018205A1C92FBF0F400FB14220A6003EB47
:1061B0004303184AD35C9A1E012A3FF6B8AD164A2B
:1061C000032B13703FF4A0AD022391E5D0150020FE
:1061D000D815002036180020341600203216002072
:1061E000C4150020470100205C0100205E01002052
:1061F000B81A0020841900206CBF0008FC1A002087
:10620000DC1A0020BC1A0020B01A0020DC15002087
:10621000E0150020E8150020331600208219002028
:106220005B18002038B5114A114B002119701388F2
:10623000DBB11048013B1380036818245A1C92FB01
:10624000F4F504FB152202600B4803EB4303C2186C
:106250000324C4549170FF2308485370012105F0B2
:1062600050F9074A13880133138038BD44010020D8
:1062700036180020E4150020E815002000440140F5
:10628000DC15002038B5334B1B78002B60D0324C26
:106290002388DBB13149013B23800B6818205A1C4D
:1062A00092FBF0F500FB15220A602D4903EB430336
:1062B000CA180220C85400232A4853700121937041
:1062C00005F01FF9284A1388013313802388DBB1B6
:1062D0002249013B23800B6818205A1C92FBF0F5E1
:1062E00000FB15221E480A6003EB4303C21800217D
:1062F000C1549170CC231B485370012105F001F962
:10630000194A1388013313802388DBB11349013BF9
:1063100023800B6818205A1C92FBF0F400FB142217
:106320000F480A6003EB4303C2180021C154917067
:1063300044230C485370012105F0E3F80A4A1388FE
:1063400001331380094B00221A70094B01221A7085
:1063500038BD00BF3618002044010020E41500209D
:10636000E815002000440140DC150020351800200D
:10637000341800202DE9F74FDFF8AC9199F8003080
:10638000002B00F0BF80614B614C1B78DFF89CA1B3
:10639000019323889AF80050DBB15E49013B2380CA
:1063A0000B6818205A1C92FBF0F600FB16220A60BC
:1063B000594903EB4303CA180220C8540023574825
:1063C00053700121937005F09CF8554A13880133EE
:1063D00013802388DBB14F49013B23800B681820D1
:1063E0005A1C92FBF0F600FB16224B480A6003EBA6
:1063F0004303C2180021C15491705523474853707C
:10640000012105F07EF8464A138801331380454A7E
:10641000DFF800B105F03F0702EBC7083E4A00264F
:106420002388F3B1013B2380DBF8003018F806C065
:10643000591C182003EB430391FBF0FE00FB1E11D7
:10644000CBF80010D1180020D054887081F801C01A
:106450003248012105F055F831492F4A0B880133A4
:106460000B800136082EDBD12388DBB12949013BA3
:1064700023800B6818205A1C92FBF0F600FB1622B2
:1064800025480A6003EB4303C2180021C1549170F0
:10649000BE2322485370012105F033F8204A1388A7
:1064A000013313805FFA87FBDFF86C80194F1B48BC
:1064B00000262388D3B1013B23803B6818215A1C56
:1064C00003EB430392FBF1FC01FB1C223A6008EB57
:1064D0000302012108F8031082F801B0967005F05C
:1064E00010F80F4A0D481388013313800136092E26
:1064F000DFD1019BAB428BBF013500238AF80050EE
:1065000089F8003003B0BDE8F08F00BF36180020D6
:1065100044010020E4150020E8150020004401405B
:10652000DC15002034160020341800203518002017
:1065300010B540F2115004F00FFE20230322002179
:106540004FF0904004F040FCBDE8104020230122B1
:1065500000214FF0904004F015BC10B540F21150EE
:1065600004F0FAFD4023032200214FF0904004F094
:106570002BFCBDE810404023012200214FF0904049
:1065800004F000BC10B5094C40F2125004F0E4FDD8
:10659000204601230322002104F016FC012320469B
:1065A0001A46BDE81040002104F0ECBB000400488E
:1065B00010B5094C40F2125004F0CEFD20460223E3
:1065C0000322002104F000FC20460223BDE8104015
:1065D0000122002104F0D6BB00040048F8B5264C87
:1065E000264D27782E6820214FF0904004F027FC9C
:1065F000B0FA80F0400987421CBF002320704FF0A2
:1066000040014FF0904018BF2372277B18BF66608F
:106610002E6804F014FCB0FA80F0400987421CBFD9
:10662000002320734FF0010115481CBF237526611C
:10663000277E2E6804F003FCB0FA80F04009874200
:106640001CBF002320764FF002010D481CBFE661FD
:1066500084F820302D6894F8246004F0F0FBB0FA40
:1066600080F0400986421FBF002384F82400A56201
:1066700084F82C30F8BD00BF94150020AC1F00201A
:10668000000400482DE9F04F604BDFF8B0A11B7803
:1066900087B003F0030B01930C2303FB0BF30AEB0E
:1066A0000301097A002940F0A980594F1AF80330F4
:1066B000BB70584B1E7801213970FF2E59447970F8
:1066C00000F0968054490B88002B00F09180534CC9
:1066D000DFF86C81013B0B8023680293591C484210
:1066E00000F01F0001F01F0158BF41424C4B2160D8
:1066F0004C491D880988ADF814104FF4967405A80C
:106700005021FCF7F5F9B5FBF4F104FB115189B206
:106710004FF0500C08F801C03146FCF7E9F9691C4C
:1067200089B2B1FBF4FC04FB1C1189B208F80160CA
:106730003D4E96F800904946FCF7DAF9A91C89B25B
:10674000B1FBF4FC04FB1C1189B208F8019009F1BB
:106750000109032186F80090FCF7CAF9E91C89B207
:10676000B1FBF4F004FB101189B20320B946EE1D11
:106770002F1D08F80100029BBFB2B6B219F8011B29
:10678000039305A80291FCF7B3F9B7FBF4F004FBFF
:106790001070013780B2BFB2029908F80010BE42F3
:1067A000039BEBD1B6FBF4F104FB1166B6B29DF886
:1067B000141008F8061005F1080189B2B1FBF4F0D5
:1067C00004FB101189B29DF81500154A08F8010064
:1067D00005F109011180154921F8135014490920C8
:1067E000C85414491020C85413490B8801330B8036
:1067F0000C2303FB0BAA01238AF80830019B034AF0
:106800000133137007B0BDE8F08F00BF9015002072
:10681000911500205C0100205E010020B81A0020C4
:10682000821900206CBF00085B180020FC1A0020B1
:10683000DC1A0020BC1A0020B01A00209415002099
:106840008419002010B50C4C40F2125004F084FC66
:10685000204640230322002104F0B6FA20460022FD
:106860000221402304F08EFA20464022BDE8104069
:10687000002104F0EABA00BF0004004810B50C4C37
:1068800040F2125004F068FC2046802303220021CD
:1068900004F09AFA204600220221802304F072FAC2
:1068A00020468022BDE81040002104F0CEBA00BF8F
:1068B0000004004808B500221B20114604F0FEFB2E
:1068C000BDE8084040F20E6004F046BC10B5094C2B
:1068D00040F2125004F040FC204610230322002115
:1068E00004F072FA20461023BDE810400222002175
:1068F00004F048BA00040048F8B55749574805F075
:106900002FF8064640B1554840F2017105F00BF8EA
:106910005149524805F03AF85149504805F020F8DD
:10692000074640B14D4840F2027104F0FCFF4C496B
:106930004A4805F02BF84B49484805F011F8054640
:1069400040B1464840F2037104F0EDFF4549434829
:1069500005F01CF84449414805F002F8044640B1EE
:106960003E484FF4E06104F0DEFF3F493B4805F04C
:106970000DF83E49394804F0F3FFB8B1374840F20A
:10698000037104F0D0FF3949344804F0FFFF72B6B8
:10699000374A00231360374A1360374A2021118099
:1069A000364A138062B6364A137005E03E433543DB
:1069B0002C43E4B2002CEAD13249284804F0D0FF3D
:1069C00008B32D4A1388D3B12A4924480C68013BE7
:1069D0001380631C5A4202F01F0203F01F0358BFCA
:1069E00053420B6004F09BFF274B23F81400274B06
:1069F0001A68274B1A60214A1388013313802149F2
:106A0000164804F0C3FF2349144804F0A9FF10B34B
:106A1000214D224B2C881B88A34214D94FF4967227
:106A2000B4FBF2F302FB13439BB21D4A0B4832F84E
:106A30001310013404F06FFF2C80BDE8F8401549B5
:106A4000064804F0A3BF0548072104F07EFF154B5C
:106A500000221A70F1E7F8BD00020107003801407A
:106A600000020207000203070800000705000307F1
:106A7000481500204C15002042010020461500203A
:106A80006B1000200500050750150020AC1F0020EA
:106A90006C10002007000707EC120020EA1200200B
:106AA000EE1200207010002038B51F4B1F4C1A4604
:106AB000F02102F8011B1E4908688988C3F801000B
:106AC0000025918020460122DD711A725A7204F06D
:106AD000A3FE2046042104F016FF2046082104F0FE
:106AE0000AFF2046052104F026FF20464FF40071DE
:106AF00004F021FF2046082104F01DFF20464FF43A
:106B0000E13104F0A5FE2946204604F0D7FE2946CF
:106B1000204604F0DFFE2046294604F0C3FE20464E
:106B2000BDE8384004F0E2BE71100020003801409A
:106B3000A41F00202DE9F04F9F4B1A8887B0002A30
:106B400031D072B61A88013A1A8062B69B48DFF8D3
:106B5000B4A201684B1C5A4202F01F0203F01F034B
:106B600058BF53420360964B33F811409AF80030F7
:106B7000E3B9A52C11D19349934801220A70934996
:106B80008AF800200B7092490B70924B21461A70C4
:106B9000FF2303704370FBF7ABFF72B68E4A138876
:106BA0000133138062B607B0BDE8F08F012BF4D13A
:106BB000844E3378012B13D1FF2C854B07D900214C
:106BC00081481970FBF794FF03233370E5E7E1B2C6
:106BD0007D481970FBF78CFF002CF5D00223F4E7F9
:106BE000022B19D179480378B4F5807F28BF00249F
:106BF000FF22B3FBF2F21A440133DDB2E1B202F03C
:106C0000FF02764C05707048A154FBF771FF704B82
:106C10001B78AB42C1D1D7E7032B0CD16A4BB4F53B
:106C2000807F1B7828BF00249C421EBF694B002236
:106C30001A700423C9E7042BAFD1664B1B78002BD5
:106C400000F0B580604BB4F5807F5B7828BF0024EE
:106C5000A34240F0AC805E4B1C78604B1A78FA2A55
:106C600040F0D680022C40F0A2805D4991F800B03F
:106C7000BBF1FF0F00F09B805A480188002900F00B
:106C80009680594DDFF88091D5F80080B9F8006002
:106C900001920139018008F10101484200F01F0012
:106CA00001F01F0158BF414229605049504F0988E7
:106CB000ADF814104FF4967505A85021FBF718FF96
:106CC000B6FBF5F105FB116189B24FF0500C07F8E6
:106CD00001C05946FBF70CFF711C89B2B1FBF5FCF2
:106CE00005FB1C1189B207F801B0DFF820B19BF851
:106CF00000100091FBF7FCFE06F1020C1FFA8CFC61
:106D0000BCFBF5FE05FB1ECC00991FFA8CFC07F8B6
:106D10000C1001318BF800102146FBF7E9FEF11C45
:106D200089B2B1FBF5FC05FB1C1189B27C54FA2138
:106D3000FBF7DEFE311D294B019A89B2B1FBF5F458
:106D400005FB141189B25C787A542146FBF7D0FE1A
:106D5000731D9BB2B3FBF5F205FB12339BB2FC54DF
:106D6000B31D9BB2B3FBF5F205FB12339BB29DF84A
:106D70001420FA54F31D9BB2B3FBF5F205FB12335A
:106D80009BB29DF81520FA5406F10803A9F80030CB
:106D9000184B23F81860184B082203F80820174BEB
:106DA000102203F80820164A1388013313800023A9
:106DB0008AF80030F1E600BF461500204815002093
:106DC000501500203F0100203D0100206A100020E6
:106DD000691000203C010020420100206A0F0020C1
:106DE0005C0100205E010020B81A00206CBF000882
:106DF00084190020FC1A0020DC1A0020BC1A002094
:106E0000B01A00206B100020821900205B180020AF
:106E1000564B1E78FF2ECAD0554A1388002BC6D079
:106E20005449DFF86CB1D1F80090BBF80070DFF87E
:106E30006481013B138009F101035A4202F01F02F1
:106E400003F01F0358BF53420B604B4B4FF4967532
:106E500005A81B88ADF814305021FBF749FEB7FB9D
:106E6000F5F305FB13739BB25022314608F803205B
:106E7000FBF73EFE7B1C9BB2B3FBF5F205FB123326
:106E80009BB208F803603D4E31780091FBF730FE6D
:106E9000BB1C9BB2B3FBF5F205FB123300999BB20E
:106EA00008F8031001313170661CF6B23146FBF769
:106EB0001FFEFB1C9BB2B3FBF5F205FB12339BB22A
:106EC000302108F80360FBF713FE3B1D9BB2B3FBB8
:106ED000F5F205FB12339BB2302208F80320FF23A2
:106EE000B4FBF3F31C4404F0FF04631E244A009334
:106EF00000235E1D57FA86F6B6B2B6FBF5F105FB28
:106F0000116600999942B6B220DA9DF8143008F85B
:106F10000630A31D57FA83F39BB2B3FBF5F205FBD2
:106F200012339BB29DF8152008F80320073457FA56
:106F300084F3ABF80030134B23F81970124B03F8AD
:106F40000940124B102203F809202CE712F8011B0C
:106F5000039305A8CDE90112FBF7CAFD039B019934
:106F600008F80610029A0133C3E700BF5C01002055
:106F70005E010020B81A00206CBF00085B180020DA
:106F80006A0F0020FC1A0020DC1A0020BC1A002026
:106F90008219002084190020F8B5214C2278002A9B
:106FA00032D1204B198800292ED072B619880139A8
:106FB000198062B61C4D1D4F2968DFF88CC04B1C30
:106FC000584200F01F0003F01F0358BF43422B60DC
:106FD000174B33F81160174B585C1749451E0A8050
:106FE00013469D4211DA02B10880144B1448002266
:106FF00007211A8004F09FFC0123237072B6114A06
:1070000013880133138062B6F8BDF218C2F3080288
:107010001CF8022027F8132001330122E1E700BF0A
:10702000701000207E12002080120020EE1200203E
:10703000A812002088120020EA120020EC12002082
:1070400000380140400100207E1000200B4B0C4A0C
:1070500019681368CB1A012B10B50ED972B60948FE
:10706000002303600848036008482024048008487F
:10707000038062B607481160037010BDAC1F00208A
:107080006C100020481500204C1500204201002003
:10709000461500206B1000202DE9F04F5648DFF810
:1070A000809185B0102103F0CAFE99F80030071EC8
:1070B00018BF0127BB4200F09C80504B93F800B0F2
:1070C000BBF1FF0F00F093804D4A1388002B00F0B6
:1070D0008E804C49DFF84CA1D1F80080BAF80050FE
:1070E000494E013B138008F101035A4202F01F028E
:1070F00003F01F0358BF53420B60444B4FF4967488
:1071000003A81B88ADF80C305021FBF7F1FCB5FB50
:10711000F4F304FB13539BB250225946F254FBF78D
:10712000E7FC6B1C9BB2B3FBF4F204FB12339BB283
:1071300006F803B0DFF8F0B09BF800100191FBF700
:10714000D7FCAB1C9BB2B3FBF4F204FB12330199E6
:107150009BB2F15401318BF800100221FBF7C8FCFF
:10716000EB1C9BB2B3FBF4F204FB12339BB2022282
:107170003121F254FBF7BCFC2B1D9BB2B3FBF4F2A4
:1071800004FB12339BB231223946F254FBF7B0FCB8
:107190006B1D9BB2B3FBF4F204FB12339BB2F754AA
:1071A000AB1D9BB2B3FBF4F204FB12339BB29DF810
:1071B0000C20F254EB1D9BB2B3FBF4F204FB123330
:1071C0009BB29DF80D20F25405F10803AAF8003097
:1071D0000F4B23F818500F4B082203F808200E4BD2
:1071E000102203F808200D4A13880133138089F810
:1071F000007005B0BDE8F08F000400485C0100207D
:107200005E010020B81A0020841900206CBF00081D
:10721000FC1A0020DC1A0020BC1A0020B01A002042
:10722000E8120020821900205B1800201FB50C4CCA
:1072300040F2017003F090FF204604F077F800233D
:10724000642269462046CDE9003302928DF80C3065
:1072500004F0C0F8204604F04DF904B010BD00BFA2
:107260000004004008B540F2115003F075FF802380
:10727000032200214FF0904003F0A6FD802300225E
:1072800002214FF0904003F07DFDBDE808408022D0
:1072900001214FF0904003F0D8BD000030B54FF40D
:1072A000A06085B003F058FF1B4B1C4A1A601C4BB2
:1072B0001C4C0FCB6D4685E80F002A462046012165
:1072C00004F042F920460022012104F071FA204620
:1072D0006022012104F046FA08222046012104F030
:1072E00075FA2046012104F025F94FF480712046FB
:1072F00004F01CF9204604F0FDF8012211460A2092
:1073000003F0DCFE022003F02BFC0221084603F010
:1073100089FC05B030BD00BF1C01002038040040CE
:1073200070BF0008000400404E4B4F4A2DE9F34166
:10733000D3F8006C1288D3F8048CD3F8087CADF82D
:107340000420FF2E94BF31460021C9B201A8FBF7EB
:10735000CFFB464C464D2168B1F5807F28BF002108
:1073600001A8C9B2FBF7C4FB6168B1F5807F28BFF3
:107370000021C9B2FBF7BCFBA168B1F5807F28BF33
:107380000021C9B20C34FBF7B3FBAC42E3D1394D59
:107390002168B1F5807F28BF0021C9B201A8FBF7A1
:1073A000A7FB6168B1F5807F28BF0021C9B208340E
:1073B000FBF79EFBAC42EBD19DF80430434542D134
:1073C0009DF80530BB423ED1012E3CD12A4B274AC5
:1073D0002A481E461168B1F5807F28BF0021197028
:1073E00051680139FE2902F108028CBF00210121F8
:1073F0008242597003F10203ECD121490020642735
:107400001368B3F5807F28BF00230B705368B3F572
:10741000807F28BF00234B709368B3F5807F28BF1F
:107420000023DBB20B71B3FBF7F407FB1433DBB2C1
:107430000024013BA4469C454C8007DD0C32AA4247
:1074400001F11001DCD102B0BDE8F08116F810E0C6
:1074500001307444A4B2B0FBF7FE0CF1010C07FB41
:107460001E00E8E700F000086CBF00080CFC0008F4
:1074700084FC0008A4FF0008940E00202CFF0008E4
:107480007C0000202DE9F04F2DED108B95B0AA4B1C
:107490000593AA4B0893AA4B009303F1010AA94C48
:1074A000DFEDA9DA0023029309939B46059B5B78E5
:1074B0000B93059B5B8809EE103A059BD3ED029A6E
:1074C000089B93ED00BAD3ED01BA1B7A0E93009B93
:1074D00093F820300F9394F820301093059B1B797C
:1074E0006422B3FBF2F102FB1133DBB2013B944A9D
:1074F000119300230AEE103A06930393282303FB0B
:107500000B2307931AEE102A119B9A423BDD059B31
:10751000069A1B7B934205D0059A012353731346A9
:10752000069A1A73009B93F82130002B01F00C820D
:10753000009A009BD2ED047AD2ED066A93F82230CD
:1075400092ED057A77EEA67AF5EEC07AF1EE10FAB2
:10755000C1F2EE81002B01F0DF81B4EEE77A012366
:10756000F1EE10FA82F8233001F2DB81009A002359
:1075700013614FF07E535361012382F8233082F868
:10758000243001F0E1B9714B099A13F812200192ED
:10759000099ADDED017A03EB4203039A5B781293BB
:1075A000019BB8EE67DA13440D932BEE0DCA01234D
:1075B0006BEE8DCA0A93F7EE008A0A9B03F1FF393E
:1075C000019B99450FDB099A64230132B2FBF3F169
:1075D00003FB112309931AEE103A01330AEE103A15
:1075E0000D9B03938EE7129B1BB1019B0A9AA3EBA1
:1075F000020907EE909AF5EEC09AF1EE10FAF8EE55
:10760000E7AA60DDB4EEEACAF1EE10FA59D8F4EE5A
:10761000EACAF1EE10FACCBF012300230E9A93427E
:1076200051D0109A267894F82130002A61D19FED2C
:1076300048EA102E28BFB0EE68EA002B00F029813E
:1076400094F8233094ED048A2BB1B0EE480A04F08C
:1076500043FC38EE408AB5EEC08AF1EE10FA67D4EA
:10766000B4EEE88AF1EE10FA00F31381252E00F251
:107670006881DFE816F0130225032803A403DA0368
:1076800066016601660166016601660166016601C2
:10769000660166016601660156062C049F04ED042E
:1076A00066016601660166016601660166016601A2
:1076B0006601660166013E0560058205DB05000680
:1076C0002E060023AAE70B9B4FF4FF62581E0023EF
:1076D000834200F3F080029D1E494FF000064E5594
:1076E00029460131B1FBF2F602FB1611029101337A
:1076F000EEE79FED17EA102E28BFB0EE68EA002BE8
:1077000000F0C78094ED077A94ED048A94F8233052
:10771000F8EECA7AA7EEC78A2BB1B0EE480A04F099
:10772000DBFB38EE408AB5EEC08AF1EE10FA13D5D5
:1077300038EECEEAADE000BF7C000020040000205F
:10774000040D0020740B002000007F43940E0020E5
:10775000000000007B030020B4EEE88AF1EE10FA8E
:1077600000F39780252E00F2EC80DFE816F09701F9
:10777000A9022600B700ED00EA00EA00EA00EA00EC
:10778000EA00EA00EA00EA00EA00EA00EA00EA00A9
:10779000DA053701A901F301EA00EA00EA00EA008C
:1077A000EA00EA00EA00EA00EA00EA00EA00C204AD
:1077B000E40406053D025F028602602399FBF3F2B2
:1077C00003FB129294F82430002B00F08480002AEE
:1077D000C94B4FF00C0172DB92FBF1F0282101FB49
:1077E0000B31014400234B700C23B2FBF3F2C24B6C
:1077F000282101FB0B33134409F007015E78D9F10E
:10780000000303F0070358BF59420029B8BF0831ED
:1078100046FA01F3DF0700F14181DFF8F082DFF87B
:10782000F0C2B64F9CF8003098F8000004933B7803
:107830008CF8003080EA0010C0B283EA5303434062
:1078400083EA4003DBB207EE903A94ED067ADFED6F
:10785000AC6ADFF8C0E23B70F8EE677A37EE087A80
:1078600067EEA67A9EF8005088F80050F4EEC77ACA
:10787000049D8EF80050F1EE10FA62D59E4B282040
:1078800000FB0B33134401228A4032435A709FEDB0
:107890009DEA0B9BB8EECA8A013B1393002608238E
:1078A000B0460493B1EE488A049BA3F10807139BEA
:1078B0009F4240F33A850A9B01330A937DE602F129
:1078C0006000B0FBF1F1282000FB0B330B440021DA
:1078D0005970603288E7002A86DAFAE794F8253092
:1078E000DFED8F7AC3B138EEC88A28EE0D8AB4EE88
:1078F000E78AF1EE10FA0DD8DFED8A7AB4EEE78A66
:10790000F1EE10FA06DBFDEEC87A17EE903A4B4521
:1079100017DCC3E00023FAE72DEE088AB4EEE78A0D
:10792000F1EE10FA0AD8DFED7F7AB4EEE78AF1EED5
:1079300010FAA4BFFDEEC87A17EE903A4B4580F2DC
:10794000AD80B7EE00EAA4E7019B9FED737A0133A7
:1079500003F4FF7307EE903A94F82530F8EE677A57
:1079600003B338EEC88A28EE278AB4EEC78AF1EE50
:1079700010FA15D8DFED697AB4EEE78AF1EE10FA65
:107980000EDBF6EE007A28EE278AFDEEC87A17EEB7
:10799000903A4B45D5DC019AD31A4B45D1DD7DE0B9
:1079A0000023F6E768EE277AF4EEC77AF1EE10FAD4
:1079B0000ED89FED5A7AF4EEC77AF1EE10FAA1BF15
:1079C000B6EE007A67EE877AFDEEE77A17EE903A28
:1079D0004B4563DA019AD31A013B98E7602399FB80
:1079E000F3F203FB129294F82430002B65D0002AA6
:1079F000414B4FF00C0154DB92FBF1F0282101FBCD
:107A00000B31014400234B700C23B2FBF3F23A4BD1
:107A1000282101FB0B33134409F007015E78D9F1EB
:107A2000000303F0070358BF59420029B8BF0831CB
:107A300046FA01F3DD0784D4DFF8D080DFF8D0C048
:107A40002E4F9CF8003098F8000004933B788CF897
:107A5000003080EA0010C0B283EA5303434083EA57
:107A60004003DBB207EE903A94ED067ADFED246A2C
:107A7000DFF8A0E03B70F8EE677A37EE087A67EE41
:107A8000A67A9EF8005088F80050F4EEC77A049D5C
:107A90008EF80050F1EE10FA3FF5F0AE9FED1AEAC5
:107AA000F7E602F16000B0FBF1F1282000FB0B3398
:107AB0000B44002159706032A6E7002AA4DAFAE7E5
:107AC00094F82530DFED167A73B338EEC88A28EEC5
:107AD0000D8AB4EEE78AF1EE10FA0BD8DFED117AD9
:107AE000B4EEE78AF1EE10FA04DBFDEEC87A17EE89
:107AF000903A52E7002350E7740B0020000000206A
:107B00008180803B00007F43000000006C03002068
:107B10006A0300206B0300200000804F000080CF2C
:107B20000000004F000000CF2DEE088AB4EEE78A77
:107B3000F1EE10FA0AD85FED057AB4EEE78AF1EEBD
:107B400010FAA4BFFDEEC87A17EE903A4B45BFF687
:107B5000F8AEA3E7019B1FED107A013303F4FF7326
:107B600007EE903A94F82530F8EE677AFBB138EEDC
:107B7000C88A28EE278AB4EEC78AF1EE10FA14D824
:107B80005FED1A7AB4EEE78AF1EE10FA0DDBF6EE4D
:107B9000007A28EE278AFDEEC87A17EE903A4B4518
:107BA0003FF77CAF019AD31AB1E60023F7E768EEFE
:107BB000277AF4EEC77AF1EE10FA0ED81FED297A83
:107BC000F4EEC77AF1EE10FAA1BFB6EE007A67EED6
:107BD000877AFDEEE77A17EE903A4B45BFF6B1AEE5
:107BE000019AD31A013BD8E6E37807EE903A94F86D
:107BF00025300BB138EEC88A2DEE088A1FED387A91
:107C0000B4EEC78AF1EE10FA0ED81FED3A7AB4EE50
:107C1000C78AF1EE10FA07DBBDEEC87A17EE103A0C
:107C20004B4540F0F482A6E20023F9E7E37807EE43
:107C3000903A94F825300BB138EEC88A2DEE088AB8
:107C40001FED4B7AB4EEC78AF1EE10FA36D81FED6D
:107C50004D7AB4EEC78AF1EE10FA2FDBB6EE007A59
:107C600028EE078ABDEEC87A17EE103A4B4500F0B1
:107C70008282019AD31A013BD2E7E37807EE903A69
:107C800094F8253053B1B6EE007AB4EEC78AF1EE1F
:107C900010FAD4BF38EE078A38EE478A2DEE088AEC
:107CA0001FED617AB4EEC78AF1EE10FA06D81FED27
:107CB000637AB4EEC78AF1EE10FAD3DA0023D5E77F
:107CC00038EEC8EAE5E5039B03EB0902602392FB6B
:107CD000F3F103FB112194F82430002B6CD0002920
:107CE000C54B4FF00C005BDB91FBF0F6282000FB4E
:107CF0000B303044002343700C23B1FBF3F1BE4B37
:107D0000282000FB0B330B445E78534203F007033B
:107D100002F0070258BF5A42002AB8BF083246FA9A
:107D200002F3D8073FF5BAAEDFF8DC82DFF8DCC239
:107D3000B24F9CF8003098F8000004933B788CF820
:107D4000003080EA0010C0B283EA5303434083EA64
:107D50004003DBB207EE103AD4ED067ADFEDA86AF5
:107D6000DFF8ACE23B70B8EE477A77EE887A27EE20
:107D7000267A9EF8005088F80050B4EEE77A049D09
:107D80008EF80050F1EE10FA7FF5DBAD9A4B28200B
:107D900000FB0B330B44012191403143597076E5D0
:107DA00001F16006B6FBF0F0282606FB0B33034416
:107DB0000020587060319FE700299DDAFAE7039BA5
:107DC000DFED906A03EB090294F82530B8EE497AAA
:107DD000BBB178EEC87A67EE877AF4EEE67AF1EE18
:107DE00010FA0CD89FED8B7AF4EEC77AF1EE10FA08
:107DF00005DBFDEEE77A17EE903A934288E5002323
:107E0000FBE768EE077AF4EEE67AF1EE10FA0AD8AC
:107E10009FED807AF4EEC77AF1EE10FAA4BFFDEE82
:107E2000E77A17EE903A934289E519EE103A01335A
:107E300023F001039BB200EE103A039B9FED767A8C
:107E400003EB090294F82530B8EE400A0BB378EE44
:107E5000C87A67EE807AF4EEC77AF1EE10FA16D897
:107E60009FED6E7AF4EEC77AF1EE10FA0FDBB6EE04
:107E7000007A67EE877AFDEEE77A17EE903A934242
:107E80003FF75FAD19EE101ACB1A934286E5002337
:107E9000F5E728EE000AB4EEC70AF1EE10FA0ED8A4
:107EA000DFED5E7AB4EEE70AF1EE10FAA1BFF6EE6E
:107EB000007A20EE270AFDEEC07A17EE903A934240
:107EC000BFF6ECAD19EE101ACB1A013B95E7039BF8
:107ED00003EB0902602392FBF3F103FB112194F8F9
:107EE0002430002B63D00029434B4FF00C0052DBB1
:107EF00091FBF0F6282000FB0B3030440023437048
:107F00000C23B1FBF3F13C4B282000FB0B330B445B
:107F10005E78534203F0070302F0070258BF5A424B
:107F2000002AB8BF083246FA02F3DB073FF509AD75
:107F3000DFF8D480DFF8D4C0304F9CF8003098F8D8
:107F4000000004933B788CF8003080EA0010C0B247
:107F500083EA5303434083EA4003DBB207EE103A5F
:107F6000D4ED067ADFED266ADFF8A4E03B70B8EEC8
:107F7000477A77EE887A27EE267A9EF8005088F8BE
:107F80000050B4EEE77A049D8EF80050F1EE10FA3E
:107F90007FF584ADFAE601F16006B6FBF0F0282625
:107FA00006FB0B330344002058706031A8E700291A
:107FB000A6DAFAE7039BDFED136A03EB090294F8F4
:107FC0002530B8EE497A7BB378EEC87A67EE877AC7
:107FD000F4EEE67AF1EE10FA0BD89FED0E7AF4EE9D
:107FE000C77AF1EE10FA04DBFDEEE77A17EE903A6D
:107FF0004BE7002349E700BF740B0020000000207E
:108000008180803B0000004F6C0300206A03002049
:108010006B030020000000CF0000804F000080CFE5
:108020000000004B000000CB68EE077AF4EEE67A21
:10803000F1EE10FA0AD81FED097AF4EEC77AF1EEE4
:1080400010FAA4BFFDEEE77A17EE903A93427EE570
:1080500019EE103A013323F001039BB200EE103AFF
:10806000039B1FED137A03EB090294F82530B8EE59
:10807000400A03B378EEC87A67EE807AF4EEC77AE6
:10808000F1EE10FA15D81FED1B7AF4EEC77AF1EE77
:1080900010FA0EDBB6EE007A67EE877AFDEEE77A2D
:1080A00017EE903A93423FF7F9AC19EE101ACB1A3B
:1080B000A3E60023F6E728EE000AB4EEC70AF1EEC5
:1080C00010FA0ED85FED2B7AB4EEE70AF1EE10FA53
:1080D000A1BFF6EE007A20EE270AFDEEC07A17EE79
:1080E000903A9342BFF62DAC19EE101ACB1A013B11
:1080F000CBE65FED357AB4EEE78AF1EE10FA18D8E8
:108100005FED387AB4EEE78AF1EE10FA11DBF0EEAB
:10811000487AFEEECC7A17EE903A5A42D2B2DBB2EF
:1081200058BF5342B04A02EB830292ED00EAFFF7D8
:10813000B0BB0023F6E7AD4FE378AD493A78AD48E0
:10814000AD4E90F800E094F804C096F8008087F8EF
:10815000008007EE903A0B78037082EA0212D2B2E6
:1081600083EA5303534083EA4203DBB29C4586F81B
:1081700000E00B704BD9A3784AE0E378DFED9F6A0B
:1081800007EE903AB4EEE68A2379F1EE10FA07EEA4
:10819000103A49D8DFED9A6AB4EEE68AF1EE10FAA9
:1081A00042DBF0EE486AFEEECC6A16EE903A5A4296
:1081B000D2B2DBB258BF53428B4A8C4F8C498D48A8
:1081C0008D4E90F800C096F800E086F800C002EBF3
:1081D000830292ED006A3A780B78037082EA021209
:1081E000D2B283EA5303534083EA4203DBB206EE82
:1081F000903AB8EE477AF8EE666A27EE067A87F884
:1082000000E0F4EEC76AF1EE10FA0B70B3D46378B5
:1082100007EE103AF8EE677AB8EE477A77EEA87A6A
:1082200087EE27EAFFF735BB0023C5E7E37807EEC3
:10823000903A94F825300BB138EEC88AB8EE490A66
:108240009FED737A039B20EE080A03EB0902B4EE5C
:10825000C70AF1EE10FA0CD89FED6E7AB4EEC70A99
:10826000F1EE10FA05DBBDEEC07A17EE103A9A4235
:10827000D7E40023FBE7E37807EE903A94F8253043
:108280000BB138EEC88AB8EE490A9FED5E7A039BBF
:1082900020EE080A03EB0902B4EEC70AF1EE10FA69
:1082A0003DD89FED597AB4EEC70AF1EE10FA36DBED
:1082B000B6EE007A20EE070ABDEEC07A17EE103A4D
:1082C00093423FF458AF19EE101ACB1A013B934278
:1082D000A7E4E37807EE903A94F8253053B1B6EE70
:1082E000007AB4EEC78AF1EE10FAD4BF38EE078AEE
:1082F00038EE478AB8EE490A9FED457A039B20EE97
:10830000080A03EB0902B4EEC70AF1EE10FA06D828
:108310009FED407AB4EEC70AF1EE10FACCDA0023F2
:10832000CEE7B0EE48EAFFF7B4BA029A374B9B5C4F
:108330000F9A0FEE103A009B93F82130002A00F0BC
:108340002781002B4DD0009A009BD2ED077A92ED49
:10835000040A93F82330A8EE270AF0EE40EA1BB196
:1083600003F0BAFD7EEEC0EAF5EEC0EAF1EE10FAD7
:1083700037D4F4EEE8EAF1EE10FA32DC009B1B7819
:10838000112B49D028D8002B00F09081102B28D138
:108390000C23B6FBF3F203FB1262711C1AF80220E5
:1083A00007EE102AB1FBF3F203FB1212B11C1AF80C
:1083B000022007EE902AB1FBF3F203FB1212009B9E
:1083C0001AF8021093F825300BB178EEEEEAB8EE09
:1083D000477AAEEEAD7A48E0202B00F00B82212BDD
:1083E0006ED0F8EE4F7A9CE198BF00086C03002035
:1083F000000000206A0300206B0300200000004BF7
:10840000000000CB0000804F000080CF7B030020E5
:108410000000004F000000CF0C23B6FBF3F203FB7B
:108420001262711C1AF8022007EE102AB1FBF3F257
:1084300003FB1212B11C1AF8022007EE902AB1FBBE
:10844000F3F203FB1212009B1AF8021093F8253086
:108450000BB178EEEEEAC8EE8D6AB0EE6E0AAAEEC7
:10846000A60AB8EE477AA0EE2D7A5FED176AB4EE51
:10847000E67AF1EE10FA00F2AD815FED1A6AB4EE21
:10848000E67AF1EE10FAC0F2A581BDEEC77A17EEDA
:10849000103A5A42D2B2DBB258BF534207EE101A1A
:1084A000CD4AF8EE677AB8EE477A02EB830237EEF0
:1084B000677AD2ED006AE7EE267A69EEA77A30E1B4
:1084C000C64ADFF828E3DFF828C310789EF80010CA
:1084D000C34F0C919CF800103B78137080EA001099
:1084E000C0B281EA5102424082EA4002D2B207EEB3
:1084F000902A00989FEDBB6A0C9D3D70B8EE677A9C
:10850000D0ED067A8EF80010F3EE096A27EE067AAF
:1085100067EEA67A8CF80020B4EEE77AF1EE10FA56
:1085200000F2F0810C27B8FBF7F007FB108083EA1C
:1085300003131AF800508EF8002008F10100DBB296
:1085400007EE905AB0FBF7F583EA430307FB1500EB
:1085500053401AF80050A24FA048397083EA5203E2
:10856000DBB206EE905A07EE103AF8EE677AF8EEB4
:10857000666AB8EE477A76EEE76A27EE067A0C9DD1
:108580000570E6EE877A8CF8003067EEA97A94E7FA
:10859000002B3FF426AF009BD3ED04EA93F8233081
:1085A0002BB1B0EE6E0A03F097FC7EEEC0EAF5EE5A
:1085B000C0EAF1EE10FA3FF514AFF4EEE8EAF1EE9E
:1085C00010FA3FF70EAF009B1B78112B00F0D28002
:1085D0007FF6D9AE202B00F00D81212B7FF401AF67
:1085E0007E4ADFF808E2DFF808C210789EF8001033
:1085F0007B4F0C919CF800103B78137080EA0010C0
:10860000C0B281EA5102424082EA4002D2B207EE91
:10861000902A00989FED736A0C9D3D70B8EE677AC2
:10862000D0ED067A8EF80010F3EE096A27EE067A8E
:1086300067EEA67A8CF80020B4EEE77AF1EE10FA35
:1086400000F260810C27B8FBF7F007FB108083EA8B
:1086500003131AF800508EF8002008F10100DBB275
:1086600007EE905AB0FBF7F583EA430307FB1500CA
:1086700053401AF800505A4F5848397083EA520351
:10868000DBB206EE905A07EE103AF8EE677AB8EED3
:10869000477AF8EE666A27EE067A76EEE76A0C9D70
:1086A0000570E7EE267A8CF800306EE70C21B7FBF8
:1086B000F1F201FB127207990A44B8EE4F7A527830
:1086C00007EE902AF8EE677A67EEA97AF4EEED7A73
:1086D000F1EE10FA0AD8F5EEC07AF1EE10FAA2BF68
:1086E000FCEEE76ACDED0C6A9DF830301FEE102AE3
:1086F000934200F00A81009B93F822308BB9009BD3
:1087000038EEEE0AD3ED066AF4EEC06AF1EE10FA26
:1087100007D877EEC77A67EEA67AC7EE806A76EE5C
:10872000877A6EEE277AF4EEED7AF1EE10FA00F326
:10873000EF80F5EEC07AF1EE10FA40F3EB80FCEE3C
:10874000E77ACDED067A9DF818300122069202995B
:10875000254A53544A1C4FF4FF63B2FBF3F103FB69
:1087600011230293049B0133049308F1020803369A
:10877000FFF79AB80C23B6FBF3F203FB1262711CED
:108780001AF8022007EE102AB1FBF3F203FB1212D3
:10879000B11C1AF8022007EE902AB1FBF3F203FB9A
:1087A0001212009B1AF8021093F825300BB178EEE4
:1087B000EEEA039B4B4406EE103AF8EE495AB8EE47
:1087C000C66AB8EE477AC6EE256A76EEAE6AA6EEBF
:1087D000AD7A4AE6002361E698BF00086C030020EA
:1087E0006B0300208180803B7B0300206A03002014
:1087F00000000020009B93F82430002B58D00C235D
:10880000B8FBF3F203FB128208F101011AF802200F
:10881000DFF84CC288489FED896A90F800E0884FE5
:1088200007EE102AB1FBF3F203FB121285491AF886
:1088300002309CF800203D788CF8005006EE903A0B
:108840000B78037082EA0212D2B283EA53035340D8
:1088500083EA4203DBB207EE903AB8EE477AF8EECD
:10886000666AF8EE677A76EEC76A67EE867A87F808
:1088700000E0A6EEA77A0B7027EE297AB4EEED7A27
:10888000F1EE10FA3CD8B5EEC07AF1EE10FA37DB13
:10889000FCEEC77ACDED0C7A9DF830200498049B4D
:1088A0000C21B3FBF1F301FB130307990B445A703E
:1088B0000499049B0C22B3FBF2F302FB1313079AF7
:1088C00013441FEE102A5B789A42F8EE4F7A3FF479
:1088D00028AF009A38EEEE0AD2ED066A07EE103A9B
:1088E000F4EEC06AF1EE10FAB8EE477A0DD837EE22
:1088F000677A27EE267AC7EE006A77EEA67A10E747
:108900000022CBE7F8EE4F7AD7E5F0EE477A08E79A
:10891000FF231AE700231AE7B4EEE77AF1EE10FA24
:108920000ED9009B009AC3ED047A0023FEF727BE00
:10893000B4EEE77AF1EE10FAF3D8002B7EF416AE1F
:10894000009A002382F8213094F82130ABB3D4EDA3
:10895000047AD4ED066A94F8223094ED057A77EE25
:10896000A67AF5EEC07AF1EE10FA1CDB43B9B4EE4C
:10897000E77AF1EE10FA1DD9C4ED047A00230FE076
:10898000B4EEE77A0123F1EE10FA84F82330F3D83D
:10899000002323614FF07E536361012384F8233069
:1089A00084F8243009E0B4EEE77AF1EE10FAE3D867
:1089B000002BEDD1002384F82130059B1033059363
:1089C000089B0C330893009B0BF1010B2833BBF180
:1089D0000A0F009304F128040AF1280A7EF466AD18
:1089E000029B194CB3F5FF6FC3F5FF6204EB030064
:1089F000C8BF00220021F9F7C5FF144B2178144CA1
:108A000001221A80134A144B02EBC10052F83120A4
:108A10001A60426811485A600021E36002F06FFD5D
:108A20002146022002F0BAF8022015B0BDEC108BEE
:108A3000BDE8F04F02F09EB86A0300208180803BC1
:108A40006B030020000000207B0300205C0F00204F
:108A50001C01002098C300085E0F002000040040A5
:108A60006C0300202DE9F04F2DED108B97B0AE4B2D
:108A70000693AE4B0A93AE4B019303F1010AAD4C42
:108A80009FEDADEA0023079304930B939B46069B4F
:108A90005B780D93069B5B8809EE103A069BD3ED3D
:108AA000029A0A9BD3ED00BA93ED01CA1B7A109388
:108AB000019B93F82030119394F820301293069B79
:108AC0001B796422B3FBF2F102FB1133DBB2013BF1
:108AD000139300230AEE103A08930393944B282231
:108AE00002FB0B3309931AEE102A139B9A423BDDCB
:108AF000069B089A1B7B934205D0069A0123537369
:108B00001346089A1A73019B93F82130002B01F049
:108B1000FF81019A019BD2ED047AD2ED066A93F8A7
:108B2000223092ED057A77EEA67AF5EEC07AF1EE74
:108B300010FAC1F2E181002B01F0D281B4EEE77AA4
:108B40000123F1EE10FA82F8233001F2CE81019A6E
:108B5000002313614FF07E535361012382F82330C9
:108B600082F8243001F0D4B9744B0B9A9FED74BA9B
:108B700013F8122002920B9ADDED027A03EB420306
:108B8000F8EE67DA5B781493DDE9023213440F9351
:108B90006BEEADCA01232CEE2DDA0C93F7EE008AB2
:108BA0000C9B03F1FF39029B99450FDB0B9A642361
:108BB0000132B2FBF3F103FB11230B931AEE103ACF
:108BC00001330AEE103A0F9B03938CE7149B1BB101
:108BD000029B0C9AA3EB020907EE909AF5EEC09A5D
:108BE000F1EE10FAF8EEE7AA60DDF4EEEACAF1EE73
:108BF00010FA59D8B4EEEADAF1EE10FACCBF01233C
:108C00000023109A934251D0129A267894F821307A
:108C1000002A66D1102E2CBFF0EE68EAF0EE4BEA87
:108C2000002B00F02E8194F8233094ED048A2BB1B0
:108C3000B0EE480A03F050F938EE408AB5EEC08A2B
:108C4000F1EE10FA6CD4B4EEE88AF1EE10FA00F30B
:108C50001881252E00F26D81DFE816F018022A0334
:108C60002D03A903DF036B016B016B016B016B012A
:108C70006B016B016B016B016B016B016B015E069C
:108C80003104A404F2046B016B016B016B016B01F5
:108C90006B016B016B016B016B016B01430565059A
:108CA0008705E005050633060023AAE70D9B581E3D
:108CB00000231E464FF4FF62834200F3F480214FED
:108CC0000499795C0029079918BF0121079104993B
:108CD0007E540131B1FBF2F702FB1711049101330D
:108CE000EAE7102E2CBFF0EE68EAF0EE4BEA002B1C
:108CF00000F0C78094ED077A94ED048A94F823304D
:108D0000F8EECA7AA7EEC78A2BB1B0EE480A03F094
:108D1000E3F838EE408AB5EEC08AF1EE10FA13D5CA
:108D200078EEEEEAADE000BF7C00002004000020F9
:108D3000040D0020740B002000007F43940E0020DF
:108D4000000000007B030020B4EEE88AF1EE10FA88
:108D500000F39780252E00F2EC80DFE816F09701F3
:108D6000A9022600B700ED00EA00EA00EA00EA00E6
:108D7000EA00EA00EA00EA00EA00EA00EA00EA00A3
:108D8000DD053701A901F301EA00EA00EA00EA0083
:108D9000EA00EA00EA00EA00EA00EA00EA00C204A7
:108DA000E40406053D025F028602602399FBF3F2AC
:108DB00003FB129294F82430002B00F08480002AE8
:108DC000C94B4FF00C0172DB92FBF1F0282101FB43
:108DD0000B31014400234B700C23B2FBF3F2C24B66
:108DE000282101FB0B33134409F007015E78D9F108
:108DF000000303F0070358BF59420029B8BF0831E8
:108E000046FA01F3DF0700F14181DFF8F082DFF875
:108E1000F0C2B64F9CF8003098F8000005933B78FC
:108E20008CF8003080EA0010C0B283EA530343405C
:108E300083EA4003DBB207EE903A94ED067ADFED69
:108E4000AC6ADFF8C0E23B70F8EE677A37EE087A7A
:108E500067EEA67A9EF8005088F80050F4EEC77AC4
:108E6000059D8EF80050F1EE10FA62D59E4B282039
:108E700000FB0B33134401228A4032435A70DFED6A
:108E80009DEA0D9BB8EECA8A013B15930026082384
:108E9000B0460593B1EE488A059BA3F10807159BE0
:108EA0009F4240F33D850C9B01330C9378E602F121
:108EB0006000B0FBF1F1282000FB0B330B440021D4
:108EC0005970603288E7002A86DAFAE794F825308C
:108ED000DFED8F7AC3B138EEC88A28EE2D8AB4EE62
:108EE000E78AF1EE10FA0DD8DFED8A7AB4EEE78A60
:108EF000F1EE10FA06DBFDEEC87A17EE903A4B451C
:108F000017DCC3E00023FAE72DEE888AB4EEE78A87
:108F1000F1EE10FA0AD8DFED7F7AB4EEE78AF1EECF
:108F200010FAA4BFFDEEC87A17EE903A4B4580F2D6
:108F3000AD80F7EE00EAA4E7029B9FED737A013360
:108F400003F4FF7307EE903A94F82530F8EE677A51
:108F500003B338EEC88A28EE278AB4EEC78AF1EE4A
:108F600010FA15D8DFED697AB4EEE78AF1EE10FA5F
:108F70000EDBF6EE007A28EE278AFDEEC87A17EEB1
:108F8000903A4B45D5DC029AD31A4B45D1DD7DE0B2
:108F90000023F6E768EE277AF4EEC77AF1EE10FACE
:108FA0000ED89FED5A7AF4EEC77AF1EE10FAA1BF0F
:108FB000B6EE007A67EE877AFDEEE77A17EE903A22
:108FC0004B4563DA029AD31A013B98E7602399FB79
:108FD000F3F203FB129294F82430002B65D0002AA0
:108FE000414B4FF00C0154DB92FBF1F0282101FBC7
:108FF0000B31014400234B700C23B2FBF3F23A4BCC
:10900000282101FB0B33134409F007015E78D9F1E5
:10901000000303F0070358BF59420029B8BF0831C5
:1090200046FA01F3DD0784D4DFF8D080DFF8D0C042
:109030002E4F9CF8003098F8000005933B788CF890
:10904000003080EA0010C0B283EA5303434083EA51
:109050004003DBB207EE903A94ED067ADFED246A26
:10906000DFF8A0E03B70F8EE677A37EE087A67EE3B
:10907000A67A9EF8005088F80050F4EEC77A059D55
:109080008EF80050F1EE10FA3FF5F0AEDFED1AEA7F
:10909000F7E602F16000B0FBF1F1282000FB0B3392
:1090A0000B44002159706032A6E7002AA4DAFAE7DF
:1090B00094F82530DFED167A73B338EEC88A28EEBF
:1090C0002D8AB4EEE78AF1EE10FA0BD8DFED117AB3
:1090D000B4EEE78AF1EE10FA04DBFDEEC87A17EE83
:1090E000903A52E7002350E7740B00200000002064
:1090F0008180803B00007F43000000006C03002063
:109100006A0300206B0300200000804F000080CF26
:109110000000004F000000CF2DEE888AB4EEE78AF1
:10912000F1EE10FA0AD85FED057AB4EEE78AF1EEB7
:1091300010FAA4BFFDEEC87A17EE903A4B45BFF681
:10914000F8AEA3E7029B1FED107A013303F4FF731F
:1091500007EE903A94F82530F8EE677AFBB138EED6
:10916000C88A28EE278AB4EEC78AF1EE10FA14D81E
:109170005FED1A7AB4EEE78AF1EE10FA0DDBF6EE47
:10918000007A28EE278AFDEEC87A17EE903A4B4512
:109190003FF77CAF029AD31AB1E60023F7E768EEF7
:1091A000277AF4EEC77AF1EE10FA0ED81FED297A7D
:1091B000F4EEC77AF1EE10FAA1BFB6EE007A67EED0
:1091C000877AFDEEE77A17EE903A4B45BFF6B1AEDF
:1091D000029AD31A013BD8E6E37807EE903A94F866
:1091E00025300BB138EEC88A2DEE888A1FED387A0B
:1091F000B4EEC78AF1EE10FA0ED81FED3A7AB4EE4B
:10920000C78AF1EE10FA07DBBDEEC87A17EE103A06
:109210004B4540F0F482A6E20023F9E7E37807EE3D
:10922000903A94F825300BB138EEC88A2DEE888A32
:109230001FED4B7AB4EEC78AF1EE10FA36D81FED67
:109240004D7AB4EEC78AF1EE10FA2FDBB6EE007A53
:1092500028EE078ABDEEC87A17EE103A4B4500F0AB
:109260008282029AD31A013BD2E7E37807EE903A62
:1092700094F8253053B1B6EE007AB4EEC78AF1EE19
:1092800010FAD4BF38EE078A38EE478A2DEE888A66
:109290001FED617AB4EEC78AF1EE10FA06D81FED21
:1092A000637AB4EEC78AF1EE10FAD3DA0023D5E779
:1092B00078EEC8EAE5E5039B03EB0902602392FB25
:1092C000F3F103FB112194F82430002B6CD000291A
:1092D000C54B4FF00C005BDB91FBF0F6282000FB48
:1092E0000B303044002343700C23B1FBF3F1BE4B31
:1092F000282000FB0B330B445E78534203F0070336
:1093000002F0070258BF5A42002AB8BF083246FA94
:1093100002F3D8073FF5BAAEDFF8DC82DFF8DCC233
:10932000B24F9CF8003098F8000005933B788CF819
:10933000003080EA0010C0B283EA5303434083EA5E
:109340004003DBB207EE903A94ED067ADFEDA86AAF
:10935000DFF8ACE23B70F8EE677A37EE087A67EE3A
:10936000A67A9EF8005088F80050F4EEC77A059D62
:109370008EF80050F1EE10FA7FF5DBAD9A4B282005
:1093800000FB0B330B44012191403143597076E5CA
:1093900001F16006B6FBF0F0282606FB0B33034410
:1093A0000020587060319FE700299DDAFAE7039B9F
:1093B000DFED906A03EB090294F82530B8EE497AA4
:1093C000BBB178EEC87A67EE877AF4EEE67AF1EE12
:1093D00010FA0CD89FED8B7AF4EEC77AF1EE10FA02
:1093E00005DBFDEEE77A17EE903A934288E500231D
:1093F000FBE768EE077AF4EEE67AF1EE10FA0AD8A7
:109400009FED807AF4EEC77AF1EE10FAA4BFFDEE7C
:10941000E77A17EE903A934289E519EE103A013354
:1094200023F001039BB200EE103A039B9FED767A86
:1094300003EB090294F82530B8EE400A0BB378EE3E
:10944000C87A67EE807AF4EEC77AF1EE10FA16D891
:109450009FED6E7AF4EEC77AF1EE10FA0FDBB6EEFE
:10946000007A67EE877AFDEEE77A17EE903A93423C
:109470003FF75FAD19EE101ACB1A934286E5002331
:10948000F5E728EE000AB4EEC70AF1EE10FA0ED89E
:10949000DFED5E7AB4EEE70AF1EE10FAA1BFF6EE68
:1094A000007A20EE270AFDEEC07A17EE903A93423A
:1094B000BFF6ECAD19EE101ACB1A013B95E7039BF2
:1094C00003EB0902602392FBF3F103FB112194F8F3
:1094D0002430002B63D00029434B4FF00C0052DBAB
:1094E00091FBF0F6282000FB0B3030440023437042
:1094F0000C23B1FBF3F13C4B282000FB0B330B4456
:109500005E78534203F0070302F0070258BF5A4245
:10951000002AB8BF083246FA02F3DB073FF509AD6F
:10952000DFF8D480DFF8D4C0304F9CF8003098F8D2
:10953000000005933B788CF8003080EA0010C0B240
:1095400083EA5303434083EA4003DBB207EE903AD9
:1095500094ED067ADFED266ADFF8A4E03B70F8EEC2
:10956000677A37EE087A67EEA67A9EF8005088F898
:109570000050F4EEC77A059D8EF80050F1EE10FA17
:109580007FF584ADFAE601F16006B6FBF0F028261F
:1095900006FB0B330344002058706031A8E7002914
:1095A000A6DAFAE7039BDFED136A03EB090294F8EE
:1095B0002530B8EE497A7BB378EEC87A67EE877AC1
:1095C000F4EEE67AF1EE10FA0BD89FED0E7AF4EE97
:1095D000C77AF1EE10FA04DBFDEEE77A17EE903A67
:1095E0004BE7002349E700BF740B00200000002078
:1095F0008180803B0000004F6C0300206A03002044
:109600006B030020000000CF0000804F000080CFDF
:109610000000004B000000CB68EE077AF4EEE67A1B
:10962000F1EE10FA0AD81FED097AF4EEC77AF1EEDE
:1096300010FAA4BFFDEEE77A17EE903A93427EE56A
:1096400019EE103A013323F001039BB200EE103AF9
:10965000039B1FED137A03EB090294F82530B8EE53
:10966000400A03B378EEC87A67EE807AF4EEC77AE0
:10967000F1EE10FA15D81FED1B7AF4EEC77AF1EE71
:1096800010FA0EDBB6EE007A67EE877AFDEEE77A27
:1096900017EE903A93423FF7F9AC19EE101ACB1A35
:1096A000A3E60023F6E728EE000AB4EEC70AF1EEBF
:1096B00010FA0ED85FED2B7AB4EEE70AF1EE10FA4D
:1096C000A1BFF6EE007A20EE270AFDEEC07A17EE73
:1096D000903A9342BFF62DAC19EE101ACB1A013B0B
:1096E000CBE65FED357AB4EEE78AF1EE10FA18D8E2
:1096F0005FED387AB4EEE78AF1EE10FA11DBF0EEA6
:10970000487AFEEECC7A17EE903A5A42D2B2DBB2E9
:1097100058BF53429E4A02EB8302D2ED00EAFFF7A4
:10972000B0BB0023F6E79B4FE3789B493A789B4810
:109730009B4E90F800E094F804C096F8008087F8FB
:10974000008007EE903A0B78037082EA0212D2B2E0
:1097500083EA5303534083EA4203DBB29C4586F815
:1097600000E00B704BD9A3784AE0E378DFED8D6A17
:1097700007EE903AB4EEE68A2379F1EE10FA07EE9E
:10978000103A49D8DFED886AB4EEE68AF1EE10FAB5
:1097900042DBF0EE486AFEEECC6A16EE903A5A4290
:1097A000D2B2DBB258BF5342794A7A4F7A497B48EA
:1097B0007B4E90F800C096F800E086F800C002EBFF
:1097C000830292ED006A3A780B78037082EA021203
:1097D000D2B283EA5303534083EA4203DBB206EE7C
:1097E000903AB8EE477AF8EE666A27EE067A87F87E
:1097F00000E0F4EEC76AF1EE10FA0B70B3D46378B0
:1098000007EE103AF8EE677AB8EE477A77EEA87A64
:10981000C7EE27EAFFF735BB0023C5E7E37807EE7D
:10982000903A94F825300BB138EEC88AB8EE497AF0
:10983000DFED5E6A039B27EE087A03EB0902B4EEC4
:10984000E67AF1EE10FA0CD8DFED596AB4EEE67A5A
:10985000F1EE10FA05DBBDEEC77A17EE103A9A4228
:10986000D7E40023FBE7E37807EE903A94F825303D
:109870000BB138EEC88AB8EE490A9FED4E7A039BC9
:1098800020EE080A03EB0902B4EEC70AF1EE10FA63
:1098900040D89FED497AB4EEC70AF1EE10FA39DBF1
:1098A000B6EE007A20EE070ABDEEC07A17EE103A47
:1098B00093423FF458AF19EE101ACB1A013B934272
:1098C000A7E4E37807EE903A94F8253053B1B6EE6A
:1098D000007AB4EEC78AF1EE10FAD4BF38EE078AE8
:1098E00038EE478AB8EE497ADFED306A039B27EEFF
:1098F000087A03EB0902B4EEE67AF1EE10FA09D821
:10990000DFED2B6AB4EEE67AF1EE10FA02DBBDEE83
:10991000C77ACBE70023CBE7F0EE48EAFFF7B1BA0E
:10992000049A264B9B5C119A0FEE103A019B93F818
:109930002130002A00F08E8133B3019A019BD2EDD1
:10994000077A92ED040A93F82330A8EE270AF0EE86
:1099500040FA1BB102F0C0FA7FEEC0FAF5EEC0FA91
:10996000F1EE10FA10D4F4EEE8FAF1EE10FA0BDC96
:10997000019B1B78112B00F0908021D8002B00F068
:10998000E181102B00F04A82F8EE4F7A15E200BF19
:1099900098BF00086C030020000000206A0300202C
:1099A0006B0300200000004B000000CB0000004FC4
:1099B000000000CF0000804F000080CF7B0300201C
:1099C000202B00F0BE80212BDED1D64ADFF86CE3DD
:1099D000DFF86CC310789EF80010D34F0E919CF8FE
:1099E00000103B78137080EA0010C0B281EA510287
:1099F000424082EA4002D2B207EE902A01989FEDDF
:109A0000CB6A0E9D3D70B8EE677AD0ED067A8EF87F
:109A10000010F3EE096A27EE067A67EEA67A8CF854
:109A20000020B4EEE77AF1EE10FA00F24F820C2734
:109A3000B8FBF7F007FB108083EA03131AF8005015
:109A4000DBB208F1010007EE905AB0FBF7F583EAAC
:109A5000430307FB150053401AF80050B24FB148BA
:109A6000397083EA5203DBB206EE905A07EE103AE1
:109A7000F8EE677AF8EE666AB8EE477A76EEE76A4D
:109A800027EE067A0E9D0570E6EE877A8EF80020A6
:109A90008CF8003067EEA97A50E00C23B6FBF3F2A5
:109AA00003FB1262711C1AF8022007EE102AB1FBA8
:109AB000F3F203FB1212B11C1AF8022007EE902AEF
:109AC000B1FBF3F203FB1212019B1AF8021093F898
:109AD00025300BB178EEEFFAC8EEAD6AB0EE6F0A42
:109AE000AAEEA60AB8EE477AA0EE0E7ADFED906AEB
:109AF000B4EEE67AF1EE10FA00F2E481DFED8D6A61
:109B0000B4EEE67AF1EE10FAC0F2DC81BDEEC77A6F
:109B100017EE103A5A42D2B2DBB258BF534207EEA8
:109B2000101A854AF8EE677AB8EE477A02EB83029C
:109B300037EE677AD2ED006AE7EE267A69EEA77A09
:109B40003BE1019B93F82430002B5AD00C23B8FB47
:109B5000F3F203FB128208F101011AF80220DFF888
:109B6000C4C176489FED716A90F800E06E4F07EE31
:109B7000902AB1FBF3F203FB121271491AF802307A
:109B80009CF800203D788CF8005006EE903A0B7857
:109B9000037082EA0212D2B283EA5303534083EA8B
:109BA0004203DBB207EE103AF8EE677AB8EE477A76
:109BB000F8EE666A27EE067A76EEE76A87F800E046
:109BC000E7EE267A0B7067EEA97AF4EECE7AF1EE24
:109BD00010FA00F27981F5EEC07AF1EE10FAC0F2D7
:109BE0007381FCEEE77ACDED0E7A9DF8382005986A
:109BF000059B0C21B3FBF1F301FB130309990B4403
:109C00005A700599059B0C22B3FBF2F302FB131368
:109C1000099A13441FEE102A5B789A42F8EE4F7AA5
:109C200000F0CB80019A38EEEF0AD2ED066A07EE1B
:109C3000103AF4EEC06AF1EE10FAB8EE477A00F28C
:109C4000488137EE677A27EE267AC7EE006A77EE0C
:109C5000A67AB2E0002B3FF497AE019BD3ED04FA55
:109C600093F823302BB1B0EE6F0A02F035F97FEE96
:109C7000C0FAF5EEC0FAF1EE10FA3FF585AEF4EE5B
:109C8000E8FAF1EE10FA3FF77FAE019B1B78112B3B
:109C900000F0E8807FF672AE202B7FF494AE019B3B
:109CA00093F82430002BACD00C23B8FBF3F203FB69
:109CB000128208F101011AF80220DFF868C01F487B
:109CC0009FED1A6A90F800E0174F07EE902AB1FB5B
:109CD000F3F203FB12121A491AF802309CF8002022
:109CE0003D788CF8005006EE903A0B78037082EACB
:109CF0000212D2B283EA5303534083EA4203DBB237
:109D000007EE103AF8EE677AF8EE666AB8EE477A30
:109D100076EEE76A27EE067A87F800E0E6EE877AC5
:109D20000B7050E76C0300206B0300208180803BA8
:109D30000000004F000000CF98BF00086A03002019
:109D4000000000200C21B7FBF1F201FB127209990F
:109D50000A44B8EE4F7A527807EE902AF8EE677A06
:109D600067EEA97AF4EECE7AF1EE10FA0AD8F5EEA3
:109D7000C07AF1EE10FAA2BFFCEEE76ACDED0E6AF2
:109D80009DF838301FEE102A934200F0A280019B0C
:109D900093F822308BB9019B38EEEF0AD3ED066AB7
:109DA000F4EEC06AF1EE10FA07D877EEC77A67EEE4
:109DB000A67AC7EE806A76EE877A6EEEA77AF4EE20
:109DC000CE7AF1EE10FA00F38780F5EEC07AF1EE6C
:109DD00010FA40F38380FCEEE77ACDED087A9DF827
:109DE0002030012208920499894A5354079A1FEEA1
:109DF000101A8B4218BF0122049B07925A1C4FF481
:109E0000FF63B2FBF3F103FB11230493059B0133C2
:109E1000059308F102080336FFF73EB80C23B6FBA2
:109E2000F3F203FB1262711C1AF8022007EE102AEB
:109E3000B1FBF3F203FB1212B11C1AF8022007EE79
:109E4000902AB1FBF3F203FB1212019B1AF80210E5
:109E500093F825300BB178EEEFFAB8EE477AAFEE13
:109E60008E7A43E60C23B6FBF3F203FB1262711CFD
:109E70001AF8022007EE102AB1FBF3F203FB1212CC
:109E8000B11C1AF8022007EE902AB1FBF3F203FB93
:109E90001212019B1AF8021093F825300BB178EEDC
:109EA000EFFA039B4B4406EE103AF8EE495AB8EE2F
:109EB000C66AB8EE477AC6EE256A76EEAF6AA6EEB7
:109EC0008E7A13E600232AE6002290E6F8EE4F7A17
:109ED00034E6F0EE477A70E7FF2382E7002382E75B
:109EE000B4EEE77AF1EE10FA0ED9019B019AC3EDB8
:109EF000047A0023FEF734BEB4EEE77AF1EE10FAEE
:109F0000F3D8002B7EF423AE019A002382F821308F
:109F100094F82130ABB3D4ED047AD4ED066A94F80A
:109F2000223094ED057A77EEA67AF5EEC07AF1EE5E
:109F300010FA1CDB43B9B4EEE77AF1EE10FA1DD942
:109F4000C4ED047A00230FE0B4EEE77A0123F1EECA
:109F500010FA84F82330F3D8002323614FF07E53A6
:109F60006361012384F8233084F8243009E0B4EEDF
:109F7000E77AF1EE10FAE3D8002BEDD1002384F854
:109F80002130069B103306930A9B0C330A93019BE6
:109F90000BF1010B2833BBF10A0F019304F12804E4
:109FA0000AF1280A7EF473AD049B194CB3F5FF6FD8
:109FB000C3F5FF6204EB0300C8BF00220021F8F7DD
:109FC000E1FC079BF3B1134B2178134C01221A805B
:109FD000124A134B02EBC10052F831201A6042685A
:109FE00010485A600021E36001F089FA21460220FE
:109FF00000F0D4FD022017B0BDEC108BBDE8F04F8F
:10A0000000F0B8BD17B0BDEC108BBDE8F08F00BFFD
:10A010007B0300205C0F00201C01002098C3000877
:10A020005E0F0020000400402DE9F743A84F3B7865
:10A03000002B00F0388172B600F034FE202000F0D2
:10A0400047FE102000F044FE042000F041FEA1482D
:10A0500000F062FE202000F03BFE102000F038FEF1
:10A06000042000F035FE00F02BFE62B672B600F060
:10A0700019FE202000F02CFE102000F029FE042004
:10A0800000F026FE0121934800F062FE202000F03F
:10A090001FFE102000F01CFE042000F019FE00F04E
:10A0A0000FFE62B68C4B8D4D1B88ADF8043001213C
:10A0B00001A8F8F71DFD8A4CDFF838922E7801A828
:10A0C0003146F8F715FD72B600F0ECFD202000F0E7
:10A0D000FFFD102000F0FCFD042000F0F9FD3146EA
:10A0E000204600F035FE202000F0F2FD102000F0A8
:10A0F000EFFD042000F0ECFD00F0E2FD62B66E78AA
:10A1000004F10408002E00F0D180012101A8F8F725
:10A11000EFFC72B600F0C6FD202000F0D9FD102043
:10A1200000F0D6FD042000F0D3FD0121404600F0F0
:10A130000FFE202000F0CCFD102000F0C9FD04200F
:10A1400000F0C6FD00F0BCFD62B608344C4505F1D8
:10A150000205B3D1634D2E7801A83146F8F7C8FC4B
:10A1600072B600F09FFD202000F0B2FD102000F03C
:10A17000AFFD042000F0ACFD3146204600F0E8FDC4
:10A18000202000F0A5FD102000F0A2FD042000F02A
:10A190009FFD00F095FD62B66E7801A83146F8F794
:10A1A000A7FC72B600F07EFD202000F091FD10208B
:10A1B00000F08EFD042000F08BFD3146201D00F0E4
:10A1C000C7FD202000F084FD102000F081FD042058
:10A1D00000F07EFD00F074FD62B62E7901A83146D4
:10A1E000F8F786FC72B600F05DFD202000F070FDEF
:10A1F000102000F06DFD042000F06AFD314604F1EE
:10A20000080000F0A5FD202000F062FD102000F005
:10A210005FFD042000F05CFD00F052FD62B6324BA1
:10A220000C349C4205F1100595D19DF8044072B69E
:10A2300000F038FD202000F04BFD102000F048FD1C
:10A24000042000F045FD2146284800F081FD202033
:10A2500000F03EFD102000F03BFD042000F038FD32
:10A2600000F02EFD62B69DF8054072B600F01AFDB2
:10A27000202000F02DFD102000F02AFD042000F029
:10A2800027FD21461A4800F063FD202000F020FD44
:10A29000102000F01DFD042000F01AFD00F010FD5C
:10A2A00062B600233B7003B0BDE8F083314601A8DD
:10A2B000F8F71EFC72B600F0F5FC202000F008FD57
:10A2C000102000F005FD042000F002FD31462DE7CE
:10A2D0007A03002000FC00086CBF0008940E0020E8
:10A2E0000CFC00087C000020A4FF000804FC00080F
:10A2F00008FC00082CFF00082DE9F04F6B4B6C4F59
:10A300001D6885B007EB05122B010093537B002BD2
:10A3100000F0BC80674B93F80090B9F1FF0F00F09C
:10A32000B18065490B88002B00F0AC806348DFF8F2
:10A33000A8B1D0F80080BBF800400192013B0B802F
:10A3400008F10103594201F01F0103F01F0358BF38
:10A350004B4203605A4B5B4E1B88ADF80C304FF4F8
:10A36000967A03A85021F8F7C3FBB4FBFAF10AFB75
:10A37000114189B24FF0500C06F801C04946F8F778
:10A38000B7FB611C89B2B1FBFAFC0AFB1C1189B254
:10A3900006F80190DFF8449199F800100091F8F761
:10A3A000A7FB04F1020C1FFA8CFCBCFBFAFE0AFBB3
:10A3B0001ECC00991FFA8CFC06F80C10013189F8AC
:10A3C00000100221F8F794FBE11C89B2019AB1FB5D
:10A3D000FAFC0AFB1C1189B204F104091FFA89F97D
:10A3E0004FF0020C137B06F801C0B9FBFAF10AFB2F
:10A3F00011991FFA89F9002B53D04121F8F778FB06
:10A40000412306F8093005F10109B9F5807F28BF1D
:10A410004FF000095FFA89F9494603A8F8F768FB8D
:10A42000631D4FF496729BB2B3FBF2F102FB113342
:10A430009BB206F80390A31D9BB2B3FBF2F102FBA3
:10A4400011339BB29DF80C10F154E31D9BB2B3FB8A
:10A45000F2F102FB11339BB29DF80D20F25404F18E
:10A460000803ABF80030184B23F81840174B0822AC
:10A4700003F80820164B102203F80820154A138809
:10A48000013313802B011F4400237B730A23013502
:10A4900095FBF3F203FB1255044B1D6005B0BDE8BC
:10A4A000F08F4021F8F724FB4023AAE77403002033
:10A4B0007C0000205C0100205E010020B81A002012
:10A4C0006CBF000884190020FC1A0020DC1A002050
:10A4D000BC1A0020B01A0020821900205B1800204E
:10A4E0002DE9F04F924B1A7887B0002A00F0E480F3
:10A4F000904A1278092A00F217818F4B93F800A036
:10A5000002F10108BAF1FF0F5FFA88F800F0D1807C
:10A510008A480188002900F0CC8001390180DFF8E9
:10A5200048B28748874DD0F8009013010BEB021218
:10A530004FF496761779019309F10102514201F027
:10A540001F0102F01F0258BF4A4202607E4A14886F
:10A550007E4A05A81288ADF814205021F8F7C8FAF1
:10A56000B4FBF6F206FB124292B25021A9545146B6
:10A57000F8F7BEFA621C92B2B2FBF6F106FB1122AA
:10A5800092B205F802A0DFF8E4A19AF80010009159
:10A59000F8F7AEFAA21C92B2B2FBF6FC06FB1C2244
:10A5A000009992B2A95401318AF8001007F1020A09
:10A5B0004FEA4A0A5FFA8AFA5146F8F799FAE21C1A
:10A5C00092B2B2FBF6F106FB112292B2482105F8D5
:10A5D00002A0F8F78DFA221D92B2B2FBF6F106FB4B
:10A5E000112292B24821A9544146F8F781FA019B01
:10A5F000621D92B21BF803A0B2FBF6F106FB11221A
:10A6000092B2514605F80280F8F772FAA31D9BB288
:10A61000B3FBF6F206FB12339BB2394605F803A0F2
:10A62000F8F766FAE31D9BB2B3FBF6F206FB1233B2
:10A630009BB24FF0000AEF546423B7FBF3F203FB25
:10A640001277FBB20093013B029304F108031FFA57
:10A6500083FB029B4FF496715345BBFBF1F701FB63
:10A6600017B7BFB22BDA009A9DF81430EB550432BD
:10A670005200D2B2531C54FA83F39BB2B3FBF1F0F5
:10A6800001FB10339BB29DF81510E954931CDBB20B
:10A690002D4A191911802E4A22F819402D4A02F824
:10A6A00009302D4B102203F809202C4A138801335E
:10A6B0001380204B83F8008007B0BDE8F08F284B53
:10A6C0001E68284B13F81620019203EB46025178BE
:10A6D00021B3012105A8F8F70BFA0121E95505A8D6
:10A6E0000199F8F705FA0BF101024FF4967192B255
:10A6F000B2FBF1F001FB102292B2019BAB54013688
:10A70000174B642296FBF2F102FB11661E600BF1FF
:10A7100002030AF1010A1FFA83FB9AE705A80391D5
:10A72000F8F7E6F90399D9E700221A70C4E700BFE9
:10A7300079030020780300205C0100205E010020E6
:10A74000B81A002084190020821900206CBF00086C
:10A75000FC1A0020DC1A0020BC1A0020B01A0020CD
:10A7600070030020940E00207C0000205B18002065
:10A770002DE9F74FDFF898915B4D0023F42289F81B
:10A78000002089F801301A4619460C24012604FBE2
:10A7900001F0285C20B106FA01F31A43D2B2034655
:10A7A00001310429F3D10BB189F801204F4B93F803
:10A7B00000A0BAF1FF0F00F093804D4A1388002BE0
:10A7C00000F08E804B49DFF84C810F68B8F80050DC
:10A7D000494E013B13807B1C5A4202F01F0203F0DA
:10A7E0001F0358BF53420B60444B4FF4967401A8AB
:10A7F0001B88ADF804305021F8F77AF9B5FBF4F373
:10A8000004FB13539BB250225146F254F8F770F9EF
:10A810006B1C9BB2B3FBF4F204FB12339BB206F841
:10A8200003A0DFF8F4A09AF800B05946F8F760F9F1
:10A83000AB1C9BB2B3FBF4F204FB12339BB20221BC
:10A8400006F803B00BF1010B8AF800B0F8F750F9E5
:10A85000EB1C9BB2B3FBF4F204FB12339BB202225B
:10A86000F421F254F8F744F92B1D9BB299F80190AA
:10A87000B3FBF4F204FB12339BB2F4224946F254C8
:10A88000F8F736F96B1D9BB2B3FBF4F204FB1233FD
:10A890009BB206F80390AB1D9BB2B3FBF4F204FB32
:10A8A00012339BB29DF80420F254EB1D9BB2B3FB14
:10A8B000F4F204FB12339BB29DF80520F25405F12B
:10A8C0000803A8F800300E4B23F817500D4B082250
:10A8D000DA550D4B1022DA550C4A138801331380D8
:10A8E00003B0BDE8F08F00BF941500205C0100208C
:10A8F0005E010020B81A0020841900206CBF0008F7
:10A90000FC1A0020DC1A0020BC1A0020B01A00201B
:10A9100068030020821900205B180020022170B516
:10A92000084600F089F910B3114D0121022000F012
:10A93000B7F92C88B4F5FF6F19D20E4A0E4B115D92
:10A940000E4A0F4E02EBC10052F831201A604268E5
:10A950000C485A600021F36000F0D1FD314602201E
:10A9600000F01CF90134022000F004F92C8070BDC5
:10A970005C0F00207B0300205E0F002098C30008BE
:10A980001C0100200004004008B5F8F703F8F8F7B0
:10A990001BF8F8F747F8F8F74FF8F8F768F8F8F702
:10A9A00081F8F8F78BF8F8F79EF8F8F7B1F8F8F7B0
:10A9B000DBF8F8F7F9F8F8F70FFAFAF7A7FAFAF769
:10A9C000C3FAFAF7DFFAFAF701FBFAF7BBFEFAF778
:10A9D000D1FEFAF7FBFEFAF715FFFBF7A9FDFBF72F
:10A9E000BCFDFBF7CFFDFBF7E3FDFBF72BFFFBF710
:10A9F00045FFFBF75FFFFBF769FFFCF755F8FCF736
:10AA000015FCFCF72FFCFCF749FCFCF78DFCBDE8BE
:10AA10000840FCF737BD00002DE9F04F002587B056
:10AA2000CDE90255CDE90055AB460495A8462F4621
:10AA3000AA462E46464B1C68009BE31AB3F5FA6FF4
:10AA400002D3FAF7B1F90094019B44F24F62E31A82
:10AA5000934204D9FAF7F0FAA4F6B8330193029BB3
:10AA600044F25962E31A934204D9FAF719FBA4F6A7
:10AA7000C2330293039BE21A43F697239A4202D908
:10AA8000FBF7D0FB0394A21B45F207239A4204D99B
:10AA9000FBF7F8FBA4F5BB56103EA4EB0A02632AB1
:10AAA000A4EB0809A4EB070338D8092B2FD9FBF72F
:10AAB00095FDB9F1270F46D82746049BE31A4A2B88
:10AAC00004D9FFF719FCA4F123030493A4EB0B03AF
:10AAD0004B2B03D9FFF704FDA4F1240B621B41F2B9
:10AAE00087339A4202D9FFF743FE2546F8F7A8F9C3
:10AAF000FAF71EF8FAF72CF9FBF7D2F8FBF7C2FDCC
:10AB0000FCF718F8FCF748FAFCF7A0FA92E7B9F15D
:10AB1000270FD2D9FDF7A6FFA046CEE70593FBF796
:10AB200029FC059B092B02D9FBF758FD2746FCF7AA
:10AB3000B3FAB9F1270F02D9FDF794FFA046FFF74A
:10AB400073FAA246B9E7FDF78DFFA046B4E700BF50
:10AB5000AC1F002008B5FFF717FFFFF75DFF0000EF
:10AB60001423034A5843835823F02003835070472B
:10AB7000080002401423034A5843835843F001035A
:10AB800083507047080002401423034A58438358F7
:10AB900023F00103835070470800024038B5044693
:10ABA000FFF7F2FF142303FB04F0184B0A68C250AE
:10ABB0000433CA68C250083B0A8BC250043B0D697B
:10ABC0004A68C4582A43CD6924F47C542A4322435A
:10ABD000C2500A7A012AC2580CBF42F0400222F049
:10ABE0004002C2500A7D012AC2580CBF42F08002C6
:10ABF00022F08002C2504A7D22B9C25822F01002CF
:10AC0000C25038BDC25842F01002F9E710000240AD
:10AC1000034B80005A68814011435960704700BF60
:10AC2000000002401423034A584383580B438350C7
:10AC3000704700BF08000240042913D008291DD026
:10AC4000022927D1144B82001B689140194014231C
:10AC5000124A4343985800F00200D9B1003818BF97
:10AC6000012070470C4B82001B689140194014234F
:10AC70000A4A4343985800F00400EEE7064B82006E
:10AC80001B689140194014235843044BC05800F0EE
:10AC90000800E2E700207047000002400800024080
:10ACA000FFF7B6BF044B1A69120641BF034A5A6048
:10ACB00002F188325A607047002002402301674544
:10ACC000024A136943F08003136170470020024079
:10ACD000014BD860704700BF00200240074BDA6884
:10ACE000D10707D4DA68D20606D4D868C0F380004A
:10ACF0004000704701207047032070470020024049
:10AD000010B50446FFF7EAFF012804F1FF3402D131
:10AD1000002CF7D1042010BD38B505464FF4702043
:10AD2000FFF7EEFF88B9094C236943F00203236162
:10AD30006561236943F0400323614FF47020FFF7FE
:10AD4000DFFF236923F00203236138BD00200240A6
:10AD500070B505464FF470200E46FFF7D1FF68B975
:10AD6000074C236943F0010323614FF470202E60E8
:10AD7000FFF7C6FF236923F00103236170BD00BF05
:10AD8000002002402DE9F0430568C46800264FF01A
:10AD9000010E4FF003080EFA06F71F420DD07700A0
:10ADA00008FA07FC01FA07F925EA0C0524EA0C0465
:10ADB00002FA07F749EA05053C430136102EEAD1AD
:10ADC0000560C460BDE8F08301294168F0B50CBF9F
:10ADD000194399434FF6FF744160A242816815D12F
:10ADE000C46B002201274FF0030C07FA02F61E4243
:10ADF0001CBF55000CFA05F502F101021CBF2943E6
:10AE00003443102AF1D18160C463F0BD00240127CE
:10AE10004FF0030C07FA04F51D4207D065000CFA49
:10AE200005F621EA060102FA05F529430134102C42
:10AE3000F0D18160E9E78161704781627047036901
:10AE40000B4214BF012000207047F0B5066A456A26
:10AE500000234FF0010C4FF00F0E0CFA03F41442D4
:10AE600007D09C000EFA04F726EA070601FA04F45C
:10AE700026430133082BF0D100234FF0010C4FF093
:10AE80000F0E03F108040CFA04F4144207D09C00DE
:10AE90000EFA04F725EA070501FA04F42543013305
:10AEA000082BEED106624562F0BD000070B5044685
:10AEB00002200D46164600F06FF9394A3949B0FBB9
:10AEC000F1F1904294BF0B463F23626822F03F02AB
:10AED0001A436260344A954216D801313E290DD991
:10AEE0003F2323626D00B0FBF5F5042DE36938BF05
:10AEF0000425C5F30B051D43E56170BD022901D88A
:10AF00000223EEE72162EDE7284A95424FF47A7179
:10AF100024D84FF496725343B3FBF1F30133236209
:10AF2000A6B9E26922F4804205EB4503B0FBF3F3D6
:10AF3000E261C3F30B020AB943F00103E26942F490
:10AF40000042E261E2691343E361D6E7E269192353
:10AF50006B4342F48042B0FBF3F3E9E778225343BA
:10AF6000B3FBF1F30133236296B9E36923F4804321
:10AF700005EB4505B0FBF5F0E361E36943F40043FD
:10AF8000E361E3690343E3610123C4F89030B4E76C
:10AF900019235D43E369B0FBF5F043F48043EBE72D
:10AFA000BF4DC10340420F00A0860100801A060079
:10AFB00010B50468C3F3090324F002040C431343DF
:10AFC0000460836010BD036823F480630B43036057
:10AFD0007047036823F400630B4303607047023239
:10AFE0000CBF21F0010141F00101016170470368CC
:10AFF00043F0010303607047036843F48073036008
:10B000007047036843F40073036070470161704741
:10B010000069C0B270478A0910B501F01F011458C9
:10B0200001238B402343135010BD10B58C0901221E
:10B03000235801F01F018A4023EA0203235010BD68
:10B04000C1F3891330B501F01F0244681D58012374
:10B0500003FA02F22A408D0D2D58C1F3044003FA81
:10B0600000F00B4B21F48031994200EA050007D132
:10B0700052B114F4806409D0003818BF012030BDEB
:10B080000028FCD0101EF8E71046F8E72046F6E747
:10B0900009010605084B994210B502D1436983693D
:10B0A00010BD8C0D01222358C1F304418A4023EACC
:10B0B00002032350F4E700BF0901010510B51D4C40
:10B0C000E36803F4E063B3F5A06F08D020D8B3F5CC
:10B0D000407F26D0B3F5806F26D0174BE360022364
:10B0E0001C46C4F10404A140C3F104040F23E3404F
:10B0F0001340124A0B431B011118DBB281F80033D5
:10B100004109012300F01F00834042F8213010BDA7
:10B11000B3F5C06F0BD0B3F5E06FDED1042300248C
:10B12000DFE700230424DCE701230324D9E703231A
:10B130000124D6E700ED00E00005FA0500E100E09B
:10B1400021F06041034B21F07F0101439960BFF37F
:10B150004F8F704700ED00E0830903F1804303F552
:10B16000043300F01F001968012282400A431A606C
:10B170007047830903F1804303F5043300F01F0097
:10B180001A680121814022EA01021A607047FFF724
:10B19000E3BFFFF7EEBF0000F0B55D4B89B0054699
:10B1A00004AC03F110061F4618685968224603C212
:10B1B0000833B3421446F7D1716838696B4603C34C
:10B1C00003C354494B68C3F38103022B44D14A683B
:10B1D0004868CB6A0601C2F383424FEAD37334D482
:10B1E000002B30D102324B68C86ADC0332D5CB6AFF
:10B1F000400003F00F0354BF474848480133B0FBF9
:10B20000F3F35A434B68C3F3031320336B4413F82F
:10B21000104C4B68C3F3022320336B4422FA04F42E
:10B2200013F8206C4B68C3F3C22320336B4413F82C
:10B23000183C24FA03F0062D10D8DFE805F064125C
:10B24000141017464F002132CDE70BB91132CAE76F
:10B250003132C8E7324BD4E72F4AD3E7002009B098
:10B26000F0BD2046FBE724FA06F0F8E70B6BDA05A1
:10B2700007D40B6B2B4813F4803F2B4B08BF1846A9
:10B28000EDE74A680B6BC2F38132022A4FEAD373AF
:10B290000FD0032A14D0012A06D00BB94008DEE7EC
:10B2A0000320B4FBF0F0DAE70BB98008D7E70520FC
:10B2B000F7E71BB90623B0FBF3F0D0E70720F0E770
:10B2C0000BB9C008CBE70920EBE70B6B13F0400F7D
:10B2D00048F2120018BF4FF40040C0E70B6B9B0709
:10B2E000BDD00B6B03F00303012B0CD00B6B03F0F1
:10B2F0000303022B09D00B6B074803F00303032B56
:10B3000018BF0020ABE71046A9E74FF40040A6E7BE
:10B3100080BF00080010024000127A00006CDC02BE
:10B3200000093D00003FAB01809FD50008B5274BC9
:10B3300098421ED00BD8A3F5943398422AD003F537
:10B34000E05398422DD0B0F1804F1CD008BD204B67
:10B3500098422DD003F58063984230D0A3F5006366
:10B360009842F3D14FF44470FFF711FF4FF444704B
:10B3700005E040F20B30FFF70AFF40F20B30BDE86A
:10B380000840FFF706BF4FF48060FFF700FF4FF45F
:10B390008060F4E740F20140FFF7F9FE40F201401F
:10B3A000EDE74FF48160FFF7F2FE4FF48160E6E7CE
:10B3B00040F21130FFF7EBFE40F21130DFE740F2D0
:10B3C0001230FFF7E4FE40F21230D8E7002C0140C3
:10B3D000004401400B8810B58362424B98421BD059
:10B3E00020F48063B3F1804F16D08B68C3623E4B6C
:10B3F00098423CD003F5903398424FD03B4A90425C
:10B4000055D002F5806290425ED0A3F5A0539842D9
:10B4100028D10B7B036325E0036823F070030360EE
:10B4200002684B881343036002688B8813430360F0
:10B430008B68C3622B4B984222D0B0F1804F16D05C
:10B44000A3F594339842D2D14FF08043D3F800242F
:10B4500022F44072C3F80024D3F80044CA8822437F
:10B46000C3F80024436943F00103436110BD03683E
:10B4700023F4407303600268CB8813430360F1E751
:10B480001B4BD3F8002C22F44072C3F8002CD3F8E5
:10B49000004CCA882243C3F8002CBAE7036823F49F
:10B4A000407303600268CB8813430360B1E7D3F8AD
:10B4B000002422F44072C3F80024D3F80044CA8860
:10B4C0002243C3F80024A4E7D3F8002822F44072F2
:10B4D000C3F80028D3F80048CA882243C3F80028DC
:10B4E00097E700BF002C01400020004000440140CD
:10B4F00000200140036843F001030360704741628C
:10B500007047C3680B43C3607047C36823EA0103F5
:10B51000C3607047C3680069084003D00B4214BF82
:10B52000012000207047C94301617047C368194377
:10B53000C1607047436C01290CBF43F4004323F4FE
:10B540000043436470470000032900F20381DFE8F1
:10B5500011F0040047009A00DF00036A23F00103A2
:10B560000362836923F003038361036A11680B4359
:10B570000362036A23F002030362016AD3880B4368
:10B580000362754B98420AD020F4806103F5A05302
:10B59000994204D003F50063984240F0DB80036ACF
:10B5A00023F004030362016A93880B430362036A76
:10B5B00023F008030362016A13890B4303624368A3
:10B5C00023F480734360416853890B4343604368AD
:10B5D00023F400734360416893890B4343607047D1
:10B5E000036A23F010030362836923F440738361C9
:10B5F000036A116843EA01130362036AD18823F0E6
:10B6000020030362036A43EA01130362524B984228
:10B610002DD1036A918823F040030362036A43EA51
:10B6200001130362036A118923F080030362036A32
:10B6300043EA01130362494B5089D3F8041C9289F1
:10B6400021F48061C3F8041CD3F8041C41EA800192
:10B65000C3F8041CD3F8041C21F40061C3F8041CD3
:10B66000D3F8041C41EA8202C3F8042C70473C4B17
:10B6700098426FD14368528923F4806343604368E2
:10B6800043EA8203AAE7036A23F480730362C3696F
:10B6900023F00303C361036A116843EA01230362D1
:10B6A000036AD18823F400730362036A43EA012327
:10B6B0000362294B98424DD1036A918823F4806339
:10B6C0000362036A43EA01230362036A118923F4D4
:10B6D00000630362036A43EA012303621F4B50893C
:10B6E000D3F8041C928921F48051C3F8041CD3F8C8
:10B6F000041C41EA0011C3F8041CD3F8041C21F413
:10B700000051C3F8041CD3F8041C41EA0212ABE751
:10B71000036A23F480530362C36923F44073C36153
:10B72000036A116843EA01330362036AD18823F490
:10B7300000530362036A43EA01330362064B9842F3
:10B7400008D15968528921F480415960596841EA09
:10B7500082125A60704700BF002C01400020014057
:10B760000040014003291AD8DFE801F0020A121A4A
:10B77000836923F070038361836913438361704796
:10B78000836923F4E0438361836943EA0223F5E795
:10B79000C36923F07003C361C3691343C361704776
:10B7A000C36923F4E043C361C36943EA0223F5E7B5
:10B7B00003290AD8DFE801F0020406084263704753
:10B7C00082637047C26370470264704703291AD8C6
:10B7D000DFE801F0020A121A836923F0080383618B
:10B7E0008369134383617047836923F40063836132
:10B7F000836943EA0223F5E7C36923F00803C361C1
:10B80000C3691343C3617047C36923F40063C36111
:10B81000C36943EA0223F5E708B50C4B98420DD003
:10B8200003F57443984210D140F20E30FFF7AFFC9D
:10B8300040F20E30BDE80840FFF7ABBC40F21140CB
:10B84000FFF7A5FC40F21140F4E708BD00440040BA
:10B8500038B5134B984204460D4618D003F574438F
:10B86000984216D10620FFF797FC226812044FEA8F
:10B87000550310D503EB4003B3FBF5F1C1F34203CD
:10B8800021F00F010904090C0B43E36038BD0220CD
:10B89000E9E70020E9E70344B3FBF5F39BB2F4E7E3
:10B8A00000440040036823F001030360036823F4AD
:10B8B000C063036003680B4303607047036823F0B1
:10B8C00001030360036823F48053036003680B43A0
:10B8D00003607047036823F001030360436823F4A7
:10B8E0004053436043680B4343607047036843F031
:10B8F000010303607047036823F0080303600368D3
:10B900000B4303607047036823F00403036003687C
:10B910000B4303607047C1F3080181627047406ABE
:10B92000C0F308007047026A01F01F0101238B4039
:10B930001343036270478A0910B501F01F011458C0
:10B9400001238B402343135010BD10B58C090122F5
:10B95000235801F01F018A4023EA0203235010BD3F
:10B96000C1F3891310B51C588B0D1A58C1F304404C
:10B97000012303FA00F0104006D001F01F018B40B4
:10B98000234214BF0120002010BD0000084B994243
:10B9900006D1D0F8D03023F40043C0F8D03070473F
:10B9A000026AC1F3044101238B40134303627047D1
:10B9B00009340F34DFF830D0002103E00B4B5B5823
:10B9C000435004310A480B4B42189A42F6D30A4AB4
:10B9D00002E0002342F8043B084B9A42F9D300F0FE
:10B9E00011F8FFF7B7F8704768030020A8CD0008EA
:10B9F000000000206801002068030020B01F002024
:10BA0000FEE700007E4BDA6902F00602062A82B0E9
:10BA100047D0DA69900444D57A4A7B4959605A6024
:10BA200099609A601A6942F020021A611A6942F01C
:10BA300040021A61DA68D107FCD41A6922F02002A8
:10BA40001A611A6942F010021A61DA6912F0060FDF
:10BA50006E4A40F0C780A5231380694B6B4AD969B1
:10BA6000090A01F0DF015180D969C1F307419180D2
:10BA7000D969090ED180196AC9B21181196AC1F355
:10BA800007215181DA68D207FCD41A6922F010022A
:10BA90001A611A6922F400721A611A6942F080026E
:10BAA0001A615B4AD2F8883043F47003C2F88830D8
:10BAB000584B1A6842F001021A601A689007FCD5C8
:10BAC0005A6842F080025A6000220192019A4F2A7D
:10BAD00040F290805A6842F090025A60002201922F
:10BAE000019A4F2A40F289805A6822F003025A6074
:10BAF0001A6822F0867222F480321A605968464A27
:10BB00000A405A605A6822F0084222F474125A60BD
:10BB1000DA6A22F0404222F00F02DA621A6B22F453
:10BB2000817222F001021A631A6B22F480321A63C6
:10BB30001A6B22F000421A635A6B22F001025A6318
:10BB4000D3F8C02022F48032C3F8C02000229A60CB
:10BB5000C3F8CC201A6842F480321A604FF40062B5
:10BB60001968890301D4013AFAD11A68900333D5D0
:10BB70005A685A605A6842F400525A605A6842F44D
:10BB800080625A605A6822F0036222F470225A607E
:10BB9000DA6A22F0404222F00F02DA625A6842F07A
:10BBA000016242F480325A60DA6A42F00102DA62DB
:10BBB000DA6ADA621A6842F080721A601A689101D1
:10BBC000FCD55A6822F003025A605A6842F0020219
:10BBD0005A605A681207FCD500214FF0006002B08D
:10BBE000FFF7AEBADB6903F00603022B7FF435AF33
:10BBF000BB2331E7019A013267E7019A01326EE710
:10BC000000200240AB89EFCD2301674500F8FF1FFC
:10BC100000ED00E0001002400C00FF082DE9F047A5
:10BC2000089D0C46002B4ED194468C458646B2FAB0
:10BC300082F262D94AB1C2F12003914020FA03F3A3
:10BC40000CFA02FC194300FA02FE4FEA1C471FFAE5
:10BC50008CF6B1FBF7F44FEA1E4307FB141143EADD
:10BC6000014304FB06F199420AD91CEB030304F1DA
:10BC7000FF3080F01381994240F21081023C63440E
:10BC8000591A1FFA8EF3B1FBF7F007FB101143EAC4
:10BC9000014300FB06F69E420AD91CEB030300F1A8
:10BCA000FF3180F0FD809E4240F2FA80634402380A
:10BCB0009B1B40EA044000211DB1D3400022C5E98E
:10BCC0000032BDE8F0878B4205D90DB1C5E900010E
:10BCD00000210846F5E7B3FA83F1002946D1A342D3
:10BCE00002D39042C0F0F180861A64EB0303012076
:10BCF000002DE6D0C5E90063E3E7002A40F091801B
:10BD0000A1EB0C044FEA1C481FFA8CF70121B4FB8D
:10BD1000F8F64FEA1E4308FB164443EA044307FBC8
:10BD200006F0984208D91CEB030306F1FF3402D257
:10BD3000984200F2CE8026461C1A1FFA8EF3B4FBFE
:10BD4000F8F008FB104443EA044300FB07F79F4266
:10BD500008D91CEB030300F1FF3402D29F4200F22A
:10BD6000B1802046DB1B40EA0640A5E7C1F1200672
:10BD70008B4022FA06F71F4320FA06FC04FA01F36F
:10BD800043EA0C03F44000FA01F8380C4FEA134977
:10BD9000B4FBF0FE1FFA87FC00FB1E4449EA044492
:10BDA0000EFB0CF9A14502FA01F20AD93C190EF179
:10BDB000FF3A80F08580A14540F28280AEF1020E0C
:10BDC0003C44A4EB09041FFA83F9B4FBF0F300FB35
:10BDD000134449EA044403FB0CFCA44507D93C196D
:10BDE00003F1FF3068D2A44566D9023B3C4443EAE4
:10BDF0000E40A0FB0293A4EB0C049C42CE469C4652
:10BE000052D34FD055B1B8EB0E0364EB0C0404FAD7
:10BE100006F6CB40CC401E43C5E900640021BDE8D6
:10BE2000F087C2F1200320FA03F10CFA02FC24FA95
:10BE300003F394400C434FEA1C4800FA02FE1FFA39
:10BE40008CF7B3FBF8F008FB1031230C43EA0143F5
:10BE500000FB07F1994208D91CEB030300F1FF3600
:10BE60002CD299422AD9023863445B1AA4B2B3FB9C
:10BE7000F8F108FB113344EA034401FB07F3A34242
:10BE800008D91CEB040401F1FF3613D2A34211D9E7
:10BE900002396444E41A41EA004138E70446EFE617
:10BEA000084605E7C845ADD2B9EB020E63EB070CB7
:10BEB0000138A7E73146EDE7034698E73046D4E777
:10BEC000D6467EE7634402384CE7064623460846DA
:10BED0000EE7023E63442FE710EE102AC2F3C75369
:10BEE0007F3B162B22F0004129DC002B104618DB8B
:10BEF0001A4919410A4221D0DFED197A70EE277AEA
:10BF0000F5EEC07AF1EE10FA18DD002A04DA4FF4EB
:10BF1000000242FA03F3184420EA010300EE103A4B
:10BF20007047DFED0F7A70EE277AF5EEC07AF1EE0A
:10BF300010FA03DD002A08DB9FED0A0A7047B1F111
:10BF4000FF4FFBD330EE000A7047DFED077A002980
:10BF5000BFEE000A08BFB0EE670A7047FFFF7F0020
:10BF6000CAF249710000000000000080FFFF0000DD
:10BF700001000000000000000000000100000000BF
:10BF80000000000000000000010203040607080989
:10BF900000000000010203040000000000E81D3959
:10BFA00000E21D3A0093B13A80C91D3B006E763B1A
:10BFB0000055B13B0036F13B40681D3C600C473CEE
:10BFC0000081753C905F943C505FB03C90BBCE3C90
:10BFD000806FEF3C103B093D10E51B3DD0B22F3D7B
:10BFE00040A1443D38AD5A3D48D3713DEC07853DF5
:10BFF00098AF913DB4DE9E3D3C93AC3D0CCBBA3D39
:10C00000F883C93DB8BBD83DF46FE83D409EF83D8C
:10C010000EA2043E7C2F0D3E1AF6153E8CF41E3EF9
:10C020006E29283E5693313ECE303B3E5E00453E63
:10C0300080004F3EAC2F593E4E8C633ECA146E3E7C
:10C0400088C7783E6DD1813E8C52873E46E68C3E55
:10C05000C08B923E1C42983E76089E3EECDDA33E8D
:10C0600096C1A93E8FB2AF3EE8AFB53EB6B8BB3E73
:10C070000ECCC13EFBE8C73E910ECE3ED83BD43E2F
:10C08000DF6FDA3EB2A9E03E59E8E63EE12AED3E36
:10C090004D70F33EACB7F93E0000003F2B24033F48
:10C0A000DA47063F906A093FD48B0C3F27AB0F3F1E
:10C0B00011C8123F15E2153FB8F8183F830B1C3F1B
:10C0C000FA191F3FA623223F0D28253FB926283FF6
:10C0D000361F2B3F0A112E3FC6FB303FF3DE333FA6
:10C0E00020BA363FDE8C393FBB563C3F4A173F3FB4
:10C0F0001ECE413FCE7A443FEE1C473F15B4493F28
:10C10000E03F4C3FEABF4E3FCC33513F2B9B533F68
:10C11000A6F5553FDE42583F7A825A3F22B45C3F33
:10C120007ED75E3F38EC603F02F2623F8AE8643FB0
:10C1300082CF663F9EA6683F996D6A3F2A246C3F76
:10C140000DCA6D3F035F6F3FCCE2703F2C55723FCD
:10C15000ECB5733FD404753FB041763F4F6C773FE9
:10C160008484783F248A793F067D7A3F045D7B3F53
:10C17000FC297C3FCFE37C3F608A7D3F941D7E3F5E
:10C18000569D7E3F92097F3F36627F3F37A77F3FB4
:10C1900088D87F3F22F67F3F0000803F22F67F3F16
:10C1A00088D87F3F36A77F3F36627F3F92097F3F27
:10C1B000569D7E3F941D7E3F5F8A7D3FCEE37C3F50
:10C1C000FC297C3F045D7B3F057D7A3F248A793FD3
:10C1D0008484783F4E6C773FAF41763FD304753F00
:10C1E000ECB5733F2C55723FCCE2703F025F6F3F5E
:10C1F0000CCA6D3F2A246C3F986D6A3F9EA6683F2B
:10C2000081CF663F89E8643F01F2623F37EC603FCF
:10C210007CD75E3F20B45C3F78825A3FDE42583F75
:10C22000A4F5553F2C9B533FCD33513FE8BF4E3FC4
:10C23000DF3F4C3F14B4493FEB1C473FCB7A443FB0
:10C240001FCE413F4A173F3FBA563C3FDC8C393F37
:10C250001FBA363FF0DE333FC3FB303F0B112E3F9A
:10C26000351F2B3FB926283F0B28253FA323223F0C
:10C27000F7191F3F800B1C3FB9F8183F14E2153F18
:10C2800010C8123F26AB0F3FD28B0C3F8E6A093F7E
:10C29000D747063F2B24033F0000003FA9B7F93ED4
:10C2A0004A70F33EDC2AED3E54E8E63EACA9E03E9F
:10C2B000E06FDA3ED73BD43E8E0ECE3EF8E8C73E66
:10C2C00009CCC13EB2B8BB3EE2AFB53E8EB2AF3E86
:10C2D00096C1A93EEADDA33E72089E3E1742983EF3
:10C2E000BB8B923E40E68C3E8C52873E6CD1813EA9
:10C2F00084C7783EC6146E3E468C633EA22F593EDC
:10C3000082004F3E5E00453ECC303B3E5293313E74
:10C310006829283E84F41E3E12F6153E7E2F0D3EFF
:10C320000EA2043E3C9EF83DEC6FE83DB0BBD83D0C
:10C33000EC83C93D00CBBA3D3C93AC3DB4DE9E3DA1
:10C3400094AF913DE407853D38D3713D28AD5A3D0A
:10C3500030A1443DD0B22F3D08E51B3D103B093DC7
:10C36000706FEF3C70BBCE3C405FB03C705F943C64
:10C370000081753C600C473C20681D3C0036F13B59
:10C38000C054B13B006E763B00C91D3B0093B13AEF
:10C3900000E21D3A00E81D3919191919191919195E
:10C3A000191919191919194B1919191919194B1999
:10C3B0001919191919194B4B19191919194B191957
:10C3C00019191919194B194B19191919194B4B1915
:10C3D00019191919194B4B4B191919194B19191905
:10C3E000191919194B19194B191919194B194B19F5
:10C3F000191919194B194B4B191919194B4B1919B3
:10C40000191919194B4B194B191919194B4B4B1970
:10C41000191919194B4B4B4B1919194B1919191992
:10C420001919194B1919194B1919194B19194B19B4
:10C430001919194B19194B4B1919194B194B191972
:10C440001919194B194B194B1919194B194B4B1930
:10C450001919194B194B4B4B1919194B4B19191920
:10C460001919194B4B19194B1919194B4B194B1910
:10C470001919194B4B194B4B1919194B4B4B1919CE
:10C480001919194B4B4B194B1919194B4B4B4B198C
:10C490001919194B4B4B4B4B19194B1919191919E0
:10C4A00019194B191919194B19194B1919194B1934
:10C4B00019194B1919194B4B19194B19194B1919F2
:10C4C00019194B19194B194B19194B19194B4B19B0
:10C4D00019194B19194B4B4B19194B194B191919A0
:10C4E00019194B194B19194B19194B194B194B1990
:10C4F00019194B194B194B4B19194B194B4B19194E
:10C5000019194B194B4B194B19194B194B4B4B190B
:10C5100019194B194B4B4B4B19194B4B191919192D
:10C5200019194B4B1919194B19194B4B19194B194F
:10C5300019194B4B19194B4B19194B4B194B19190D
:10C5400019194B4B194B194B19194B4B194B4B19CB
:10C5500019194B4B194B4B4B19194B4B4B191919BB
:10C5600019194B4B4B19194B19194B4B4B194B19AB
:10C5700019194B4B4B194B4B19194B4B4B4B191969
:10C5800019194B4B4B4B194B19194B4B4B4B4B1927
:10C5900019194B4B4B4B4B4B194B191919191919AD
:10C5A000194B19191919194B194B191919194B1933
:10C5B000194B191919194B4B194B1919194B1919F1
:10C5C000194B1919194B194B194B1919194B4B19AF
:10C5D000194B1919194B4B4B194B19194B1919199F
:10C5E000194B19194B19194B194B19194B194B198F
:10C5F000194B19194B194B4B194B19194B4B19194D
:10C60000194B19194B4B194B194B19194B4B4B190A
:10C61000194B19194B4B4B4B194B194B191919192C
:10C62000194B194B1919194B194B194B19194B194E
:10C63000194B194B19194B4B194B194B194B19190C
:10C64000194B194B194B194B194B194B194B4B19CA
:10C65000194B194B194B4B4B194B194B4B191919BA
:10C66000194B194B4B19194B194B194B4B194B19AA
:10C67000194B194B4B194B4B194B194B4B4B191968
:10C68000194B194B4B4B194B194B194B4B4B4B1926
:10C69000194B194B4B4B4B4B194B4B19191919197A
:10C6A000194B4B191919194B194B4B1919194B19CE
:10C6B000194B4B1919194B4B194B4B19194B19198C
:10C6C000194B4B19194B194B194B4B19194B4B194A
:10C6D000194B4B19194B4B4B194B4B194B1919193A
:10C6E000194B4B194B19194B194B4B194B194B192A
:10C6F000194B4B194B194B4B194B4B194B4B1919E8
:10C70000194B4B194B4B194B194B4B194B4B4B19A5
:10C71000194B4B194B4B4B4B194B4B4B19191919C7
:10C72000194B4B4B1919194B194B4B4B19194B19E9
:10C73000194B4B4B19194B4B194B4B4B194B1919A7
:10C74000194B4B4B194B194B194B4B4B194B4B1965
:10C75000194B4B4B194B4B4B194B4B4B4B19191955
:10C76000194B4B4B4B19194B194B4B4B4B194B1945
:10C77000194B4B4B4B194B4B194B4B4B4B4B191903
:10C78000194B4B4B4B4B194B194B4B4B4B4B4B19C1
:10C79000194B4B4B4B4B4B4B4B1919191919191979
:10C7A0004B1919191919194B4B19191919194B1931
:10C7B0004B19191919194B4B4B191919194B1919EF
:10C7C0004B191919194B194B4B191919194B4B19AD
:10C7D0004B191919194B4B4B4B1919194B1919199D
:10C7E0004B1919194B19194B4B1919194B194B198D
:10C7F0004B1919194B194B4B4B1919194B4B19194B
:10C800004B1919194B4B194B4B1919194B4B4B1908
:10C810004B1919194B4B4B4B4B19194B191919192A
:10C820004B19194B1919194B4B19194B19194B194C
:10C830004B19194B19194B4B4B19194B194B19190A
:10C840004B19194B194B194B4B19194B194B4B19C8
:10C850004B19194B194B4B4B4B19194B4B191919B8
:10C860004B19194B4B19194B4B19194B4B194B19A8
:10C870004B19194B4B194B4B4B19194B4B4B191966
:10C880004B19194B4B4B194B4B19194B4B4B4B1924
:10C890004B19194B4B4B4B4B4B194B191919191978
:10C8A0004B194B191919194B4B194B1919194B19CC
:10C8B0004B194B1919194B4B4B194B19194B19198A
:10C8C0004B194B19194B194B4B194B19194B4B1948
:10C8D0004B194B19194B4B4B4B194B194B19191938
:10C8E0004B194B194B19194B4B194B194B194B1928
:10C8F0004B194B194B194B4B4B194B194B4B1919E6
:10C900004B194B194B4B194B4B194B194B4B4B19A3
:10C910004B194B194B4B4B4B4B194B4B19191919C5
:10C920004B194B4B1919194B4B194B4B19194B19E7
:10C930004B194B4B19194B4B4B194B4B194B1919A5
:10C940004B194B4B194B194B4B194B4B194B4B1963
:10C950004B194B4B194B4B4B4B194B4B4B19191953
:10C960004B194B4B4B19194B4B194B4B4B194B1943
:10C970004B194B4B4B194B4B4B194B4B4B4B191901
:10C980004B194B4B4B4B194B4B194B4B4B4B4B19BF
:10C990004B194B4B4B4B4B4B4B4B19191919191945
:10C9A0004B4B19191919194B4B4B191919194B19CB
:10C9B0004B4B191919194B4B4B4B1919194B191989
:10C9C0004B4B1919194B194B4B4B1919194B4B1947
:10C9D0004B4B1919194B4B4B4B4B19194B19191937
:10C9E0004B4B19194B19194B4B4B19194B194B1927
:10C9F0004B4B19194B194B4B4B4B19194B4B1919E5
:10CA00004B4B19194B4B194B4B4B19194B4B4B19A2
:10CA10004B4B19194B4B4B4B4B4B194B19191919C4
:10CA20004B4B194B1919194B4B4B194B19194B19E6
:10CA30004B4B194B19194B4B4B4B194B194B1919A4
:10CA40004B4B194B194B194B4B4B194B194B4B1962
:10CA50004B4B194B194B4B4B4B4B194B4B19191952
:10CA60004B4B194B4B19194B4B4B194B4B194B1942
:10CA70004B4B194B4B194B4B4B4B194B4B4B191900
:10CA80004B4B194B4B4B194B4B4B194B4B4B4B19BE
:10CA90004B4B194B4B4B4B4B4B4B4B191919191912
:10CAA0004B4B4B191919194B4B4B4B1919194B1966
:10CAB0004B4B4B1919194B4B4B4B4B19194B191924
:10CAC0004B4B4B19194B194B4B4B4B19194B4B19E2
:10CAD0004B4B4B19194B4B4B4B4B4B194B191919D2
:10CAE0004B4B4B194B19194B4B4B4B194B194B19C2
:10CAF0004B4B4B194B194B4B4B4B4B194B4B191980
:10CB00004B4B4B194B4B194B4B4B4B194B4B4B193D
:10CB10004B4B4B194B4B4B4B4B4B4B4B191919195F
:10CB20004B4B4B4B1919194B4B4B4B4B19194B1981
:10CB30004B4B4B4B19194B4B4B4B4B4B194B19193F
:10CB40004B4B4B4B194B194B4B4B4B4B194B4B19FD
:10CB50004B4B4B4B194B4B4B4B4B4B4B4B191919ED
:10CB60004B4B4B4B4B19194B4B4B4B4B4B194B19DD
:10CB70004B4B4B4B4B194B4B4B4B4B4B4B4B19199B
:10CB80004B4B4B4B4B4B194B4B4B4B4B4B4B4B1959
:10CB90004B4B4B4B4B4B4B4B00C0C101C30302C231
:10CBA000C60607C705C5C404CC0C0DCD0FCFCE0EED
:10CBB0000ACACB0BC90908C8D81819D91BDBDA1A5D
:10CBC0001EDEDF1FDD1D1CDC14D4D515D71716D6CD
:10CBD000D21213D311D1D010F03031F133F3F2323D
:10CBE00036F6F737F53534F43CFCFD3DFF3F3EFEAD
:10CBF000FA3A3BFB39F9F83828E8E929EB2B2AEA1D
:10CC0000EE2E2FEF2DEDEC2CE42425E527E7E6268C
:10CC100022E2E323E12120E0A06061A163A3A262FC
:10CC200066A6A767A56564A46CACAD6DAF6F6EAE6C
:10CC3000AA6A6BAB69A9A86878B8B979BB7B7ABADC
:10CC4000BE7E7FBF7DBDBC7CB47475B577B7B6764C
:10CC500072B2B373B17170B05090915193535292BC
:10CC600096565797559594549C5C5D9D5F9F9E5E2C
:10CC70005A9A9B5B99595898884849894B8B8A4A9C
:10CC80004E8E8F4F8D4D4C8C44848545874746860C
:10CC9000824243834181804000C1814001C0804184
:10CCA00001C0804100C1814001C0804100C181407C
:10CCB00000C1814001C0804101C0804100C181406C
:10CCC00000C1814001C0804100C1814001C080415C
:10CCD00001C0804100C1814001C0804100C181404C
:10CCE00000C1814001C0804100C1814001C080413C
:10CCF00001C0804100C1814000C1814001C080412C
:10CD000001C0804100C1814001C0804100C181401B
:10CD100000C1814001C0804101C0804100C181400B
:10CD200000C1814001C0804100C1814001C08041FB
:10CD300001C0804100C1814000C1814001C08041EB
:10CD400001C0804100C1814001C0804100C18140DB
:10CD500000C1814001C0804100C1814001C08041CB
:10CD600001C0804100C1814001C0804100C18140BB
:10CD700000C1814001C0804101C0804100C18140AB
:10CD800000C1814001C0804100C1814001C080419B
:08CD900001C0804100C1814097
:04CD9800F8B500BF2B
:04CD9C00F8B500BF27
:08CDA0007CEEFF7F01000000A2
:10CDA80001000000000000000000803F00000000BB
:10CDB800000000000000803F0000000000000000AC
:10CDC8000000803F00000000000000000000803FDD
:10CDD80000000000000000000000803F000000008C
:10CDE800000000000000803F00000000000000007C
:10CDF8000000803F00000000000000000000803FAD
:10CE080000000000000000000000803F000000005B
:10CE1800000000000000803F00000000000000004B
:10CE2800000000000000003F0001000000000000BA
:10CE3800000000000000003F0001000000000000AA
:10CE4800000000000000003F00010000000000009A
:10CE5800000000000000003F00010000000000008A
:10CE6800000000000000003F00010000000000007A
:10CE7800000000000000003F00010000000000006A
:10CE8800000000000000003F00010000000000005A
:10CE9800000000000000003F00010000000000004A
:10CEA800000000000000003F00010000000000003A
:10CEB800000000000000003F00010000000000002A
:10CEC8000001000000000000000000000000000059
:10CED800010100000C0000000000000001FFFF013C
:10CEE80020002000180005C600C600000000000051
:10CEF8000000000021B101FFFF00FFFFFFF220004A
:08CF08000001010000BD01055C
:040000050800B9B581
:00000001FF
