:020000040800F2
:1000000000000720592000089D2000089D200008BE
:100010009D2000089D2000089D2000080000000091
:100020000000000000000000000000009D2000080B
:100030009D200008000000009D200008B90A00086B
:100040009D2000089D2000089D2000089D2000089C
:100050009D2000089D2000089D2000089D2000088C
:100060009D2000089D2000089D2000089D2000087C
:100070009D2000089D2000089D2000089D2000086C
:100080009D2000089D2000089D2000089D2000085C
:100090009D2000089D2000089D2000089D2000084C
:1000A0009D2000089D2000089D2000089D2000083C
:1000B0009D2000089D2000089D2000089D2000082C
:1000C0009D2000089D2000089D2000089D2000081C
:1000D0009D2000089D2000089D2000089D2000080C
:1000E0009D2000089D2000089D2000089D200008FC
:1000F0009D2000089D2000089D2000089D200008EC
:100100009D2000089D2000089D2000089D200008DB
:100110009D2000089D2000089D2000089D200008CB
:100120009D2000089D2000089D2000089D200008BB
:100130009D2000089D2000089D2000089D200008AB
:100140009D2000089D2000089D2000089D2000089B
:100150009D2000089D2000089D2000089D2000088B
:100160009D2000089D2000089D2000089D2000087B
:100170009D2000089D2000089D2000080000000030
:100180009D2000089D2000089D2000089D2000085B
:100190009D2000089D2000089D2000080000000010
:0C01A0009D2000089D2000089D20000804
:1001AC00034613F8012B002AFBD1181A01387047AB
:1001BC0053B94AB9002908BF00281CBF4FF0FF31C2
:1001CC004FF0FF3000F00CB8ADF1080C6DE904CE27
:1001DC0006F0C2FBDDF804E0DDE9022304B0704751
:1001EC00704700BF0348044B834202D0034B03B15A
:1001FC00184770470C0000200C0000200000000085
:10020C000548064B1B1AD90F01EBA301491002D06C
:10021C00034B03B1184770470C0000200C00002062
:10022C000000000010B5064C237843B9FFF7DAFF45
:10023C00044B13B10448AFF300800123237010BDAD
:10024C001000002000000000206C000808B5054BD1
:10025C001BB105490548AFF30080BDE80840FFF726
:10026C00CFBF00BF0000000014000020206C00086D
:10027C002DE9F04F14461289531EFE2B83B000F269
:10028C00AC807F4B7F4D5FFA82F9A3FB093809EBF9
:10029C00D81818F0FF080AD02F460026B1B2204615
:1002AC0002F060FE0136B04507F8010BF6D12B7851
:1002BC00F02B00F09980F52B00F0A680FB2B40F082
:1002CC008C80B9F1010F00F03183B9F1070F40F2C6
:1002DC008480B5F80130002B40F0EE80B9F1180F96
:1002EC007BD1694A01921146EA790B70B5F8051079
:1002FC00AB7AB1F5434F70D1072A6ED1012B6CD17B
:10030C0095F80CB095F80DA095F80E9095F80F8017
:10031C002F7C6E7C95F812E095F813C0287D697DD2
:10032C00AA7DEB7DBBF1670F57D1BAF1640F54D1A5
:10033C00B9F1330F51D1B8F1320F4ED1662F4CD1E8
:10034C00342E4AD1BEF1350F47D1BCF1300F44D118
:10035C00762842D1692940D1742A3ED1362B3CD122
:10036C0072B601F015FB012001F024FC022001F013
:10037C0021FC102001F01EFC402001F01BFC802011
:10038C0001F018FC102001F01FFB012001F012FC01
:10039C00022001F00FFC102001F00CFC402001F0B9
:1003AC0009FC802001F006FC01F004FB62B6374A20
:1003BC00B5F8033036491768364A5BBA0B80364BB2
:1003CC0012883649022538461D8003F037F800287C
:1003DC0000F0B882019A01231370204602F0B6FC9B
:1003EC0040B203B0BDE8F08FB9F1070FF5D12B4A3D
:1003FC00D5F80110B5F8053011602648284A5BBACB
:10040C00012103801170E8E7204A224B156823492B
:10041C001A88284603F012F80028DED1214E224A11
:10042C00224B2348C6E9002303F17363214A03F5E9
:10043C0050532D33C6E9022347F2694236233282E8
:10044C0006214122B37402F09BFB41220346132187
:10045C0030461E4602F094FB07460146304602F039
:10046C009DFC3146284602F09DFF284603F014F807
:10047C00304602F06BFC384602F068FCADE700BF7A
:10048C0081808080400100202C00002098020020F8
:10049C0030000020000000202E000020440200202C
:1004AC003200002040000020F50100C30701006766
:1004BC009C02002064333266DFF87C835EBAB8F8A5
:1004CC000020B6B2B24288D1D04A01921146D5F87A
:1004DC0003204FF0000AB3F5807F81F800A017BA13
:1004EC0000F0C280082A00F00481C94B9A4200F047
:1004FC002881C84B9A4200F03881C74B9A4200F0D1
:10050C005C81B2F5847F00F04481B2F5027F00F08B
:10051C009581B2F5816F00F06481B2F5C16F00F086
:10052C00C98140F608039A4200F0B08140F60823D6
:10053C009A4200F04B8240F608439A4200F0328215
:10054C0040F608639A4200F0198242F208039A427C
:10055C0000F0008242F208439A4200F0D38142F646
:10056C0008039A4200F0BA8142F608439A4200F01E
:10057C007981A9F1070212F0FC0FC2F385093CD076
:10058C007F1BA64D4FF0000BAB7A6A7A95F807A04B
:10059C0042EA03222B7A43EA02234AEA032A72B67E
:1005AC0001F0F6F9012001F005FB022001F002FB3D
:1005BC00102001F0FFFA402001F0FCFA802001F03D
:1005CC00F9FA5146781901F07FFA012001F0F2FA9C
:1005DC00022001F0EFFA102001F0ECFA402001F0BB
:1005EC00E9FA802001F0E6FA01F0E4F962B60BF1C9
:1005FC00010BD94505F10405C6D1894B1B88B342C3
:10060C0075D0751CADB2874B87491F68874BA8F80E
:10061C0000501A88384602F011FF00287FF4DAAE39
:10062C00834E8448B570FB232D0A757041223370BC
:10063C00062102F0A5FA412205460321304602F0BC
:10064C009FFA06460146284602F0A8FB2946384682
:10065C0002F0A8FE384602F01FFF284602F076FB97
:10066C00304602F073FBB5E6A9F1070212F0FC0F5D
:10067C00C2F385083FF4B1AE7F1B684DAB7A6A7A42
:10068C00EE7942EA03222B7A43EA022346EA032656
:10069C0072B601F07DF9012001F08CFA022001F014
:1006AC0089FA102001F086FA402001F083FA8020AC
:1006BC0001F080FA3146781901F006FA012001F0B8
:1006CC0079FA022001F076FA102001F073FA40203A
:1006DC0001F070FA802001F06DFA01F06BF962B64E
:1006EC000AF1010AD04505F10405C7D175E60125CB
:1006FC0089E772B601F04CF9012001F05BFA022097
:10070C0001F058FA102001F055FA402001F052FA8D
:10071C00802001F04FFA504601F056F9012001F00B
:10072C0049FA022001F046FA102001F043FA402069
:10073C0001F040FA802001F03DFA01F03BF962B67D
:10074C0017E772B601F024F9012001F033FA022008
:10075C0001F030FA102001F02DFA402001F02AFAB5
:10076C00802001F027FA0820D6E772B601F010F9C4
:10077C00012001F01FFA022001F01CFA102001F0F8
:10078C0019FA402001F016FA802001F013FA10201B
:10079C00C2E772B601F0FCF8012001F00BFA02205E
:1007AC0001F008FA102001F005FA402001F002FADD
:1007BC00802001F0FFF92020AEE772B601F0E8F8D6
:1007CC00012001F0F7F9022001F0F4F9102001F0FA
:1007DC00F1F9402001F0EEF9802001F0EBF918203E
:1007EC009AE772B601F0D4F8012001F0E3F9022087
:1007FC0001F0E0F9102001F0DDF9402001F0DAF908
:10080C00802001F0D7F9302086E700BF2C000020B3
:10081C0008004000080080000800C00040010020D3
:10082C00300000209802002044020020000000202C
:10083C00400000209C0200202E00002072B601F027
:10084C00A7F8012001F0B6F9022001F0B3F910204D
:10085C0001F0B0F9402001F0ADF9802001F0AAF9C7
:10086C00282059E772B601F093F8012001F0A2F9A3
:10087C00022001F09FF9102001F09CF9402001F0BA
:10088C0099F9802001F096F9782045E772B601F0CD
:10089C007FF8012001F08EF9022001F08BF9102075
:1008AC0001F088F9402001F085F9802001F082F9EF
:1008BC00402031E772B601F06BF8012001F07AF9B3
:1008CC00022001F077F9102001F074F9402001F0BA
:1008DC0071F9802001F06EF938201DE772B601F035
:1008EC0057F8012001F066F9022001F063F910209D
:1008FC0001F060F9402001F05DF9802001F05AF917
:10090C00702009E772B601F043F8012001F052F9AA
:10091C00022001F04FF9102001F04CF9402001F0B9
:10092C0049F9802001F046F96820F5E6BFF34F8FB6
:10093C003049314BCA6802F4E0621343CB60BFF319
:10094C004F8FFEE72D4E2E48B570FB23412206211A
:10095C0033806EE672B601F01BF8012001F02AF923
:10096C00022001F027F9102001F024F9402001F0B9
:10097C0021F9802001F01EF96020CDE672B601F05D
:10098C0007F8012001F016F9022001F013F91020EC
:10099C0001F010F9402001F00DF9802001F00AF966
:1009AC005820B9E672B600F0F3FF012001F002F90D
:1009BC00022001F0FFF8102001F0FCF8402001F0BB
:1009CC00F9F8802001F0F6F85020A5E672B600F098
:1009DC00DFFF012001F0EEF8022001F0EBF810200F
:1009EC0001F0E8F8402001F0E5F8802001F0E2F891
:1009FC00482091E600ED00E00400FA0540000020DC
:100A0C009C020020144A154B154970B514681A88BD
:100A1C00204602F013FD00B170BD412206211148A1
:100A2C0002F0AEF84122054601210F4802F0A8F869
:100A3C0006460146284602F0B1F92946204602F046
:100A4C00B1FC204602F028FD284602F07FF9304622
:100A5C00BDE8704002F07AB9980200200000002036
:100A6C00440200209C0200203400002090F8393011
:100A7C00DB0700D4704710B502F036FD084B044676
:100A8C00186060B1074940F2E17202F05BFB30B9CB
:100A9C00024605492046BDE8104002F007BD10BDD6
:100AAC0098020020480200207D020008024A1368C8
:100ABC0001331360704700BFA402002010B584B04E
:100ACC0001F09AFC01F002FE19491A4A1A481B4C13
:100ADC0008601B4B4FF6FF7010600620B3F804C083
:100AEC0084F838001868174BC4F832000293164B80
:100AFC000193002300932046A4F836C0134B01F059
:100B0C0063FE134BE362204601F03AFF1149204685
:100B1C0001F064FF04F0EAFE204604F0F7FE2046E4
:100B2C0001F034FF204604B0BDE8104003F09CBD3A
:100B3C00500200204C020020A9FE2F5E540200201F
:100B4C009C02002025680008B5100008480200200F
:100B5C00506C0008790A00084FF0E022954996483D
:100B6C002DE9F8435061F020002481F82300934BC9
:100B7C00946107211161D3F8201AD3F8100AD3F825
:100B8C00148AD3F8189A8E4F8E4E8F4D6FF03A020E
:100B9C004FF6FF73FFF70CFB4846414691469846CB
:100BAC006FF03A024FF6FF73FFF702FB874988EAB2
:100BBC00030389EA02020B714FF440601B0A0A60BE
:100BCC004B7101F097F902231A462146384601F081
:100BDC00A9F8022319462246384600F0F1FF0222FA
:100BEC000B21384601F014F94FF4406001F082F902
:100BFC00214604230222384601F094F804232246AD
:100C0C000221384600F0DCFF04220B21384601F0AB
:100C1C00FFF840F6024001F06DF902231A46214616
:100C2C00304601F07FF8022319462246304600F088
:100C3C00C7FF02220B21304601F0EAF84FF4406066
:100C4C0001F058F9214680230222384601F06AF857
:100C5C00802322460221384600F0B2FF80220B216D
:100C6C00384601F0D5F840F6024001F043F9214630
:100C7C0010230222304601F055F81023224602219F
:100C8C00304600F09DFF10220B21304601F0C0F8D9
:100C9C0040F6024001F02EF9214620230222304674
:100CAC0001F040F8202322460221304600F088FF54
:100CBC0020220B21304601F0ABF840F6014001F048
:100CCC0019F9214628464FF40063022201F02AF854
:100CDC004FF4006322462846022100F071FF4FF4C6
:100CEC0000620B21284601F093F840F6014001F018
:100CFC0001F9214628464FF48053022201F012F8E4
:100D0C004FF4805322462846022100F059FF4FF43D
:100D1C0080520B21284601F07BF840F6014001F08F
:100D2C00E9F8214628464FF40053022200F0FAFF5E
:100D3C004FF4005322462846022100F041FF4FF4A5
:100D4C0000520B21284601F063F841F20E1001F01D
:100D5C00D1F84FF4000001F06DF940F6194001F0A4
:100D6C00C9F840F61A4001F0C5F840F61B4001F0F6
:100D7C00C1F800F0CFF900F0EDF9224621464FF40E
:100D8C00904000F0ABFB102000F062FD104D114CB8
:100D9C00FFF794FE10481149114A4FF0FF330360DE
:100DAC002B60104B2360FD20F22308701370BDE8FC
:100DBC00F88300BF00ED00E03E0D03000070FF1F44
:100DCC000000024000080240000402409C02002087
:100DDC00440200203C00002040020020380000208B
:100DEC0034000020F00001012DE9F04F85B0002403
:100DFC006A4F0194A246A146A04626462546684B5A
:100E0C00D3F800B0ABEB0502B2F57A7F80F091809D
:100E1C00ABEB0602632A7ED8ABEB08014EF65F22E1
:100E2C00914200F28280ABEB0902B2F5FA7F6ED2EE
:100E3C00019BABEB0302B2F5FA6F61D2ABEB0A018B
:100E4C0043F6972291420BD9564B1A68013206D0C1
:100E5C0072B6544B1A6882F308885A689047DA467F
:100E6C00ABEB040140F6B732914203D94E4B1A78E2
:100E7C0092B95C4600F068FD012802D94B4800F09D
:100E8C00D3F83B78002BBAD0484803F0DDFD00289E
:100E9C005AD100233B70B2E7454B46491C68464B80
:100EAC001A88464B20461B88029302F0C7FA00288A
:100EBC00DFD1434A029B937011461B0A5370FB22ED
:100ECC000A7040484122062101F05AFE412202904C
:100EDC0003213B4801F054FE01460390029801F0B7
:100EEC005DFF0299204602F05DFA204602F0D4FA2A
:100EFC00029801F02BFF039A104601F027FFB8E788
:100F0C002A4803F0A1FDC0B9CDF804B096E703F070
:100F1C003BFDD9468CE704F0C7FDABEB08014EF660
:100F2C005F2291425E467FF67EAF03F023FCD846EB
:100F3C0079E704F025F85D466AE7234B1A78002A16
:100F4C00E2D0FFF75FFDDFE7194B1A49D3F800B089
:100F5C00194B58461A8802F071FA002899D141228F
:100F6C000621184801F00CFE41220290042117487A
:100F7C0001F006FE01460390029801F00FFF029962
:100F8C00584602F00FFA584602F086FA029801F021
:100F9C00DDFE039B184601F0D9FE7AE732000020F3
:100FAC00A4020020008000082C0000205402002025
:100FBC009802002044020020000000202E00002097
:100FCC00400000209C020020020000203C00002079
:100FDC0008B5FFF7C1FDFFF707FF00BF114B1868FD
:100FEC000368002B00DAFEE770B50C46012100F017
:100FFC0037FC064684B1002562896168701905F0DA
:10100C009DFC638924681D44002CF5D129460020E1
:10101C0000F060F9002070BD2146002000F05AF964
:10102C00002070BDF00200202DE9F0411D4D022181
:10103C008046286800F014FC05210446286800F05E
:10104C000FFC4FF4C1720646A1B2002001F00CFD5A
:10105C000746F8B10446002562896068711905F0ED
:10106C006DFC638924681D44002CF5D12146204673
:10107C0000F0E0F8D8F8103041463846984704465E
:10108C0010B92046BDE8F081384601F05FFE2046DD
:10109C00BDE8F08101464FF0FF3400F0CBF820465C
:1010AC00BDE8F081EC02002038B50446154B164A19
:1010BC00E36216496161062344F2474004F13201B0
:1010CC006087A26184F83830002000F075F940F296
:1010DC00DC522E23228684F839304FF4E00000F0E5
:1010EC004FF84FF460200A4C00F04AF804F1500518
:1010FC002046103400F0DEFBAC42F9D100F036F99A
:10110C00002038BD5C6C0008E90F0008A9530008EA
:10111C00CC3E002008B540F2194000F0F9FE40F238
:10112C00194000F003FF0A4B002200200021C3E904
:10113C000C01C3E90022C3E90222C3E90422C3E97A
:10114C000622C3E90822C3E90A229A6308BD00BF3C
:10115C00A80200200849094B0A6842F001020A6003
:10116C0001E0013B02D00A68D207FAD4024B18689E
:10117C00C04300F00100704700900240FFFF0400E4
:10118C00B0F5E00F70B437D0214C2249224B234AE2
:10119C00CC604FF000401C6044F2F4512346204DCB
:1011AC00DC6400242C601F4D18602C6002F58E55F9
:1011BC0002F5BE541C35103403F110069D635960C2
:1011CC0003F140059A6018615961186259621863FD
:1011DC005963186459649C6403F1200002F2F454BE
:1011EC0003F1300102F6E832C3E90640DE60DD634C
:1011FC00C3E90A2170BC70470B4C064A0B4B1461B7
:10120C004FF480101C600A4A00212346C7E700BF38
:10121C00CC3E002000900240EC020020B8200020C0
:10122C00E4020020E80200207C3E0020F0020020B6
:10123C00F402002070B4244C23681A68002A05DBE1
:10124C0028B302F40345B5F5407F02D0002070BCF2
:10125C0070471E4D2E68B601C2F30D4501D596069A
:10126C0000D4043D8D42F1D88DB19B68012D1B78C3
:10127C0003700BD0411E2944024623689B6801333E
:10128C001B1A9B5C02F8013F8A42F6D12368104A74
:10129C004FF0004119605169080603D580200021E8
:1012AC00506191605A68510403D5DB6823600120BA
:1012BC00CDE7120401D5064BF7E7054A1268C2F3D5
:1012CC00840210321344F1E7EC020020008002404B
:1012DC000090024030B5234C23681A68002A33DB97
:1012EC0040F2F455A9422FD8B8B1B1B19B6802783D
:1012FC001A7001290FD000EB010E0EF1FF3E0246D1
:10130C0023689B6801331B1A134412F801CF83F82E
:10131C0000C07245F4D123681A68134D42F0304274
:10132C00C3E900216969686901F0040100F020003B
:10133C00014303D0002269616A601A68D10205D5A5
:10134C00DB682360012030BD002030BD920202D545
:10135C00054B1B69F5E7044A1268C2F3840210328C
:10136C001344EEE7F0020020009002400F481049B1
:10137C000268104B42F0080202608A6942F4801243
:10138C008A6101E0013B02D08A69D202FAD4084B8F
:10139C0006499A6942F400529A610A6842F00402C2
:1013AC000A609A6942F002029A617047008002401A
:1013BC0000900240FFFF0400034B8A88C2500433A4
:1013CC000A68C250704700BF4080024010B5374BCE
:1013DC0082B001201C6900F0B7FD354B354A03443F
:1013EC00934224F01C043FD244F008042F49324BA2
:1013FC000C610A6922F47F4222F0C3024FF40040D0
:10140C0042F0030248610A6101E0013B02D00A6923
:10141C00D407FAD4254B1B6913F001032DD1264AAE
:10142C0001930192019B2BB1019B013B0193019B09
:10143C00002BF9D11D49204B0A6922F47F4222F07E
:10144C00C30242F001020A6101E0013B02D00A69C9
:10145C00D007FAD4154B1A69D2070DD45869C0437A
:10146C00C0F3C03002B010BD144B154A0344934274
:10147C0006D844F00C04B9E75B69002002B010BD3B
:10148C00104B114A03449342B0D3104B104A0344FF
:10149C00934202D844F00404A8E70E4B0E4A0344CE
:1014AC009342EAD844F01004A0E700BF0080024049
:1014BC0000D3CEFEC0E1E400FFFF040040F1E9FDE3
:1014CC003F787D0100796CFC005A6202001F0AFA19
:1014DC007FF0FA02802E0FF7804A5D05F0B583B0DD
:1014EC0006460D461446FFF771FF78B9934B0090F2
:1014FC000093009B2BB1009B013B0093009B002BA6
:10150C00F9D1FFF763FF002800F048818C4A8D4B1E
:10151C0011680B401360002353609360D360916992
:10152C004FF64170014041F0800187489161D361D1
:10153C0087698649394041F00871816101688449A5
:10154C000160012E00F02D811369F10823F47F4313
:10155C00700823F0C30301F4807100F4005043F0D1
:10156C0003030143516113617A4B01E0013B02D04B
:10157C001169CF07FAD4724B1B6913F0010340F0C9
:10158C000D816FF07F4201930192019B2BB1019B66
:10159C00013B0193019B002BF9D1694A136823F499
:1015AC00B0431E4316606E050BD51368664943F4B1
:1015BC00806313608A6905F0806322F080621343B4
:1015CC008B615F49644A4B681C434C601368D807B5
:1015DC0013D50C685368614824F0007424F080041F
:1015EC0018402043584C0860A1699B0821F0C001A9
:1015FC0003F0C0030B43A36113689F0709D552493D
:10160C0090680B6823F0E06323F4803303430B6092
:10161C0013685E0709D54C49D0680B6823F47E0328
:10162C0023F47C5303430B6013681D0709D546490B
:10163C0010690B6823F4404323F0020303430B604F
:10164C001368DC0607D54049454B8C69506923402B
:10165C0003438B611368980612D53B4C9369A069C0
:10166C00404920F08070194020F004000143A16132
:10167C00216803F0800321F080010B432360136881
:10168C00590607D52E49D069CB695B0C5B04034323
:10169C00CB6113681F0617D5294C136AA0694FF646
:1016AC004171084023F47F4121F041010143264858
:1016BC00A161D0F880101B0A21F0770103F07703A9
:1016CC000B43C0F880301368DE0503D51C4B516A00
:1016DC00996013689D0503D5194B916AD9601368FD
:1016EC005C0509D51649D06A4B6823F4FB6323F0DB
:1016FC00060303434B601368180509D51049106B9A
:10170C000B6823F4913323F0700303430B601368CD
:10171C00D90407D50A49506B0B6823F440030343E3
:10172C000B6013689B0406D50549926B0B6823F478
:10173C00602313430B60012003B0F0BDFFFF8F004B
:10174C00008002400F8130FD00900240233FDEF804
:10175C000060C102FFFF0400A8020020800000020C
:10176C00E73FDEFD04000001364B9C4516D01169A5
:10177C0021F47F4121F0C30141F003014FF480506B
:10178C0050611161304901E0013B02D00A69D00778
:10179C00FAD42D4F396911F001011AD0002003B091
:1017AC00F0BD2A4E274F9C461169264B314041F023
:1017BC004101116101E0013B02D01069C107FAD46B
:1017CC00136953695B070CF1010CCDD4BC45EBD10B
:1017DC00E4E71E4EDFF86CE03A691A4B324042F0F7
:1017EC0041023A6101E0013B02D03869C207FAD4E8
:1017FC003B697B69980601F1010102D47145EBD17B
:10180C00CCE7104B9942C9D03A690F4922F47F4278
:10181C0022F0C30242F4F06242F001023A6101E0AC
:10182C00013B02D00A69D207FAD4074B1A695B69EB
:10183C00C3F38006DB074FEAC6263FF5AEAE46F48F
:10184C008046AAE6FFFF0400008002403C00FFFF38
:10185C00024A536803435360704700BF0080024044
:10186C00052921D8DFE801F0050309161A03806861
:10187C0070470068C0F3C30070470368C3F30D40A2
:10188C0004280FD90A4A1268920101D59B060AD482
:10189C00043870474068C0F30C007047C088C0F330
:1018AC000C007047002070474FF0FF30704700BFAE
:1018BC0000800240436823F000434360704700BF40
:1018CC001E4A136859684FF0004010B41860480461
:1018DC000BD51B48016800292AD00B68CC68146012
:1018EC000BB303605DF8044B704709040BD5144B24
:1018FC0014481968C06810600029F3D00A685DF8B4
:10190C00044B1A6070470F490D4C0968206810335E
:10191C00C1F384010B4413600028E3D01030206025
:10192C005DF8044B704710315DF8044B0160704753
:10193C00DB685DF8044B1360704700BFEC020020BD
:10194C00E40200200090024008B50F4B1B681B6896
:10195C00002B14DB03F40342B2F5407F0BD103F0F0
:10196C002102212A07D0094A12689201C3F30D40C3
:10197C0007D4043808BDFFF7A3FF012008BD0020E1
:10198C0008BD9B06F5D508BDEC0200200080024086
:10199C00054BD3F8102C002A05DA0449044AC3F885
:1019AC00041CC3F8042C7047003002402301674527
:1019BC00AB89EFCD034AD2F8103C43F00043C2F898
:1019CC00103C7047003002403E496FF03043D1F874
:1019DC000C2C12F4803F4BD112F4807F4CD112F0BE
:1019EC00800F4ED112F0400F50D112F0100F58D181
:1019FC0092075DD4012B3DD0D1F8103C23F0F803B5
:101A0C0010B4C1F8103CD1F8103C2E4C034343F0F9
:101A1C000203C1F8103CD1F8103C43F480336FF052
:101A2C003042C1F8103CD4F80C0CC10333D4C305BC
:101A3C0002F1FF3233D4040638D441063DD4C30638
:101A4C003DD410F0020018BF0620002A08BF072062
:101A5C001C4B5DF8044BD3F8102C22F00202C3F897
:101A6C00102CD3F8102C22F0F802C3F8102C70476D
:101A7C00013BACD107207047012B14BF022007207B
:101A8C007047012B14BF032007207047012B14BF94
:101A9C00042007207047013AC5D10720D8E702205F
:101AAC00D3E7012B14BF0520072070470320CCE798
:101ABC00012B14BF0620072070470420C5E7052022
:101ACC00C3E700BF0030024030B4394C6FF03043F4
:101ADC00D4F80C2CD5033FD4D50542D4150646D4E6
:101AEC00550649D4D50652D4920757D4012B35D07C
:101AFC00D4F8103C2E4D23F44073C4F8103CD4F8A9
:101B0C00103C43F40073C4F8103CD4F8103C43F080
:101B1C000103C4F8103C6FF030420160D5F80C0C96
:101B2C00C3032ED4C50502F1FF322ED4040633D4E0
:101B3C00410638D4C30638D410F0020018BF062072
:101B4C00002A08BF07201A4AD2F8103C23F00103E0
:101B5C0030BCC2F8103C7047013BB9D1072030BCF7
:101B6C007047012B14BF0220072030BC7047012B9B
:101B7C0014BF03200720F2E7012B14BF0420072019
:101B8C00EDE7013ACAD10720DDE70220D8E7012BA7
:101B9C0014BF05200720E2E70320D1E7012B14BF77
:101BAC0006200720DBE70420CAE70520C8E700BFB2
:101BBC0000300240014BC3F80C0C7047003002405F
:101BCC0013F0010F30B40568C46806D025F0030C7F
:101BDC0024F003044CEA0105144313F0020F07D060
:101BEC0025F00C0C24F00C044CEA810544EA820428
:101BFC0013F0040F07D025F0300C24F030044CEA1D
:101C0C00011544EA021413F0080F07D025F0C00C9C
:101C1C0024F0C0044CEA811544EA821413F0100F2E
:101C2C0007D025F4407C24F440744CEA012544EAA6
:101C3C00022413F0200F07D025F4406C24F44064E8
:101C4C004CEA812544EA822413F0400F07D025F496
:101C5C00405C24F440544CEA013544EA023413F05D
:101C6C00800F07D025F4404C24F440444CEA8135D5
:101C7C0044EA823413F4807F07D025F4403C24F4EA
:101C8C0040344CEA014544EA024413F4007F07D087
:101C9C0025F4402C24F440244CEA814544EA824447
:101CAC0013F4806F07D025F4401C24F440144CEA44
:101CBC00015544EA025413F4006F07D025F4400C8C
:101CCC0024F440044CEA815544EA825413F4805FB6
:101CDC0007D025F0407C24F040744CEA016544EABE
:101CEC00026413F4005F07D025F0406C24F04064CC
:101CFC004CEA816544EA826413F4804F07D025F0E6
:101D0C00405C24F040544CEA017544EA02741B0414
:101D1C0044BF61F39F7562F39F740560C46030BC6F
:101D2C00704700BF012941680CBF194399434160BA
:101D3C00816813F0010F1CBF21F00301114313F054
:101D4C00020F1CBF21F00C0141EA820113F0040FB9
:101D5C001CBF21F0300141EA021113F0080F1CBF27
:101D6C0021F0C00141EA821113F0100F1CBF21F4C5
:101D7C00407141EA022113F0200F1CBF21F4406195
:101D8C0041EA822113F0400F1CBF21F4405141EA7B
:101D9C00023113F0800F1CBF21F4404141EA823123
:101DAC0013F4807F1CBF21F4403141EA024113F44B
:101DBC00007F1CBF21F4402141EA824113F4806F63
:101DCC001CBF21F4401141EA025113F4006F1CBFF7
:101DDC0021F4400141EA825113F4805F1CBF21F0D1
:101DEC00407141EA026113F4005F1CBF21F04061B5
:101DFC0041EA826113F4804F1CBF21F0405141EA4B
:101E0C0002711B0448BF62F39F718160704700BF71
:101E1C0010B4046A436A12F0010F1CBF24F00F04C3
:101E2C000C4312F0020F1CBF24F0F00444EA01141E
:101E3C0012F0040F1CBF24F4706444EA012412F065
:101E4C00080F1CBF24F4704444EA013412F0100F44
:101E5C001CBF24F4702444EA014412F0200F1CBF70
:101E6C0024F4700444EA015412F0400F1CBF24F017
:101E7C00706444EA016412F0800F18BF61F31F74A0
:101E8C0012F4807F1CBF23F00F030B4312F4007F6E
:101E9C001CBF23F0F00343EA011312F4806F1CBF44
:101EAC0023F4706343EA012312F4006F1CBF23F484
:101EBC00704343EA013312F4805F1CBF23F4702398
:101ECC0043EA014312F4005F1CBF23F4700343EA9E
:101EDC00015312F4804F1CBF23F0706343EA01637B
:101EEC00120448BF61F31F7304625DF8044B436234
:101EFC00704700BF830903F1804303F50E3300F0F4
:101F0C001F001968012282400A431A60704700BF03
:101F1C00830903F1804303F50E3300F01F001968A9
:101F2C00012282400A431A60704700BF830903F103
:101F3C00804303F50E3300F01F001A680121814025
:101F4C0022EA01021A60704710B5364C844694E8B8
:101F5C000F0088B00DF1200E10340EE90F0094E83C
:101F6C0003006B4683E8030002AB83E803002E4AB0
:101F7C00D2F80838C3F38103012B4ED0022B43D186
:101F8C00D2F80408D2F80418D2F80438D2F804288D
:101F9C00264CC3F3014312F4800F03F10103C1F388
:101FAC0088124FEA430300F03F01214818BF204636
:101FBC00B0FBF1F002FB00F0B0FBF3F01A4BD3F8DE
:101FCC000818D3F80828D3F80838C1F303112031C6
:101FDC006944C2F38222C3F342332032203311F816
:101FEC00101C6A446B4412F8202C13F8183C20FA8D
:101FFC0001F1BCF1030F12D8DFE80CF0040C02085D
:10200C0021FA02F008B010BD0948D7E721FA03F015
:10201C0008B010BD084608B010BD0448CEE700203B
:10202C00F0E700BF386C00080030024000366E014B
:10203C000024F400044AD2F8043823F400030343C8
:10204C00C2F80438704700BF00300140002103E0A3
:10205C000A4B5B584350043109480A4B42189A42C8
:10206C00F6D3094A02E0002313600432074B9A426C
:10207C00F9D300F00FF8FEF7ABFF7047786D00084E
:10208C00000000200C00002010000020A0210120E6
:10209C00FEE700005B495C4AD1F8883010B443F489
:1020AC007003C1F88830D2F8003843F0010383B0D4
:1020BC00C2F80038D2F800389907FBD5D2F80838A6
:1020CC00002143F08003C2F808380191019B4F2B8B
:1020DC0005D8019B01330193019B4F2BF9D94A4A37
:1020EC00D2F80838002143F09003C2F80838019167
:1020FC00019B4F2B05D8019B01330193019B4F2B67
:10210C00F9D94149414CD1F8083823F00303C1F8FF
:10211C000838D1F8002822F0847222F48032C1F8F9
:10212C000028D1F80028002022F48022C1F80028D1
:10213C00C1F80808D1F80828C1F80448C1F80C08FF
:10214C00D1F8002842F480324FF6FF73C1F8002812
:10215C0001E0013B03D0D1F800289203F9D52A4BBA
:10216C00D3F8002894034CD5D3F8402828492948A3
:10217C0042F08052C3F840280A6842F440420A6098
:10218C00D3F80828C3F80828D3F8082842F40042EA
:10219C00C3F80828D3F8082842F4A052C3F808283A
:1021AC00C3F80408D3F8002842F08072C3F8002862
:1021BC00D3F800289001FBD5154A136843F48033FB
:1021CC0013605368D903FCD51368114943F40033E9
:1021DC0013604B689A03FCD50B4AD2F8083823F0ED
:1021EC000303C2F80838D2F8083843F00203C2F8E7
:1021FC000838D2F808381B07FBD503B05DF8044B40
:10220C007047FEE700ED00E0003002401030002483
:10221C00007000401964400940BA80B2704700BF9A
:10222C0000BA704730B510F001044FF0000C06D026
:10223C00614529DD10F8013B013963F31F2C01299D
:10224C002ADD02394D0805F1010E00EB4E0E00237C
:10225C0030F8022B70451344FAD1C5EBC57501EB70
:10226C004501012905BF9EF8002062F3070C0CEB19
:10227C00030013FA8CF083B203EB104398B200EB1B
:10228C00134014B980B230BD604603029BB2C0F358
:10229C000720184380B230BD86460023E1E700BF1B
:1022AC002DE9F843089C1B6824689046220C12FA0E
:1022BC0084F414FA83F404EB1344A3B203EB144335
:1022CC009CB2894604EB1344E0B1054600276E89A5
:1022DC0068683146FFF7A6FF204484B2F30704EB8D
:1022EC00104406D523029BB2C4F3072487F00107E0
:1022FC001C432D68002DEAD127B123029BB2C4F3F5
:10230C0007241C434846FFF787FF05464046FFF766
:10231C0083FF2844204483B203EB104398B200EBB4
:10232C001340C04380B2BDE8F88300BFFFF7B8BFCD
:10233C0030B510F001044FF0000505D039B310F89A
:10234C00013B013963F31F25012928DD02394FEACE
:10235C00510E0EF1010C00EB4C0C002330F8022B4B
:10236C0060451344FAD1CEEBCE7E01EB4E01012930
:10237C0005BF9CF8002062F30705ED1813FA85F5EC
:10238C00ABB203EB154399B201EB134124B10B0231
:10239C009BB2C1F307211943C94388B230BD8446AF
:1023AC000023E4E720B3F8B5002705463C466E89C8
:1023BC0068683146FFF736FF0444A3B203EB1444BC
:1023CC00F30706D523029BB2C4F3072487F0010759
:1023DC001C432D68002DEAD13FB1200280B2C4F31A
:1023EC0007242043C04380B2F8BDE443A0B2F8BD3B
:1023FC004FF6FF70704700BF0B4B0C490C4830B4C4
:10240C0023F0030303F520420A4C03604FF42045EC
:10241C000A60002001211D601871236011714FF0BA
:10242C00A02330BC13607047433F0020383F00208E
:10243C00343F00203C3F0020002866D0830764D145
:10244C00324A1168A0F1080399425ED82DE9F04395
:10245C002F4C246800F10C02944254D310F8042C35
:10246C00002A50D030F8082C30F806CCB2F5204FAA
:10247C0049D8BCF5204F46D85D1AADB2654501EB85
:10248C000C0903D031F80C60AE423CD101EB020ECA
:10249C00744503D0BEF80260AE4234D11D4F002605
:1024AC0000F8046C3E689E4284BF3B601E46734538
:1024BC0017D09EF80480B8F1000F12D1744510D0DB
:1024CC00BEF8002020F8082CB64504BF3B601E4621
:1024DC00B2F5204F05D08C18658030F806CC01EB96
:1024EC000C0999450FD099F8040060B9B34208BFA4
:1024FC00C7F80090B2F5204F18BF8918A9F8002032
:10250C0018BFA1F802C0BDE8F08370473C3F002023
:10251C00383F0020343F0020CB1C23F003039BB238
:10252C000B2B3BD9B3F5204F3BD8994239D82E4AC7
:10253C001268824237D82D490968814233D970B567
:10254C00A0F1080130F808EC891A89B2AEF1080C38
:10255C00ACEB010C1FFA8CFC9C4542D31DD002EB5A
:10256C000E04257905BB224D32F80EE02E6801F1E0
:10257C00080C63449BB2A64202EB030408BF2C6018
:10258C0061800021A4F800E0217120F8083C21882A
:10259C00B1F5204F01D011444B8070BD0C239942F2
:1025AC00C5D900207047704703F11404A4B2A445A8
:1025BC00F3D30F4D01F1080423449BB22E68D418B9
:1025CC00A64288BF2C600025257122F803E06180AB
:1025DC0020F8083CD15AB1F5204FDED00A44538084
:1025EC0070BD002070BD00BF3C3F0020383F002074
:1025FC00343F0020002855D02DE9F04100F1030EA6
:10260C002EF0030E1FFA8EFEBEF10B0F29D9BEF56C
:10261C00204F23D8704521D8294B2A4E196835688C
:10262C00A5EB010C1FFA8CF3CEF52047BB429C4660
:10263C0014D26FF0070806E0CB5A1A44724513D235
:10264C009F429C460AD9C818A8EB03020479002CB7
:10265C00F2D031F803C063469F42F4D80020BDE8A5
:10266C00F0814FF00C0ED5E70EF11407BA4206D2EA
:10267C0001230371854216D00830BDE8F0810EF1BC
:10268C000802624492B28F183C718B520123A7F856
:10269C0002C0028003718B5AB3F5204FEAD00B4471
:1026AC005A80E7E77047084A0346146803E01B8822
:1026BC000B441A790AB19C42F9D13360DCE700BFB4
:1026CC003C3F0020343F0020383F0020F0B5124D35
:1026DC00124B134E05F11C0E0A240027033355F838
:1026EC00042B376023F003036CB10021B2F804C053
:1026FC000A4600E003460132A242196003EB0C00CB
:10270C001946F7D13360AE4504D02A68D2E90236B7
:10271C00D488E3E7F0BD00BF706C0008C81E012030
:10272C00C41E0120062808D8054B53F82030DB685E
:10273C00186818B102681A6070470020704700BF13
:10274C00706C0008062807D831B1044B53F82030C0
:10275C00DB681A680A601960704700BF706C00086B
:10276C006FF00B00704700BF30B50D4641682B6809
:10277C008B4283B001D103B030BD044611601046CA
:10278C0001A9019300F0C0FE94F839302A68626008
:10279C0003F00501052906D0E369002BEBD0204698
:1027AC00984703B030BD002AF6D01A0705D49B0613
:1027BC00F2D5204603F0E6F8EEE7211D204602F0A4
:1027CC00EBFE94F83930F2E72DE9F04383B0DDF8F5
:1027DC002C9000286BD0B9F1000F68D01F460A9BD3
:1027EC0003620C9B3B4C03613B4B0E46904600290D
:1027FC0008BF1E46002A08BF9846002F08BF1F4678
:10280C00227880F83C20002343608360C36080F80A
:10281C003930436283623268304903860546C361AE
:10282C0003644161002A4CD018461946D8F80020A0
:10283C00904218BFAA603A68934218BFEA60002918
:10284C0039D02846C847034688BB254E95F83C101E
:10285C003068FF2904BF85F83C30194670B1034637
:10286C0001E01B6853B193F83C208A42F9D1013145
:10287C00C9B2FF2913D085F83C10F0E7FE2918BF28
:10288C004B1C95F83920286014BFDBB20023237051
:10289C009306356007D4284603B0BDE8F0830021C9
:1028AC0085F83C10DBE7284603F030F8F3E700200E
:1028BC0003B0BDE8F08301AA31462846FFF754FF68
:1028CC00BFE7314601AAFFF74FFFD5E9020301210B
:1028DC00ACE700BF5B200120546D00086D27000899
:1028EC0060200120F0B5254D002914BF0E462E4660
:1028FC00002A14BF17462F46002B18BF1D463368FD
:10290C0083B004466BB100223B68A1688B4218BFB0
:10291C00A3602B68E1688B4218BFE3603AB103B047
:10292C00F0BD6A463146FFF71FFF0122ECE76368F2
:10293C0032689A42F3D001A96846CDE9003200F022
:10294C00E3FD94F839303268626003F00501052923
:10295C0007D132B11A070AD49B0602D5204603F0E0
:10296C0011F8E369002BDAD020469847D7E7211DF0
:10297C00204602F011FE94F83930EDE7546D000852
:10298C00014B1860704700BF5C200120C8B110B526
:10299C0090F83930D907044612D4C26943F00103C8
:1029AC0080F8393012B1904794F8393003F00502B1
:1029BC00052A05D162681AB11A0708D49B0601D4FE
:1029CC0010BD70472046BDE8104002F0DBBF211D52
:1029DC00204602F0E1FD94F83930EFE700B1C16117
:1029EC00704700BF024658B1064B186810B907E093
:1029FC00006830B190F83C300133DBB29342F7D130
:102A0C00704770476020012038B558B3002405E0AA
:102A1C00036998470134E4B2C5B12846837B013B76
:102A2C00DBB2837393B9427B0568037B9207EFD4C7
:102A3C0003F00F03022B0BD0012B0ED0002BE9D18E
:102A4C000134FFF7F9FCE4B2002DE6D1204638BD85
:102A5C0001460620FFF776FEDCE701460520FFF76E
:102A6C0071FED7E70446F1E72DE9F843002661F340
:102A7C000F06B2F5C17F884661F31F4641D014465C
:102A8C0009D822F04003012B9DB22AD04FF0000947
:102A9C004846BDE8F883B2F5207FF7D1C31C01F19D
:102AAC00030828F0030823F0030343449BB20546B4
:102ABC00434503F1100080B2E8D38045E6D8FFF718
:102ACC0099FD81460028E3D02B4A4319C0E90262E4
:102ADC001333002123F00303C0E900134846BDE87B
:102AEC00F8830520FFF71EFE81460028D0D0002376
:102AFC0004734373C581C0E9003386604846BDE862
:102B0C00F88300261D4D0746B14640F2DC5407E021
:102B1C001FFA81F83060B8F1000FB9D006460027D3
:102B2C000620FFF7FFFDFB1C23F00303E31A9BB207
:102B3C004345074428BF43461337A8EB0301002243
:102B4C0027F0030788B1C0E90027A0F8088043816B
:102B5C00C560B9F1000FDBD1A8EB03031FFA83F8B2
:102B6C008146B8F1000FD9D192E7B9F1000F8DD0A1
:102B7C004846FFF749FF89E7800001008200010009
:102B8C0070B50025064661F30F050520144661F368
:102B9C001F45FFF7C7FD38B10023C0E900360122FD
:102BAC00856004734373C28170BD00BF10B50330E0
:102BBC0020F0030C1846002361F30F03BDF80CE062
:102BCC00029C61F31F43614471450BD804B164440A
:102BDC000021C0E90143016001230221027341730A
:102BEC00C38110BD002010BD38B504460089884251
:102BFC0028D96289914211D9218124688B1A628962
:102C0C00081A99B28A4280B208D2238903442381DC
:102C1C002468891A628989B28A42F6D3237B0025FB
:102C2C0061F30F05180761F31F4504D1914202D0DF
:102C3C00637B9B0707D52068A56008B1FFF7E4FE0E
:102C4C000023236038BD63681B1B1944204689B2DE
:102C5C00FFF762FC0446EEE770B1B1F5803F0BD292
:102C6C0061B103898AB213449BB29A4204D890F999
:102C7C000CC0BCF1000F03DB012070470020704733
:102C8C0010B4446800F1100C611A614509D3B0F816
:102C9C000AC0416062444281038100205DF8044B0C
:102CAC0070470120FAE700BFA0B1B1F5803F11D207
:102CBC0091B143898AB29A420CD810B444680C443E
:102CCC00018944609B1A8A1A438102815DF8044B86
:102CDC0000207047012070470020704700291ADB44
:102CEC0000B359B303898AB213449BB29A4219D8E0
:102CFC0010B490F90CC04468BCF1000FA4EB0101B6
:102D0C001EDBB0F80AC0416062444281038100209E
:102D1C005DF8044B704728B1438949421FFA81FC86
:102D2C009C4501D9012070474268114402894160D9
:102D3C00A3EB0C03A2EB0C02438102810020704731
:102D4C0000F1100C6145DCD20120E1E708B1FFF77E
:102D5C005BBE7047034630B100201B68013080B267
:102D6C00002BFAD17047704710B1837B013383730A
:102D7C00704700BF80B179B1036843B10289B1F8E3
:102D8C0008C06244028118461B68002BF6D10A89E0
:102D9C000389016013440381704700BFA0B191B156
:102DAC00036843B10289B1F808C062440281184635
:102DBC001B68002BF6D10A89038901601344038137
:102DCC008B7B01338B7370470029F9D1704700BF9F
:102DDC0000287AD02DE9F0410D4600296DD00289EA
:102DEC000B899A42804668D30026438937466C8902
:102DFC00D8F804006968DB1BA41B9C4228BF1C4646
:102E0C0031443844224603F099FD6B892644B34281
:102E1C00274414D9B8F80A2097423CD02A899A4200
:102E2C0019D0B8F80A30B8F808209A42DFD1D8F88F
:102E3C000020002ADBD06FF00500BDE8F081B8F867
:102E4C000A302D68BB4215D06DB169892A8991422F
:102E5C004FF00006E7D12B68002BE2D06FF0050095
:102E6C00EBE7B8F80A30B8F808209A421AD00020DC
:102E7C00BDE8F081D8F80080B8F1000F1BD0002D10
:102E8C00EFD06A892B899A424FF0000618D0B8F817
:102E9C000A303746C7E7D8F80080B8F1000F0CD0DD
:102EAC000027BBE7D8F80030002B0CBF00206FF0D8
:102EBC000500BDE8F081002DD9D06FF00F00D7E7E9
:102ECC002B683746002BACD0C8E76FF00F0070476B
:102EDC002DE9F041054660B30F4671B3164682B337
:102EEC004FF00008B5F80AC007EB080053B1634572
:102EFC00A3EB0C0206D32D6893B2002DF2D1404601
:102F0C00BDE8F081ACEB0304A4B2B44228BF344654
:102F1C006968361B224619444444B6B203F00EFDD0
:102F2C001FFA84F82D68002EE9D00023002DD9D18A
:102F3C00E5E780464046BDE8F08188464046BDE85E
:102F4C00F0819046DBE700BF38B515460A46298963
:102F5C00FFF78AFD044610B12946FFF739FF2046DA
:102F6C0038BD00BF18B90AE0006899B230B1438986
:102F7C008B42A1EB0303F7D94368585C7047704749
:102F8C002DE9F04F4389072B87B0044640F2998016
:102F9C00DFF8AC91D0F804A0D9F814008846D9F821
:102FAC00001003F0C5F80546BAF80000FFF734F935
:102FBC000746BAF80200FFF72FF95E4BD3F800B0C2
:102FCC000246BBF1000F00F0B180D9E9043C0026A9
:102FDC000393CDF814B05B46D9F804E00494304662
:102FEC00D34604E0D9681846002970D00B46598A9C
:102FFC009142F7D193F808A0BAF1000F05D09EF8D2
:10300C003C100131C9B28A45ECD11968002D44D06D
:10301C0049B1BCF1FF3F64D0D8F8084081EA0C0AF2
:10302C001AEA040FDED193F810A01AF0040F04D1A1
:10303C00002E69D0BCF1FF3F59D0998AB942D1D149
:10304C00596811B1039CA142CCD1DA46DDE9044B9D
:10305C0028B1384A1360DA68C260C3F80CB01E4657
:10306C00BAF8063043B1344B00932289043B11214A
:10307C002046FFF75BF920BB08212046FFF714FE22
:10308C00F8B9BEB1356AE5B1706A2C4B009722468F
:10309C003146A84707B0BDE8F08F09B16145A1D111
:1030AC00197C4907C9D4998A002E08BF1E46B9421B
:1030BC0098D1C5E72DB9D9F8143003F0F003E02B03
:1030CC0028D1204607B0BDE8F04FFFF73FBE049C67
:1030DC00DA46002EC4D1D8F804309C45F1D1002634
:1030EC00BEE793F810A01AF0040FA6D166B1D8F879
:1030FC0004A034685445A0D08A4508BF1E46998A5E
:10310C00B9427FF46FAF9BE7998AB9421E467FF4B0
:10311C0069AF95E7B9F80C100831204609B2FFF7F2
:10312C00DDFD0321204602F01DFBCAE7D9F814C0CF
:10313C00D1E700BF64200120303F00202C3F00204D
:10314C001C3F0020394BF0B5002914BF0C461C461F
:10315C00002865D0364E3768F7B1B84218BF3946EB
:10316C0002D143E0884241D0C9680029FAD1AAB102
:10317C0025683B4615B929E0DB68FBB18342FBD0DF
:10318C00B3F812C09445F7D11C68A54201D0002CAD
:10319C00F2D16FF00700F0BD0ABB3946DFF894E0BE
:1031AC00BEF800204FF6FF739A424FF4804532D0A0
:1031BC00013292B22FBB2568AEF800200560428226
:1031CC0081B10020F0BDDB68002BF7D09842FAD01B
:1031DC005C8A9442DDD0DB68002BF7D1EEE72368E4
:1031EC0003604282C76030600020EBE70121BEE73C
:1031FC00013DADB2BDB14FF6FF739A42D8D14FF439
:10320C0040423B4602E0DB68002BD4D0B3F812C03E
:10321C009445F8D1ECE74FF44042002FF1D1CAE7C6
:10322C006FF00F00F0BDAEF80020B2E7546D00084F
:10323C0064200120040000202DE9F04F85B0DDE969
:10324C000EBA002800F087800D46002900F083801C
:10325C001746002A7FD0BAF1000F7CD0BBF1000FCB
:10326C0079D0428A99460446002A5BD02A894FF6C7
:10327C00F7739A4272D808212846FFF7EDFC002814
:10328C0041D12E46608AD6F80480FEF7C5FFA8F817
:10329C0000004846FEF7C0FF0023A8F8020088F89B
:1032AC00063088F80730237C1A0708D53B6803F0F2
:1032BC00F003E02B03D1737B43F004037373308969
:1032CC00FEF7AAFFA8F80400237CDB0734D53B6883
:1032DC0003F0F003E02B0CBF637FE37ACDF808B06A
:1032EC00A27A0092112001903A465146304602F0E3
:1032FC00A3FEAE42804602D03046FFF727FD404683
:10330C0005B0BDE8F08F4FF4207208212220FFF7A2
:10331C00ABFB064610B32B89002BB3D02946FFF725
:10332C003DFDAFE70146FFF70DFF804600289DD01D
:10333C00404605B0BDE8F08F328900975346112105
:10334C003046FEF7F3FF4FF6FF73002818BF034615
:10335C00A8F80630BBE76FF00F08D0E74FF0FF3846
:10336C00CDE700BF70B582B0069CA8B1A1B19AB1EF
:10337C0094B1056835B9251DCDE90045FFF75CFF13
:10338C0002B070BD05F0F00CBCF1E00FF3D0666834
:10339C00B54204D10546EFE76FF00F00F0E76FF090
:1033AC000300EDE7002843D0F0B50D4683B00029AB
:1033BC003BD00446007AA68A271D58BB636803F0ED
:1033CC00F003E02B0CD1207F38BBA36943B11A4A20
:1033DC001268934204D004F1180002F091FB18B962
:1033EC00384602F08DFBE8B1216851B9031DCDE9D7
:1033FC0000033A46334629462046FFF71DFF03B02B
:10340C00F0BD01F0F003E02BF0D04368994209D1F4
:10341C002346ECE7FFF7E6FAE5E7FFF7E3FA0028C7
:10342C00E2D1DDE76FF00300E9E76FF00F00E6E7AC
:10343C006FF00F00704700BF506D000818B370B5E7
:10344C000D4619B31646428A0446B2B111492A6890
:10345C00237C62600A68A68243F00403237442B1A1
:10346C00944208D0134601E09C4204D0DB68002B48
:10347C00FAD1E2600C60002070BD0146FFF762FEDD
:10348C000028E3D070BD6FF00F0070476FF00F0095
:10349C0070BD00BF6420012038B1037C002223F0F2
:1034AC0004034260828202720374704708B1C0E95F
:1034BC0008127047014698B10A4A136883420AD031
:1034CC0033B11A46DB681BB18B42FAD1CB68D3609F
:1034DC000020FFF737B9C36813600020FFF732B93B
:1034EC00704700BF6420012010B50020FFF71AF9C7
:1034FC00044630B12822002103F018FAFF23E372AE
:10350C006377204610BD00BF88B102687AB171B1F3
:10351C000B6863B10A4B1B684BB110B41C68944226
:10352C0006D0DB68002BF9D15DF8044B704770476F
:10353C000A681A60DB68002BF6D00268EEE700BF61
:10354C00642001202DE9F84300286CD00E46002998
:10355C0069D0174605464FF420724FF49A71362005
:10356C009946FFF781FA804600285CD0032F3FD0A4
:10357C00B379C3B32E4B1B68D8F8044033604FF4B7
:10358C009A720021204603F0D1F940F201132380F6
:10359C0095F83830A3703068FEF742FE4FF4C873CC
:1035AC00FB40DB0760603BD4032F35D0D5F83230BD
:1035BC00E361EB8E2384632384F8EC3084F8EF30E2
:1035CC0040F23513A4F8F0306FF07D0384F8ED3041
:1035DC0084F8F2700322532384F8EE304046A9F8A5
:1035EC000020BDE8F883124A136801331360C3E767
:1035FC007379032BBCD044684FF49A720021204697
:10360C0003F094F940F20113238095F83830A3703D
:10361C003068FEF705FE60607379043B012BC5D85A
:10362C006B68E360C2E74FF000084046BDE8F883E2
:10363C0008000020002800F08180416A00297DD01C
:10364C0010B58B6A00225C1C82B04A8206D01E33F5
:10365C00B3F5701F5BD34FF6FF738B82CB6A5A1C8A
:10366C001BD01E33B3F5701F42D30B6B4FF6FF729A
:10367C005C1C4A81CA815DD01E33B3F5701F65D3C3
:10368C008A810A8200234B81CB79C3B991F91C3012
:10369C000A7F002B53DBFF2312E00A6B4B89541C6F
:1036AC002FD01E32B2F5701F3DD23B2A5BD80122BF
:1036BC008A810A82002BE5D1CB79002BE6D00B6AEC
:1036CC004A6ACDE9003222B9CA69134043F08073CB
:1036DC0001934B790A2B04D00A220023A1F8052070
:1036EC000B8101AB6A461C31FFF7FCF802B010BD30
:1036FC003B2B31D8012213464A810A6BCB81541CD7
:10370C00CFD18A899A42D7D8002AD5D0BAE73B2B99
:10371C0083BF1E4AA2FB03235B0901238B82CB6A66
:10372C005A1C9ED1B9E74FF6FF7293428A810A82E6
:10373C00C2D1A7E78A89002ABED0A3E77047BF2A67
:10374C004FF6FF7388BF6FF07F43B9E73B2B14D85C
:10375C0001238B810B8295E70C4AA2FB0323C3F355
:10376C004F131A46C8E7094CA4FB0242C2F34F128E
:10377C009A428A810A829FD884E7044AA2FB0323D7
:10378C00C3F34F138B810B827CE700BF8988888839
:10379C0038B51D4DEA78002304460362436212B12A
:1037AC001A4BDB6883622B79002B29D0174B1B69D2
:1037BC006A79E36252B1154B5B692363AB790A6991
:1037CC00E2616BB9E371EB79A3B938BDA36AC3EBC2
:1037DC00C303DB082363AB790A69E261002BF1D0E8
:1037EC000A4B9869FEF71CFD0123E371EB7920620B
:1037FC00002BEAD0054BD869FEF712FD606238BD8C
:10380C00A36A5B08D4E700BF702001207820012058
:10381C002DE9F04F446A62790023062A89B00646E6
:10382C00E36103D00622A4F8052023810DF11E03C9
:10383C00012221463046FFF785FE0546002860D060
:10384C004368BDF81E20F033511C89B239209854BE
:10385C000220585402EB0008D01D80B2B6F830A0FC
:10386C000390D71C02F10800BFB280B21FFA88F88F
:10387C00111D89B2049002F1050E02F1090002F14A
:10388C00060C4FEA1A2B03F808B01FFA80F903F85C
:10389C0007A01FFA8EFE37271FFA8CFC5F54CDF859
:1038AC00149001214FF0030903F80E9003F80C104B
:1038BC000399049F03F8019002F10A001C21D955C9
:1038CC0080B2059FFF214328D95507D8C2F13A028F
:1038DC00184492B2002103F029F8442000F1F001C1
:1038EC0089B22846FFF780F9144A154B10680193EA
:1038FC00144A009643232946FFF79EFC2846FFF7FF
:10390C0025FAA379FF2B13D00133DAB2052AA27161
:10391C000ED84FF47A73934003F2F3130A4A9BB216
:10392C00A2FB03235B090020238109B0BDE8F08FC3
:10393C0078230020238109B0BDE8F08F6C20012092
:10394C00546D0008506D0008D34D62102DE9F04FF6
:10395C00466A7379032B89B0804604D00322002376
:10396C00A6F8052033810DF11E0303223146404693
:10397C00FFF7E8FD0746002800F09480BDF81E50C4
:10398C00446805F1010CA81CF0341FFA8CFC80B2C1
:10399C00E91C4FF0020E89B24FF039092A1D04F8C8
:1039AC00059092B204F80CE06B1D04F800E0402086
:1039BC0060549BB23221A1540422E254F069FEF708
:1039CC002FFC05F106091FFA89F905F1070E05F11F
:1039DC000B031FFA8EFE9BB205F1080C05F10901D1
:1039EC004FEA106B04F809B089B203934FEA1049FF
:1039FC001FFA8CFC05F10A0205F10C0304F80E9079
:103A0C0092B29BB24FEA102E04F80CE0049360546F
:103A1C0005F10D033721A1541FFA83FA039ACDF84F
:103A2C0014A004994FF0030A04F802A00122625476
:103A3C0005F10E03059A9BB204F802A01C22E25475
:103A4C0005F10F0AD8F82C901FFA8AFAADF81EA0CF
:103A5C00B9F1000F04D04846FCF7A2FB00283ED178
:103A6C000AF1010080B2FF23432804F80A3007D87A
:103A7C00CAF14302204492B2002102F057FF4420C5
:103A8C0000F1F00189B23846FFF7AEF8274B284A0F
:103A9C001868CDF8008043233946FFF763FC38469D
:103AAC00FFF754F9B379FF2B14D00133DBB2092B98
:103ABC00B3710FD8C3EB431203EB8203DB001D4A37
:103ACC0003F2F3139BB2A2FB03235B09338109B00E
:103ADC00BDE8F08F1423338109B0BDE8F08FCAF133
:103AEC00410C05F110039BB260454FF00C0204F839
:103AFC000A2028BF604605F1110AE0541FFA8AFA21
:103B0C00411E0028ACD009EB000CAAEB090A484670
:103B1C0000EB0A0310F8012B9BB26045E254F7D17D
:103B2C0012350D441FFA85FA9AE700BF6C2001206C
:103B3C00506D0008D34D6210002800F014812DE95F
:103B4C00F04F466A89B00746002E00F00781737962
:103B5C00012B04D001220023A6F8052033810DF19E
:103B6C001E03032231463846FFF7ECFC8046002842
:103B7C0000F0E180BDF81E5044686B1CF0349BB221
:103B8C00392262550222E254A818B7F830C0E91C59
:103B9C0080B289B22A1D6B1D4FEA1C2E92B29BB2C9
:103BAC0004F800E04FF0040904F801C03221A154DC
:103BBC0004F80390F069FEF733FB05F1060A1FFACF
:103BCC008AFA05F1070E4FEA106B1FFA8EFE05F10B
:103BDC00080C05F1090104F80AB01FFA8CFC4FEA35
:103BEC00104A89B205F10A0205F10B0304F80EA084
:103BFC0092B24FEA102E9BB204F80CE060543621BE
:103C0C00A15404F80390B069FEF70AFB05F10C0906
:103C1C001FFA89F905F10D0E05F111031FFA8EFE3D
:103C2C009BB205F10E0C05F10F014FEA106B04F875
:103C3C0009B089B203934FEA10491FFA8CFC05F1C5
:103C4C00100205F1120304F80E9092B29BB24FEAE7
:103C5C00102E04F80CE00493605405F11303372183
:103C6C00A1541FFA83FA039ACDF814A004994FF0CB
:103C7C00030A04F802A00122625405F11403059A08
:103C8C009BB204F802A01C22E25405F1150AD7F8E5
:103C9C002C901FFA8AFAADF81EA0B9F1000F27D0AC
:103CAC004846FCF77DFA18B3CAF1410C05F116032E
:103CBC009BB260454FF00C0204F80A2028BF604606
:103CCC0005F1170AE0541FFA8AFA411E80B109EB7C
:103CDC00000CAAEB090A484600EB0A0310F8012B6A
:103CEC009BB28445E254F7D118350D441FFA85FA7E
:103CFC000AF1010080B2FF23432804F80A3007D8E8
:103D0C00CAF14302204492B2002102F00FFE44207B
:103D1C0000F1F00189B24046FEF766FF124A134BE0
:103D2C0010680193124A009743234146FFF784FA27
:103D3C004046FFF70BF8B379FF2B12D00133DAB200
:103D4C00052AB2710DD84FF47A73934003F2F31332
:103D5C00084A9BB2A2FB03235B09338109B0BDE87F
:103D6C00F08F7823F9E770476C200120546D000820
:103D7C00506D0008D34D6210994B2DE9F04F5D68E2
:103D8C0053686E6A89B01446002E00F09F80327919
:103D9C00002A00F09B8062892B2A40F297801A78C7
:103DAC00022A40F0938095F838205AB395F83200E7
:103DBC00197F884240F08A80012A23D0587F95F8D9
:103DCC003310884240F08280022A1BD0987F95F8ED
:103DDC00341088427AD1032A14D0D87F95F8351044
:103DEC00884273D1042A0DD093F8200095F8361030
:103DFC0088426BD1052A05D095F8371093F821200D
:103E0C00914263D15868FEF70BFA336898425DD142
:103E1C00DFF8D4B10022CBE9002263892B2B55D9D2
:103E2C00B4F808A0CDE9035690462746F022CDF809
:103E3C00088054463D4605E02D688AB29CB2002DA0
:103E4C0043D06B899A42A2EB0301A4EB0303F3D298
:103E5C009442D5F8048040F20381164605920197EE
:103E6C0018F80620FF2A00F0FA80B31C9BB2B3426C
:103E7C00C0F091816889711C814280F2E78008EB67
:103E8C00060C9CF801903B2A26D8DFE802F03E99FC
:103E9C002587252525252525252525252525252564
:103EAC0025252525252525252525252525252525B6
:103EBC0025252525252525252525252525252525A6
:103ECC002578BDAFD02525256A403C46204609B053
:103EDC00BDE8F04FFEF73ABF4E444FF6FD729642E6
:103EEC0000F359814B449EB28642C0F0B580361A1D
:103EFC00201AB6B284B2A64280F04D812D68002DF6
:103F0C0000F04981D5F80480AAE78EB2ECE7B9F14C
:103F1C00040F40F040814FF6F972964200F23B815B
:103F2C000636B6B24F464FF0050A1BF80A100022AF
:103F3C0007920029D8D13A4607A92846FEF7C8FFB0
:103F4C00B84240F02881B9F1040F00F02B819DF8A4
:103F5C001C00244A012342F82A000BF80A30688915
:103F6C00C2E7B9F1040F40F016814FF6F972964290
:103F7C0000F211810636B6B24F46CA46D5E7B9F102
:103F8C00040F40F008814FF6F972964200F203815B
:103F9C000636B6B24F464FF0030AC6E7B9F1030F27
:103FAC0040F2F9804E444FF6FD72964200F3F380D6
:103FBC0009EB03060427B6B24FF0070AB946B4E77B
:103FCC00B9F1040F40F0E7804FF6F972964200F217
:103FDC00E2800636B6B24F464FF0060AA5E700BFA0
:103FEC001C3F00207820012070200120B9F1010F26
:103FFC0040F0D1804FF6FE72914200F0CC80033637
:10400C00B6B24F46CA4690E7B9F1010F40F0C380F3
:10401C00059AF02A40F0BF804FF6FE72914200F0F4
:10402C00BA800336B6B24F464FF0000A7DE7B9F1BD
:10403C00040F40F0B0804FF6F972964200F2AB805C
:10404C000636B6B24F464FF0020A6EE72F680FB332
:10405C007F6897F8009016E7A642FFF401AF019F26
:10406C009BF8003063B18A4B1B680022012B8BF844
:10407C00002000F09480022B06D0032B00F08D80E2
:10408C00029B002B00F09280002302936C242C22C4
:10409C007B89CFE63B2A7BD801A656F822F000BFDD
:1040AC00173F0008A34100089D410008A3410008E8
:1040BC009D4100089D4100089D4100089D4100085C
:1040CC009D4100089D4100089D4100089D4100084C
:1040DC009D4100089D4100089D4100089D4100083C
:1040EC009D4100089D4100089D4100089D4100082C
:1040FC009D4100089D4100089D4100089D4100081C
:10410C009D4100089D4100089D4100089D4100080B
:10411C009D4100089D4100089D4100089D410008FB
:10412C009D4100089D4100089D4100089D410008EB
:10413C009D4100089D4100089D4100089D410008DB
:10414C009D4100089D4100089D4100089D410008CB
:10415C009D4100089D4100089D4100089D410008BB
:10416C009D4100089D4100089D410008A3410008A5
:10417C00A3410008A3410008A34100089D41000889
:10418C009D4100089D410008A3410008A34100087F
:10419C004FF00009A6E6019C98E601230293EC245B
:1041AC006C2275E70798FEF73BF8D2E69BF80130D6
:1041BC00DDF80880DDE903563C46002B3FF486AE63
:1041CC00334A7F681379052B1AD0062B27D0022B84
:1041DC007FF47CAE7379062B7FF478AE9BF80230BB
:1041EC006E6A002B3FF472AE9068A6F80880FEF75A
:1041FC0017F8B0613B69F3612846FFF79DFC65E653
:10420C007379012B25D0033B022B3FF65FAE686A16
:10421C003946FFF7BDFA2846FFF70CFA56E67379D4
:10422C00DA1E022A02D9012B7FF450AE6B6A5A793E
:10423C000C2A04D00C210022A3F805101A81154B6E
:10424C0028461A461946FEF74DFB2846FFF7E0FABA
:10425C003CE6686A3946FFF79BFA95F839301B073C
:10426C00D9D56E6A7379082B04D00823A6F80530CB
:10427C00A6F80880002206F11C01284600F0C0FFB9
:10428C00B379FF2B1CBF0133B371012333811DE6BE
:10429C0078200120546D0008002872D02DE9F04FD1
:1042AC00456A85B0044615B16B79082B02D005B070
:1042BC00BDE8F08F0A68EB699A42F8D10C234FF0F5
:1042CC000009A5F80530A5F808900DF10E0304229D
:1042DC002946FFF737F9804600284AD0BDF80E6012
:1042EC004768731CF0379BB23222BA550422FA5439
:1042FC00E869FDF795FF06F1020A1FFA8AFA06F142
:10430C00030E1FFA8EFE06F1040C721D4FEA106BA1
:10431C0007F80AB092B21FFA8CFCB31DF11D4FEADC
:10432C00104A07F80EA09BB289B24FEA102E07F87C
:10433C000CE04329B8544FF0FF02FA5407D8C6F1E9
:10434C003D02781892B2494602F0F0FA4421F0315D
:10435C0089B24046FEF748FC0A4A0B4B10680193A1
:10436C000A4A009443234146FEF766FF4046FEF797
:10437C00EDFCAB79FF2B1CBF0133AB7114232B81EC
:10438C0095E770476C200120546D0008506D0008B3
:10439C002DE9F04F476A7B79052B87B0064604D090
:1043AC0005220023A7F805203B810DF116030322FB
:1043BC0039463046FFF7C6F88046002800F0B0803A
:1043CC00BDF8165044686B1CF0349BB23922625510
:1043DC000222E25405EB020EB6F830A005F1030CF4
:1043EC001FFA8CFC1FFA8EFE281D691DEB1D89B26D
:1043FC009BB205F108094FEA1A2B80B2AA1D04F8EA
:10440C000EB092B204F80CA002934FF0370C1FFAC6
:10441C0089F34FF0030904F800C0039304F80190EA
:10442C00029B0121A154039A04F803901C23A3546A
:10443C0005F1090AD6F82C901FFA8AFAADF816A0E5
:10444C00B9F1000F04D04846FBF7AAFE002841D171
:10445C000AF1010080B2FF23432804F80A3007D880
:10446C00CAF14302204492B2002102F05FFA4420C8
:10447C0000F1F00189B24046FEF7B6FB2A4B0096DC
:10448C00186807F1180243234146FEF76BFF0446F8
:10449C004046FEF75BFCBB79FF2B15D00133DBB23A
:1044AC00092BBB7110D8C3EB431203EB82031B0126
:1044BC001E4A03F2F3139BB2A2FB03235B092046B3
:1044CC003B8107B0BDE8F08F282320463B8107B025
:1044DC00BDE8F08FCAF1410C05F10A039BB26045AF
:1044EC004FF00C0204F80A2028BF604605F10B0AB5
:1044FC00E0541FFA8AFA411E0028A9D009EB000CDF
:10450C00AAEB090A484600EB0A0310F8012B9BB2F0
:10451C008445E254F7D10C350D441FFA85FA97E720
:10452C004FF0FF34B7E700BF6C200120D34D621071
:10453C002DE9F047446A84B064B3627952B3002326
:10454C00A16903910A2AC4E90633C4E90833C4E912
:10455C000B330546A362C4F80E30C4F812301CD0DD
:10456C00043A012A19D93D4B28461A461946FEF73A
:10457C00B9F963791BB10023A4F8053023812379A1
:10458C0043B1374B1D78013DEDB21D70002D5ED04F
:10459C000023237104B0BDE8F0870DF10A03072254
:1045AC0021462846FEF7CEFF07460028DBD0BDF893
:1045BC000A60436803F1F008731C9BB2362208F8BA
:1045CC000620042208F803200398FDF729FE06F1C3
:1045DC0002091FFA89F906F1030E1FFA8EFE06F185
:1045EC00040C721D4FEA106A08F809A092B21FFA67
:1045FC008CFCB31DF11D4FEA104908F80E909BB2CC
:10460C0089B24FEA102E08F80CE0432908F8020092
:10461C004FF0FF0208F8032008D8C6F13D0208EB62
:10462C00010092B2002102F081F94421F0313846A8
:10463C0089B2FEF7D9FA0B4B0095186803AA4323ED
:10464C003946FEF78FFE3846FEF780FB8BE7054EAA
:10465C003068FEF72FFF35609AE700BF546D0008F5
:10466C00682001206C200120002878D02DE9F04131
:10467C0090F83930DB0704466ED5038E466AB3F5E5
:10468C00107F55D306B3374F33793D7823B3013DB3
:10469C00EDB23D70002D4ED034220021304602F098
:1046AC0045F90123337194F83930013513F00403C3
:1046BC003D7035D17279022A03D00222A6F805206A
:1046CC0033810020BDE8F0813420FDF793FF0646CE
:1046DC0070B3244F60623D7834220021304602F0E2
:1046EC0025F9002DDDD1FEF7FFFEDFF88480C8F838
:1046FC000000E8B1427A1C4942F020024272442286
:10470C00FEF720FD1849D8F800004322FEF796FE6C
:10471C002A46D8F800001549FEF7C8FE3D78C0E7D8
:10472C002046FFF775F80028CBD02046FFF700FF96
:10473C004FF0FF30C6E7DFF83880D8F80000FEF7FE
:10474C00B9FEC8F800503D7834220021304602F002
:10475C00EDF8002DC7D0A4E76FF00F00B2E76FF0B3
:10476C000F00704768200120546D0008853D00083B
:10477C006C2001202DE9F04F7F4B1D6887B0D5B11F
:10478C006C6AACB163799BB1A18A29B1628A01329E
:10479C0092B29142628211D0228A1AB1511E012A20
:1047AC00218212D0E2891AB1511E012AE18115D061
:1047BC002D68002DE4D107B0BDE8F08F2846FFF737
:1047CC00B7FE2846FFF750FFF2E703F0FB02012A81
:1047DC0015D00A2B13D0042BEAD115E003F0FB0201
:1047EC00012A01D00A2BE3D12846FFF7D1FDA3897A
:1047FC00628A9B1A012BC4BF5B10E381D8E70422A9
:10480C000023A4F8052023810DF116030322214671
:10481C002846FEF797FE8046002800F08D80BDF8F4
:10482C00167046687B1CF0369BB23922F255022278
:10483C00F25407EB020EB5F830A007F1030C1FFA87
:10484C008CFC1FFA8EFE381D791DFB1D89B29BB2A4
:10485C0007F108094FEA1A2B80B2BA1D06F80EB000
:10486C0092B206F80CA002934FF0370C1FFA89F3A2
:10487C004FF0030906F800C0039306F80190029B61
:10488C000121B154039A06F803901C23B35407F189
:10489C00090AD5F82C901FFA8AFAADF816A0B9F1CE
:1048AC00000F28D04846FBF77BFC034618B3CAF12F
:1048BC004100984207F10A0228BF184692B20C2315
:1048CC0006F80A3007F10B0AB0541FFA8AFA411E97
:1048DC0088B148444B46AAEB090A03EB0A0213F8C9
:1048EC0001CB92B2984206F802C0F6D107F10C0344
:1048FC000B441FFA83FA0AF1010080B2FF2343280C
:10490C0006F80A3007D8CAF14302304492B20021AB
:10491C0002F00CF8442000F1F00189B24046FEF799
:10492C0063F9164B00951868154A43234146FEF768
:10493C0019FD4046FEF70AFAA379FF2B1AD0013372
:10494C00DBB2092BA37115D8C3EB431203EB820323
:10495C00DB000C4A03F2F3139BB2A2FB03235B09AB
:10496C00A28A618A2381531A012B7FF721AF5B1036
:10497C0023821DE71423F3E7602001206C20012023
:10498C00506D0008D34D621038B52E4B1C6824B9FD
:10499C0026E0013B2B81246814B3656A002DFAD004
:1049AC002B89012BF5D8F6D16B7900220C2B2A819F
:1049BC0017D0013B072BEED801A252F823F000BF11
:1049CC00134A0008A3490008054A0008A349000837
:1049DC00A3490008EF490008A3490008F74900085B
:1049EC0038BD2046FEF714FFD5E7AB79012B1AD959
:1049FC002046FEF71FFECEE7AB79012B20460FD9E0
:104A0C00FEF706FFC7E7AB79052B204602D8FFF768
:104A1C0093F8C0E7FFF78CFD2046FFF725FEBAE7B9
:104A2C00FEF794FFB7E7002205F11C01204600F0C9
:104A3C00E7FBAB79FF2B1CBF0133AB7101232B813F
:104A4C00A9E700BF6020012058B1406A48B1407905
:104A5C000A2805D0043801288CBF0020012070479B
:104A6C00012070472DE9F04F9F4D85B08B46914644
:104A7C000646002800F0D880002A00F039814FF05B
:104A8C00000C0A272A46CDF80CC00297BE463946C0
:104A9C006446E246A8460A29137D3BD053B13568DB
:104AAC00506885423BD0012B5ED0538A9C459CBFFD
:104ABC009C46A6460134A3B20A2B24B200F099817D
:104ACC000A2900F0998145460197D0468A460EE0A6
:104ADC000129224432D005EBC202538A9C459CBF6B
:104AEC009C46A6460134A3B20A2B24B238D004EB60
:104AFC00440305EBC3036200197D0029F2D058680A
:104B0C0037688742E4D19B689945E1D1204605B0CE
:104B1C00BDE8F08F4BB1556830688542C3D19068C1
:104B2C008145F3D0012BC0D11EE0631C9BB20A2B34
:104B3C002DD01BB2214618321C46ACE705EBC20344
:104B4C0055F832205B8AC2B1984598BF9846019BB4
:104B5C0098BF234601340193A3B20A2B24B2C6D1C9
:104B6C00019F51460C4613E01368002B51D0538A19
:104B7C009A459CBF9A4627469CE7039A9A4288BF5F
:104B8C0013460393029B98BF23460293AAE745461C
:104B9C00BBF1010F40F0A4800A2C11D0670026B1A4
:104BAC003B1905EBC30332685A60274405EBC70772
:104BBC00002320467B82C7F8089005B0BDE8F08F33
:104BCC00BEF10A0F23D1029B0A2B1ED10A2F00F033
:104BDC0087803C4604EB44084FEAC808670055F848
:104BEC00080020B1FEF7B2F8002345F808303B1955
:104BFC0005EBC3033D490022C3E9012208681A757D
:104C0C005A828A88D8601A82C9E71C46E2E7744641
:104C1C00E0E7538A0398984288BF03460393029BAC
:104C2C0098BF2346029345E70A272A4680468446C6
:104C3C000297BE46394604460A29137D23D033B168
:104C4C00012B34D0538A834224BF1846A646631CDA
:104C5C009CB20A2C1BB285D00A2900F0C18003EB50
:104C6C00430205EBC202147D34B1012C17D0528AD9
:104C7C0090429CBF10469E4601339AB20A2A1BB240
:104C8C00EDD10C4684E7002BDAD1631C9BB20A2BC6
:104C9C003FF47EAF1BB2214618321C46CCE7146899
:104CAC00528A64B194459CBF1F469446E4E713684E
:104CBC006BB1538A9C459CBF9C462746C7E79045E1
:104CCC0098BF9046029A98BF1A460292D4E7538A2C
:104CDC00984598BF9846029B98BF23460293B6E727
:104CEC004FF0FF3412E700BF9C200120586D0008E4
:104CFC000A272946904692460297BE46BC46144661
:104D0C000192BCF10A0F087D33D058B133684A6860
:104D1C009A423FF4FBAE012847D04B8A434524BF4F
:104D2C009846A6460134A3B20A2B24B25FD0BCF13C
:104D3C000A0F58D05246CDF80CC0DDF804A09446AA
:104D4C000BE0012825D05B8A98459CBF9846A64667
:104D5C000134A3B20A2B24B223D004EB440305EB99
:104D6C00C303187D0028F3D031685A689142E8D10A
:104D7C00CCE620B14B6832689A42CCD1C6E6631CB3
:104D8C009BB20A2B3FF404AF1BB2A44618311C464D
:104D9C00B7E718685B8A80B19C459CBF9C46274648
:104DAC00D6E7DDF80CC06446F2E60B686BB14B8AB3
:104DBC00534524BF9A462746B4E79A4598BF9A466E
:104DCC00029B98BF23460293C2E74B8A019A9342F7
:104DDC0028BF1A46029B019228BF23460293A1E7E3
:104DEC0018321C4628E7234618311C4689E76446CE
:104DFC00CEE645460C46CBE6234618321C464AE620
:104E0C002DE9F04F5A4F02EB420807EBC80885B06A
:104E1C0098F81430022B05460E4612D0182303FBCB
:104E2C00027202F10C0405F132094FF40063009395
:104E3C004A4623463146284601F040FD05B0BDE800
:104E4C00F08FB8F81230B3F58E7F49D8B3F5877F61
:104E5C00E4D302EB4202D20002F10C0304320392BF
:104E6C001C214FF420720E20DC19FDF7FDFD05F11D
:104E7C00320983460028D8D0D0F804A00120FDF7D1
:104E8C00CBF9AAF80600D5F83230CAF80830394BFD
:104E9C00B9F80420AAF80C201A689B88CAF81220CA
:104EAC00AAF816306B68039ACAF80E30BB58CAF8C9
:104EBC001830314BCAF8003040F20643AAF80430DF
:104ECC0040F6060300934A4623465946284601F00D
:104EDC00F5FC5846FDF73AFF032388F81430A4E795
:104EEC0002EB4202D4001C214FF420720E20FDF77D
:104EFC00BBFD05F13209221D8346B0B3D0F804A0E6
:104F0C0003920120FDF788F9AAF80600D5F8323093
:104F1C00CAF80830174BB9F80410AAF80C10196825
:104F2C009B88CAF81210AAF816306B68039ACAF854
:104F3C000E30BB58CAF818300F4BCAF8003040F28C
:104F4C000643AAF8043040F6060300934A460B4B7E
:104F5C005946284601F0B2FC5846FDF7F7FE0C34D2
:104F6C0003233C4488F814305FE70C343C445CE782
:104F7C009C200120586D000800010800606D00089D
:104F8C002DE9F04F364CDFF8DC8083B004F1F007EC
:104F9C0000260AE0012D27D0032D5ED0042D01D16F
:104FAC00022323751834BC421BD0257D002DF9D06B
:104FBC00638A01339BB2B3F5967F6382EAD3206890
:104FCC0010B1FDF7C3FE2660D8F80000B8F8043025
:104FDC0026756682E0602382C4E901661834BC42FF
:104FEC00E3D103B0BDE8F08F042BE8D84FF4207266
:104FFC001C210E20D4F808A0FDF736FD0AF1320B67
:10500C0081460028CED02846D9F80450FDF704F983
:10501C00E880DAF83230AB60124BBAF836201968F7
:10502C009B88AA81C5F81210EB82DAF80430C5F817
:10503C000E306368AB610C4B2B6040F20643AB80C7
:10504C0040F6060300935A46084B5046494601F079
:10505C0035FC4846FDF77AFEA4E704232375A1E747
:10506C009C200120586D000800010800606D0008AC
:10507C0000297DD02DE9F04746683388B3F5807F51
:10508C0084B0044602D13379062B05D0204604B0F7
:10509C00BDE8F047FDF75ABE7379042BF6D173883F
:1050AC00082BF3D14F68D6F80E00B36903900D4668
:1050BC0006F10808002F56D09F4240F08F80002840
:1050CC0000F094800127BA46294601F031F8814658
:1050DC00C0BB039B03F0F003E02B33D051462A46B0
:1050EC0003A8FFF7BFFC031E2CDB434903EB430271
:1050FC0001EBC20C02208CF814004FF0180E0C209F
:10510C00CCF8085013FB0E03D8F80000C8500B4421
:10511C00B8F804009880D200ACF8129051F802A0B4
:10512C00BAF1000F0ED04FF4006341F802902846FC
:10513C00009305F132024346514601F0BFFB504645
:10514C00FDF704FEF388B3F5807F12D0B3F5007F32
:10515C0003D103A92846FFF79FF82046FDF7F6FD7B
:10516C0004B0BDE8F08700283BD04FF0020AABE753
:10517C007047002FF1D04FF420721C210E20FDF748
:10518C0073FC05F1320907460028E6D04668022078
:10519C00FDF742F8F080D5F83230B360EB8EB38176
:1051AC00D8F80030C6F81230B8F80430F3826968C9
:1051BC00C6F80E100399B1611049316040F20641F6
:1051CC00B18040F6060100914A46434628463946CE
:1051DC0001F074FB3846FDF7B9FDBEE70027002847
:1051EC00C3D1F388B3F5807FB0D1B6E7F388B3F5BC
:1051FC00807FABD1BFE700BF9C20012000010800DD
:10520C002DE9F04F044685B008680D462146164638
:10521C0000F08EFF002840F0B0802B6803F0F00205
:10522C00E02A00F0AA80002B00F0A7802246012182
:10523C002846FFF717FC0028C0F28B80C7B2DFF8B6
:10524C00588107EB470308EBC3037A0003921A7DDE
:10525C0004F13209002A48D101221A751C214FF49D
:10526C0020720E209C60FDF7FFFB8246002800F0A8
:10527C0087800120DAF804B0FCF7CEFFABF806000B
:10528C00D4F83230CBF808303F4BB9F80420ABF8E7
:10529C000C201A689B88CBF81220ABF81630636888
:1052AC00CBF80E302B68CBF81830384BCBF80030DD
:1052BC0040F20643ABF8043040F6060300934A462E
:1052CC00334B5146204601F0F9FA5046FDF73EFDAE
:1052DC0000203EB17B003B4408EBC3031B7D012B3C
:1052EC0026D806D005B0BDE8F08F002E35D0012AA7
:1052FC001ED1334602E01B68002B3AD01A7B5206B3
:10530C00F9D532464FF420710E20FDF71DFE0646EE
:10531C0066B3039B3B4458F8330008B1FDF716FD08
:10532C00039B3B44002048F8336005B0BDE8F08F88
:10533C002046184C1823277003FB07834FF4006496
:10534C004A4631460C33009401F0B8FA05B0BDE87A
:10535C00F08F40B205B0BDE8F08F4FF420721C21E5
:10536C000E20FDF781FB8246002882D14FF0FF30E2
:10537C00B8E73046FDF7F8FCCAE76FF00F00B1E76D
:10538C004FF0FF30A5E700BF586D00080001080082
:10539C00606D0008982001209C2001202DE9F0412F
:1053AC00044684B00E4610682146154600F0C0FE37
:1053BC00002840F09780296801F0F003E02B73D0AF
:1053CC006368A2684B40134284460AD08AB24FF6F7
:1053DC00A9639A4205D0E168002900F0D38004F15A
:1053EC000C05DFF8B081694B98F8002002EB420005
:1053FC0003EBC00090F814E0BEF1010F02D98768EE
:10540C00A74271D01A7D012A02D99A68944275D0AC
:10541C0093F82C20012A02D91A6A944277D093F877
:10542C004420012A02D99A6B944276D093F85C20DE
:10543C00012A02D91A6D944275D093F87420012A6E
:10544C0002D99A6E944274D093F88C20012A03D915
:10545C00D3F88020944272D093F8A420012A03D967
:10546C00D3F89820944270D093F8BC20012A03D929
:10547C00D3F8B02094426FD093F8D420012A03D9EA
:10548C00D3F8C82094426ED093F8EC20012A03D9AB
:10549C00D3F8E020A2426DD032462946204604B013
:1054AC00BDE8F041FFF7ACBE6B78EA78A9788DF8CF
:1054BC000D2003F07F0301205E228DF80B30ADF838
:1054CC0008008DF80C1002AB8DF80A204FF4006226
:1054DC000092314604F13202204601F0EFF904B09B
:1054EC00BDE8F0812A4BF1E7406881428AD1314610
:1054FC00204604B0BDE8F041FFF782BC5A689142E7
:10550C0086D162463146204688F800C0F1E7DA6958
:10551C00914284D14FF0010CF3E75A6B914285D143
:10552C004FF0020CEDE7DA6C914286D14FF0030C90
:10553C00E7E75A6E914287D14FF0040CE1E7DA6F3E
:10554C00914289D14FF0050CDBE7D3F894209142BE
:10555C008AD14FF0060CD4E7D3F8AC2091428BD112
:10556C004FF0070CCDE7D3F8C42091428CD14FF00B
:10557C00080CC6E7D3F8DC30994208BF4FF0090C91
:10558C008AD1BEE76FF00300A9E700BF9C20012081
:10559C00606D0008982001202DE9F0414FF4207235
:1055AC0082B0074688460E201C21FDF75DFA68B3D1
:1055BC00446805460120FCF72FFEE080D7F8323016
:1055CC00A360144BFA8E19689B88A281C4F8121040
:1055DC00E3827B68C4F80E30D8F80030A3610E4B20
:1055EC00236040F6060140F2064307F13206A38021
:1055FC0032460A4B00913846294601F05FF928469D
:10560C00FDF7A4FB002002B0BDE8F0814FF0FF30A5
:10561C00F9E700BF586D000800010800606D000834
:10562C002DE9F0434D4FD7F8088098F8004004F06E
:10563C000F04A400132C85B0054613D94389032B02
:10564C0010D943681B78082B0CD1786900F0F00353
:10565C00E02B07D00E46396800F06AFD10B92B8993
:10566C00072B05D8284605B0BDE8F043FDF76EBB07
:10567C002846FCF797FE0028F4D104F10E094946A0
:10568C002846FDF7E9FA00285CD02B89191989B254
:10569C008B42E7D84FF420720E20FDF7E5F98146D6
:1056AC000028DFD0428904F108039A4251D34146C5
:1056BC004068224601F042F921464846FDF7F4FACB
:1056CC00002846D129464846FDF782FB002840D1E8
:1056DC002846FDF73BFB4D4621462846D5F804905D
:1056EC00FDF7BAFA0028BDD1D7E90432D5F8048009
:1056FC00C8F80C20C8F81030B9F8023089F800004E
:10570C004FF6F77293428CBF093308339BB2FF27D5
:10571C0021460024A9F80230404688F8087088F821
:10572C000A4088F80B40FCF703FE0123A8F80A0096
:10573C000B490094CDE9013622463B46284600F041
:10574C003BFB8FE749462846FDF7AEFA0028C3D04D
:10575C0088E74846FDF7FAFA84E700BF1C3F0020B3
:10576C00303F0020F0B54FF4207287B007460E464C
:10577C0022202421FDF778F980B344687B68667099
:10578C00032200272270676019685A68DE68054694
:10579C00986820616661A160E260986919695A692C
:1057AC00E2612062A161DB68059305A800F0A8F90D
:1057BC00064680B16989A770E7702046FCF7B8FDF2
:1057CC000123608005AACDE901360097FF233946F5
:1057DC00284600F0F1FA2846FDF7B8FA07B0F0BDFC
:1057EC00F0B54FF4207287B007460E4622202421D4
:1057FC00FDF73AF980B344687B6866700B2200278A
:10580C002270676019685A68DE68054698682061DE
:10581C006661A160E260986919695A69E261206267
:10582C00A161DB68059305A800F06AF9064680B112
:10583C006989A770E7702046FCF77AFD0123608028
:10584C0005AACDE901360097FF233946284600F01A
:10585C00B3FA2846FDF77AFA07B0F0BD2DE9F0410E
:10586C00204B88B01C6806948846164607460821CB
:10587C004FF420723620FDF7F7F880B345687B684B
:10588C000693162ED8F804306B6004BF012388F8F9
:10589C0008302E704FF0000604464FF008016E7071
:1058AC00AE70EE70284614BFDFF83C8008F1040897
:1058BC00FCF73EFD688040F29440079004200223E0
:1058CC00049007A8CDE90063039002970123424698
:1058DC0006A9204600F0EAFA2046FDF737FA08B090
:1058EC00BDE8F081546D00088C2101200349044B64
:1058FC000448054A08601A60704700BF90210120D7
:10590C008C210120E0000001E000000270B5866AE5
:10591C0004463EB31A4D3046296801E0006880B158
:10592C0042688A42FAD1027B0132D2B20221417220
:10593C000273236C1BB112490122204698470020A8
:10594C0070BD0320FCF7EEFE48B1002282600273AA
:10595C0032682968C0E9002101223060E6E74FF087
:10596C00FF3070BD0320FCF7DDFE0028F7D0044AA1
:10597C00866012684260067306600122A062D5E759
:10598C0090210120836A83B11B6873B1022001212D
:10599C0003E0012A0AD01B683BB15A7A022AF8D1DB
:1059AC00588159721B68002BF7D170475A89013AFC
:1059BC0092B2042AEFD958815972F3E7806A30B158
:1059CC000A6801E0006810B143689342FAD170474D
:1059DC00F8B54389072B04461CD947680D46384651
:1059EC0019461646FCF7A4FCA0B9A86A90B1316818
:1059FC00034601E01B686BB15A688A42FAD13A78C7
:105A0C00112A0CD0162A05D15A7A012A04BF4FF458
:105A1C0000729A602046BDE8F840FDF797B9214A1C
:105A2C00126891427A6813D0002AF3D0597A7A78A6
:105A3C00022905D00129EDD1598909B19142E9D941
:105A4C005208012A38BF012201215A815972E1E71B
:105A5C00E2B97D780DB90A257D700368002BD9D089
:105A6C00012005E0012A16D01B68002BD2D07D78CE
:105A7C005A7A022A4FEA5501F4D1012938BF012183
:105A8C0059815872F0E700680028C3D043689342EC
:105A9C00F9D10346CAE75A89002AEED0AA42E3D9C3
:105AAC00EBE700BF90210120F8B5134B1D6815B32F
:105ABC00124F0226AC6A14B91AE02468C4B1628988
:105ACC00531E9BB2002AF8D06381002BF5D1637A68
:105ADC00012BF2D162683B689A4221464FF01602C4
:105AEC002846EAD06672FFF7B9FE2468002CE6D18E
:105AFC002D68002DDED1F8BD602001209021012001
:105B0C00016801F0F003E02B28D0194B1868A8B1FC
:105B1C0090F83930DA070ED55A070CD5426881EA6D
:105B2C00020C42B182681CEA020F1BD09B0702D404
:105B3C00C368994216D000680028E9D10D4B18684B
:105B4C0080B190F8393003F00503052B0BD1436875
:105B5C005BB1C9B27F2908BF00207047064B18689B
:105B6C000028D2D07047002070471846FAE700BFD3
:105B7C00602001205C200120942101202DE9F843B4
:105B8C0047683B781A09042A044612D103F00F0324
:105B9C0078889D000E46FCF73FFB238983428046A4
:105BAC000DD86389AB4204D32389434501D3132D0C
:105BBC000DD82046FDF7CAF80020BDE8F883014651
:105BCC002046FDF711F86389AB42EDD2F1E7294687
:105BDC003846FCF7ADFB0028EBD13B69DFF8D481EC
:105BEC00F868C8F8100003F0F002E02AC8F8143086
:105BFC0061D196F83930990600F195807B7A112B9A
:105C0C0000F0A1800028D4D04FF00009314600F0FC
:105C1C008FFA0028CDD1D8F8103003F0F003E02B28
:105C2C00C7D0B9F1000FC4D0FB8823F0C00333B147
:105C3C00204600F035FB04460028BDD04768C8F864
:105C4C000870C8E900963B7803F00F039B002946C7
:105C5C002046A8F80C30FDF727F87B7A022B00F0D1
:105C6C008E80112B00F08680012B7ED0D8F814008A
:105C7C00494600F05DFA68B9D8F8143003F0F00327
:105C8C00E02B07D029462046FDF728F802212046B4
:105C9C00FFF768FD2046FDF759F80023C8F80030DF
:105CAC00C8F80430C8F80830A8F80C30C8F8103020
:105CBC00C8F8143080E796F83920D20725D4DBB227
:105CCC007F2B4CD0384BD3F80090B9F1000F08D192
:105CDC0045E000F02DFA98B9D9F80090B9F1000F11
:105CEC003DD04E45F8D099F83930DB07F4D5D9F8CA
:105CFC000430002BF0D0D8F8140083424946E8D188
:105D0C00D8F8100000288FD080E77268002AD6D00F
:105D1C009A4213D01846314600F00AFA00283BD1BB
:105D2C00D8F81430CBE708F114013046FFF746FEE3
:105D3C00A8B1D8E904021D4B9A420CD0B1460028F8
:105D4C003FF472AF62E77B195B88B3F5884F7FF441
:105D5C0059AFB14668E70028FBD0B14656E77B7ACD
:105D6C00112B12D0D8F810004CE731462046FFF723
:105D7C0057FC92E731462046FDF702F98DE70C4AB5
:105D8C0031462046FFF724FE87E77B195B88B3F585
:105D9C00884FE7D1B14647E7D8F81000B146002844
:105DAC003FF442AF32E700BF60200120E000000169
:105DBC00303F00201C3F00202DE9F04F85B00646F7
:105DCC009DF838409DF83CB0109F002A5AD0894667
:105DDC00904609B10A680AB907F104091421304642
:105DEC000193FCF739FF824600285AD17568019B54
:105DFC002B7285F809B0D8F8001029614BEA032BF7
:105E0C000B0C13FA81F1220245232B706C7042F0BB
:105E1C0045024FEA2B240A4444EA0B24308912FA37
:105E2C0084F4FCF7F9F985F806A085F807A0DFF8EB
:105E3C0078A068808346BAF80000FCF7EDF9D9F831
:105E4C000020EA6014FA82F303EB12435B44034430
:105E5C009AB202EB134303EB1343DB436B81BAF8A7
:105E6C000030A8800133AAF800303B8E13B1328980
:105E7C009A4210D87B69424631463846984705B05D
:105E8C00BDE8F08F4389132B0BD943681B6903932F
:105E9C000DF10C08E9E742463946304600F0E0FBCC
:105EAC00EDE76FF00100EAE7982101202DE9F04FB2
:105EBC0085B004469DF838B09DF83C80BDF848A0EC
:105ECC00002A00F097800F469946164609B10B68D8
:105EDC000BB9109B1F1DBAF1000F00F09380BAF1A3
:105EEC00280F00F2A4800AF1030525F00305ADB2DA
:105EFC0005F114039BB2294620460093FCF7ACFE37
:105F0C000190002840F0908060681199524600F092
:105F1C0015FDAA45019B79D36368E918002533F870
:105F2C00022B99421544FAD114212046FCF794FE19
:105F3C000190002878D1D4F804A0009B8AF808902E
:105F4C00C3F387018AF809803068CAF8100041F061
:105F5C00400148EA09288AF800104BEA01294FEA67
:105F6C00282141EA0828010C11FA80F08AF801B0C6
:105F7C0010FA88F82089DFF8BCB0FCF74DF9019ACB
:105F8C00AAF8020000908AF806208AF80720BBF8CD
:105F9C000000FCF741F93A68CAF80C2018FA82F8AC
:105FAC0008EB12484FEA29220099AAF80400A844E9
:105FBC0042EA092218FA82F20A44024490B2BBF86F
:105FCC00003000EB124000EB1040C0430133AAF844
:105FDC000A00ABF80030109B1B8E13B122899A4239
:105FEC001CD8109B10985B6932462146984705B027
:105FFC00BDE8F08F4389132B16D943681B690393B3
:10600C0003AEE8E71423554600938DE76068194604
:10601C005044A5EB0A0200F089FC7DE7109932464A
:10602C00204600F01DFBE2E76FF00100DFE76FF0A8
:10603C000500DCE7982101202DE9F04F85B00546DD
:10604C009DF838909DF83CB0109E0193002A5AD0D0
:10605C00884614211746FCF7FFFD019B8246002859
:10606C005FD16C68237284F809B03A6822614BEAFC
:10607C00032B130C13FA82F284F8019045234FEA98
:10608C000929237049F045094FEA2B23914443EA2F
:10609C000B23288919FA83F9FCF7BEF884F806A0BB
:1060AC0084F807A0DFF884A060808144BAF800006F
:1060BC00FCF7B2F8BAF80020A080013200EB09031B
:1060CC00AAF80020B8F1000F1AD0D8F80020E2602E
:1060DC0013FA82F303EB12439AB202EB134303EB72
:1060EC001343DB436381338E13B12A899A4212D84E
:1060FC0073693A4629463046984705B0BDE8F08F9B
:10610C00094A1268E3E74389132B0AD943681B69D0
:10611C00039303AFE7E73A463146284600F0A0FA6E
:10612C00EBE76FF00100E8E7546D000898210120BF
:10613C00421E0332034615D891F8390010F00200C4
:10614C000FD04A689A420BD089685A400A4207D14C
:10615C00C84323EA0103181AB0FA80F040097047CB
:10616C0000207047012070472DE9F04144686368B6
:10617C009A88074688461AB3002663682046254647
:10618C001C68FCF7E7FD831928469EB2FCF7DEFD80
:10619C00002CF2D1184B1A68974216BF3B683A682C
:1061AC00C8F800304FF00100394608BF1A60FCF700
:1061BC00C9FA124A13889B1B30461380BDE8F08144
:1061CC001A684260396982687D69C0685860996054
:1061DC00DD601A60BA691A6101212046FFF700FBE5
:1061EC002046FCF7B7FD06462046FCF7AFFD7C6861
:1061FC00002CC2D1CEE700BF9C2101209A210120A6
:10620C002DE9F843DFF87C8005460E460027D8F8C8
:10621C0000309BB3D5F80CE05A6900247245214636
:10622C00A44620460FD00134D0B1C27F93F81F9002
:10623C0091459CBF614618461A689C46B2B11346FC
:10624C005A697245EFD19A69D5F810904A45EAD14E
:10625C00B3F80C90AA889145EED001340028E4D113
:10626C001A68614618469C46002AE8D110B1FFF71F
:10627C007BFF0744B74201DA012CC8DC3846BDE885
:10628C00F88300BF9C21012010B50446406908B179
:10629C00FCF75CFD21460220BDE81040FCF752BA29
:1062AC002DE9F04FD0F804A09AF8003003F00F035A
:1062BC00052B85B0054676D1BAF80600FBF7ACFF86
:1062CC000646BAF80200FBF7A7FF9AF8003003F075
:1062DC000F03B0EB830F4FEA830264D3831A9BB294
:1062EC00DFF8748300932846FCF734FDB8F80030CF
:1062FC0003440A2B074600F3D080DFF86093D9F8EB
:10630C000040002C00F0D780DAF80C2003E0246861
:10631C00002C00F0D08063699342F8D1DAF8103089
:10632C00A1699942F3D1A189BAF804309942EED10E
:10633C00BAF80600FBF770FFC0F30C00002800F061
:10634C009480BAF80630C6F30C0613F020034FEA1B
:10635C00C606019308D1009BF3189BB29E4212D83B
:10636C004FF6EB7293420ED8D5F804A0BAF802009F
:10637C00FBF752FF9AF8003003F00F03B0EB830FDA
:10638C004FEA830217D263686BB9D9F800209442A4
:10639C0002D022681A60FFDE2368C9F8003021465B
:1063AC000120FCF7CFF92846FCF7D0FC002630463C
:1063BC0005B0BDE8F08F831ABAF806001FFA83FA0D
:1063CC00FBF72AFFC0F30C02D5F804B0D2000AEB9D
:1063DC000203ABF806309BB2194602938A424FF087
:1063EC000003ABF804208BF800308BF801308BF8ED
:1063FC0002308BF80330C6D861680391002900F095
:10640C00BB804FF0010A94460DE0CCD0B3F806E007
:10641C00F445C8D322B1D288824218BF4FF0000A8B
:10642C00196800296AD01A464B6898888445ECD2C2
:10643C0063469446CBF800101A46BCF1000F00F0EE
:10644C009480BCF806309A42ADD302998142AAD806
:10645C009A42CCF8005054D0019B002B7FD0B8F856
:10646C0000303B44A8F80030A0E7E089FBF7D4FEED
:10647C00C0F30C0000283FF464AFDAF80030DAF80F
:10648C000410DAF80820DAF80C006061A360E1600F
:10649C002261DAF81030A36153E701465046FFF74A
:1064AC00AFFE00283FF47FAFB8F800303B440A2B16
:1064BC007FF723AF77E70120FCF734F9044678B176
:1064CC000023E361A360E36023616361A361636004
:1064DC00D9F8003023600F23C9F80040E377CCE7EC
:1064EC0039465046FFF78CFE87423FF75CAF0120E0
:1064FC00FCF718F904460028E2D154E7F4451D6076
:10650C00AAD1019B43B3A37FDA07A8D5BAF1000F38
:10651C00A5D0039B5B689B886BB9DBF80020002A35
:10652C0034D0029903E01A68002A2FD0D988536816
:10653C009A888A42F7D0B8F800303B44A8F800306B
:10654C00019B002B7FF432AFA37F009A43F0010331
:10655C001644A683A37729E7BAF1000FD9D1B8F86E
:10656C0000303B44A8F80030EEE7029B83423FF634
:10657C001AAF65600395C4E7019B6560002B5BD087
:10658C00A37FDB0748BF0395C3D468E7B8F8003096
:10659C003B44A8F80030019B33B9009B1E44A37FF9
:1065AC00A68343F00103A3776368A08B5E68E16860
:1065BC00A36822696569F5607160B2603568336003
:1065CC00A3693361143080B2FBF726FE0023708080
:1065DC00B371F371B372F37230461421FBF7A8FE5A
:1065EC00708166685DB16F6828461421FCF75CFB0E
:1065FC0029463046FCF7BEFB3D68002DF3D1D9F897
:10660C0000309C4205D0A3B11A68944211D01346B5
:10661C00F9E72368C9F8003021460120FCF792F80D
:10662C003046FCF797FBB8F800301B1AA8F800307E
:10663C00BDE622681A60EFE7BBF80430002B8ED160
:10664C00DBF80020002A7FF46CAFB8F800303B4434
:10665C00A8F80030A1E700BF9A2101209C2101205D
:10666C002DE9F04F0B8E8DB005460A92B3F1140252
:10667C0048BFA3F10D02436807911E461B7803F037
:10668C000F03C2F3CF02052B06924FEA830840F0AA
:10669C00BD804389132B40F2B980F088FBF7BCFD19
:1066AC002B89143B9BB200F400520393C0F30C0EE5
:1066BC000B92002B00F09080069BDFF858A1CDF8D0
:1066CC0014E0DB009BB20893002437464FF4207291
:1066DC0014210E20FCF7C8F9089B039A934228BF9B
:1066EC00134604938346002800F0858043683A687B
:1066FC007868B968FE68DE601A60586099603A691B
:10670C001A61DBF804300993049B002B7AD099466C
:10671C0002976C89A4EB0804A4B24C4528BF4C46E4
:10672C000220002C5CD0FBF7FDFF064641222146DF
:10673C0000203346002E5BD001946F6847440097CD
:10674C00FCF734FA07462846002F4DD0A9EB040974
:10675C00FCF70AFB1FFA89F9C6E904A53946584625
:10676C00FCF708FBB9F1000F3AD1A044029F1FFAC5
:10677C0088F8079B059A1B8EC2F30C00039A133BF7
:10678C0093423BDC40F40050FBF746FD099E049B12
:10679C00F08003F1140080B2FBF73EFD0023708003
:1067AC00B372F37214213046FBF7C2FD7081079867
:1067BC000A9A4369594698475846FCF7C7FADDE9E7
:1067CC000323D31ADDE905210A449BB292B2039349
:1067DC000592002B7FF47AAF00200DB0BDE8F08F4E
:1067EC002D684FF0000894E731460220FBF7AAFF12
:1067FC005846FCF7ABFA4FF0FF30EEE70B9B002B43
:10680C00C2D0BFE7A0441FFA88F8B2E76FF00500CA
:10681C00E3E700BF9562000843890E2B70B5044670
:10682C001BD9C37B0D461BB991F83C300133C373A4
:10683C00606803788689D9070AD5012B30D01E49A8
:10684C00062200F063F818B9637B43F00803637306
:10685C00082E16D0B6F5C16F04D02046FCF776FA98
:10686C00002070BD95F839301B07F6D50E21204657
:10687C00FCF71AFA0028F0D129462046FEF7F8FB5F
:10688C00EEE795F839301A07E7D50E212046FCF7CC
:10689C000BFA0028E1D129462046FFF76FF9DFE714
:1068AC004378002BD4D183785E2BD1D1637B43F01A
:1068BC0010036373CCE700BF606D00082DE9F0474F
:1068CC000646BDF820000C4617469846FBF7A4FC7C
:1068DC000E2181462046FCF7BFF998B96568A5F8EA
:1068EC000C90D8F800302B60B8F80430AB803B68C3
:1068FC00C5F80630BB886B81B36921463046BDE8CC
:10690C00F04718476FF00100BDE8F08710B501396A
:10691C000244904201D1002005E0037811F8014FA8
:10692C00A34201D0181B10BD0130F2E7024403460C
:10693C00934200D1704703F8011BF9E70A449142D6
:10694C0000F1FF3300D1704710B511F8014B03F87B
:10695C00014F9142F9D110BD2DE9F047089D0C462D
:10696C00002B4ED194468C458646B2FA82F262D9FF
:10697C004AB1C2F12003914020FA03F30CFA02FC55
:10698C00194300FA02FE4FEA1C471FFA8CF6B1FBC2
:10699C00F7F44FEA1E4307FB141143EA014304FBCF
:1069AC0006F199420AD91CEB030304F1FF3080F085
:1069BC001381994240F21081023C6344591A1FFA28
:1069CC008EF3B1FBF7F007FB101143EA014300FB18
:1069DC0006F69E420AD91CEB030300F1FF3180F04E
:1069EC00FD809E4240F2FA80634402389B1B40EAD1
:1069FC00044000211DB1D3400022C5E90032BDE89E
:106A0C00F0878B4205D90DB1C5E90001002108467C
:106A1C00F5E7B3FA83F1002946D1A34202D39042A1
:106A2C00C0F0F180861A64EB03030120002DE6D040
:106A3C00C5E90063E3E7002A40F09180A1EB0C0468
:106A4C004FEA1C481FFA8CF70121B4FBF8F64FEA09
:106A5C001E4308FB164443EA044307FB06F0984226
:106A6C0008D91CEB030306F1FF3402D2984200F262
:106A7C00CE8026461C1A1FFA8EF3B4FBF8F008FBE6
:106A8C00104443EA044300FB07F79F4208D91CEB70
:106A9C00030300F1FF3402D29F4200F2B180204682
:106AAC00DB1B40EA0640A5E7C1F120068B4022FA29
:106ABC0006F71F4320FA06FC04FA01F343EA0C0321
:106ACC00F44000FA01F8380C4FEA1349B4FBF0FE1D
:106ADC001FFA87FC00FB1E4449EA04440EFB0CF928
:106AEC00A14502FA01F20AD93C190EF1FF3A80F0E5
:106AFC008580A14540F28280AEF1020E3C44A4EBAD
:106B0C0009041FFA83F9B4FBF0F300FB134449EAC0
:106B1C00044403FB0CFCA44507D93C1903F1FF30DA
:106B2C0068D2A44566D9023B3C4443EA0E40A0FB24
:106B3C000293A4EB0C049C42CE469C4652D34FD0FD
:106B4C0055B1B8EB0E0364EB0C0404FA06F6CB401B
:106B5C00CC401E43C5E900640021BDE8F087C2F1BA
:106B6C00200320FA03F10CFA02FC24FA03F39440FC
:106B7C000C434FEA1C4800FA02FE1FFA8CF7B3FBD9
:106B8C00F8F008FB1031230C43EA014300FB07F13A
:106B9C00994208D91CEB030300F1FF362CD2994221
:106BAC002AD9023863445B1AA4B2B3FBF8F108FB90
:106BBC00113344EA034401FB07F3A34208D91CEB4D
:106BCC00040401F1FF3613D2A34211D902396444F3
:106BDC00E41A41EA004138E70446EFE6084605E7C7
:106BEC00C845ADD2B9EB020E63EB070C0138A7E731
:106BFC003146EDE7034698E73046D4E7D6467EE7C4
:106C0C00634402384CE70646234608460EE7023E2C
:106C1C0063442FE7F8B500BFF8BC08BC9E4670472C
:0C6C2C00F8B500BFF8BC08BC9E467047DD
:106C38000000000000000000010203040607080924
:106C48000000000001020304736F756E64626F78C0
:106C58005F6C7300476967616465766963652E4395
:106C68004F4D5F6C77697000406D0008306D00080B
:106C7800206D0008106D0008006D0008F06C000819
:106C8800E06C0008504255465F504F4F4C000000E2
:106C9800504255465F5245462F524F4D0000000066
:106CA8005359535F54494D454F55540049474D502A
:106CB8005F47524F55500000465241475F5042557A
:106CC80046000000524541535344415441000000DE
:106CD8005544505F504342008C6C0008EC050A0094
:106CE80058DF002054DF0020986C000810000A00CC
:106CF800981A0120941A0120A86C000810000A00B4
:106D0800401B01203C1B0120B46C000810000C0043
:106D1800E81B0120E41B0120C06C000818000F00CC
:106D2800B01C0120AC1C0120CC6C00082000050020
:106D3800201E01201C1E0120D86C000828000A0013
:106D4800C81E0120C41E0120FFFFFFFF0000000035
:106D58000000000000000000FFFFFFFFFFFF000031
:086D6800FCFBFF7F01000000AD
:046D700059020008BC
:046D740031020008E0
:0C6D7800E107010000C000000000CDABEE
:040000050800205976
:020000040800F2
:108000000000072049DC00088DDC00088DDC00083A
:108010008DDC00088DDC00088DDC0008000000000D
:108020000000000000000000000000008DDC0008DF
:108030008DDC0008000000008DDC0008C1980008FD
:108040008DDC00088DDC00088DDC00088DDC00086C
:108050008DDC00088DDC00088DDC00088DDC00085C
:108060008DDC00088DDC00088DDC00088DDC00084C
:108070008DDC000869A600087DA30008FDA00008AB
:108080007D9E00088DDC00088DDC00088DDC00087A
:108090008DDC00088DDC00088DDC00088DDC00081C
:1080A0008DDC00088DDC00088DDC00088DDC00080C
:1080B0008DDC00088DDC00088DDC00088DDC0008FC
:1080C0008DDC00088DDC00088DDC00088DDC0008EC
:1080D0008DDC00088DDC00088DDC00088DDC0008DC
:1080E0008DDC00088DDC00088DDC00088DDC0008CC
:1080F0008DDC00088DDC00088DDC00088DDC0008BC
:108100008DDC00088DDC00088DDC00088DDC0008AB
:108110008DDC00088DDC00088DDC00088DDC00089B
:108120008DDC00088DDC00088DDC00088DDC00088B
:108130008DDC00088DDC00088DDC00088DDC00087B
:108140008DDC00088DDC00088DDC00088DDC00086B
:108150008DDC00088DDC00088DDC00088DDC00085B
:108160005D990008B99A00088DDC00088DDC0008D4
:108170008DDC00088DDC00088DDC000800000000AC
:108180008DDC00088DDC00088DDC00088DDC00082B
:108190008DDC00088DDC00088DDC0008000000008C
:0C81A0008DDC00088DDC00088DDC000880
:1081AC00034613F8012B002AFBD1181A013870472B
:1081BC0053B94AB9002908BF00281CBF4FF0FF3142
:1081CC004FF0FF3000F00CB8ADF1080C6DE904CEA7
:1081DC000AF05CFADDF804E0DDE9022304B0704734
:1081EC00704700BF0348044B834202D0034B03B1DA
:1081FC0018477047D8000020D8000020000000006D
:10820C000548064B1B1AD90F01EBA301491002D0EC
:10821C00034B03B118477047D8000020D80000204A
:10822C000000000010B5064C237843B9FFF7DAFFC5
:10823C00044B13B10448AFF300800123237010BD2D
:10824C00D8000020000000005429010808B5054B97
:10825C001BB105490548AFF30080BDE80840FFF7A6
:10826C00CFBF00BF00000000DC0000205429010833
:10827C002DE9F84F1546528940F20C539A4205D01D
:10828C00284606F05BFB40B2BDE8F88FDFF8B490EF
:10829C00DFF8B480274F284E0C24B9F80020002AB0
:1082AC00EED0D8F800A00AF1010387FB03011944B2
:1082BC00D8174FF48C5CC0EB21300CFB1033013A17
:1082CC0021462846A9F80020C8F8003006F042FCE8
:1082DC00611C834689B2284606F03CFC40EA0B231D
:1082EC00A11C1BB21B0289B2284646F83A3006F094
:1082FC0031FCE11C834689B2284606F02BFC0F4961
:10830C000A8840EA0B23013292B206EBCA0A1BB26E
:10831C0004341B02B2F50C6FA4B240F20C50CAF834
:10832C0004300A8002D3064B01221A708442B4D165
:10833C00A6E700BFEBA00EEAC8D60320BAD60320EE
:10834C00B8D603200E000020C0D603202DE9F84F2C
:10835C001546528940F20C539A4205D0284606F035
:10836C00EDFA40B2BDE8F88FDFF8B490DFF8B480D6
:10837C00274F284E0C24B9F80020002AEED0D8F84C
:10838C0000A00AF1010387FB03011944D8174FF42D
:10839C008C5CC0EB21300CFB1033013A2146284693
:1083AC00A9F80020C8F8003006F0D4FB611C834605
:1083BC0089B2284606F0CEFB40EA0B23A11C1BB267
:1083CC001B0289B2284646F83A3006F0C3FBE11C82
:1083DC00834689B2284606F0BDFB0F490A8840EA5D
:1083EC000B23013292B206EBCA0A1BB204341B02F5
:1083FC00B2F50C6FA4B240F20C50CAF804300A80EB
:10840C0002D3064B01221A708442B4D1A6E700BFF6
:10841C00EBA00EEAA84A03209A4A0320984A0320AC
:10842C000C000020A04A03202DE9F84F1546528974
:10843C0040F20C539A4205D0284606F07FFA40B21F
:10844C00BDE8F88FDFF8B490DFF8B480274F284EE2
:10845C000C24B9F80020002AEED0D8F800A00AF1BC
:10846C00010387FB03011944D8174FF48C5CC0EB54
:10847C0021300CFB1033013A21462846A9F8002084
:10848C00C8F8003006F066FB611C834689B22846AA
:10849C0006F060FB40EA0B23A11C1BB21B0289B245
:1084AC00284646F83A3006F055FBE11C834689B263
:1084BC00284606F04FFB0F490A8840EA0B2301328D
:1084CC0092B206EBCA0A1BB204341B02B2F50C6F53
:1084DC00A4B240F20C50CAF804300A8002D3064B06
:1084EC0001221A708442B4D1A6E700BFEBA00EEAB9
:1084FC0088BE02207ABE022078BE02200A0000202C
:10850C0080BE02202DE9F84F1546528940F20C53DB
:10851C009A4205D0284606F011FA40B2BDE8F88F11
:10852C00DFF8B490DFF8B480274F284E0C24B9F84C
:10853C000020002AEED0D8F800A00AF1010387FB36
:10854C0003011944D8174FF48C5CC0EB21300CFBA1
:10855C001033013A21462846A9F80020C8F800300B
:10856C0006F0F8FA611C834689B2284606F0F2FA46
:10857C0040EA0B23A11C1BB21B0289B2284646F809
:10858C003A3006F0E7FAE11C834689B2284606F039
:10859C00E1FA0F490A8840EA0B23013292B206EB4A
:1085AC00CA0A1BB204341B02B2F50C6FA4B240F21F
:1085BC000C50CAF804300A8002D3064B01221A7000
:1085CC008442B4D1A6E700BFEBA00EEA68320220C9
:1085DC005A32022058320220080000206032022059
:1085EC002DE9F84F1546528940F20C539A4205D0AA
:1085FC00284606F0A3F940B2BDE8F88FDFF8B49036
:10860C00DFF8B480274F284E0C24B9F80020002A3C
:10861C00EED0D8F800A00AF1010387FB030119443E
:10862C00D8174FF48C5CC0EB21300CFB1033013AA3
:10863C0021462846A9F80020C8F8003006F08AFA2E
:10864C00611C834689B2284606F084FA40EA0B2363
:10865C00A11C1BB21B0289B2284646F83A3006F020
:10866C0079FAE11C834689B2284606F073FA0F4961
:10867C000A8840EA0B23013292B206EBCA0A1BB2FB
:10868C0004341B02B2F50C6FA4B240F20C50CAF8C1
:10869C0004300A8002D3064B01221A708442B4D1F2
:1086AC00A6E700BFEBA00EEA48A601203AA60120DF
:1086BC0038A601200600002040A601202DE9F84F25
:1086CC001546528940F20C539A4205D0284606F0C2
:1086DC0035F940B2BDE8F88FDFF8B490DFF8B4801C
:1086EC00274F284E0C24B9F80020002AEED0D8F8D9
:1086FC0000A00AF1010387FB03011944D8174FF4BA
:10870C008C5CC0EB21300CFB1033013A214628461F
:10871C00A9F80020C8F8003006F01CFA611C83464A
:10872C0089B2284606F016FA40EA0B23A11C1BB2AC
:10873C001B0289B2284646F83A3006F00BFAE11CC7
:10874C00834689B2284606F005FA0F490A8840EAA2
:10875C000B23013292B206EBCA0A1BB204341B0281
:10876C00B2F50C6FA4B240F20C50CAF804300A8077
:10877C0002D3064B01221A708442B4D1A6E700BF83
:10878C00EBA00EEA281A01201A1A0120181A01204F
:10879C0004000020201A01202DE9F84F15465289BB
:1087AC0040F20C539A4205D0284606F0C7F840B266
:1087BC00BDE8F88FDFF8B490DFF8B480274F284E6F
:1087CC000C24B9F80020002AEED0D8F800A00AF149
:1087DC00010387FB03011944D8174FF48C5CC0EBE1
:1087EC0021300CFB1033013A21462846A9F8002011
:1087FC00C8F8003006F0AEF9611C834689B22846F1
:10880C0006F0A8F940EA0B23A11C1BB21B0289B28B
:10881C00284646F83A3006F09DF9E11C834689B2A9
:10882C00284606F097F90F490A8840EA0B230132D3
:10883C0092B206EBCA0A1BB204341B02B2F50C6FDF
:10884C00A4B240F20C50CAF804300A8002D3064B92
:10885C0001221A708442B4D1A6E700BFEBA00EEA45
:10886C00088E0020FA8D0020F88D002002000020D8
:10887C00008E00202DE9F84F1546528940F20C531A
:10888C009A4205D0284606F059F840B2BDE8F88F58
:10889C00DFF8B490DFF8B480274F284E0C24B9F8D9
:1088AC000020002AEED0D8F800A00AF1010387FBC3
:1088BC0003011944D8174FF48C5CC0EB21300CFB2E
:1088CC001033013A21462846A9F80020C8F8003098
:1088DC0006F040F9611C834689B2284606F03AF945
:1088EC0040EA0B23A11C1BB21B0289B2284646F896
:1088FC003A3006F02FF9E11C834689B2284606F07F
:10890C0029F90F490A8840EA0B23013292B206EB8F
:10891C00CA0A1BB204341B02B2F50C6FA4B240F2AB
:10892C000C50CAF804300A8002D3064B01221A708C
:10893C008442B4D1A6E700BFEBA00EEAE801002008
:10894C00DA010020D801002000000020E001002006
:10895C002DE9F04F14461289531EFE2B83B026D8F6
:10896C00524B534D5FFA82F9A3FB093809EBD81827
:10897C0018F0FF080AD02F460026B1B2204606F0A8
:10898C00E9F80136B04507F8010BF6D12B78F02B3E
:10899C007BD0212B12D0202B00F0A080F22B00F0EA
:1089AC00D381F52B00F05E83FB2B00F00F87204664
:1089BC0005F0C4FF40B203B0BDE8F08FB9F1080F69
:1089CC00F5D96E78721E072AF1D83A4F3A4AB5F8A3
:1089DC0007103B70EB7895F80280FB70AB79D2F8FE
:1089EC000090BB7149BAAB88344AD5F803A0BB8060
:1089FC008DB2B8F10003C1F3072118BF0123F9713F
:108A0C0012882F497E7048463D72BB7006F00EFBF3
:108A1C00002800F07085012E00F08D85022E00F0EC
:108A2C00DC85032E00F0B085042E00F0A686052E02
:108A3C0000F07A86062E00F02286072E40F0F6858E
:108A4C00204E2149214808F083FE306808B106F019
:108A5C0029FBB8F1000FAAD006F03EFB07463060A8
:108A6C000028A4D02A461A4906F064F905460028C5
:108A7C009DD115491548C1F800A008F00DFE154907
:108A8C002A46384606F00AFB91E7B9F1070F8ED15A
:108A9C000B4AD5F80110B5F80530116007480E4A9D
:108AAC005BBA01210380117081E700BF8180808057
:108ABC00E4C40420ACA304203CC60420B80000206D
:108ACC00E8C50420081A01200C1A0120F8C504205E
:108ADC00ECC50420A5870008D5C30420B9F12C0FE0
:108AEC007FF665AF6F787E1EF6B2012E3FF65FAF54
:108AFC0095F802E09049914D914BDFED925A00961A
:108B0C0006EB460202EBC202B0EE006AB7EE007A48
:108B1C0001EB82024FF0220CA5F119005E7993F85B
:108B2C00069093F80780002E14BF012600260CBF78
:108B3C00F0EE477AF0EE467A0CBFF0EE656AF0EE96
:108B4C00476AB9F1000F08BFF0EE667A167005F8A7
:108B5C00146C14BF01260026B8F1000F567005F8EE
:108B6C00136C14BF01260026967005F8126C1E7A41
:108B7C0093F8198018BF77EE877A002E14BF012660
:108B8C000026D67005F8116C5E7A18BF77EE877ADE
:108B9C00002E14BF01260026167105F8106C9E7A63
:108BAC0018BF77EE877A002E14BF01260026567167
:108BBC0005F80F6CDE7A18BF77EE877A002E14BF9B
:108BCC0001260026967105F80E6C1E7B18BF77EEF9
:108BDC00877A002E14BF01260026D67105F80D6C7D
:108BEC005E7B18BF77EE877A002E14BF0126002615
:108BFC00167205F80C6C9E7B18BF77EE877A002EE8
:108C0C001CBF77EE877A0126F5EE407A08BF002666
:108C1C00F1EE10FA567205F80B6C00F0FA82C7EE02
:108C2C00276A9E7E93F81FB093F820A093F82290A9
:108C3C00BCF12C0F07EE908AF8EE677A03EE106AFF
:108C4C0067EEA67ADE7EC2ED037AF8EE437A03EE87
:108C5C00906A67EEA67A1E7FC2ED047AF8EE637A0C
:108C6C0004EE106A67EEA67A5E7FC2ED057AF8EE26
:108C7C00447A04EE906A67EEA67A9E7FC2ED067A7D
:108C8C00F8EE647A05EE106A67EEA67A93F8216026
:108C9C00C2ED077AF8EE457A2E7267EEA67AC2ED2F
:108CAC00087A07EE90BAF8EE677A67EEA67AC2ED0C
:108CBC00097A07EE90AAF8EE677A67EEA67AC2ED0B
:108CCC000A7A07EE906A4FF0000668F3070613EE77
:108CDC00108A68F30F2613EE908AF8EE677A68F321
:108CEC00174614EE108A67EEA67A68F31F6614EE28
:108CFC00908AC2ED0B7A2E6007EE909A4FF0000628
:108D0C0068F3070615EE108AF8EE677A68F30F26FB
:108D1C0067EEA67A6BF317466AF31F66C2ED0C7A00
:108D2C006E6000F80C9000F0A2820A3334320A35DF
:108D3C004FF02C0CF2E600BFF400002091A30420AD
:108D4C00E4C4042000000000B9F18E0F7FF62FAEB2
:108D5C00BF49DFEDC05ADFF808C3BF48019489460C
:108D6C00B7EE007AB0EE006A4FF021088E46BB4C8D
:108D7C00CDF80090A4F1210303EB0801A8F1140233
:108D8C004B4691F8049091F805B0A2F10907B9F19E
:108D9C00000FACFB07A94FEA1919C9EBC909A2F1DD
:108DAC000806C9EBC909A7EB0907ACFB06A94FEAF2
:108DBC001919C9EBC909C9EBC90991F806A0A6EBA9
:108DCC00090614BFF0EE466AF0EE476A14BF4FF086
:108DDC0001094FF0000914BFF0EE477AF0EE657A06
:108DEC00BBF1000F00F8079018BFF0EE667A14BFC5
:108DFC0001270027BAF1000F83F8009014BF4FF041
:108E0C0001094FF0000987555F7083F80290A2F1B9
:108E1C00070701D077EE877AACFB07A63609C6EBBD
:108E2C00C606C6EBC606BE1B00F80690CE79002E11
:108E3C0014BF01270027DF70A2F1060901D077EEDD
:108E4C00877AACFB09A63609C6EBC606C6EBC60686
:108E5C00A9EB060687550E7A002E14BF4FF00109B8
:108E6C004FF0000983F80490A2F1050701D077EECA
:108E7C00877AACFB07A63609C6EBC606C6EBC60658
:108E8C00BE1B00F806904E7A002E14BF0127002757
:108E9C005F71A2F1040901D077EE877AACFB09A6C9
:108EAC003609C6EBC606C6EBC606A9EB0606875501
:108EBC008E7A002E14BF4FF001094FF0000983F891
:108ECC000690A2F1030701D077EE877AACFB07A6D8
:108EDC003609C6EBC606C6EBC606BE1B971E00F8C7
:108EEC000690CE7A002E14BF4FF001094FF0000906
:108EFC0083F8079001D077EE877AACFB07A636098A
:108F0C00C6EBC606C6EBC606BE1B00F806900E7B6B
:108F1C00002E14BF012700271F7202F1FF3901D068
:108F2C0077EE877AACFB09A63609C6EBC606C6EB0C
:108F3C00C606A9EB060687554E7B002E14BF0127EB
:108F4C0000275F7201D077EE877AACFB0296360968
:108F5C00C6EBC606C6EBC606961BF5EE407AF1EEDE
:108F6C0010FA87555FD0C7EE276AA67E07EE906A87
:108F7C00F8EE677AE67E67EEA67AC3ED037A07EE23
:108F8C00906AF8EE677A267F67EEA67AC3ED047ACC
:108F9C0007EE906AF8EE677A667F67EEA67AC3ED05
:108FAC00057A07EE906AF8EE677AA67F67EEA67AE6
:108FBC00C3ED067A07EE906AF8EE677AE67F67EE05
:108FCC00A67AC3ED077A07EE906AF8EE677A94F802
:108FDC00206067EEA67AC3ED087A07EE906AF8EE89
:108FEC00677A94F8216067EEA67AC3ED097A07EEEA
:108FFC00906AF8EE677A94F8226067EEA67AC3ED71
:10900C000A7A07EE906AF8EE677A94F8236067EEB6
:10901C00A67AC3ED0B7A07EE906AF8EE677A67EEE4
:10902C00A67AC3ED0C7A0A32904501F10A0103F1DC
:10903C00340304F10A047FF4A4AEDDF80090B8F117
:10904C004C0F09F16C0949D04FF04C088FE600BF6A
:10905C00F40000200000000078A30420E4C40420E5
:10906C009D829753BC4ABD4B1568BD491A8828464A
:10907C0005F0DCFF00287FF49AACBA4EBA4ABB4B21
:10908C00BB48C6E9002303F17363BA4A03F5505396
:10909C002D33C6E9022347F2694236233282062178
:1090AC004122B37405F064FB034641223046132180
:1090BC001E4605F05DFB07460146304605F066FC92
:1090CC003146284605F066FF284605F0DDFF3046A0
:1090DC0005F034FC384605F031FC68E4A64E6A789D
:1090EC0095F82C30A549A648019C95F85770D5F8F1
:1090FC005890B5F85C808EF868208EF8D43008F063
:10910C0027FB306808B105F0CDFF002F40F06281DD
:10911C009C4E9D499A4895F85E70D5F85F90B5F8CD
:10912C00638008F015FB306808B105F0BBFF002F19
:10913C0040F0C481954E9649914895F86570D5F8E4
:10914C006690B5F86A8008F003FB306808B105F04A
:10915C00A9FF002F40F095818E4E8F49884895F8D5
:10916C006C70D5F86D90B5F8718008F0F1FA306834
:10917C0008B105F097FF002F40F06681874E8849B3
:10918C007F4895F87370D5F87490B5F8788008F02E
:10919C00DFFA306808B105F085FF002F40F0378109
:1091AC00804E8149764895F87A70D5F87B90B5F861
:1091BC007F8008F0CDFA306808B105F073FF002FFE
:1091CC0040F0AC80794E7A496D4895F88170D5F8AD
:1091DC008290B5F8868008F0BBFA306808B105F0CB
:1091EC0061FF002F7DD1734E7349654895F88870E7
:1091FC00D5F88980B5F88D5008F0AAFA306808B116
:10920C0005F050FF002F52D16C4B00221A70FFF763
:10921C00CEBB93F81DB093F81EA093F81A900026BD
:10922C006BF307066AF30F264FF0000A68F3070A80
:10923C0093F81F8068F3174693F81B8069F30F2A85
:10924C0068F3174A93F8208068F31F666E601E7FE0
:10925C0066F31F6A93F821602E72BCF12C0F93F801
:10926C002260C5F800A000F80C607FF45EAD3A4BAC
:10927C00009E1D68394B47701A8880F802E06C23F9
:10928C0003FB061620230370354986F868E0284650
:10929C0005F0CCFE00287FF48AAB4122062134482D
:1092AC0005F066FA412206463121454801E705F0F2
:1092BC0013FF074630600028A6D06ABA414992B223
:1092CC0005F038FD054600289ED13B492C48C1F8D5
:1092DC00008008F0E1F93C492A46384605F0DEFEEC
:1092EC0092E705F0F9FE0746306000283FF47BAFAB
:1092FC0098FA98F2334992B205F01CFD0646002804
:10930C007FF471AF2A491E48C1F8009008F0C4F9E7
:10931C002E493246384605F0C1FE64E705F0DCFE06
:10932C000746306000283FF44DAF98FA98F2254973
:10933C0092B205F0FFFC064600287FF443AF1A49B1
:10934C000F48C1F8009008F0A7F921493246384679
:10935C0005F0A4FE36E700BF3CC60420B800002090
:10936C00E8C50420E4C30420F50000C3070100672E
:10937C0050C6042064333266C8620420CC620420D8
:10938C00F8C50420A8D60320ACD60320884A0320B5
:10939C008C4A032068BE02206CBE02204832022098
:1093AC004C32022028A601202CA60120081A0120EC
:1093BC000C1A0120E88D0020EC8D0020D00000203C
:1093CC0078A30420ECC5042081880008A587000838
:1093DC00C986000805F080FE0746306000283FF47F
:1093EC0097AE98FA98F2BA4992B205F0A3FC0646E9
:1093FC0000287FF48DAEB749B748C1F8009008F04B
:10940C004BF9B6493246384605F048FE80E605F081
:10941C0063FE0746306000283FF4C2AE98FA98F21B
:10942C00AB4992B205F086FC064600287FF4B8AE34
:10943C00AB49A948C1F8009008F02EF9A949324669
:10944C00384605F02BFEABE605F046FE07463060CD
:10945C0000283FF493AE98FA98F29D4992B205F029
:10946C0069FC064600287FF489AE9F499A48C1F8EA
:10947C00009008F011F99D493246384605F00EFE71
:10948C007CE605F029FE0746306000283FF464AE08
:10949C0098FA98F28E4992B205F04CFC06460028D8
:1094AC007FF45AAE92498C48C1F8009008F0F4F859
:1094BC0090493246384605F0F1FD4DE605F00CFEBC
:1094CC000746306000283FF435AE98FA98F2804990
:1094DC0092B205F02FFC064600287FF42BAE86498D
:1094EC007D48C1F8009008F0D7F8844932463846D8
:1094FC0005F0D4FD1EE641220621814805F038F91D
:10950C0041220346092138461F4605F031F98346AE
:10951C000146384605F03AFA3946484605F03AFD18
:10952C00484605F0B1FD384605F008FA584605F0F6
:10953C0005FAFFF770BA734E6649674808F008F9E8
:10954C00306808B105F0AEFDB8F1000F3FF42FAA5A
:10955C0005F0C2FD0746306000283FF428AA2A46D1
:10956C005B4905F0E7FB054600287FF420AA594922
:10957C005948C1F800A008F08FF858492A463846D7
:10958C0005F08CFDFFF713BA5F4E5949524808F0AD
:10959C00DFF8306808B105F085FDB8F1000F3FF435
:1095AC0006AA05F099FD0746306000283FF4FFA994
:1095BC002A46474905F0BEFB054600287FF4F7A96B
:1095CC004B494548C1F800A008F066F849492A46BD
:1095DC00384605F063FDFFF7EAB94C4E46493E4864
:1095EC0008F0B6F8306808B105F05CFDB8F1000F72
:1095FC003FF4DDA905F070FD0746306000283FF40C
:10960C00D6A92A46324905F095FB054600287FF479
:10961C00CEA939493048C1F800A008F03DF83749C7
:10962C002A46384605F03AFDFFF7C1B9384E39499C
:10963C00294808F08DF8306808B105F033FDB8F111
:10964C00000F3FF4B4A905F047FD07463060002831
:10965C003FF4ADA92A461E4905F06CFB05460028CF
:10966C007FF4A5A92B491C48C1F800A008F014F8F8
:10967C0029492A46384605F011FDFFF798B9274EBF
:10968C002749154808F064F8306808B105F00AFD60
:10969C00B8F1000F3FF48BA905F01EFD07463060B2
:1096AC0000283FF484A92A46094905F043FB0546E6
:1096BC0000287FF47CA91A490748C1F800A007F0DC
:1096CC00EBFF18492A46384605F0E8FCFFF76FB95E
:1096DC00ECC50420CC620420F8C504207D8200086F
:1096EC004C320220ED8500086CBE0220118500086A
:1096FC008C4A032035840008ACD60320598300081B
:10970C0050C60420C8620420884A0320A8D603202F
:10971C00E88D0020EC8D00208188000828A601200F
:10972C002CA60120C98600082E4E2F492F4808F080
:10973C000FF8306808B105F0B5FCB8F1000F3FF434
:10974C0036A905F0C9FC0746306000283FF42FA964
:10975C002A46274905F0EEFA054600287FF427A98A
:10976C0021492248C1F800A007F096FF21492A465A
:10977C00384605F093FCFFF71AB91F4E1F491B48DA
:10978C0007F0E6FF306808B105F08CFCB8F1000F6B
:10979C003FF40DA905F0A0FC0746306000283FF40B
:1097AC0006A92A46124905F0C5FA054600287FF499
:1097BC00FEA812490D48C1F800A007F06DFF104932
:1097CC002A46384605F06AFCFFF7F1B8BFF34F8F15
:1097DC000C490D4BCA6802F4E0621343CB60BFF333
:1097EC004F8FFEE7483202204C320220F8C504208D
:1097FC00ECC50420ED85000868BE02206CBE02207A
:10980C001185000800ED00E00400FA05144A154B20
:10981C00154970B514681A88204605F007FC00B18C
:10982C0070BD41220621114804F0A2FF41220546D9
:10983C0001210F4804F09CFF06460146284605F01E
:10984C00A5F82946204605F0A5FB204605F01CFC92
:10985C00284605F073F83046BDE8704005F06EB848
:10986C003CC60420B8000020E8C5042050C60420E3
:10987C00D8C3042090F83930DB0700D4704710B5FA
:10988C0005F02AFC084B0446186060B1074940F209
:10989C00E17205F04FFA30B9024605492046BDE8A1
:1098AC00104005F0FBBB10BD3CC60420ECC50420E9
:1098BC005D890008024A136801331360704700BFCA
:1098CC0058C6042038B5194D2C78092C27D8184ABD
:1098DC00184B32F8142018491A800220174B0860D4
:1098EC00174A1848E0214FF0010C1970164B82F8FA
:1098FC0000C040F2091100221A8003F009FF114840
:10990C004FF4857103F004FF0E484FF4847103F09B
:10991C00FFFE01340B4803F0E9FE2C7038BDBDE8A6
:10992C0038400A48042103F0DBBD00BF40C60420C8
:10993C00BC0000204CC6042044C604204EC60420A3
:10994C004FC60420005C004048C6042000080240BA
:10995C00F8B54C4B4C491B784C485BB103F0F2FE0C
:10996C0020B34B4B494819786FF00102BDE8F84021
:10997C0003F0AEBE03F0E6FE044638B1444B434858
:10998C0019780122BDE8F84003F0A2BE41493F48D6
:10999C0003F0D8FE054620B33F4B1B68012B3BD090
:1099AC00BDE8F8403B49394803F0FABE394937481D
:1099BC0003F0C8FE0028F3D13849344803F0C2FE46
:1099CC0070B1374D344B2C881B68A34229DD04F051
:1099DC000103344A2D48D15C013403F093FE2C80F2
:1099EC00F8BD2D4E30492948346803F0ABFE0028F1
:1099FC00F6D0022C29D0012C2CD0294F23483D889D
:109A0C00013C0135346003F07FFE3D8026491F4840
:109A1C00BDE8F84003F0C4BE1C48214603F04CFEE0
:109A2C00BEE71A4803F068FE18484FF4847103F03F
:109A3C007BFE16484FF4857103F076FEBDE8F840C6
:109A4C00124840F2091103F06FBE1048294603F08A
:109A5C0033FED2E70D4803F04FFE29460B4803F0C6
:109A6C0031FE0A484FF4847103F05EFE07484FF450
:109A7C00857103F059FE054840F2091103F054FEBC
:109A8C00BBE700BF4FC6042009010005005C004085
:109A9C004EC604200901010544C60420090107052E
:109AAC0048C604204CC604200901060510B50F4C0D
:109ABC000F49204603F074FE20460E4903F070FE59
:109ACC0020460D4903F06CFE20460C4903F068FE5D
:109ADC0020460B4903F064FE20460A4903F060FE61
:109AEC0020460949BDE8104003F05ABE005C004016
:109AFC0008010A0508010F0508010E0508010B05F0
:109B0C00080109050801080508010C0510B584B009
:109B1C0004F06AFA04F0D2FB19491A4A1A481B4C91
:109B2C0008601B4B4FF6FF7010600620B3F804C0A2
:109B3C0084F838001868174BC4F832000293164B9F
:109B4C000193002300932046A4F836C0134B04F075
:109B5C0033FC134BE362204604F00AFD1149204606
:109B6C0004F034FD07F0BAFC204607F0C7FC204691
:109B7C0004F004FD204604B0BDE8104006F06CBBB8
:109B8C00F4C50420F0C50420A9FE2F5EF8C50420FE
:109B9C0050C6042059250108E5C50008ECC5042071
:109BAC00842901088198000870B540F6154082B0F0
:109BBC0003F064FE41F20E0003F060FE464D474890
:109BCC00474E042102F03EFD4FF40074454B4348D0
:109BDC002B6000220421EC6102F0BAFD00231A462E
:109BEC002146414803F0A4FF23463F4805224BF68B
:109BFC00803103F0ADFF002201210F2003F0E6FDC0
:109C0C0034782A46002C54D1384B3448AB600421AC
:109C1C0002F04AFD3148042102F090FD3248214601
:109C2C0003F0DAFF102204212C48314D02F09CFD88
:109C3C00C4F1010440F61540347003F01FFE0322FA
:109C4C002C4B26482B6011464FF40074EC6102F04B
:109C5C007FFD002305201A4621460090264E2748FA
:109C6C0003F0C4FF002201210E2003F0AFFD347875
:109C7C002A465CBB224B1948AB60032102F014FD51
:109C8C001648032102F05AFD1C48012103F0A4FFE1
:109C9C0010220321114802F067FDC4F1010412489F
:109CAC00347003F093FF154802B0BDE8704003F028
:109CBC008DBF144B0948AB60042102F0F5FC07483A
:109CCC00042102F03BFD08480021A9E70E4B034894
:109CDC00AB600321D2E700BF94000020006002407B
:109CEC00900000200C38004000380040D4BB042009
:109CFC006C0000200C340040680000200034004050
:109D0C00D0B30420D4BF0420D0B7042070B540F6E3
:109D1C00154082B003F0B2FD41F20F0003F0AEFD2E
:109D2C00474D4848484E052102F08CFC4FF4007416
:109D3C00464B44482B6000220521EC6102F008FDE3
:109D4C0000231A462146424803F0F2FE23464048BF
:109D5C0005224BF6803103F0FBFE0022012110207E
:109D6C0003F034FD34782A46002C57D1394B354852
:109D7C00AB60052102F098FC3248052102F0DEFCB4
:109D8C003348214603F028FF102205212D48324D7F
:109D9C0002F0EAFCC4F1010440F61540347003F003
:109DAC006DFD02222D4B27482B6011464FF4007499
:109DBC00EC6102F0CDFC002305201A4621460090F0
:109DCC00274E4FF0402003F011FF002201210D20FF
:109DDC0003F0FCFC34782A466CBB224B1948AB6070
:109DEC00022102F061FC1748022102F0A7FC0121BC
:109DFC004FF0402003F0F0FE10220221114802F037
:109E0C00B3FCC4F101041248347003F0DFFE4FF0D0
:109E1C00402002B0BDE8704003F0D8BE124B094898
:109E2C00AB60052102F040FC0648052102F086FCDF
:109E3C0007480021A6E70D4B0248AB600221D0E792
:109E4C004400002000600240400000200C3C004018
:109E5C00003C0040C4AB04201C0000200C4000401F
:109E6C0018000020C0A30420C4AF0420C0A7042005
:109E7C0038B51A482022052102F088FC00B938BDFB
:109E8C00174D16482022052102F0A6FD2C78154A04
:109E9C00B4B1154B11489360052102F005FC0F4835
:109EAC00052102F04BFC1148002103F095FEC4F192
:109EBC0001040A481022052102F056FC2C7038BD12
:109ECC000B4B06489360052102F0EEFB034805217D
:109EDC0002F034FC05482146E7E700BF0060024071
:109EEC004000002044000020C4AF0420003C00408F
:109EFC00C4AB04202DE9F04F744B754A1B781178D4
:109F0C0087B09942019360D0724B059300295FD1C1
:109F1C001A88714B714C7248B4F800C00390D3E9A5
:109F2C000067029400686F4CDFF8C0E104938A4626
:109F3C00431C0EEBC00B551EC3F308080CF10109B2
:109F4C00002A40F0AF8015461FFA81F808F1010B8A
:109F5C001FFA8BFB4FEA36434FEA3749FE2944F888
:109F6C00213044F82B9020D00231002A40F0AC80F4
:109F7C00C64604EB8101984673468B4686460233EF
:109F8C00414648469BB2F146D84603F1010E0233D6
:109F9C005FFA8EFE9BB2B3F5807F48F8321044F81E
:109FAC002E0002F10102F0D14846BAF1000F09D09F
:109FBC00029BA3F800C0039B1860059B1D80049BAB
:109FCC00C3E90067424B019A1A7007B0BDE8F08FE5
:109FDC001A88414B414C4248B4F800E00390D3E955
:109FEC0000560294002100683F4C404F04938A466F
:109FFC00431C07EBC00B02F1FF3CC3F308080EF146
:10A00C000109002A3DD194461FFA81F808F1010B91
:10A01C001FFA8BFB4FEA35434FEA3649FE2944F8C9
:10A02C00213044F82B901DD00231002A4AD14746EA
:10A03C0004EB810198463B4683460F460233484663
:10A04C0041469BB2B846D9465F1C0233FFB29BB265
:10A05C00B3F5807F48F8321044F8270002F1010272
:10A06C00F2D14846BAF1000FACD0029BA3F800E045
:10A07C00039B1860059BA3F800C0049BC3E9005622
:10A08C00A0E75B42C3F3080357F83050DBF80460D9
:10A09C0040461FFA8CFC1FFA89FE58BF58424FF0FD
:10A0AC00010AB1E75B42C3F308035EF83060DBF8EA
:10A0BC0004704046ADB21FFA89FC58BF58424FF0AD
:10A0CC00010A41E7624693E72A4631E74000002047
:10A0DC00C4B304206C930420649304201600002065
:10A0EC0070930420C4AF0420C4AB042078930420E4
:10A0FC0038B51A482022042102F048FB00B938BDBB
:10A10C00174D16482022042102F066FC2C78154AC3
:10A11C00B4B1154B11489360042102F0C5FA0F48F5
:10A12C00042102F00BFB1148002103F055FDC4F192
:10A13C0001040A481022042102F016FB2C7038BDD1
:10A14C000B4B06489360042102F0AEFA034804213D
:10A15C0002F0F4FA05482146E7E700BF0060024030
:10A16C009000002094000020D4BF04200038004050
:10A17C00D4BB04202DE9F04F744B754A1B78117831
:10A18C0087B09942019360D0724B029300295FD142
:10A19C001A88714B714C7248B4F800C00390D3E923
:10A1AC000067059400686F4CDFF8C0E104938A46A1
:10A1BC00431C0EEBC00B551EC3F308080CF1010930
:10A1CC00002A40F0AF8015461FFA81F808F1010B08
:10A1DC001FFA8BFB4FEA36434FEA3749FE2944F806
:10A1EC00213044F82B9020D00231002A40F0AC8072
:10A1FC00C64604EB8101984673468B46864602336D
:10A20C00414648469BB2F146D84603F1010E023353
:10A21C005FFA8EFE9BB2B3F5807F48F8321044F89B
:10A22C002E0002F10102F0D14846BAF1000F09D01C
:10A23C00059BA3F800C0039B1860029B1D80049B28
:10A24C00C3E90067424B019A1A7007B0BDE8F08F62
:10A25C001A88414B414C4248B4F800E00390D3E9D2
:10A26C0000560594002100683F4C404F04938A46E9
:10A27C00431C07EBC00B02F1FF3CC3F308080EF1C3
:10A28C000109002A3DD194461FFA81F808F1010B0F
:10A29C001FFA8BFB4FEA35434FEA3649FE2944F847
:10A2AC00213044F82B901DD00231002A4AD1474668
:10A2BC0004EB810198463B4683460F4602334846E1
:10A2CC0041469BB2B846D9465F1C0233FFB29BB2E3
:10A2DC00B3F5807F48F8321044F8270002F10102F0
:10A2EC00F2D14846BAF1000FACD0059BA3F800E0C0
:10A2FC00039B1860029BA3F800C0049BC3E90056A3
:10A30C00A0E75B42C3F3080357F83050DBF8046056
:10A31C0040461FFA8CFC1FFA89FE58BF58424FF07A
:10A32C00010AB1E75B42C3F308035EF83060DBF867
:10A33C0004704046ADB21FFA89FC58BF58424FF02A
:10A34C00010A41E7624693E72A4631E79000002074
:10A35C00D4C304205883042050830420140000200C
:10A36C005C830420D4BF0420D4BB04206483042069
:10A37C0038B516482022032102F008FA00B938BD7E
:10A38C00134D12482022032102F026FB2C78114A8F
:10A39C00B4B1114B0D489360032102F085F90B48C1
:10A3AC00032102F0CBF90D48012103F015FCC4F197
:10A3BC00010406481022032102F0D6F92C7038BD96
:10A3CC00074B024893600321E7E700BF006002409F
:10A3DC00680000206C000020D0B70420003400403E
:10A3EC00D0B304202DE9F04F934A944E92F800C05C
:10A3FC003378634585B04CD0DFF84CB2002B4BD191
:10A40C009E468F4BDFF8448203931A46CDE901CB6D
:10A41C00BBF80040D8F800301788DFF83492DFF82A
:10A42C0034A270461FFA8EF5691C89B259F82E2099
:10A43C0059F821104FEA32424FEA3141002C40F0DA
:10A44C00A580BEF1FE0FDDE901CB1AD0AA1C92B299
:10A45C002146951C9246AAB2B2F5807F0D4601F1B9
:10A46C000101F6D10EF102020AF1010109EB82029F
:10A47C00C9B252F8352059F821104FEA32424FEA4E
:10A48C003141704DC5E90021002840F0D38086F899
:10A49C0000C005B0BDE8F08F694BDFF8B0810393C5
:10A4AC001A46CDE901CB4FF0000EBBF80040D8F8AE
:10A4BC0000301788DFF8A091DFF898A170461FFADA
:10A4CC008EF5691C89B259F82E2059F821104FEAE3
:10A4DC0032424FEA31418CB9BEF1FE0FDDE901CBBE
:10A4EC00CFD0AA1C92B22146951C9246AAB2B2F5C4
:10A4FC00807F0D4601F10101F6D1B3E7581C4542AE
:10A50C00C5F30805C0F3080058BF68425D42C5F3A7
:10A51C000805C3F3080358BF6B42002A1546B8BFA1
:10A52C0002F1FF05D2F1000B5FFA8BFB5FFA82FCA4
:10A53C0058BFCBF1000C2D12BCF1000FB8BF05F1C8
:10A54C00FF3500294AF833500D46B8BF01F1FF051D
:10A55C00D1F1000B5FFA8BFB5FFA81FC58BFCBF19A
:10A56C00000C2D12BCF1000F0AEBC303B8BF05F1B0
:10A57C00FF35013C0137BEF1FE0FA4B25D60BFB2E6
:10A58C004CD003460EF1020E012098E7581C4542B0
:10A59C00C5F30805C0F3080058BF68425D42C5F317
:10A5AC000805C3F3080358BF6B42002A1546B8BF11
:10A5BC0002F1FF05D2F1000B5FFA8BFB5FFA82FC14
:10A5CC0058BFCBF1000C2D12BCF1000FB8BF05F138
:10A5DC00FF3500294AF833500D46B8BF01F1FF058D
:10A5EC00D1F1000B5FFA8BFB5FFA81FC58BFCBF10A
:10A5FC00000C2D12BCF1000F0AEBC303B8BF05F120
:10A60C00FF35013C0137BEF1FE0FA4B25D60BFB255
:10A61C0004D003460EF1020E012003E7094BDDE9DD
:10A62C0001CBC3E90021039BC8F800001F80ABF8E5
:10A63C0000402CE71846F6E768000020D0BB042049
:10A64C0040730420C8B30420120000204873042077
:10A65C00D0B7042050730420D0B3042038B516486A
:10A66C002022022102F092F800B938BD134D124895
:10A67C002022022102F0B0F92C78114ABCB1114B06
:10A68C000D489360022102F00FF80B48022102F0F2
:10A69C0055F801214FF0402003F09EFAC4F101045B
:10A6AC0005481022022102F05FF82C7038BD064BD1
:10A6BC00014893600221E6E7006002401800002088
:10A6CC001C000020C0A70420C0A304202DE9F04FDB
:10A6DC00934A944E92F800C03378634585B04BD0C2
:10A6EC00002B4CD1DFF848B28F4ADFF8488214882F
:10A6FC00B8F80070DFF84092DFF840A20392CDE981
:10A70C0001CB9E46DBF8003070461FFA8EF5691CB3
:10A71C0089B259F82E2059F821104FEA32424FEAEB
:10A72C003141002C40F0A680BEF1FE0FDDE901CBDB
:10A73C001AD0AA1C92B22146951C9246AAB2B2F526
:10A74C00807F0D4601F10101F6D10EF102020AF1F2
:10A75C00010109EB8202C9B252F8352059F82110D7
:10A76C004FEA32424FEA3141704DC5E900210028D1
:10A77C0040F0D48086F800C005B0BDE8F08FDFF85B
:10A78C00B0B1694BDFF8AC811C880393CDE901CBE8
:10A79C004FF0000EDBF80030B8F80070DFF8A09135
:10A7AC00DFF898A170461FFA8EF5691C89B259F82A
:10A7BC002E2059F821104FEA32424FEA31418CB920
:10A7CC00BEF1FE0FDDE901CBCED0AA1C92B2214620
:10A7DC00951C9246AAB2B2F5807F0D4601F101019B
:10A7EC00F6D1B2E7581C4542C5F30805C0F3080082
:10A7FC0058BF68425D42C5F30805C3F3080358BF50
:10A80C006B42002A1546B8BF02F1FF05D2F1000BCE
:10A81C005FFA8BFB5FFA82FC58BFCBF1000C2D1258
:10A82C00BCF1000FB8BF05F1FF3500294AF83350D1
:10A83C000D46B8BF01F1FF05D1F1000B5FFA8BFBA0
:10A84C005FFA81FC58BFCBF1000C2D12BCF1000F4C
:10A85C000AEBC303B8BF05F1FF35013C0137BEF16C
:10A86C00FE0FA4B25D60BFB24CD003460EF1020ED7
:10A87C00012098E7581C4542C5F30805C0F30800B1
:10A88C0058BF68425D42C5F30805C3F3080358BFBF
:10A89C006B42002A1546B8BF02F1FF05D2F1000B3E
:10A8AC005FFA8BFB5FFA82FC58BFCBF1000C2D12C8
:10A8BC00BCF1000FB8BF05F1FF3500294AF8335041
:10A8CC000D46B8BF01F1FF05D1F1000B5FFA8BFB10
:10A8DC005FFA81FC58BFCBF1000C2D12BCF1000FBC
:10A8EC000AEBC303B8BF05F1FF35013C0137BEF1DC
:10A8FC00FE0FA4B25D60BFB204D003460EF1020E8F
:10A90C00012002E7094BDDE901CBC3E90021039BE0
:10A91C00A8F80070CBF800001C802BE71846F6E76F
:10A92C0018000020C0AB042010000020B8A30420A5
:10A93C003063042028630420C0A70420386304205B
:10A94C00C0A30420D44A1388002B00F0C982D34939
:10A95C000868013B1380431C5A42C2F30802C3F33C
:10A96C00080358BF5342CE4A0B601388002B00F0EB
:10A97C00B282CC492DE9F04F0E68013B1380731C59
:10A98C005A42C2F30802C3F3080358BF5342C64AE3
:10A99C000B6013888FB0002B40F0A382C34BC44CC8
:10A9AC001A68596823880092002B40F0C182C14B71
:10A9BC00D3E90045C04FC14B009A97F800C0C3E9DA
:10A9CC000021C3E91245BCF1000F00F01183DFF840
:10A9DC0008E3BEF800C0BCF1000F00F007830CF1D7
:10A9EC00FF3CAEF800C0DFF8F4E2DFF8D8C2DEF8C6
:10A9FC000080DFF8EC9208F101028CFB02ACDFF86E
:10AA0C00E4A201924FEAE27B9444CBEB2C3CBAF8E3
:10AA1C0000B059F8382008920BF1010BAAF800B0DD
:10AA2C0009EBC80ADFF8C082DAF804700997C8E9A4
:10AA3C000027019A4FF48C5808FB1C27CEF80070A5
:10AA4C00089F9F60099FDF609D4F97F800C0BCF185
:10AA5C00000F00F0C582DFF894E2BEF800C0BCF134
:10AA6C00000F00F0BB82DFF88892964FDFF884B2BB
:10AA7C00DFF884A20CF1FF3CAEF800C0D9F800E07E
:10AA8C000EF1010C87FB0C78E0444FEAEC77C7EB36
:10AA9C002832BBF80080019208F10108ABF8008065
:10AAAC000AEBCE085AF83E20D8F80470DFF84CE2D6
:10AABC000A92CEE90027019A0B974FF48C5E0EFB9D
:10AACC0012C7C9F800700A9F1F610B9F5F617E4F10
:10AADC0097F800C0BCF1000F00F07A82DFF820E29A
:10AAEC00BEF800C0BCF1000F00F07082DFF81492C9
:10AAFC00744FDFF814B2DFF814A20CF1FF3CAEF87F
:10AB0C0000C0D9F800E00EF1010C87FB0C78E04492
:10AB1C004FEAEC77C7EB2832BBF80080019208F1C2
:10AB2C000108ABF800800AEBCE085AF83E20D8F8A2
:10AB3C000470DFF8DCE10C92CEE90027019A0D9746
:10AB4C004FF48C5E0EFB12C7C9F800700C9F9F610E
:10AB5C000D9FDF615D4F97F800C0BCF1000F00F056
:10AB6C002F82DFF8B0E1BEF800C0BCF1000F00F09E
:10AB7C002582DFF8A491534FDFF8A0B1DFF8A0A134
:10AB8C000CF1FF3CAEF800C0D9F800E00EF1010C5E
:10AB9C0087FB0C78E0444FEAEC77C7EB2832BBF824
:10ABAC000080039208F10108ABF800800AEBCE0894
:10ABBC005AF83E20D8F80470DFF868E10192CEE92B
:10ABCC000027039A02974FF48C5E0EFB12C7C9F84C
:10ABDC000070019F1F62029F5F623D4F97F800C09B
:10ABEC00BCF1000F00F0E481DFF83CE1BEF800C0DE
:10ABFC00BCF1000F00F0DA81DFF83091314FDFF853
:10AC0C0030B1DFF830A10CF1FF3CAEF800C0D9F840
:10AC1C0000E00EF1010C87FB0C78E0444FEAEC7776
:10AC2C00C7EB2832BBF80080059208F10108ABF89D
:10AC3C0000800AEBCE085AF83E20D8F80470DFF8F2
:10AC4C00F8E00392CEE90027059A04974FF48C5E46
:10AC5C000EFB12C7C9F80070039F9F62049FDF624E
:10AC6C001C4F97F800C0BCF1000F00F09981DFF881
:10AC7C00CCE0BEF800C0BCF1000F00F08F81DFF813
:10AC8C00C090104FDFF8BCB0DFF8BCA00CF1FF3C5B
:10AC9C00AEF800C05AE000BF1600002074930420E8
:10ACAC0014000020608304204073042038730420B7
:10ACBC002863042020630420B8D60320D06204202B
:10ACCC00984A0320EBA00EEA78BE022058320220EC
:10ACDC0038A60120181A0120BAD60320BCD60320AE
:10ACEC00C8D603200E000020B0D603209A4A0320B9
:10ACFC009C4A03200C000020A84A0320904A032001
:10AD0C007ABE02207CBE02200A00002088BE0220EF
:10AD1C0070BE02205A3202205C3202200800002051
:10AD2C0068320220503202203AA601203CA60120B3
:10AD3C000600002048A6012030A601201A1A012086
:10AD4C001C1A012004000020281A0120D9F800E068
:10AD5C000EF1010C87FB0C78E0444FEAEC77C7EB63
:10AD6C002832BBF80080079208F10108ABF800808C
:10AD7C000AEBCE085AF83E20D8F80470DFF8C0E28F
:10AD8C000592CEE90027079A06974FF48C5E0EFBCE
:10AD9C0012C7C9F80070059F1F63069F5F63974F2A
:10ADAC0097F800C0BCF1000F00F0F180DFF8A8E2CA
:10ADBC00BEF800C0BCF1000F00F0E780DFF89C92F9
:10ADCC008F4FDFF89CB2DFF89CA20CF1FF3CAEF881
:10ADDC0000C0D9F800E00EF1010C87FB0C78E044C0
:10ADEC004FEAEC77C7EB2837BBF800805AF83E20C7
:10ADFC00079208F10108ABF800800AEBCE08DFF8E7
:10AE0C003CE2D8F804B0CEE9002B4FF48C5E0EFB7C
:10AE1C0017C7C9F800701746C3E90E7B794F97F82E
:10AE2C0000C0BCF1000F00F0AC80DFF83CE2BEF8D3
:10AE3C0000C0BCF1000F00F0A280DFF83092704F20
:10AE4C00D9F80020DFF828A20CF1FF3CAEF800C0C6
:10AE5C0002F1010C87FB0CE86B4FE0444FEAEC7EEF
:10AE6C00CEEB283EB7F8008008F10108A7F8008067
:10AE7C000AEBC208654F5AF832A0D8F80480C7E92B
:10AE8C0000A84FF48C5707FB1EC7C9F80070C3E924
:10AE9C0010A85F4B93F86870012F00F0C481022F4B
:10AEAC0000F09482032F00F00C8693F8D400012854
:10AEBC0000F0E880022800F05283032800F0788428
:10AECC00544A138801331380534A13880133138077
:10AEDC000FB0BDE8F08F504A1388013313807047D0
:10AEEC0070474E4C013B138023685A1C5142C1F3EE
:10AEFC000801C2F3080258BF4A4222605A42C2F308
:10AF0C000802C3F3080358BF5342454A454C02EBB1
:10AF1C00C30152F833204968434B0092C3E9002126
:10AF2C00238801332380414C2388002B3FF43FAD11
:10AF3C00DFF840E13E4F3F4D013B2380DEF800300F
:10AF4C005C1CD4F1000CCCF3080CC4F3080458BFFF
:10AF5C00CCF10004CEF800405C42C4F30804C3F307
:10AF6C00080358BF63423C8801343C8005EBC3079F
:10AF7C0055F833407D68304BC3E900451AE587F836
:10AF8C0000C0224FD7E900A881E787F800C02B4FFB
:10AF9C003A68D7F804B0079217463DE787F800C027
:10AFAC00274F3A6805927A680692F4E687F800C053
:10AFBC00244F3A6803927A6804924DE687F800C0F1
:10AFCC00214F3A6801927A68029202E687F800C033
:10AFDC001E4F3A680C927A680D92B7E587F800C05C
:10AFEC001B4F3A680A927A680B926CE587F800C09E
:10AFFC00184F3A6808927A68099221E5F88D00207A
:10B00C00EBA00EEAD801002000000020D0010020A7
:10B01C00F4000020588304206C9304204473042013
:10B02C00507304201200002038730420286304207D
:10B03C00100000203863042020630420F08D0020D1
:10B04C00101A012030A601205032022070BE0220BE
:10B05C00904A0320B0D60320FA8D0020FC8D0020EE
:10B06C0002000020088E0020DA010020DC01002004
:10B07C00E80100202C63042000000000000000CF39
:10B08C000000004F93F86C00002840F045835FED02
:10B09C00067AB0EE677A93F86D206AB1DDED086A36
:10B0AC00F8EEE65ADDED096AB8EEE66AD3ED1F6AF2
:10B0BC00A5EEA67AE6EE267A93F86E206AB1DDED5F
:10B0CC000A6AF8EEE65ADDED0B6AB8EEE66AD3EDE5
:10B0DC00206AA5EEA67AE6EE267A93F86F206AB17E
:10B0EC00DDED0C6AF8EEE65ADDED0D6AB8EEE66AB7
:10B0FC00D3ED216AA5EEA67AE6EE267A93F87020B7
:10B10C006AB1DDED016AF8EEE65ADDED026AB8EEE1
:10B11C00E66AD3ED226AA6EEA57AE6EE867A93F875
:10B12C0071206AB1DDED036AF8EEE65ADDED046AD2
:10B13C00B8EEE66AD3ED236AA6EEA57AE6EE867A39
:10B14C0093F872206AB1DDED056AF8EEE65ADDED92
:10B15C00066AB8EEE66AD3ED246AA6EEA57AE6EEA8
:10B16C00867A93F873206AB1DDED076AF8EEE65A39
:10B17C0006EE90BAB8EEE66AD3ED256AA6EEA57A8D
:10B18C00E6EE867A93F874206AB106EE90AA06EE83
:10B19C00108AF8EEE65AB8EEC66AD3ED266AA6EE29
:10B1AC00A57AE6EE867A93F875206AB106EE104A17
:10B1BC00F8EEC65A06EE105AD3ED276AB8EEC66AF8
:10B1CC00A5EEA67AE6EE267A5FED536AB4EEE67A41
:10B1DC00F1EE10FA00F2D1825FED586AB4EEE67A25
:10B1EC00F1EE10FAC0F2C982BDEEC77A17EE103A32
:10B1FC001FED5D7A704AF4EEC77AF1EE10FA42F860
:10B20C00363000F2B6829FED6F7AF4EEC77AF1EE2B
:10B21C0010FAC0F2AE82FDEEE77A17EE903A02EB2E
:10B22C00C60253604CE61F78002F40F06682DFEDBB
:10B23C00647AF0EE676A5F786FB19DED087A93EDF2
:10B24C00046AB8EEC77AE6EE076A9DED097AB8EEA5
:10B25C00C77AE6EE077A9F786FB19DED0A7A93ED87
:10B26C00056AB8EEC77AE6EE076A9DED0B7AB8EE82
:10B27C00C77AE6EE077ADF786FB19DED0C7A93ED25
:10B28C00066AB8EEC77AE6EE076A9DED0D7AB8EE5F
:10B29C00C77AE6EE077A1F796FB19DED017A93EDCF
:10B2AC00076AB8EEC77AE6EE076A9DED027AB8EE49
:10B2BC00C77AE6EE077A5F796FB19DED037A93ED6D
:10B2CC00086AB8EEC77AE6EE076A9DED047AB8EE26
:10B2DC00C77AE6EE077A9F796FB19DED057A93ED0B
:10B2EC00096AB8EEC77AE6EE076A9DED067AB8EE03
:10B2FC00C77AE6EE077ADF796FB19DED077A93EDA9
:10B30C000A6AB8EEC77AE6EE076A07EE10BAB8EE2C
:10B31C00C77AE6EE077A1F7A6FB107EE10AA93EDA3
:10B32C000B6AB8EEC77AE6EE076A07EE108AB8EE3B
:10B33C00C77AE6EE077A5F7A6FB107EE104A93EDA3
:10B34C000C6AB8EEC77AE7EE066A07EE105AB8EE4A
:10B35C00C77AE7EE067A9FED1C7AF4EEC76AF1EE37
:10B36C0010FA00F20C829FED177AF4EEC76AF1EE38
:10B37C0010FAC0F20482BDEEE67A17EE107A9FED59
:10B38C00127ADFF838C0F4EEC77AF1EE10FA4CF806
:10B39C00307000F2F0819FED0B7AF4EEC77AF1EE8B
:10B3AC0010FAC0F2E881FDEEE77A17EE907A0CEB1A
:10B3BC00C00CCCF8047078E56483042078930420E6
:10B3CC0000000000000000CF0000004F1F78002F8D
:10B3DC0040F0C0815FED067AF0EE676A5F786FB17E
:10B3EC009DED087A93ED046AB8EEC77AE6EE076A2B
:10B3FC009DED097AB8EEC77AE6EE077A9F786FB1C1
:10B40C009DED0A7A93ED056AB8EEC77AE6EE076A07
:10B41C009DED0B7AB8EEC77AE6EE077ADF786FB15E
:10B42C009DED0C7A93ED066AB8EEC77AE6EE076AE4
:10B43C009DED0D7AB8EEC77AE6EE077A1F796FB1FB
:10B44C009DED017A93ED076AB8EEC77AE6EE076ACE
:10B45C009DED027AB8EEC77AE6EE077A5F796FB1A6
:10B46C009DED037A93ED086AB8EEC77AE6EE076AAB
:10B47C009DED047AB8EEC77AE6EE077A9F796FB144
:10B48C009DED057A93ED096AB8EEC77AE6EE076A88
:10B49C009DED067AB8EEC77AE6EE077ADF796FB1E2
:10B4AC009DED077A93ED0A6AB8EEC77AE6EE076A65
:10B4BC0007EE10BAB8EEC77AE6EE077A1F7A6FB1CC
:10B4CC0007EE10AA93ED0B6AB8EEC77AE6EE076AA0
:10B4DC0007EE108AB8EEC77AE6EE077A5F7A6FB19C
:10B4EC0007EE104A93ED0C6AB8EEC77AE7EE066ADF
:10B4FC0007EE105AB8EEC77AE7EE067A1FED4E7AD1
:10B50C00F4EEC76AF1EE10FA00F23D811FED537AAA
:10B51C00F4EEC76AF1EE10FAC0F23581BDEEE67AB0
:10B52C0017EE107A1FED587ADFF878C2F4EEC77A6E
:10B53C000CEBC00EF1EE10FACEF8047000F2218183
:10B54C009FED947AF4EEC77AF1EE10FAC0F21981FD
:10B55C00FDEEE77A17EE907A4CF83070A5E493F88C
:10B56C006C00002840F0E780DFED8B7AB0EE677A54
:10B57C0093F86D206AB1DDED086AF8EEE65ADDED60
:10B58C00096AB8EEE66AD3ED1F6AA6EEA57AE6EE76
:10B59C00867A93F86E206AB1DDED0A6AF8EEE65A07
:10B5AC00DDED0B6AB8EEE66AD3ED206AA6EEA57A5D
:10B5BC00E6EE867A93F86F206AB1DDED0C6AF8EE50
:10B5CC00E65ADDED0D6AB8EEE66AD3ED216AA6EE19
:10B5DC00A57AE6EE867A93F870206AB1DDED016A01
:10B5EC00F8EEE65ADDED026AB8EEE66AD3ED226AB1
:10B5FC00A6EEA57AE6EE867A93F871206AB1DDEDB7
:10B60C00036AF8EEE65ADDED046AB8EEE66AD3EDAD
:10B61C00236AA6EEA57AE6EE867A93F872206AB1D2
:10B62C00DDED056AF8EEE65ADDED066AB8EEE66A7F
:10B63C00D3ED246AA6EEA57AE6EE867A93F873200B
:10B64C006AB1DDED076AF8EEE65A06EE90BAB8EE8E
:10B65C00E66AD3ED256AA6EEA57AE6EE867A93F82D
:10B66C0074206AB106EE90AA06EE108AF8EEE65A3D
:10B67C00B8EEC66AD3ED266AA6EEA57AE6EE867A11
:10B68C0093F875206AB106EE104AF8EEC65A06EE2B
:10B69C00105AD3ED276AB8EEC66AA5EEA67AE6EE86
:10B6AC00267ADFED3E6AB4EEE67AF1EE10FA6ED849
:10B6BC00DFED386AB4EEE67AF1EE10FA67DBBDEE38
:10B6CC00C77A17EE103A364A9FED347A02EBC60170
:10B6DC00F4EEC77AF1EE10FA4B6056D89FED2D7A46
:10B6EC00F4EEC77AF1EE10FA4FDBFDEEE77A17EEC7
:10B6FC00903A42F83630FFF7E3BBDDED007A93ED7C
:10B70C00037AF8EEE76A07EE901AF8EEE77A66EE3F
:10B71C00876A67EE877A8EE5DDED007AD3ED1E6AD7
:10B72C00B8EEE77A07EE901AF8EEE77A27EE267A6B
:10B73C0067EEA67AAFE4DDED007AD3ED1E6AB8EEC3
:10B74C00E77A07EE901AF8EEE77A27EE267A67EE9C
:10B75C00A67A0DE7DDED007A93ED037AF8EEE76A51
:10B76C0007EE901AF8EEE77A66EE876A67EE877A4C
:10B77C0034E6002353E5002719E6002338E50027BB
:10B78C00FDE50027E8E60027CCE60023B1E700231F
:10B79C0099E700BF000000CF000000000000004F40
:10B7AC006483042078930420000080CF0000804F35
:10B7BC0093F86C00002800F00983DDED007AD3EDDE
:10B7CC001E6AB8EEE77A07EE901AF8EEE77A37EED3
:10B7DC00277A27EE266A93F86D0068B1DDED087ABA
:10B7EC009DED097AD3ED1F6AF8EEE77AB8EEC77AC9
:10B7FC0077EE877AA6EEA76A93F86E0068B1DDED56
:10B80C000A7A9DED0B7AD3ED206AF8EEE77AB8EE62
:10B81C00C77A77EE877AA6EEA76A93F86F0068B1BD
:10B82C00DDED0C7A9DED0D7AD3ED216AF8EEE77A19
:10B83C00B8EEC77A77EE877AA6EEA76A93F870000F
:10B84C0068B1DDED017A9DED027AD3ED226AF8EE56
:10B85C00E77AB8EEC77A77EE877AA6EEA76A93F8FE
:10B86C00710068B1DDED037A9DED047AD3ED236AA6
:10B87C00F8EEE77AB8EEC77A77EE877AA6EEA76A83
:10B88C0093F8720068B1DDED057A9DED067AD3ED83
:10B89C00246AF8EEE77AB8EEC77A77EE877AA6EEE6
:10B8AC00A76A93F8730068B1DDED077AD3ED256ACA
:10B8BC0007EE10BAF8EEE77AB8EEC77A77EE877A29
:10B8CC00A6EEA76A93F8740068B107EE90AA07EE8B
:10B8DC00108AF8EEE77AB8EEC77AD3ED266A77EEDF
:10B8EC00877AA6EEA76A93F8750068B107EE904ABE
:10B8FC0007EE105AF8EEE77AB8EEC77AD3ED276A5E
:10B90C0077EE877AA7EEA66A93F8A000002800F0DD
:10B91C006382DDED007AD3ED2B6A07EE101AF8EE98
:10B92C00E77AB8EEC77A77EE877A67EEA67A93F85D
:10B93C00A1206AB19DED087ADDED096AD3ED2C5A90
:10B94C00B8EEC77AF8EEE66A37EE267AE5EE877A35
:10B95C0093F8A2206AB19DED0A7ADDED0B6AD3ED66
:10B96C002D5AB8EEC77AF8EEE66A37EE267AE5EE8F
:10B97C00877A93F8A3206AB19DED0C7ADDED0D6A00
:10B98C00D3ED2E5AB8EEC77AF8EEE66A37EE267A81
:10B99C00E5EE877A93F8A4206AB19DED017ADDED8E
:10B9AC00026AD3ED2F5AB8EEC77AF8EEE66A37EE94
:10B9BC00267AE5EE877A93F8A5206AB19DED037A95
:10B9CC00DDED046AD3ED305AB8EEC77AF8EEE66ACC
:10B9DC0037EE267AE5EE877A93F8A6206AB19DEDCC
:10B9EC00057ADDED066AD3ED315AB8EEC77AF8EE7A
:10B9FC00E66A37EE267AE5EE877A93F8A7206AB1E5
:10BA0C009DED077AD3ED325A06EE90BAB8EEC77AAE
:10BA1C00F8EEE66A37EE267AE5EE877A93F8A820F8
:10BA2C006AB107EE10AA06EE908AB8EEC77AF8EE65
:10BA3C00E66AD3ED335A37EE267AE5EE877A93F839
:10BA4C00A9206AB107EE104A06EE905AB8EEC77AF2
:10BA5C00F8EEE66AD3ED345A37EE267AE7EE257A1D
:10BA6C001FEDAE7AB4EEC76AF1EE10FA00F2A781C0
:10BA7C001FEDB37AB4EEC76AF1EE10FAC0F29F81F3
:10BA8C00B6EE007A26EE077ABDEEC77A17EE103ABC
:10BA9C001FEDBA7AD24AF4EEC77AF1EE10FA42F8F8
:10BAAC0036303FF666AE9FEDCF7AF4EEC77AF1EE04
:10BABC0010FAFFF65EAEB6EE007A67EE877AFFF705
:10BACC00AABB1F78002F00F08481DDED007AD3ED46
:10BADC00036AB8EEE77A07EE901AF8EEE77A37EEDB
:10BAEC00277A27EE267A5F786FB1DDED087ADDEDE7
:10BAFC00096A93ED046AF8EEE77AF8EEE66A77EEF7
:10BB0C00A67AA6EE277A9F786FB1DDED0A7ADDED85
:10BB1C000B6A93ED056AF8EEE77AF8EEE66A77EED3
:10BB2C00A67AA6EE277ADF786FB1DDED0C7ADDED23
:10BB3C000D6A93ED066AF8EEE77AF8EEE66A77EEB0
:10BB4C00A67AA6EE277A1F796FB1DDED017ADDEDCD
:10BB5C00026A93ED076AF8EEE77AF8EEE66A77EE9A
:10BB6C00A67AA6EE277A5F796FB1DDED037ADDED6B
:10BB7C00046A93ED086AF8EEE77AF8EEE66A77EE77
:10BB8C00A67AA6EE277A9F796FB1DDED057ADDED09
:10BB9C00066A93ED096AF8EEE77AF8EEE66A77EE54
:10BBAC00A67AA6EE277ADF796FB1DDED077A93EDF1
:10BBBC000A6A06EE90BAF8EEE77AF8EEE66A77EEE5
:10BBCC00A67AA6EE277A1F7A6FB107EE90AA06EE38
:10BBDC00908AF8EEE77AF8EEE66A93ED0B6A77EE68
:10BBEC00A67AA6EE277A5F7A6FB107EE904A06EE38
:10BBFC00905AF8EEE77AF8EEE66A93ED0C6A77EE77
:10BC0C00A67AA7EE867A93F83470002F00F0DB80CA
:10BC1C00DDED007A93ED106A06EE901AF8EEE77AF5
:10BC2C00F8EEE66A77EEA67A67EE867A93F83570C8
:10BC3C006FB1DDED086A9DED096AD3ED115AF8EE8E
:10BC4C00E66AB8EEC66A76EE866AE5EEA67A93F8F0
:10BC5C0036706FB1DDED0A6A9DED0B6AD3ED125AA9
:10BC6C00F8EEE66AB8EEC66A76EE866AE5EEA67A75
:10BC7C0093F837706FB1DDED0C6A9DED0D6AD3ED65
:10BC8C00135AF8EEE66AB8EEC66A76EE866AE5EE08
:10BC9C00A67A93F838706FB1DDED016A9DED026AFA
:10BCAC00D3ED145AF8EEE66AB8EEC66A76EE866AFA
:10BCBC00E5EEA67A93F839706FB1DDED036A9DED70
:10BCCC00046AD3ED155AF8EEE66AB8EEC66A76EE5B
:10BCDC00866AE5EEA67A93F83A706FB1DDED056AE7
:10BCEC009DED066AD3ED165AF8EEE66AB8EEC66A12
:10BCFC0076EE866AE5EEA67A93F83B706FB1DDEDD1
:10BD0C00076AD3ED175A06EE10BAF8EEE66AB8EEEB
:10BD1C00C66A76EE866AE5EEA67A93F83C706FB149
:10BD2C0006EE90AA06EE108AF8EEE66AB8EEC66A3F
:10BD3C00D3ED185A76EE866AE5EEA67A93F83D7046
:10BD4C006FB106EE904A06EE105AF8EEE66AB8EEBF
:10BD5C00C66AD3ED195A76EE866AE6EEA57ADFED61
:10BD6C00226AB4EEE67AF1EE10FA2AD8DFED1D6AFB
:10BD7C00B4EEE67AF1EE10FA23DBF6EE006A27EE6B
:10BD8C00267ABDEEC77A17EE107A9FED177ADFF898
:10BD9C0060C0F4EEC77AF1EE10FA4CF830703FF652
:10BDAC00EAAC9FED107AF4EEC77AF1EE10FAFFF6DA
:10BDBC00E2ACB6EE007A67EE877AFFF7F4BA0023AE
:10BDCC0066E60027E1E7DFED097A2FE79FED076ACA
:10BDDC0001E59FED067A86E6DFED047AA7E500BF64
:10BDEC0064830420000080CF0000804F000000001E
:10BDFC00789304204FF0E0222DE9F843F549F64CF6
:10BE0C005461F64BF02000244FF0070881F8230012
:10BE1C009461C2F81080D3F8201AD3F8100AD3F822
:10BE2C00145AD3F8186A6FF03A024FF6FF73FCF706
:10BE3C00BFF93046294616461D466FF03A024FF6BA
:10BE4C00FF73FCF7B5F95640E54AE64916606B40BE
:10BE5C0013714FF000601B0A537101F003FD62B6C1
:10BE6C00E14EE24FE24DDFF8A09340F6024001F0C4
:10BE7C0005FD214630464FF40073022201F0B8FA5A
:10BE8C004FF4007322463046022101F0FFF94FF4C3
:10BE9C0000720421304601F025FB4FF4406001F0A4
:10BEAC00EDFC214638464FF48073022201F0A0FAD3
:10BEBC004FF4807322463846022101F0E7F94FF423
:10BECC0080720421384601F00DFB41F2170001F09D
:10BEDC00D5FC22462846C74901F076FB234622466C
:10BEEC002146284601F0DAFB284601F0F9FB2246F0
:10BEFC002146482001F06AFC21460122492001F02C
:10BF0C0065FC40F6024001F0B9FC214630460423A2
:10BF1C00022201F06DFA224604233046012101F081
:10BF2C00B5F90421304601F0D9FA4FF4406001F024
:10BF3C00A5FC02231A462146384601F059FA022381
:10BF4C0019462246384601F0A1F902220B21384647
:10BF5C0001F0C8FA4FF4406001F090FC21463846DD
:10BF6C000423022201F044FA04232246384602211B
:10BF7C0001F08CF904220B21384601F0B3FA40F69B
:10BF8C00024001F07BFC02231A462146304601F0A8
:10BF9C002FFA022319462246304601F077F9022285
:10BFAC000B21304601F09EFA4FF4406001F066FC24
:10BFBC00214638468023022201F01AFA80232246B9
:10BFCC003846022101F062F980220B21384601F03B
:10BFDC0089FA40F6024001F051FC2146304610230C
:10BFEC00022201F005FA102322463046022101F00C
:10BFFC004DF910220B21304601F074FA40F6024044
:10C00C0001F03CFC214630462023022201F0F0F9DD
:10C01C00202322463046022101F038F920220B2140
:10C02C00304605F5D43501F05DFA40F6014001F0DB
:10C03C0025FC214628464FF40063022201F0D8F972
:10C04C004FF4006322462846022101F01FF94FF4F9
:10C05C0000620B21284601F045FA40F6014001F040
:10C06C000DFC214628464FF48053022201F0C0F902
:10C07C004FF4805322462846022101F007F94FF471
:10C08C0080520B21284601F02DFA40F6014001F0B8
:10C09C00F5FB214628464FF40053022201F0A8F983
:10C0AC004FF4005322462846022101F0EFF84FF4DA
:10C0BC0000520B21284601F015FA41F20E1001F046
:10C0CC00DDFB4FF4000001F0ADFD40F6194001F02E
:10C0DC00D5FB40F61A4001F0D1FB40F61B4001F0B5
:10C0EC00CDFB00F095FC00F0B3FC224621464FF44A
:10C0FC00904000F071FE102001F028F8FDF706FDCD
:10C10C00DFF808E13C48DFF808C13C493C4A4FF0F5
:10C11C00FF33CEF8003003603A4BCCF80030FD23EF
:10C12C000B7040F60340F223137001F0A7FB21467D
:10C13C0048464FF48053022201F05AF922464FF43C
:10C14C0080530121484601F0A1F840F6014001F06E
:10C15C0095FB214628468023022201F049F922460C
:10C16C0080230121284601F091F840F6014001F0AE
:10C17C0085FB214628464FF40043022201F038F992
:10C18C004FF4004322462846022101F07FF84FF479
:10C19C0000420521284601F0A5F940F6034001F0C4
:10C1AC006DFB02231A462146484601F021F9022371
:10C1BC0019462246484601F069F841460222484693
:10C1CC0001F090F940F6024001F058FB2146304650
:10C1DC0020E000BF00ED00E03E0D03000070FF1FEB
:10C1EC0050C60420008000080008024000000240F5
:10C1FC00005C0040801A0600E4C50420DCC3042067
:10C20C00D8C30420F0000101000C0240E8C5042052
:10C21C00E0C304208023022201F0EAF880232246A6
:10C22C003046022101F032F880220521304601F01F
:10C23C0059F940F6024001F021FB214630464023DB
:10C24C00022201F0D5F8402322463046022101F0AB
:10C25C001DF840220521304601F044F940F601401A
:10C26C0001F00CFB214628464FF48043022201F0DA
:10C27C00BFF84FF4804322462846022101F006F80D
:10C28C004FF480420621284601F02CF9FDF78CFC76
:10C29C0040F6014001F0F2FA214628462023022202
:10C2AC0001F0A6F8202322462846022100F0EEFFDA
:10C2BC0020220621284601F015F94FF4406001F0C8
:10C2CC00DDFA214638464FF40043022201F090F883
:10C2DC004FF4004322463846022100F0D7FF38467F
:10C2EC004FF40042062101F0FDF840F6014001F048
:10C2FC00C5FA214628460823022201F079F80823C2
:10C30C0022462846022100F0C1FF082206212846B9
:10C31C0001F0E8F840F6014001F0B0FA2146284659
:10C32C004FF48063022201F063F84FF480632246DD
:10C33C002846022100F0AAFF4FF48062062128460D
:10C34C0001F0D0F840F6024001F098FA2146304650
:10C35C004FF40063022201F04BF84FF400632246C5
:10C36C003046022100F092FF30464FF40062052166
:10C37C0001F0B8F8FDF7CAFC48464FF4805101F0C3
:10C38C00ADF828468021BDE8F84301F0A7B800BFFE
:10C39C002DE9F04F4FF0000B504D83B0D946D846E5
:10C3AC005F465E465C462CE0AAEB0603B3F57A7F4B
:10C3BC0036D2AAEB0703632B39D8AAEB08024EF648
:10C3CC005F239A423CD8AAEB0903B3F5FA7F3FD21C
:10C3DC00AAEB0B03B3F5FA6F42D200F033FF01283E
:10C3EC0002D93F4800F0B8F82B78002B41D1FDF76B
:10C3FC0081FDFDF7BFFEFDF7F5FFFEF767F9FEF7D0
:10C40C00A1FA384BD3F800A0AAEB0403092BCBD923
:10C41C00FDF758FAAAEB0603B3F57A7F5446C8D356
:10C42C0004F0A6FBAAEB0703632B5646C5D905F00F
:10C43C00D5F9AAEB08024EF65F239A425746C2D9A9
:10C44C0003F090FFAAEB0903B3F5FA7FD046BFD3F4
:10C45C0004F092F8AAEB0B03B3F5FA6FD146BCD3F8
:10C46C001F4804F0E9F810B11F4B1B7843B9D346B1
:10C47C00B3E71B4804F0E0F830B900232B70B6E7A3
:10C48C00FDF7C4F9D346A8E7184B1949D3F800A017
:10C49C00184B50461A8802F0C9FD0028EDD14122F4
:10C4AC000621154802F064F941220090042113483A
:10C4BC0002F05EF901460190009802F067FA0099CB
:10C4CC00504602F067FD504602F0DEFD009802F087
:10C4DC0035FA019B184602F031FACEE7D5C3042099
:10C4EC00F8C5042058C60420D00000203CC6042007
:10C4FC00E8C50420B800002050C60420E0C3042086
:10C50C0008B5FFF777FCFFF743FF00BF114B186826
:10C51C000368002B00DAFEE770B50C46012100F031
:10C52C001DFE064684B1002562896168701906F00B
:10C53C009FF8638924681D44002CF5D129460020FE
:10C54C0000F046FB002070BD2146002000F040FBAF
:10C55C00002070BDA8C604202DE9F0411D4D02211C
:10C56C008046286800F0FAFD05210446286800F092
:10C57C00F5FD4FF4C1720646A1B2002002F06CF832
:10C58C000746F8B10446002562896068711906F007
:10C59C006FF8638924681D44002CF5D12146204690
:10C5AC0000F0C6FAD8F81030414638469847044691
:10C5BC0010B92046BDE8F081384602F0BFF920469C
:10C5CC00BDE8F08101464FF0FF3400F0B1FA20468F
:10C5DC00BDE8F081A4C6042038B50446154B164AB4
:10C5EC00E36216496161062344F2474004F13201CB
:10C5FC006087A26184F83830002000F05BFB40F2C9
:10C60C00DC522E23228684F839304FF4E00000F0FF
:10C61C0035FA4FF460200A4C00F030FA04F1500562
:10C62C002046103400F0C4FDAC42F9D100F01CFBE4
:10C63C00002038BD9029010819C50008990F010880
:10C64C008402052001EB410C00EBCC0303291A6991
:10C65C0022F001021A614FF000021A615A619A61CC
:10C66C00DA611A625A620BD849084FEA4C0C82689C
:10C67C000CEB810C3D2303FA0CF3134383607047DE
:10C68C000439CBB203EB4303C1F340015B0010B49C
:10C69C0003EB8103C4683D2202FA03F32343C36016
:10C6AC005DF8044B704700BF01EB410100EBC1008A
:10C6BC0030B4436A23F004034362136883619368C4
:10C6CC00C361D36943611469136A01699569234392
:10C6DC0021F45E312B4321F0C00143EA84030B4368
:10C6EC00036153688BB9036943F400730361D36826
:10C6FC00B3B9036943F4806303615369BBB903693C
:10C70C0043F4807330BC03617047012B03690CBF89
:10C71C0023F4007343F400430361D368002BE8D087
:10C72C00036923F4806303615369002BE7D0036929
:10C73C0023F4807330BC0361704700BF01EB4101EF
:10C74C00C90010300B5843F001030B50704700BF69
:10C75C0001EB4101C90010300B5823F0606343EA30
:10C76C0042630B50704700BF01EB4101802A4FEA36
:10C77C00C10104D010300B5813430B5070472430B8
:10C78C000B5843F080030B50704700BF032910B4C3
:10C79C0018D8013A1F2A11D8DFE802F07A10108A53
:10C7AC001010109A10101010101010AA1010101059
:10C7BC001010101010101010101010BA00205DF88E
:10C7CC00044B70470B1F013ADBB21F2AF6D80FF24D
:10C7DC00080C5CF822F000BF3DC90008C9C700086E
:10C7EC00C9C7000867C90008C9C70008C9C700083D
:10C7FC00C9C7000891C90008C9C70008C9C7000803
:10C80C00C9C70008C9C70008C9C70008C9C70008BC
:10C81C00C9C70008BBC90008C9C70008C9C70008B8
:10C82C00C9C70008C9C70008C9C70008C9C700089C
:10C83C00C9C70008C9C70008C9C70008C9C700088C
:10C84C00C9C70008C9C70008C9C70008C9C700087C
:10C85C00C9C7000865C8000801EB41014468C3F36F
:10C86C004002103003EB4303C9004FEA430C0CEBBE
:10C87C00820C20230A5803FA0CF0204002F010031B
:10C88C0000289CD0181E18BF01205DF8044B70477F
:10C89C0001EB410350F8244B5A00DB0049081B58AC
:10C8AC0002EB810201209040204003F08003E7E777
:10C8BC0001EB410350F8104B5A00DB0049081B58A0
:10C8CC0002EB810204209040204003F00203D7E7E2
:10C8DC0001EB410350F8104B5A00DB0049081B5880
:10C8EC0002EB810208209040204003F00403C7E7CC
:10C8FC0001EB410350F8104B5A00DB0049081B5860
:10C90C0002EB810210209040204003F00803B7E7AF
:10C91C0001EB410350F8104B5A00DB0049081B583F
:10C92C0002EB810220209040204003F01003A7E787
:10C93C0001EB41014468C3F34002243003EB430391
:10C94C00C9004FEA430C0CEB820C01230A5803FA82
:10C95C000CF0204002F0800392E701EB41014468A7
:10C96C00C3F34002103003EB4303C9004FEA430CFE
:10C97C000CEB820C04230A5803FA0CF0204002F052
:10C98C0002037DE701EB41014468C3F34002103020
:10C99C0003EB4303C9004FEA430C0CEB820C082356
:10C9AC000A5803FA0CF0204002F0040368E701EB8C
:10C9BC0041014468C3F34002103003EB4303C90048
:10C9CC004FEA430C0CEB820C10230A5803FA0CF0C0
:10C9DC00204002F0080353E703290BD84FEA510C0F
:10C9EC0001EB41014B0003EB8C0381689A400A4335
:10C9FC00826070470439CBB203EB4303C1F34001AF
:10CA0C005B0003EB8103C1689A400A43C260704724
:10CA1C0008B540F2194000F03FFF40F2194000F019
:10CA2C0049FF0A4B002200200021C3E90C01C3E995
:10CA3C000022C3E90222C3E90422C3E90622C3E9A6
:10CA4C000822C3E90A229A6308BD00BF60C604200D
:10CA5C000849094B0A6842F001020A6001E0013BF7
:10CA6C0002D00A68D207FAD4024B1868C04300F00F
:10CA7C000100704700900240FFFF0400B0F5E00F8A
:10CA8C0070B437D0214C2249224B234ACC604FF052
:10CA9C0000401C6044F2F4512346204DDC64002419
:10CAAC002C601F4D18602C6002F58E5502F5BE549B
:10CABC001C35103403F110069D63596003F14005D9
:10CACC009A60186159611862596218635963186445
:10CADC0059649C6403F1200002F2F45403F1300118
:10CAEC0002F6E832C3E90640DE60DD63C3E90A21E1
:10CAFC0070BC70470B4C064A0B4B14614FF4801002
:10CB0C001C600A4A00212346C7E700BF84020520A7
:10CB1C0000900240A4C6042070E404209CC60420AB
:10CB2C00A0C6042034020520A8C60420ACC60420EC
:10CB3C0070B4244C23681A68002A05DB28B302F46D
:10CB4C000345B5F5407F02D0002070BC70471E4DE8
:10CB5C002E68B601C2F30D4501D5960600D4043DEE
:10CB6C008D42F1D88DB19B68012D1B7803700BD0D1
:10CB7C00411E2944024623689B6801331B1A9B5CA7
:10CB8C0002F8013F8A42F6D12368104A4FF0004167
:10CB9C0019605169080603D580200021506191600D
:10CBAC005A68510403D5DB6823600120CDE71204D9
:10CBBC0001D5064BF7E7054A1268C2F3840210321E
:10CBCC001344F1E7A4C60420008002400090024008
:10CBDC0030B5234C23681A68002A33DB40F2F45535
:10CBEC00A9422FD8B8B1B1B19B6802781A7001294B
:10CBFC000FD000EB010E0EF1FF3E024623689B683E
:10CC0C0001331B1A134412F801CF83F800C072458C
:10CC1C00F4D123681A68134D42F03042C3E9002165
:10CC2C006969686901F0040100F02000014303D038
:10CC3C00002269616A601A68D10205D5DB6823603D
:10CC4C00012030BD002030BD920202D5054B1B697E
:10CC5C00F5E7044A1268C2F3840210321344EEE77B
:10CC6C00A8C60420009002400F4810490268104BDF
:10CC7C0042F0080202608A6942F480128A6101E083
:10CC8C00013B02D08A69D202FAD4084B06499A6950
:10CC9C0042F400529A610A6842F004020A609A69EE
:10CCAC0042F002029A6170470080024000900240FC
:10CCBC00FFFF0400034B8A88C25004330A68C25039
:10CCCC00704700BF4080024010B5374B82B0012046
:10CCDC001C6900F0B7FE354B354A0344934224F0EF
:10CCEC001C043FD244F008042F49324B0C610A69F2
:10CCFC0022F47F4222F0C3024FF4004042F00302C0
:10CD0C0048610A6101E0013B02D00A69D407FAD4F8
:10CD1C00254B1B6913F001032DD1264A0193019277
:10CD2C00019B2BB1019B013B0193019B002BF9D182
:10CD3C001D49204B0A6922F47F4222F0C30242F0C3
:10CD4C0001020A6101E0013B02D00A69D007FAD462
:10CD5C00154B1A69D2070DD45869C043C0F3C030C3
:10CD6C0002B010BD144B154A0344934206D844F04C
:10CD7C000C04B9E75B69002002B010BD104B114ADE
:10CD8C0003449342B0D3104B104A0344934202D84D
:10CD9C0044F00404A8E70E4B0E4A03449342EAD82D
:10CDAC0044F01004A0E700BF0080024000D3CEFE88
:10CDBC00C0E1E400FFFF040040F1E9FD3F787D0194
:10CDCC0000796CFC005A6202001F0AFA7FF0FA022A
:10CDDC00802E0FF7804A5D05F0B583B006460D46F0
:10CDEC001446FFF771FF78B9934B00900093009BAA
:10CDFC002BB1009B013B0093009B002BF9D1FFF75B
:10CE0C0063FF002800F048818C4A8D4B11680B4061
:10CE1C001360002353609360D36091694FF64170A7
:10CE2C00014041F0800187489161D361876986494F
:10CE3C00394041F008718161016884490160012E1B
:10CE4C0000F02D811369F10823F47F43700823F05F
:10CE5C00C30301F4807100F4005043F00303014359
:10CE6C00516113617A4B01E0013B02D01169CF078C
:10CE7C00FAD4724B1B6913F0010340F00D816FF073
:10CE8C007F4201930192019B2BB1019B013B0193CA
:10CE9C00019B002BF9D1694A136823F4B0431E435C
:10CEAC0016606E050BD51368664943F480631360F6
:10CEBC008A6905F0806322F0806213438B615F49BD
:10CECC00644A4B681C434C601368D80713D50C6834
:10CEDC005368614824F0007424F080041840204307
:10CEEC00584C0860A1699B0821F0C00103F0C003F5
:10CEFC000B43A36113689F0709D5524990680B68CF
:10CF0C0023F0E06323F4803303430B6013685E0764
:10CF1C0009D54C49D0680B6823F47E0323F47C5369
:10CF2C0003430B6013681D0709D5464910690B684C
:10CF3C0023F4404323F0020303430B601368DC0625
:10CF4C0007D54049454B8C695069234003438B619D
:10CF5C001368980612D53B4C9369A069404920F0A0
:10CF6C008070194020F004000143A161216803F096
:10CF7C00800321F080010B4323601368590607D509
:10CF8C002E49D069CB695B0C5B040343CB611368FE
:10CF9C001F0617D5294C136AA0694FF6417108403A
:10CFAC0023F47F4121F0410101432648A161D0F8CF
:10CFBC0080101B0A21F0770103F077030B43C0F8B4
:10CFCC0080301368DE0503D51C4B516A99601368D9
:10CFDC009D0503D5194B916AD96013685C0509D579
:10CFEC001649D06A4B6823F4FB6323F00603034312
:10CFFC004B601368180509D51049106B0B6823F4A6
:10D00C00913323F0700303430B601368D90407D5E5
:10D01C000A49506B0B6823F4400303430B601368FD
:10D02C009B0406D50549926B0B6823F460231343CC
:10D03C000B60012003B0F0BDFFFF8F0000800240A9
:10D04C000F8130FD00900240233FDEF80060C102EA
:10D05C00FFFF040060C6042080000002E73FDEFDF5
:10D06C0004000001364B9C4516D0116921F47F4118
:10D07C0021F0C30141F003014FF480505061116164
:10D08C00304901E0013B02D00A69D007FAD42D4F98
:10D09C00396911F001011AD0002003B0F0BD2A4EFD
:10D0AC00274F9C461169264B314041F041011161DB
:10D0BC0001E0013B02D01069C107FAD4136953692E
:10D0CC005B070CF1010CCDD4BC45EBD1E4E71E4E53
:10D0DC00DFF86CE03A691A4B324042F041023A6197
:10D0EC0001E0013B02D03869C207FAD43B697B6985
:10D0FC00980601F1010102D47145EBD1CCE7104B3C
:10D10C009942C9D03A690F4922F47F4222F0C302F6
:10D11C0042F4F06242F001023A6101E0013B02D0BC
:10D12C000A69D207FAD4074B1A695B69C3F3800604
:10D13C00DB074FEAC6263FF5AEAE46F48046AAE6BC
:10D14C00FFFF0400008002403C00FFFF024A5368CE
:10D15C0003435360704700BF00800240052921D86B
:10D16C00DFE801F0050309161A03806870470068B0
:10D17C00C0F3C30070470368C3F30D4004280FD9F4
:10D18C000A4A1268920101D59B060AD404387047EA
:10D19C004068C0F30C007047C088C0F30C007047A7
:10D1AC00002070474FF0FF30704700BF00800240F6
:10D1BC00436823F000434360704700BF1E4A136866
:10D1CC0059684FF0004010B4186048040BD51B4848
:10D1DC00016800292AD00B68CC6814600BB303607B
:10D1EC005DF8044B704709040BD5144B14481968AF
:10D1FC00C06810600029F3D00A685DF8044B1A600F
:10D20C0070470F490D4C096820681033C1F3840135
:10D21C000B4413600028E3D0103020605DF8044B01
:10D22C00704710315DF8044B01607047DB685DF8A6
:10D23C00044B1360704700BFA4C604209CC6042096
:10D24C000090024008B50F4B1B681B68002B14DBC9
:10D25C0003F40342B2F5407F0BD103F02102212AE3
:10D26C0007D0094A12689201C3F30D4007D4043861
:10D27C0008BDFFF7A3FF012008BD002008BD9B06D9
:10D28C00F5D508BDA4C604200080024013F0010FA0
:10D29C0030B40568C46806D025F0030C24F00304F0
:10D2AC004CEA0105144313F0020F07D025F00C0CC7
:10D2BC0024F00C044CEA810544EA820413F0040FB8
:10D2CC0007D025F0300C24F030044CEA011544EA68
:10D2DC00021413F0080F07D025F0C00C24F0C00482
:10D2EC004CEA811544EA821413F0100F07D025F490
:10D2FC00407C24F440744CEA012544EA022413F0E7
:10D30C00200F07D025F4406C24F440644CEA8125AE
:10D31C0044EA822413F0400F07D025F4405C24F437
:10D32C0040544CEA013544EA023413F0800F07D024
:10D33C0025F4404C24F440444CEA813544EA8234D0
:10D34C0013F4807F07D025F4403C24F440344CEA9D
:10D35C00014544EA024413F4007F07D025F4402C25
:10D36C0024F440244CEA814544EA824413F4806F4F
:10D37C0007D025F4401C24F440144CEA015544EA2F
:10D38C00025413F4006F07D025F4400C24F440042D
:10D39C004CEA815544EA825413F4805F07D025F09F
:10D3AC00407C24F040744CEA016544EA026413F4B6
:10D3BC00005F07D025F0406C24F040644CEA816596
:10D3CC0044EA826413F4804F07D025F0405C24F0CB
:10D3DC0040544CEA017544EA02741B0444BF61F3E7
:10D3EC009F7562F39F740560C46030BC704700BFCA
:10D3FC00012941680CBF194399434160816813F0BE
:10D40C00010F1CBF21F00301114313F0020F1CBFCD
:10D41C0021F00C0141EA820113F0040F1CBF21F032
:10D42C00300141EA021113F0080F1CBF21F0C001BA
:10D43C0041EA821113F0100F1CBF21F4407141EA34
:10D44C00022113F0200F1CBF21F4406141EA82211C
:10D45C0013F0400F1CBF21F4405141EA023113F08C
:10D46C00800F1CBF21F4404141EA823113F4807FCC
:10D47C001CBF21F4403141EA024113F4007F1CBF70
:10D48C0021F4402141EA824113F4806F1CBF21F446
:10D49C00401141EA025113F4006F1CBF21F440010A
:10D4AC0041EA825113F4805F1CBF21F0407141EAC4
:10D4BC00026113F4005F1CBF21F0406141EA8261FC
:10D4CC0013F4804F1CBF21F0405141EA02711B0440
:10D4DC0048BF62F39F718160704700BF81617047E4
:10D4EC008162704710B4046A436A12F0010F1CBFCA
:10D4FC0024F00F040C4312F0020F1CBF24F0F004B4
:10D50C0044EA011412F0040F1CBF24F4706444EAC2
:10D51C00012412F0080F1CBF24F4704444EA0134B7
:10D52C0012F0100F1CBF24F4702444EA014412F0D2
:10D53C00200F1CBF24F4700444EA015412F0400F75
:10D54C001CBF24F0706444EA016412F0800F18BF11
:10D55C0061F31F7412F4807F1CBF23F00F030B4385
:10D56C0012F4007F1CBF23F0F00343EA011312F402
:10D57C00806F1CBF23F4706343EA012312F4006F25
:10D58C001CBF23F4704343EA013312F4805F1CBFC9
:10D59C0023F4702343EA014312F4005F1CBF23F40D
:10D5AC00700343EA015312F4804F1CBF23F07063E5
:10D5BC0043EA0163120448BF61F31F7304625DF810
:10D5CC00044B4362704700BFF8B5054602200C4679
:10D5DC00164600F037FA2C4B69682C4FA3FB00233E
:10D5EC009B0CB84234BF1A463C2221F03F01114338
:10D5FC00696027498C4212D801333B2B34D8022B5B
:10D60C0098BF02232B626400B0FBF4F4042CEB698A
:10D61C0038BF0424C4F30B041C43EC61F8BD1D4B50
:10D62C009C42FBD81C494FF4967302FB03F3A1FBFD
:10D63C0003139B0901332B62EA69C6B922F48042B9
:10D64C0004EB4404EA61B0FBF4F005F11C03C0F3F5
:10D65C000B020AB940F001001A6842F400421A6049
:10D66C001A6802431A60F8BD3C232B62CBE742F4E4
:10D67C00804204EB840404EB8404EA61B0FBF4F014
:10D68C0005F11C030246E4E783DE1B43008793038A
:10D69C00A0860100801A0600D34D621010B40468F5
:10D6AC00C3F3090324F002040C43134304605DF834
:10D6BC00044B8360704700BF036823F480630B4303
:10D6CC0003607047036823F400630B4303607047E7
:10D6DC0002320CBF21F0010141F0010101617047E0
:10D6EC00036843F001030360704700BF036843F411
:10D6FC0080730360704700BF036843F400730360DA
:10D70C00704700BF016170470069C0B2704700BF2D
:10D71C008A0910B401F01F01145801238B402343D4
:10D72C0013505DF8044B70474FEA911C01225CF8D2
:10D73C00003001F01F018A4023EA02034CF800304C
:10D74C00704700BFC1F3891270B4466815588A0D32
:10D75C0001F01F031458012202FA03F0C1F3044331
:10D76C009A400E4B21F48031994200EA050002EAFE
:10D77C00040205D072B1003818BF012070BC70478C
:10D78C000028FBD016F48060F8D0101E18BF0120C2
:10D79C0070BC7047104670BC704700BF090106058D
:10D7AC00094B99420CD04FEA915C01225CF8003095
:10D7BC00C1F304418A4023EA02034CF8003070475D
:10D7CC0043698369704700BF0901010510B4224CFD
:10D7DC00E36803F4E063B3F5E06F32D0E36803F47D
:10D7EC00E063B3F5C06F17D0E36803F4E063B3F5FF
:10D7FC00A06F0DD0E36803F4E063B3F5806F24D021
:10D80C00E36803F4E063B3F5407F22D0134BE3608D
:10D81C0002F00302022302E002F007020323104C81
:10D82C009940114323180901C9B283F80013420926
:10D83C00012300F01F00834044F822305DF8044BB4
:10D84C00704702F00F020423E9E702F00102012302
:10D85C00E5E700221346E2E700ED00E00005FA05DB
:10D86C0000E100E021F06041034B21F07F01014316
:10D87C009960BFF34F8F704700ED00E0830903F10F
:10D88C00804303F50E3300F01F001968012282401B
:10D89C000A431A60704700BF830903F1804303F504
:10D8AC000E3300F01F001968012282400A431A60EF
:10D8BC00704700BF830903F1804303F50E3300F07A
:10D8CC001F001A680121814022EA01021A60704788
:10D8DC00044AD2F8083823F400030343C2F808388A
:10D8EC00704700BF003002401C2814D81C2810D8E8
:10D8FC00DFE800F0490F0F0F0F0F0F0F0F0F0F0F77
:10D90C000F0F0F0F590F0F0F0F0F0F0F690F780F0E
:10D91C00870000207047B0F5E85F25D043F2100374
:10D92C0098420ED13E4B3F4901E0013B03D0D1F868
:10D93C00C0289203F9D53B4BD3F8C008C0F3404044
:10D94C007047B0F5E05FE4D136496FF0704301E009
:10D95C00013B03D0D1F870289207F9D5314BD3F89D
:10D96C007008C0F3400070472D4B2E4901E0013B7D
:10D97C0003D0D1F874289007F9D52A4BD3F8740842
:10D98C00C0F34000704727494FF4A06301E0013B0E
:10D99C0003D0D1F800289007F9D5224BD3F8000812
:10D9AC00C0F3400070471F494FF6FF7301E0013B85
:10D9BC0003D0D1F800289003F9D51A4BD3F80008FE
:10D9CC00C0F340407047164B164901E0013B03D0B1
:10D9DC00D1F800289201F9D5124BD3F80008C0F306
:10D9EC00406070470E4B0F4901E0013B03D0D1F86A
:10D9FC0000281001F9D50B4BD3F80008C0F3C06018
:10DA0C007047074B074901E0013B03D0D1F80028D0
:10DA1C009200F9D5034BD3F80008C0F3407070475F
:10DA2C00FFFF0F0000300240830903F1804303F530
:10DA3C000E3300F01F001968012282400A431A605D
:10DA4C00704700BF10B5364C844694E80F0088B080
:10DA5C000DF1200E10340EE90F0094E803006B4614
:10DA6C0083E8030002AB83E803002E4AD2F808389F
:10DA7C00C3F38103012B4ED0022B43D1D2F80408FF
:10DA8C00D2F80418D2F80438D2F80428264CC3F380
:10DA9C00014312F4800F03F10103C1F388124FEA22
:10DAAC00430300F03F01214818BF2046B0FBF1F0C2
:10DABC0002FB00F0B0FBF3F01A4BD3F80818D3F8C4
:10DACC000828D3F80838C1F3031120316944C2F394
:10DADC008222C3F342332032203311F8101C6A44E3
:10DAEC006B4412F8202C13F8183C20FA01F1BCF10D
:10DAFC00030F12D8DFE80CF0040C020821FA02F034
:10DB0C0008B010BD0948D7E721FA03F008B010BDE2
:10DB1C00084608B010BD0448CEE70020F0E700BF6F
:10DB2C006C2901080030024000366E010024F4001C
:10DB3C0010B4C4694FF2470C04EA0C041C431443A0
:10DB4C000C4344F40064C4615DF8044B704700BF9F
:10DB5C002DE9F041054602211B4C29621020174685
:10DB6C001E464FF00008FFF75FFF1020FFF7BCFECA
:10DB7C00C4F88488D4F8843843F48043C4F88438D7
:10DB8C00D4F8843843F0A043C4F884381A20FFF743
:10DB9C004BFF1A20FFF7A8FE46F002064046FFF79F
:10DBAC0097FED4F80438D4F88438D4F88438D4F8F0
:10DBBC0004382E62EB6923F00703EB61EB693B43FE
:10DBCC00EB61BDE8F08100BF00300240C36943F453
:10DBDC008063C361704700BF436819B943F0020307
:10DBEC004360704743F0010343607047B1F5007F19
:10DBFC0010B4C46918BFB1FA81F104F4906C18BF69
:10DC0C004909019C14BF09024FF4807121430B4355
:10DC1C00134343EA0C0343F400635DF8044BC36104
:10DC2C00704700BF044AD2F8043823F400030343BE
:10DC3C00C2F80438704700BF00300140002103E0F7
:10DC4C000A4B5B584350043109480A4B42189A421C
:10DC5C00F6D3094A02E0002313600432074B9A42C0
:10DC6C00F9D300F00FF8FEF74BFC7047AC2A010813
:10DC7C0000000020D8000020D800002058E5052026
:10DC8C00FEE700005B495C4AD1F8883010B443F4DD
:10DC9C007003C1F88830D2F8003843F0010383B028
:10DCAC00C2F80038D2F800389907FBD5D2F80838FA
:10DCBC00002143F08003C2F808380191019B4F2BDF
:10DCCC0005D8019B01330193019B4F2BF9D94A4A8B
:10DCDC00D2F80838002143F09003C2F808380191BB
:10DCEC00019B4F2B05D8019B01330193019B4F2BBB
:10DCFC00F9D94149414CD1F8083823F00303C1F854
:10DD0C000838D1F8002822F0847222F48032C1F84D
:10DD1C000028D1F80028002022F48022C1F8002825
:10DD2C00C1F80808D1F80828C1F80448C1F80C0853
:10DD3C00D1F8002842F480324FF6FF73C1F8002866
:10DD4C0001E0013B03D0D1F800289203F9D52A4B0E
:10DD5C00D3F8002894034CD5D3F8402828492948F7
:10DD6C0042F08052C3F840280A6842F440420A60EC
:10DD7C00D3F80828C3F80828D3F8082842F400423E
:10DD8C00C3F80828D3F8082842F4A052C3F808288E
:10DD9C00C3F80408D3F8002842F08072C3F80028B6
:10DDAC00D3F800289001FBD5154A136843F480334F
:10DDBC0013605368D903FCD51368114943F400333D
:10DDCC0013604B689A03FCD50B4AD2F8083823F041
:10DDDC000303C2F80838D2F8083843F00203C2F83B
:10DDEC000838D2F808381B07FBD503B05DF8044B94
:10DDFC007047FEE700ED00E00030024010300024D8
:10DE0C00007000401964400940BA80B2704700BFEE
:10DE1C0000BA704730B510F001044FF0000C06D07A
:10DE2C00614529DD10F8013B013963F31F2C0129F1
:10DE3C002ADD02394D0805F1010E00EB4E0E0023D0
:10DE4C0030F8022B70451344FAD1C5EBC57501EBC4
:10DE5C004501012905BF9EF8002062F3070C0CEB6D
:10DE6C00030013FA8CF083B203EB104398B200EB6F
:10DE7C00134014B980B230BD604603029BB2C0F3AC
:10DE8C000720184380B230BD86460023E1E700BF6F
:10DE9C002DE9F843089C1B6824689046220C12FA62
:10DEAC0084F414FA83F404EB1344A3B203EB144389
:10DEBC009CB2894604EB1344E0B1054600276E89F9
:10DECC0068683146FFF7A6FF204484B2F30704EBE1
:10DEDC00104406D523029BB2C4F3072487F0010734
:10DEEC001C432D68002DEAD127B123029BB2C4F349
:10DEFC0007241C434846FFF787FF05464046FFF7BB
:10DF0C0083FF2844204483B203EB104398B200EB08
:10DF1C001340C04380B2BDE8F88300BFFFF7B8BF21
:10DF2C0030B510F001044FF0000505D039B310F8EE
:10DF3C00013B013963F31F25012928DD02394FEA22
:10DF4C00510E0EF1010C00EB4C0C002330F8022B9F
:10DF5C0060451344FAD1CEEBCE7E01EB4E01012984
:10DF6C0005BF9CF8002062F30705ED1813FA85F540
:10DF7C00ABB203EB154399B201EB134124B10B0285
:10DF8C009BB2C1F307211943C94388B230BD844603
:10DF9C000023E4E720B3F8B5002705463C466E891C
:10DFAC0068683146FFF736FF0444A3B203EB144410
:10DFBC00F30706D523029BB2C4F3072487F00107AD
:10DFCC001C432D68002DEAD13FB1200280B2C4F36E
:10DFDC0007242043C04380B2F8BDE443A0B2F8BD8F
:10DFEC004FF6FF70704700BF0B4B0C490C4830B418
:10DFFC0023F0030303F520420A4C03604FF4204541
:10E00C000A60002001211D601871236011714FF00E
:10E01C00A02330BC13607047FB020520F0020520E2
:10E02C00EC020520F4020520002866D0830764D199
:10E03C00324A1168A0F1080399425ED82DE9F043E9
:10E04C002F4C246800F10C02944254D310F8042C89
:10E05C00002A50D030F8082C30F806CCB2F5204FFE
:10E06C0049D8BCF5204F46D85D1AADB2654501EBD9
:10E07C000C0903D031F80C60AE423CD101EB020E1E
:10E08C00744503D0BEF80260AE4234D11D4F002659
:10E09C0000F8046C3E689E4284BF3B601E4673458C
:10E0AC0017D09EF80480B8F1000F12D1744510D02F
:10E0BC00BEF8002020F8082CB64504BF3B601E4675
:10E0CC00B2F5204F05D08C18658030F806CC01EBEA
:10E0DC000C0999450FD099F8040060B9B34208BFF8
:10E0EC00C7F80090B2F5204F18BF8918A9F8002086
:10E0FC0018BFA1F802C0BDE8F0837047F4020520F8
:10E10C00F0020520EC020520CB1C23F003039BB28C
:10E11C000B2B3BD9B3F5204F3BD8994239D82E4A1B
:10E12C001268824237D82D490968814233D970B5BB
:10E13C00A0F1080130F808EC891A89B2AEF1080C8C
:10E14C00ACEB010C1FFA8CFC9C4542D31DD002EBAE
:10E15C000E04257905BB224D32F80EE02E6801F134
:10E16C00080C63449BB2A64202EB030408BF2C606C
:10E17C0061800021A4F800E0217120F8083C21887E
:10E18C00B1F5204F01D011444B8070BD0C23994246
:10E19C00C5D900207047704703F11404A4B2A445FC
:10E1AC00F3D30F4D01F1080423449BB22E68D4180D
:10E1BC00A64288BF2C600025257122F803E06180FF
:10E1CC0020F8083CD15AB1F5204FDED00A445380D8
:10E1DC0070BD002070BD00BFF4020520F0020520C8
:10E1EC00EC020520002855D02DE9F04100F1030E7A
:10E1FC002EF0030E1FFA8EFEBEF10B0F29D9BEF5C1
:10E20C00204F23D8704521D8294B2A4E19683568E0
:10E21C00A5EB010C1FFA8CF3CEF52047BB429C46B4
:10E22C0014D26FF0070806E0CB5A1A44724513D289
:10E23C009F429C460AD9C818A8EB03020479002C0B
:10E24C00F2D031F803C063469F42F4D80020BDE8F9
:10E25C00F0814FF00C0ED5E70EF11407BA4206D23E
:10E26C0001230371854216D00830BDE8F0810EF110
:10E27C000802624492B28F183C718B520123A7F8AA
:10E28C0002C0028003718B5AB3F5204FEAD00B44C5
:10E29C005A80E7E77047084A0346146803E01B8876
:10E2AC000B441A790AB19C42F9D13360DCE700BF08
:10E2BC00F4020520EC020520F0020520F0B5124D09
:10E2CC00124B134E05F11C0E0A240027033355F88C
:10E2DC00042B376023F003036CB10021B2F804C0A7
:10E2EC000A4600E003460132A242196003EB0C001F
:10E2FC001946F7D13360AE4504D02A68D2E902360C
:10E30C00D488E3E7F0BD00BFA429010880E2052012
:10E31C007CE20520062808D8054B53F82030DB6832
:10E32C00186818B102681A6070470020704700BF67
:10E33C00A4290108062807D831B1044B53F8203022
:10E34C00DB681A680A601960704700BFA4290108CD
:10E35C006FF00B00704700BF30B50D4641682B685D
:10E36C008B4283B001D103B030BD0446116010461E
:10E37C0001A9019300F0C0FE94F839302A6862605C
:10E38C0003F00501052906D0E369002BEBD02046EC
:10E39C00984703B030BD002AF6D01A0705D49B0667
:10E3AC00F2D5204603F0E6F8EEE7211D204602F0F8
:10E3BC00EBFE94F83930F2E72DE9F04383B0DDF849
:10E3CC002C9000286BD0B9F1000F68D01F460A9B27
:10E3DC0003620C9B3B4C03613B4B0E469046002961
:10E3EC0008BF1E46002A08BF9846002F08BF1F46CC
:10E3FC00227880F83C20002343608360C36080F85F
:10E40C003930436283623268304903860546C36102
:10E41C0003644161002A4CD018461946D8F80020F4
:10E42C00904218BFAA603A68934218BFEA6000296C
:10E43C0039D02846C847034688BB254E95F83C1072
:10E44C003068FF2904BF85F83C30194670B103468B
:10E45C0001E01B6853B193F83C208A42F9D1013199
:10E46C00C9B2FF2913D085F83C10F0E7FE2918BF7C
:10E47C004B1C95F83920286014BFDBB200232370A5
:10E48C009306356007D4284603B0BDE8F08300211D
:10E49C0085F83C10DBE7284603F030F8F3E7002062
:10E4AC0003B0BDE8F08301AA31462846FFF754FFBC
:10E4BC00BFE7314601AAFFF74FFFD5E9020301215F
:10E4CC00ACE700BF13E40520882A01085DE30008CF
:10E4DC0018E40520F0B5254D002914BF0E462E4634
:10E4EC00002A14BF17462F46002B18BF1D46336851
:10E4FC0083B004466BB100223B68A1688B4218BF05
:10E50C00A3602B68E1688B4218BFE3603AB103B09B
:10E51C00F0BD6A463146FFF71FFF0122ECE7636846
:10E52C0032689A42F3D001A96846CDE9003200F076
:10E53C00E3FD94F839303268626003F00501052977
:10E54C0007D132B11A070AD49B0602D5204603F034
:10E55C0011F8E369002BDAD020469847D7E7211D44
:10E56C00204602F011FE94F83930EDE7882A0108B4
:10E57C00014B1860704700BF14E40520C8B110B5FA
:10E58C0090F83930D907044612D4C26943F001031C
:10E59C0080F8393012B1904794F8393003F0050205
:10E5AC00052A05D162681AB11A0708D49B0601D452
:10E5BC0010BD70472046BDE8104002F0DBBF211DA6
:10E5CC00204602F0E1FD94F83930EFE700B1C1616B
:10E5DC00704700BF024658B1064B186810B907E0E7
:10E5EC00006830B190F83C300133DBB29342F7D184
:10E5FC007047704718E4052038B558B3002405E07F
:10E60C00036998470134E4B2C5B12846837B013BCA
:10E61C00DBB2837393B9427B0568037B9207EFD41B
:10E62C0003F00F03022B0BD0012B0ED0002BE9D1E2
:10E63C000134FFF7F9FCE4B2002DE6D1204638BDD9
:10E64C0001460620FFF776FEDCE701460520FFF7C2
:10E65C0071FED7E70446F1E72DE9F843002661F394
:10E66C000F06B2F5C17F884661F31F4641D01446B0
:10E67C0009D822F04003012B9DB22AD04FF000099B
:10E68C004846BDE8F883B2F5207FF7D1C31C01F1F1
:10E69C00030828F0030823F0030343449BB2054608
:10E6AC00434503F1100080B2E8D38045E6D8FFF76C
:10E6BC0099FD81460028E3D02B4A4319C0E9026238
:10E6CC001333002123F00303C0E900134846BDE8CF
:10E6DC00F8830520FFF71EFE81460028D0D00023CA
:10E6EC0004734373C581C0E9003386604846BDE8B6
:10E6FC00F88300261D4D0746B14640F2DC5407E076
:10E70C001FFA81F83060B8F1000FB9D00646002727
:10E71C000620FFF7FFFDFB1C23F00303E31A9BB25B
:10E72C004345074428BF43461337A8EB0301002297
:10E73C0027F0030788B1C0E90027A0F808804381BF
:10E74C00C560B9F1000FDBD1A8EB03031FFA83F806
:10E75C008146B8F1000FD9D192E7B9F1000F8DD0F5
:10E76C004846FFF749FF89E780000100820001005D
:10E77C0070B50025064661F30F050520144661F3BC
:10E78C001F45FFF7C7FD38B10023C0E90036012251
:10E79C00856004734373C28170BD00BF10B5033034
:10E7AC0020F0030C1846002361F30F03BDF80CE0B6
:10E7BC00029C61F31F43614471450BD804B164445E
:10E7CC000021C0E90143016001230221027341735E
:10E7DC00C38110BD002010BD38B5044600898842A5
:10E7EC0028D96289914211D9218124688B1A6289B6
:10E7FC00081A99B28A4280B208D223890344238131
:10E80C002468891A628989B28A42F6D3237B00254F
:10E81C0061F30F05180761F31F4504D1914202D033
:10E82C00637B9B0707D52068A56008B1FFF7E4FE62
:10E83C000023236038BD63681B1B1944204689B232
:10E84C00FFF762FC0446EEE770B1B1F5803F0BD2E6
:10E85C0061B103898AB213449BB29A4204D890F9ED
:10E86C000CC0BCF1000F03DB012070470020704787
:10E87C0010B4446800F1100C611A614509D3B0F86A
:10E88C000AC0416062444281038100205DF8044B60
:10E89C0070470120FAE700BFA0B1B1F5803F11D25B
:10E8AC0091B143898AB29A420CD810B444680C4492
:10E8BC00018944609B1A8A1A438102815DF8044BDA
:10E8CC0000207047012070470020704700291ADB98
:10E8DC0000B359B303898AB213449BB29A4219D834
:10E8EC0010B490F90CC04468BCF1000FA4EB01010A
:10E8FC001EDBB0F80AC041606244428103810020F3
:10E90C005DF8044B704728B1438949421FFA81FCDA
:10E91C009C4501D90120704742681144028941602D
:10E92C00A3EB0C03A2EB0C02438102810020704785
:10E93C0000F1100C6145DCD20120E1E708B1FFF7D2
:10E94C005BBE7047034630B100201B68013080B2BB
:10E95C00002BFAD17047704710B1837B013383735E
:10E96C00704700BF80B179B1036843B10289B1F837
:10E97C0008C06244028118461B68002BF6D10A8934
:10E98C000389016013440381704700BFA0B191B1AA
:10E99C00036843B10289B1F808C062440281184689
:10E9AC001B68002BF6D10A8903890160134403818B
:10E9BC008B7B01338B7370470029F9D1704700BFF3
:10E9CC0000287AD02DE9F0410D4600296DD002893E
:10E9DC000B899A42804668D30026438937466C8956
:10E9EC00D8F804006968DB1BA41B9C4228BF1C469A
:10E9FC0031443844224603F03BFE6B892644B34233
:10EA0C00274414D9B8F80A2097423CD02A899A4254
:10EA1C0019D0B8F80A30B8F808209A42DFD1D8F8E3
:10EA2C000020002ADBD06FF00500BDE8F081B8F8BB
:10EA3C000A302D68BB4215D06DB169892A89914283
:10EA4C004FF00006E7D12B68002BE2D06FF00500E9
:10EA5C00EBE7B8F80A30B8F808209A421AD0002030
:10EA6C00BDE8F081D8F80080B8F1000F1BD0002D64
:10EA7C00EFD06A892B899A424FF0000618D0B8F86B
:10EA8C000A303746C7E7D8F80080B8F1000F0CD031
:10EA9C000027BBE7D8F80030002B0CBF00206FF02C
:10EAAC000500BDE8F081002DD9D06FF00F00D7E73D
:10EABC002B683746002BACD0C8E76FF00F007047BF
:10EACC002DE9F041054660B30F4671B3164682B38B
:10EADC004FF00008B5F80AC007EB080053B16345C6
:10EAEC00A3EB0C0206D32D6893B2002DF2D1404655
:10EAFC00BDE8F081ACEB0304A4B2B44228BF3446A9
:10EB0C006968361B224619444444B6B203F0B0FD82
:10EB1C001FFA84F82D68002EE9D00023002DD9D1DE
:10EB2C00E5E780464046BDE8F08188464046BDE8B2
:10EB3C00F0819046DBE700BF38B515460A462989B7
:10EB4C00FFF78AFD044610B12946FFF739FF20462E
:10EB5C0038BD00BF18B90AE0006899B230B14389DA
:10EB6C008B42A1EB0303F7D94368585C704770479D
:10EB7C002DE9F04F4389072B87B0044640F299806A
:10EB8C00DFF8AC91D0F804A0D9F814008846D9F875
:10EB9C00001003F067F90546BAF80000FFF734F9E6
:10EBAC000746BAF80200FFF72FF95E4BD3F800B016
:10EBBC000246BBF1000F00F0B180D9E9043C0026FD
:10EBCC000393CDF814B05B46D9F804E004943046B6
:10EBDC00D34604E0D9681846002970D00B46598AF0
:10EBEC009142F7D193F808A0BAF1000F05D09EF826
:10EBFC003C100131C9B28A45ECD11968002D44D0C2
:10EC0C0049B1BCF1FF3F64D0D8F8084081EA0C0A46
:10EC1C001AEA040FDED193F810A01AF0040F04D1F5
:10EC2C00002E69D0BCF1FF3F59D0998AB942D1D19D
:10EC3C00596811B1039CA142CCD1DA46DDE9044BF1
:10EC4C0028B1384A1360DA68C260C3F80CB01E46AB
:10EC5C00BAF8063043B1344B00932289043B11219E
:10EC6C002046FFF75BF920BB08212046FFF714FE76
:10EC7C00F8B9BEB1356AE5B1706A2C4B00972246E3
:10EC8C003146A84707B0BDE8F08F09B16145A1D165
:10EC9C00197C4907C9D4998A002E08BF1E46B9426F
:10ECAC0098D1C5E72DB9D9F8143003F0F003E02B57
:10ECBC0028D1204607B0BDE8F04FFFF73FBE049CBB
:10ECCC00DA46002EC4D1D8F804309C45F1D1002688
:10ECDC00BEE793F810A01AF0040FA6D166B1D8F8CD
:10ECEC0004A034685445A0D08A4508BF1E46998AB2
:10ECFC00B9427FF46FAF9BE7998AB9421E467FF405
:10ED0C0069AF95E7B9F80C100831204609B2FFF746
:10ED1C00DDFD0321204602F01DFBCAE7D9F814C023
:10ED2C00D1E700BF1CE40520E8020520E402052021
:10ED3C00D4020520394BF0B5002914BF0C461C46F3
:10ED4C00002865D0364E3768F7B1B84218BF39463F
:10ED5C0002D143E0884241D0C9680029FAD1AAB156
:10ED6C0025683B4615B929E0DB68FBB18342FBD033
:10ED7C00B3F812C09445F7D11C68A54201D0002C01
:10ED8C00F2D16FF00700F0BD0ABB3946DFF894E012
:10ED9C00BEF800204FF6FF739A424FF4804532D0F4
:10EDAC00013292B22FBB2568AEF80020056042827A
:10EDBC0081B10020F0BDDB68002BF7D09842FAD06F
:10EDCC005C8A9442DDD0DB68002BF7D1EEE7236838
:10EDDC0003604282C76030600020EBE70121BEE790
:10EDEC00013DADB2BDB14FF6FF739A42D8D14FF48D
:10EDFC0040423B4602E0DB68002BD4D0B3F812C093
:10EE0C009445F8D1ECE74FF44042002FF1D1CAE71A
:10EE1C006FF00F00F0BDAEF80020B2E7882A0108B1
:10EE2C001CE40520D20000202DE9F04F85B0DDE96F
:10EE3C000EBA002800F087800D46002900F0838070
:10EE4C001746002A7FD0BAF1000F7CD0BBF1000F1F
:10EE5C0079D0428A99460446002A5BD02A894FF61B
:10EE6C00F7739A4272D808212846FFF7EDFC002868
:10EE7C0041D12E46608AD6F80480FEF7C5FFA8F86B
:10EE8C0000004846FEF7C0FF0023A8F8020088F8EF
:10EE9C00063088F80730237C1A0708D53B6803F046
:10EEAC00F003E02B03D1737B43F0040373733089BD
:10EEBC00FEF7AAFFA8F80400237CDB0734D53B68D7
:10EECC0003F0F003E02B0CBF637FE37ACDF808B0BE
:10EEDC00A27A0092112001903A465146304602F037
:10EEEC0045FFAE42804602D03046FFF727FD404634
:10EEFC0005B0BDE8F08F4FF4207208212220FFF7F7
:10EF0C00ABFB064610B32B89002BB3D02946FFF779
:10EF1C003DFDAFE70146FFF70DFF804600289DD071
:10EF2C00404605B0BDE8F08F328900975346112159
:10EF3C003046FEF7F3FF4FF6FF73002818BF034669
:10EF4C00A8F80630BBE76FF00F08D0E74FF0FF389A
:10EF5C00CDE700BF70B582B0069CA8B1A1B19AB143
:10EF6C0094B1056835B9251DCDE90045FFF75CFF67
:10EF7C0002B070BD05F0F00CBCF1E00FF3D0666888
:10EF8C00B54204D10546EFE76FF00F00F0E76FF0E4
:10EF9C000300EDE7002843D0F0B50D4683B00029FF
:10EFAC003BD00446007AA68A271D58BB636803F041
:10EFBC00F003E02B0CD1207F38BBA36943B11A4A74
:10EFCC001268934204D004F1180002F033FC18B913
:10EFDC00384602F02FFCE8B1216851B9031DCDE988
:10EFEC0000033A46334629462046FFF71DFF03B07F
:10EFFC00F0BD01F0F003E02BF0D04368994209D149
:10F00C002346ECE7FFF7E6FAE5E7FFF7E3FA00281B
:10F01C00E2D1DDE76FF00300E9E76FF00F00E6E700
:10F02C006FF00F00704700BF842A010818B370B549
:10F03C000D4619B31646428A0446B2B111492A68E4
:10F04C00237C62600A68A68243F00403237442B1F5
:10F05C00944208D0134601E09C4204D0DB68002B9C
:10F06C00FAD1E2600C60002070BD0146FFF762FE31
:10F07C000028E3D070BD6FF00F0070476FF00F00E9
:10F08C0070BD00BF1CE4052038B1037C002223F0C6
:10F09C0004034260828202720374704708B1C0E9B3
:10F0AC0008127047014698B10A4A136883420AD085
:10F0BC0033B11A46DB681BB18B42FAD1CB68D360F3
:10F0CC000020FFF737B9C36813600020FFF732B98F
:10F0DC00704700BF1CE4052010B50020FFF71AF99B
:10F0EC00044630B12822002103F0BAFAFF23E37260
:10F0FC006377204610BD00BF88B102687AB171B148
:10F10C000B6863B10A4B1B684BB110B41C6894427A
:10F11C0006D0DB68002BF9D15DF8044B70477047C3
:10F12C000A681A60DB68002BF6D00268EEE700BFB5
:10F13C001CE405202DE9F84300286CD00E4600296C
:10F14C0069D0174605464FF420724FF49A71362059
:10F15C009946FFF781FA804600285CD0032F3FD0F8
:10F16C00B379C3B32E4B1B68D8F8044033604FF40B
:10F17C009A720021204603F073FA40F201132380A7
:10F18C0095F83830A3703068FEF742FE4FF4C87320
:10F19C00FB40DB0760603BD4032F35D0D5F8323011
:10F1AC00E361EB8E2384632384F8EC3084F8EF3036
:10F1BC0040F23513A4F8F0306FF07D0384F8ED3095
:10F1CC0084F8F2700322532384F8EE304046A9F8F9
:10F1DC000020BDE8F883124A136801331360C3E7BB
:10F1EC007379032BBCD044684FF49A7200212046EB
:10F1FC0003F036FA40F20113238095F83830A370EF
:10F20C003068FEF705FE60607379043B012BC5D8AE
:10F21C006B68E360C2E74FF000084046BDE8F88336
:10F22C00D4000020002800F08180416A00297DD0A4
:10F23C0010B58B6A00225C1C82B04A8206D01E3349
:10F24C00B3F5701F5BD34FF6FF738B82CB6A5A1CDE
:10F25C001BD01E33B3F5701F42D30B6B4FF6FF72EE
:10F26C005C1C4A81CA815DD01E33B3F5701F65D317
:10F27C008A810A8200234B81CB79C3B991F91C3066
:10F28C000A7F002B53DBFF2312E00A6B4B89541CC3
:10F29C002FD01E32B2F5701F3DD23B2A5BD8012213
:10F2AC008A810A82002BE5D1CB79002BE6D00B6A40
:10F2BC004A6ACDE9003222B9CA69134043F080731F
:10F2CC0001934B790A2B04D00A220023A1F80520C4
:10F2DC000B8101AB6A461C31FFF7FCF802B010BD84
:10F2EC003B2B31D8012213464A810A6BCB81541C2B
:10F2FC00CFD18A899A42D7D8002AD5D0BAE73B2BEE
:10F30C0083BF1E4AA2FB03235B0901238B82CB6ABA
:10F31C005A1C9ED1B9E74FF6FF7293428A810A823A
:10F32C00C2D1A7E78A89002ABED0A3E77047BF2ABB
:10F33C004FF6FF7388BF6FF07F43B9E73B2B14D8B0
:10F34C0001238B810B8295E70C4AA2FB0323C3F3A9
:10F35C004F131A46C8E7094CA4FB0242C2F34F12E2
:10F36C009A428A810A829FD884E7044AA2FB03232B
:10F37C00C3F34F138B810B827CE700BF898888888D
:10F38C0038B51D4DEA78002304460362436212B17E
:10F39C001A4BDB6883622B79002B29D0174B1B6926
:10F3AC006A79E36252B1154B5B692363AB790A69E5
:10F3BC00E2616BB9E371EB79A3B938BDA36AC3EB16
:10F3CC00C303DB082363AB790A69E261002BF1D03C
:10F3DC000A4B9869FEF71CFD0123E371EB7920625F
:10F3EC00002BEAD0054BD869FEF712FD606238BDE0
:10F3FC00A36A5B08D4E700BF28E4052030E40520AD
:10F40C002DE9F04F446A62790023062A89B006463A
:10F41C00E36103D00622A4F8052023810DF11E031D
:10F42C00012221463046FFF785FE0546002860D0B4
:10F43C004368BDF81E20F033511C89B23920985412
:10F44C000220585402EB0008D01D80B2B6F830A050
:10F45C000390D71C02F10800BFB280B21FFA88F8E3
:10F46C00111D89B2049002F1050E02F1090002F19E
:10F47C00060C4FEA1A2B03F808B01FFA80F903F8B0
:10F48C0007A01FFA8EFE37271FFA8CFC5F54CDF8AD
:10F49C00149001214FF0030903F80E9003F80C109F
:10F4AC000399049F03F8019002F10A001C21D9551D
:10F4BC0080B2059FFF214328D95507D8C2F13A02E3
:10F4CC00184492B2002103F0CBF8442000F1F00173
:10F4DC0089B22846FFF780F9144A154B106801933E
:10F4EC00144A009643232946FFF79EFC2846FFF753
:10F4FC0025FAA379FF2B13D00133DAB2052AA271B6
:10F50C000ED84FF47A73934003F2F3130A4A9BB26A
:10F51C00A2FB03235B090020238109B0BDE8F08F17
:10F52C0078230020238109B0BDE8F08F24E4052066
:10F53C00882A0108842A0108D34D62102DE9F04F66
:10F54C00466A7379032B89B0804604D003220023CA
:10F55C00A6F8052033810DF11E03032231464046E7
:10F56C00FFF7E8FD0746002800F09480BDF81E5018
:10F57C00446805F1010CA81CF0341FFA8CFC80B215
:10F58C00E91C4FF0020E89B24FF039092A1D04F81C
:10F59C00059092B204F80CE06B1D04F800E04020DA
:10F5AC0060549BB23221A1540422E254F069FEF75C
:10F5BC002FFC05F106091FFA89F905F1070E05F173
:10F5CC000B031FFA8EFE9BB205F1080C05F1090125
:10F5DC004FEA106B04F809B089B203934FEA104953
:10F5EC001FFA8CFC05F10A0205F10C0304F80E90CD
:10F5FC0092B29BB24FEA102E04F80CE004936054C4
:10F60C0005F10D033721A1541FFA83FA039ACDF8A3
:10F61C0014A004994FF0030A04F802A001226254CA
:10F62C0005F10E03059A9BB204F802A01C22E254C9
:10F63C0005F10F0AD8F82C901FFA8AFAADF81EA023
:10F64C00B9F1000F04D04846F8F7AAFD00283ED1C6
:10F65C000AF1010080B2FF23432804F80A3007D8CE
:10F66C00CAF14302204492B2002102F0F9FF442077
:10F67C0000F1F00189B23846FFF7AEF8274B284A63
:10F68C001868CDF8008043233946FFF763FC3846F1
:10F69C00FFF754F9B379FF2B14D00133DBB2092BEC
:10F6AC00B3710FD8C3EB431203EB8203DB001D4A8B
:10F6BC0003F2F3139BB2A2FB03235B09338109B062
:10F6CC00BDE8F08F1423338109B0BDE8F08FCAF187
:10F6DC00410C05F110039BB260454FF00C0204F88D
:10F6EC000A2028BF604605F1110AE0541FFA8AFA75
:10F6FC00411E0028ACD009EB000CAAEB090A4846C5
:10F70C0000EB0A0310F8012B9BB26045E254F7D1D1
:10F71C0012350D441FFA85FA9AE700BF24E4052040
:10F72C00842A0108D34D6210002800F014812DE9C1
:10F73C00F04F466A89B00746002E00F007817379B6
:10F74C00012B04D001220023A6F8052033810DF1F2
:10F75C001E03032231463846FFF7ECFC8046002896
:10F76C0000F0E180BDF81E5044686B1CF0349BB275
:10F77C00392262550222E254A818B7F830C0E91CAD
:10F78C0080B289B22A1D6B1D4FEA1C2E92B29BB21D
:10F79C0004F800E04FF0040904F801C03221A15430
:10F7AC0004F80390F069FEF733FB05F1060A1FFA23
:10F7BC008AFA05F1070E4FEA106B1FFA8EFE05F15F
:10F7CC00080C05F1090104F80AB01FFA8CFC4FEA89
:10F7DC00104A89B205F10A0205F10B0304F80EA0D8
:10F7EC0092B24FEA102E9BB204F80CE06054362112
:10F7FC00A15404F80390B069FEF70AFB05F10C095B
:10F80C001FFA89F905F10D0E05F111031FFA8EFE91
:10F81C009BB205F10E0C05F10F014FEA106B04F8C9
:10F82C0009B089B203934FEA10491FFA8CFC05F119
:10F83C00100205F1120304F80E9092B29BB24FEA3B
:10F84C00102E04F80CE00493605405F113033721D7
:10F85C00A1541FFA83FA039ACDF814A004994FF01F
:10F86C00030A04F802A00122625405F11403059A5C
:10F87C009BB204F802A01C22E25405F1150AD7F839
:10F88C002C901FFA8AFAADF81EA0B9F1000F27D000
:10F89C004846F8F785FC18B3CAF1410C05F116037C
:10F8AC009BB260454FF00C0204F80A2028BF60465A
:10F8BC0005F1170AE0541FFA8AFA411E80B109EBD0
:10F8CC00000CAAEB090A484600EB0A0310F8012BBE
:10F8DC009BB28445E254F7D118350D441FFA85FAD2
:10F8EC000AF1010080B2FF23432804F80A3007D83C
:10F8FC00CAF14302204492B2002102F0B1FE44202E
:10F90C0000F1F00189B24046FEF766FF124A134B34
:10F91C0010680193124A009743234146FFF784FA7B
:10F92C004046FFF70BF8B379FF2B12D00133DAB254
:10F93C00052AB2710DD84FF47A73934003F2F31386
:10F94C00084A9BB2A2FB03235B09338109B0BDE8D3
:10F95C00F08F7823F9E7704724E40520882A010802
:10F96C00842A0108D34D6210994B2DE9F04F5D6844
:10F97C0053686E6A89B01446002E00F09F8032796D
:10F98C00002A00F09B8062892B2A40F297801A781B
:10F99C00022A40F0938095F838205AB395F832003B
:10F9AC00197F884240F08A80012A23D0587F95F82D
:10F9BC003310884240F08280022A1BD0987F95F841
:10F9CC00341088427AD1032A14D0D87F95F8351098
:10F9DC00884273D1042A0DD093F8200095F8361084
:10F9EC0088426BD1052A05D095F8371093F8212061
:10F9FC00914263D15868FEF70BFA336898425DD197
:10FA0C00DFF8D4B10022CBE9002263892B2B55D926
:10FA1C00B4F808A0CDE9035690462746F022CDF85D
:10FA2C00088054463D4605E02D688AB29CB2002DF4
:10FA3C0043D06B899A42A2EB0301A4EB0303F3D2EC
:10FA4C009442D5F8048040F2038116460592019742
:10FA5C0018F80620FF2A00F0FA80B31C9BB2B342C0
:10FA6C00C0F091816889711C814280F2E78008EBBB
:10FA7C00060C9CF801903B2A26D8DFE802F03E9950
:10FA8C0025872525252525252525252525252525B8
:10FA9C00252525252525252525252525252525250A
:10FAAC0025252525252525252525252525252525FA
:10FABC002578BDAFD02525256A403C46204609B0A7
:10FACC00BDE8F04FFEF73ABF4E444FF6FD7296423A
:10FADC0000F359814B449EB28642C0F0B580361A71
:10FAEC00201AB6B284B2A64280F04D812D68002D4A
:10FAFC0000F04981D5F80480AAE78EB2ECE7B9F1A1
:10FB0C00040F40F040814FF6F972964200F23B81AF
:10FB1C000636B6B24F464FF0050A1BF80A10002203
:10FB2C0007920029D8D13A4607A92846FEF7C8FF04
:10FB3C00B84240F02881B9F1040F00F02B819DF8F8
:10FB4C001C00244A012342F82A000BF80A30688969
:10FB5C00C2E7B9F1040F40F016814FF6F9729642E4
:10FB6C0000F211810636B6B24F46CA46D5E7B9F156
:10FB7C00040F40F008814FF6F972964200F20381AF
:10FB8C000636B6B24F464FF0030AC6E7B9F1030F7B
:10FB9C0040F2F9804E444FF6FD72964200F3F3802A
:10FBAC0009EB03060427B6B24FF0070AB946B4E7CF
:10FBBC00B9F1040F40F0E7804FF6F972964200F26B
:10FBCC00E2800636B6B24F464FF0060AA5E700BFF4
:10FBDC00D402052030E4052028E40520B9F1010FFA
:10FBEC0040F0D1804FF6FE72914200F0CC8003368B
:10FBFC00B6B24F46CA4690E7B9F1010F40F0C38048
:10FC0C00059AF02A40F0BF804FF6FE72914200F048
:10FC1C00BA800336B6B24F464FF0000A7DE7B9F111
:10FC2C00040F40F0B0804FF6F972964200F2AB80B0
:10FC3C000636B6B24F464FF0020A6EE72F680FB386
:10FC4C007F6897F8009016E7A642FFF401AF019F7A
:10FC5C009BF8003063B18A4B1B680022012B8BF898
:10FC6C00002000F09480022B06D0032B00F08D8036
:10FC7C00029B002B00F09280002302936C242C2218
:10FC8C007B89CFE63B2A7BD801A656F822F000BF31
:10FC9C0007FB000893FD00088DFD000893FD00088C
:10FCAC008DFD00088DFD00088DFD00088DFD000800
:10FCBC008DFD00088DFD00088DFD00088DFD0008F0
:10FCCC008DFD00088DFD00088DFD00088DFD0008E0
:10FCDC008DFD00088DFD00088DFD00088DFD0008D0
:10FCEC008DFD00088DFD00088DFD00088DFD0008C0
:10FCFC008DFD00088DFD00088DFD00088DFD0008B0
:10FD0C008DFD00088DFD00088DFD00088DFD00089F
:10FD1C008DFD00088DFD00088DFD00088DFD00088F
:10FD2C008DFD00088DFD00088DFD00088DFD00087F
:10FD3C008DFD00088DFD00088DFD00088DFD00086F
:10FD4C008DFD00088DFD00088DFD00088DFD00085F
:10FD5C008DFD00088DFD00088DFD000893FD000849
:10FD6C0093FD000893FD000893FD00088DFD00082D
:10FD7C008DFD00088DFD000893FD000893FD000823
:10FD8C004FF00009A6E6019C98E601230293EC24AF
:10FD9C006C2275E70798FEF73BF8D2E69BF801302A
:10FDAC00DDF80880DDE903563C46002B3FF486AEB7
:10FDBC00334A7F681379052B1AD0062B27D0022BD8
:10FDCC007FF47CAE7379062B7FF478AE9BF802300F
:10FDDC006E6A002B3FF472AE9068A6F80880FEF7AE
:10FDEC0017F8B0613B69F3612846FFF79DFC65E6A7
:10FDFC007379012B25D0033B022B3FF65FAE686A6B
:10FE0C003946FFF7BDFA2846FFF70CFA56E6737928
:10FE1C00DA1E022A02D9012B7FF450AE6B6A5A7992
:10FE2C000C2A04D00C210022A3F805101A81154BC2
:10FE3C0028461A461946FEF74DFB2846FFF7E0FA0E
:10FE4C003CE6686A3946FFF79BFA95F839301B0790
:10FE5C00D9D56E6A7379082B04D00823A6F805301F
:10FE6C00A6F80880002206F11C01284600F0C0FF0D
:10FE7C00B379FF2B1CBF0133B371012333811DE612
:10FE8C0030E40520882A0108002872D02DE9F04FB3
:10FE9C00456A85B0044615B16B79082B02D005B0C4
:10FEAC00BDE8F08F0A68EB699A42F8D10C234FF049
:10FEBC000009A5F80530A5F808900DF10E030422F1
:10FECC002946FFF737F9804600284AD0BDF80E6066
:10FEDC004768731CF0379BB23222BA550422FA548D
:10FEEC00E869FDF795FF06F1020A1FFA8AFA06F196
:10FEFC00030E1FFA8EFE06F1040C721D4FEA106BF6
:10FF0C0007F80AB092B21FFA8CFCB31DF11D4FEA30
:10FF1C00104A07F80EA09BB289B24FEA102E07F8D0
:10FF2C000CE04329B8544FF0FF02FA5407D8C6F13D
:10FF3C003D02781892B2494602F092FB4421F0310E
:10FF4C0089B24046FEF748FC0A4A0B4B10680193F5
:10FF5C000A4A009443234146FEF766FF4046FEF7EB
:10FF6C00EDFCAB79FF2B1CBF0133AB7114232B8140
:10FF7C0095E7704724E40520882A0108842A0108A3
:10FF8C002DE9F04F476A7B79052B87B0064604D0E4
:10FF9C0005220023A7F805203B810DF1160303224F
:10FFAC0039463046FFF7C6F88046002800F0B0808E
:10FFBC00BDF8165044686B1CF0349BB23922625564
:10FFCC000222E25405EB020EB6F830A005F1030C48
:10FFDC001FFA8CFC1FFA8EFE281D691DEB1D89B2C1
:10FFEC009BB205F108094FEA1A2B80B2AA1D04F83E
:04FFFC000EB092B2FF
:020000040801F1
:1000000004F80CA002934FF0370C1FFA89F34FF05D
:10001000030904F800C0039304F80190029B012136
:10002000A154039A04F803901C23A35405F1090A70
:10003000D6F82C901FFA8AFAADF816A0B9F1000F85
:1000400004D04846F8F7B2F8002841D10AF101007F
:1000500080B2FF23432804F80A3007D8CAF14302CC
:10006000204492B2002102F001FB442000F1F00193
:1000700089B24046FEF7B6FB2A4B0096186807F196
:10008000180243234146FEF76BFF04464046FEF745
:100090005BFCBB79FF2B15D00133DBB2092BBB71A5
:1000A00010D8C3EB431203EB82031B011E4A03F279
:1000B000F3139BB2A2FB03235B0920463B8107B0ED
:1000C000BDE8F08F282320463B8107B0BDE8F08FC4
:1000D000CAF1410C05F10A039BB260454FF00C02D6
:1000E00004F80A2028BF604605F10B0AE0541FFA05
:1000F0008AFA411E0028A9D009EB000CAAEB090AD4
:10010000484600EB0A0310F8012B9BB28445E254E9
:10011000F7D10C350D441FFA85FA97E74FF0FF34FD
:10012000B7E700BF24E40520D34D62102DE9F04766
:10013000446A84B064B3627952B30023A169039125
:100140000A2AC4E90633C4E90833C4E90B33054677
:10015000A362C4F80E30C4F812301CD0043A012A4D
:1001600019D93D4B28461A461946FEF7B9F9637965
:100170001BB10023A4F805302381237943B1374B09
:100180001D78013DEDB21D70002D5ED0002323715E
:1001900004B0BDE8F0870DF10A0307222146284686
:1001A000FEF7CEFF07460028DBD0BDF80A604368A3
:1001B00003F1F008731C9BB2362208F806200422D3
:1001C00008F803200398FDF729FE06F102091FFA3B
:1001D00089F906F1030E1FFA8EFE06F1040C721D5A
:1001E0004FEA106A08F809A092B21FFA8CFCB31DFE
:1001F000F11D4FEA104908F80E909BB289B24FEA00
:10020000102E08F80CE0432908F802004FF0FF0216
:1002100008F8032008D8C6F13D0208EB010092B2AD
:10022000002102F023FA4421F031384689B2FEF76A
:10023000D9FA0B4B0095186803AA43233946FEF7F9
:100240008FFE3846FEF780FB8BE7054E3068FEF7E1
:100250002FFF35609AE700BF882A010820E40520B7
:1002600024E40520002878D02DE9F04190F83930B9
:10027000DB0704466ED5038E466AB3F5107F55D36F
:1002800006B3374F33793D7823B3013DEDB23D706E
:10029000002D4ED034220021304602F0E7F9012330
:1002A000337194F83930013513F004033D7035D1C2
:1002B0007279022A03D00222A6F805203381002099
:1002C000BDE8F0813420FDF793FF064670B3244F5C
:1002D00060623D7834220021304602F0C7F9002DDB
:1002E000DDD1FEF7FFFEDFF88480C8F80000E8B13A
:1002F000427A1C4942F0200242724422FEF720FD5D
:100300001849D8F800004322FEF796FE2A46D8F88E
:1003100000001549FEF7C8FE3D78C0E72046FFF70C
:1003200075F80028CBD02046FFF700FF4FF0FF30D4
:10033000C6E7DFF83880D8F80000FEF7B9FEC8F845
:1003400000503D7834220021304602F08FF9002D14
:10035000C7D0A4E76FF00F00B2E76FF00F0070474F
:1003600020E40520882A010875F9000824E4052006
:100370002DE9F04F7F4B1D6887B0D5B16C6AACB1E9
:1003800063799BB1A18A29B1628A013292B291420A
:10039000628211D0228A1AB1511E012A218212D002
:1003A000E2891AB1511E012AE18115D02D68002D74
:1003B000E4D107B0BDE8F08F2846FFF7B7FE284626
:1003C000FFF750FFF2E703F0FB02012A15D00A2BDA
:1003D00013D0042BEAD115E003F0FB02012A01D06F
:1003E0000A2BE3D12846FFF7D1FDA389628A9B1A25
:1003F000012BC4BF5B10E381D8E704220023A4F8DB
:10040000052023810DF11603032221462846FEF71D
:1004100097FE8046002800F08D80BDF81670466873
:100420007B1CF0369BB23922F2550222F25407EBC4
:10043000020EB5F830A007F1030C1FFA8CFC1FFA6E
:100440008EFE381D791DFB1D89B29BB207F108098C
:100450004FEA1A2B80B2BA1D06F80EB092B206F817
:100460000CA002934FF0370C1FFA89F34FF00309E9
:1004700006F800C0039306F80190029B0121B154D5
:10048000039A06F803901C23B35407F1090AD5F820
:100490002C901FFA8AFAADF816A0B9F1000F28D0F7
:1004A0004846F7F783FE034618B3CAF14100984265
:1004B00007F10A0228BF184692B20C2306F80A3048
:1004C00007F10B0AB0541FFA8AFA411E88B148445A
:1004D0004B46AAEB090A03EB0A0213F801CB92B2CE
:1004E000984206F802C0F6D107F10C030B441FFA3C
:1004F00083FA0AF1010080B2FF23432806F80A308C
:1005000007D8CAF14302304492B2002102F0AEF89B
:10051000442000F1F00189B24046FEF763F9164B22
:1005200000951868154A43234146FEF719FD4046D9
:10053000FEF70AFAA379FF2B1AD00133DBB2092B9D
:10054000A37115D8C3EB431203EB8203DB000C4A03
:1005500003F2F3139BB2A2FB03235B09A28A618A15
:100560002381531A012B7FF721AF5B1023821DE7F4
:100570001423F3E718E4052024E40520842A010865
:10058000D34D621038B52E4B1C6824B926E0013BD0
:100590002B81246814B3656A002DFAD02B89012BB6
:1005A000F5D8F6D16B7900220C2B2A8117D0013BAC
:1005B000072BEED801A252F823F000BF0306010872
:1005C00093050108F5050108930501089305010845
:1005D000DF05010893050108E705010838BD20463D
:1005E000FEF714FFD5E7AB79012B1AD92046FEF7A9
:1005F0001FFECEE7AB79012B20460FD9FEF706FF91
:10060000C7E7AB79052B204602D8FFF793F8C0E780
:10061000FFF78CFD2046FFF725FEBAE7FEF794FFB3
:10062000B7E7002205F11C01204600F0E7FBAB799B
:10063000FF2B1CBF0133AB7101232B81A9E700BF46
:1006400018E4052058B1406A48B140790A2805D01D
:10065000043801288CBF002001207047012070471A
:100660002DE9F04F9F4D85B08B46914606460028F8
:1006700000F0D880002A00F039814FF0000C0A27E2
:100680002A46CDF80CC00297BE4639466446E2467B
:10069000A8460A29137D3BD053B13568506885427E
:1006A0003BD0012B5ED0538A9C459CBF9C46A646FE
:1006B0000134A3B20A2B24B200F099810A2900F078
:1006C000998145460197D0468A460EE00129224489
:1006D00032D005EBC202538A9C459CBF9C46A6467D
:1006E0000134A3B20A2B24B238D004EB440305EB47
:1006F000C3036200197D0029F2D058683768874229
:10070000E4D19B689945E1D1204605B0BDE8F08F62
:100710004BB1556830688542C3D190688145F3D0AC
:10072000012BC0D11EE0631C9BB20A2B2DD01BB243
:10073000214618321C46ACE705EBC20355F83220BF
:100740005B8AC2B1984598BF9846019B98BF2346E3
:1007500001340193A3B20A2B24B2C6D1019F5146A2
:100760000C4613E01368002B51D0538A9A459CBF66
:100770009A4627469CE7039A9A4288BF13460393FA
:10078000029B98BF23460293AAE74546BBF1010F9F
:1007900040F0A4800A2C11D0670026B13B1905EB6C
:1007A000C30332685A60274405EBC707002320467D
:1007B0007B82C7F8089005B0BDE8F08FBEF10A0F44
:1007C00023D1029B0A2B1ED10A2F00F087803C46C2
:1007D00004EB44084FEAC808670055F8080020B148
:1007E000FEF7B2F8002345F808303B1905EBC303C8
:1007F0003D490022C3E9012208681A755A828A8895
:10080000D8601A82C9E71C46E2E77446E0E7538ADB
:100810000398984288BF03460393029B98BF2346E0
:10082000029345E70A272A46804684460297BE4639
:10083000394604460A29137D23D033B1012B34D025
:10084000538A834224BF1846A646631C9CB20A2CD6
:100850001BB285D00A2900F0C18003EB430205EBEF
:10086000C202147D34B1012C17D0528A90429CBF31
:1008700010469E4601339AB20A2A1BB2EDD10C46AD
:1008800084E7002BDAD1631C9BB20A2B3FF47EAFC6
:100890001BB2214618321C46CCE71468528A64B158
:1008A00094459CBF1F469446E4E713686BB1538A96
:1008B0009C459CBF9C462746C7E7904598BF9046FD
:1008C000029A98BF1A460292D4E7538A984598BF75
:1008D0009846029B98BF23460293B6E74FF0FF3439
:1008E00012E700BF54E405208C2A01080A27294694
:1008F000904692460297BE46BC4614460192BCF111
:100900000A0F087D33D058B133684A689A423FF4E1
:10091000FBAE012847D04B8A434524BF9846A646E4
:100920000134A3B20A2B24B25FD0BCF10A0F58D015
:100930005246CDF80CC0DDF804A094460BE0012827
:1009400025D05B8A98459CBF9846A6460134A3B241
:100950000A2B24B223D004EB440305EBC303187D18
:100960000028F3D031685A689142E8D1CCE620B132
:100970004B6832689A42CCD1C6E6631C9BB20A2B04
:100980003FF404AF1BB2A44618311C46B7E7186801
:100990005B8A80B19C459CBF9C462746D6E7DDF824
:1009A0000CC06446F2E60B686BB14B8A534524BF1A
:1009B0009A462746B4E79A4598BF9A46029B98BF45
:1009C00023460293C2E74B8A019A934228BF1A46F4
:1009D000029B019228BF23460293A1E718321C46CE
:1009E00028E7234618311C4689E76446CEE645468B
:1009F0000C46CBE6234618321C464AE62DE9F04F5A
:100A00005A4F02EB420807EBC80885B098F814303B
:100A1000022B05460E4612D0182303FB027202F188
:100A20000C0405F132094FF4006300934A46234653
:100A30003146284601F0E2FD05B0BDE8F08FB8F878
:100A40001230B3F58E7F49D8B3F5877FE4D302EB3C
:100A50004202D20002F10C03043203921C214FF433
:100A600020720E20DC19FDF7FDFD05F132098346E9
:100A70000028D8D0D0F804A00120FDF7CBF9AAF8BF
:100A80000600D5F83230CAF80830394BB9F80420DE
:100A9000AAF80C201A689B88CAF81220AAF8163007
:100AA0006B68039ACAF80E30BB58CAF81830314B3D
:100AB000CAF8003040F20643AAF8043040F60603B4
:100AC00000934A4623465946284601F097FD58466A
:100AD000FDF73AFF032388F81430A4E702EB420243
:100AE000D4001C214FF420720E20FDF7BBFD05F150
:100AF0003209221D8346B0B3D0F804A0039201202E
:100B0000FDF788F9AAF80600D5F83230CAF808309F
:100B1000174BB9F80410AAF80C1019689B88CAF88A
:100B20001210AAF816306B68039ACAF80E30BB5838
:100B3000CAF818300F4BCAF8003040F20643AAF842
:100B4000043040F6060300934A460B4B59462846AC
:100B500001F054FD5846FDF7F7FE0C3403233C44E6
:100B600088F814305FE70C343C445CE754E405201B
:100B70008C2A010800010800942A01082DE9F04F91
:100B8000364CDFF8DC8083B004F1F00700260AE081
:100B9000012D27D0032D5ED0042D01D10223237512
:100BA0001834BC421BD0257D002DF9D0638A013357
:100BB0009BB2B3F5967F6382EAD3206810B1FDF74C
:100BC000C3FE2660D8F80000B8F8043026756682A7
:100BD000E0602382C4E901661834BC42E3D103B06B
:100BE000BDE8F08F042BE8D84FF420721C210E20B2
:100BF000D4F808A0FDF736FD0AF1320B8146002833
:100C0000CED02846D9F80450FDF704F9E880DAF888
:100C10003230AB60124BBAF8362019689B88AA8133
:100C2000C5F81210EB82DAF80430C5F80E306368AC
:100C3000AB610C4B2B6040F20643AB8040F60603E1
:100C400000935A46084B5046494601F0D7FC4846A7
:100C5000FDF77AFEA4E704232375A1E754E40520F9
:100C60008C2A010800010800942A010800297DD07F
:100C70002DE9F04746683388B3F5807F84B0044699
:100C800002D13379062B05D0204604B0BDE8F047E9
:100C9000FDF75ABE7379042BF6D17388082BF3D174
:100CA0004F68D6F80E00B36903900D4606F10808A8
:100CB000002F56D09F4240F08F80002800F0948093
:100CC0000127BA46294601F0D3F88146C0BB039BF1
:100CD00003F0F003E02B33D051462A4603A8FFF778
:100CE000BFFC031E2CDB434903EB430201EBC20CA8
:100CF00002208CF814004FF0180E0C20CCF808508D
:100D000013FB0E03D8F80000C8500B44B8F80400D9
:100D10009880D200ACF8129051F802A0BAF1000FFE
:100D20000ED04FF4006341F802902846009305F17D
:100D300032024346514601F061FC5046FDF704FE85
:100D4000F388B3F5807F12D0B3F5007F03D103A9F8
:100D50002846FFF79FF82046FDF7F6FD04B0BDE8F2
:100D6000F08700283BD04FF0020AABE77047002F16
:100D7000F1D04FF420721C210E20FDF773FC05F119
:100D8000320907460028E6D046680220FDF742F8FF
:100D9000F080D5F83230B360EB8EB381D8F80030F4
:100DA000C6F81230B8F80430F3826968C6F80E103D
:100DB0000399B1611049316040F20641B18040F6BB
:100DC000060100914A4643462846394601F016FC82
:100DD0003846FDF7B9FDBEE700270028C3D1F388E8
:100DE000B3F5807FB0D1B6E7F388B3F5807FABD1A0
:100DF000BFE700BF54E40520000108002DE9F04FD3
:100E0000044685B008680D462146164601F030F8C4
:100E1000002840F0B0802B6803F0F002E02A00F0D8
:100E2000AA80002B00F0A780224601212846FFF768
:100E300017FC0028C0F28B80C7B2DFF8588107EB9F
:100E4000470308EBC3037A0003921A7D04F13209C9
:100E5000002A48D101221A751C214FF420720E205D
:100E60009C60FDF7FFFB8246002800F08780012090
:100E7000DAF804B0FCF7CEFFABF80600D4F8323055
:100E8000CBF808303F4BB9F80420ABF80C201A68B7
:100E90009B88CBF81220ABF816306368CBF80E3085
:100EA0002B68CBF81830384BCBF8003040F20643B3
:100EB000ABF8043040F6060300934A46334B5146E4
:100EC000204601F09BFB5046FDF73EFD00203EB161
:100ED0007B003B4408EBC3031B7D012B26D806D0C7
:100EE00005B0BDE8F08F002E35D0012A1ED1334663
:100EF00002E01B68002B3AD01A7B5206F9D5324625
:100F00004FF420710E20FDF71DFE064666B3039BCD
:100F10003B4458F8330008B1FDF716FD039B3B44F2
:100F2000002048F8336005B0BDE8F08F2046184C2B
:100F30001823277003FB07834FF400644A463146A9
:100F40000C33009401F05AFB05B0BDE8F08F40B2BD
:100F500005B0BDE8F08F4FF420721C210E20FDF784
:100F600081FB8246002882D14FF0FF30B8E730463F
:100F7000FDF7F8FCCAE76FF00F00B1E74FF0FF3064
:100F8000A5E700BF8C2A010800010800942A010887
:100F900050E4052054E405202DE9F041044684B0D6
:100FA0000E4610682146154600F062FF002840F00A
:100FB0009780296801F0F003E02B73D06368A26882
:100FC0004B40134284460AD08AB24FF6A9639A4234
:100FD00005D0E168002900F0D38004F10C05DFF8AA
:100FE000B081694B98F8002002EB420003EBC0008F
:100FF00090F814E0BEF1010F02D98768A74271D0C2
:101000001A7D012A02D99A68944275D093F82C204F
:10101000012A02D91A6A944277D093F84420012A0F
:1010200002D99A6B944276D093F85C20012A02D9B7
:101030001A6D944275D093F87420012A02D99A6EE1
:10104000944274D093F88C20012A03D9D3F88020DD
:10105000944272D093F8A420012A03D9D3F898209F
:10106000944270D093F8BC20012A03D9D3F8B02061
:1010700094426FD093F8D420012A03D9D3F8C82022
:1010800094426ED093F8EC20012A03D9D3F8E020E3
:10109000A2426DD032462946204604B0BDE8F04158
:1010A000FFF7ACBE6B78EA78A9788DF80D2003F0D5
:1010B0007F0301205E228DF80B30ADF808008DF81B
:1010C0000C1002AB8DF80A204FF4006200923146FA
:1010D00004F13202204601F091FA04B0BDE8F0813B
:1010E0002A4BF1E7406881428AD13146204604B05C
:1010F000BDE8F041FFF782BC5A68914286D1624652
:101100003146204688F800C0F1E7DA69914284D17F
:101110004FF0010CF3E75A6B914285D14FF0020C6E
:10112000EDE7DA6C914286D14FF0030CE7E75A6E97
:10113000914287D14FF0040CE1E7DA6F914289D1F7
:101140004FF0050CDBE7D3F8942091428AD14FF0A1
:10115000060CD4E7D3F8AC2091428BD14FF0070CAA
:10116000CDE7D3F8C42091428CD14FF0080CC6E7EC
:10117000D3F8DC30994208BF4FF0090C8AD1BEE7A2
:101180006FF00300A9E700BF54E40520942A01088A
:1011900050E405202DE9F0414FF4207282B007465B
:1011A00088460E201C21FDF75DFA68B344680546A9
:1011B0000120FCF72FFEE080D7F83230A360144BFB
:1011C000FA8E19689B88A281C4F81210E3827B68AA
:1011D000C4F80E30D8F80030A3610E4B236040F6FF
:1011E000060140F2064307F13206A38032460A4B5D
:1011F00000913846294601F001FA2846FDF7A4FB84
:10120000002002B0BDE8F0814FF0FF30F9E700BFE9
:101210008C2A010800010800942A01082DE9F043F6
:101220004D4FD7F8088098F8004004F00F04A40050
:10123000132C85B0054613D94389032B10D9436875
:101240001B78082B0CD1786900F0F003E02B07D055
:101250000E46396800F00CFE10B92B89072B05D813
:10126000284605B0BDE8F043FDF76EBB2846FCF705
:1012700097FE0028F4D104F10E0949462846FDF7EF
:10128000E9FA00285CD02B89191989B28B42E7D87A
:101290004FF420720E20FDF7E5F981460028DFD0DB
:1012A000428904F108039A4251D3414640682246DC
:1012B00001F0E4F921464846FDF7F4FA002846D14A
:1012C00029464846FDF782FB002840D12846FDF715
:1012D0003BFB4D4621462846D5F80490FDF7BAFA67
:1012E0000028BDD1D7E90432D5F80480C8F80C2015
:1012F000C8F81030B9F8023089F800004FF6F772DC
:1013000093428CBF093308339BB2FF272146002448
:10131000A9F80230404688F8087088F80A4088F832
:101320000B40FCF703FE0123A8F80A000B490094C8
:10133000CDE9013622463B46284600F0DDFB8FE72B
:1013400049462846FDF7AEFA0028C3D088E748464C
:10135000FDF7FAFA84E700BFD4020520E802052071
:10136000F0B54FF4207287B007460E4622202421A4
:10137000FDF778F980B344687B6866700322002724
:101380002270676019685A68DE68054698682061AF
:101390006661A160E260986919695A69E261206238
:1013A000A161DB68059305A800F04AFA064680B102
:1013B0006989A770E7702046FCF7B8FD01236080BB
:1013C00005AACDE901360097FF233946284600F0EB
:1013D00093FB2846FDF7B8FA07B0F0BDF0B54FF41F
:1013E000207287B007460E4622202421FDF73AF9E5
:1013F00080B344687B6866700B22002722706760A8
:1014000019685A68DE680546986820616661A160BF
:10141000E260986919695A69E2612062A161DB683A
:10142000059305A800F00CFA064680B16989A770FB
:10143000E7702046FCF77AFD0123608005AACDE91C
:1014400001360097FF233946284600F055FB284611
:10145000FDF77AFA07B0F0BD2DE9F041204B88B0D6
:101460001C68069488461646074608214FF42072E9
:101470003620FDF7F7F880B345687B680693162E93
:10148000D8F804306B6004BF012388F808302E7050
:101490004FF0000604464FF008016E70AE70EE701B
:1014A000284614BFDFF83C8008F10408FCF73EFD35
:1014B000688040F29440079004200223049007A81B
:1014C000CDE90063039002970123424606A9204616
:1014D00000F08CFB2046FDF737FA08B0BDE8F0813C
:1014E000882A010844E505200349044B0448054ABD
:1014F00008601A60704700BF48E5052044E50520F4
:10150000E0000001E000000270B5866A04463EB3C8
:101510001A4D3046296801E0006880B142688A426D
:10152000FAD1027B0132D2B2022141720273236CE2
:101530001BB11249012220469847002070BD0320AC
:10154000FCF7EEFE48B1002282600273326829681F
:10155000C0E9002101223060E6E74FF0FF3070BDA6
:101560000320FCF7DDFE0028F7D0044A86601268ED
:101570004260067306600122A062D5E748E50520B7
:10158000836A83B11B6873B10220012103E0012A41
:101590000AD01B683BB15A7A022AF8D15881597295
:1015A0001B68002BF7D170475A89013A92B2042A7E
:1015B000EFD958815972F3E7806A30B10A6801E0C7
:1015C000006810B143689342FAD17047F8B5438977
:1015D000072B04461CD947680D463846194616465F
:1015E000FCF7A4FCA0B9A86A90B13168034601E0F9
:1015F0001B686BB15A688A42FAD13A78112A0CD02A
:10160000162A05D15A7A012A04BF4FF400729A6053
:101610002046BDE8F840FDF797B9214A126891428B
:101620007A6813D0002AF3D0597A7A78022905D043
:101630000129EDD1598909B19142E9D95208012A0C
:1016400038BF012201215A815972E1E7E2B97D7860
:101650000DB90A257D700368002BD9D0012005E063
:10166000012A16D01B68002BD2D07D785A7A022A24
:101670004FEA5501F4D1012938BF0121598158722F
:10168000F0E700680028C3D043689342F9D10346CD
:10169000CAE75A89002AEED0AA42E3D9EBE700BF95
:1016A00048E505200A68F8B502F0F003E02B4FD1B9
:1016B000294B1B689A424BD090F839309B0605465F
:1016C00046D5866A0F46002E35D0344601E02468A0
:1016D000CCB163689A42FAD1637A23B1237B013398
:1016E00000202373F8BD237BD3B116222846214660
:1016F000FFF7B2FE01236372237B02220133628172
:1017000000202373EEE70320FCF70AFE044678B1BD
:101710003B6863600023A3602373336823603460F5
:101720002B6C002BE1D00122394628469847DCE794
:101730004FF0FF30F8BD0320FCF7F2FD044600280F
:10174000F6D03B680673C0E901360660A862E7E799
:101750006FF00500F8BD00BF48E50520B0B50D6885
:1017600005F0F003E02B82B02BD11E4B1B689D428D
:1017700027D090F839309B0623D5836A0BB30F46E8
:101780001C4601E02468E4B162689542FAD1227BEC
:10179000012A04D9013A2273002002B0B0BD1A46D2
:1017A0001B68A34211D0002BF9D1237A93B9036CA3
:1017B00013B100223946984721460320FCF7C0FDAB
:1017C000EAE76FF0050002B0B0BD23681360237A2A
:1017D000002BECD0172221460190FFF73DFE019827
:1017E000E5E700BF48E50520F8B5134B1D6815B3C4
:1017F000124F0226AC6A14B91AE02468C4B1628997
:10180000531E9BB2002AF8D06381002BF5D1637A76
:10181000012BF2D162683B689A4221464FF01602D2
:101820002846EAD06672FFF717FE2468002CE6D13E
:101830002D68002DDED1F8BD18E4052048E505200F
:10184000016801F0F003E02B28D0194B1868A8B10B
:1018500090F83930DA070ED55A070CD5426881EA7C
:10186000020C42B182681CEA020F1BD09B0702D413
:10187000C368994216D000680028E9D10D4B18685A
:1018800080B190F8393003F00503052B0BD1436884
:101890005BB1C9B27F2908BF00207047064B1868AA
:1018A0000028D2D07047002070471846FAE700BFE2
:1018B00018E4052014E405204CE505202DE9F84343
:1018C00047683B781A09042A044612D103F00F0333
:1018D00078889D000E46FCF79DFA23898342804656
:1018E0000DD86389AB4204D32389434501D3132D1B
:1018F0000DD82046FDF728F80020BDE8F883014602
:101900002046FCF76FFF6389AB42EDD2F1E7294631
:101910003846FCF70BFB0028EBD13B69DFF8D4819C
:10192000F868C8F8100003F0F002E02AC8F8143094
:1019300061D196F83930990600F195807B7A112BA8
:1019400000F0A1800028D4D04FF00009314600F00B
:101950008FFA0028CDD1D8F8103003F0F003E02B37
:10196000C7D0B9F1000FC4D0FB8823F0C00333B156
:10197000204600F035FB04460028BDD04768C8F873
:101980000870C8E900963B7803F00F039B002946D6
:101990002046A8F80C30FCF785FF7B7A022B00F07C
:1019A0008E80112B00F08680012B7ED0D8F8140099
:1019B000494600F05DFA68B9D8F8143003F0F00336
:1019C000E02B07D029462046FCF786FF022120465F
:1019D000FFF7C6FC2046FCF7B7FF0023C8F800302D
:1019E000C8F80430C8F80830A8F80C30C8F810302F
:1019F000C8F8143080E796F83920D20725D4DBB236
:101A00007F2B4CD0384BD3F80090B9F1000F08D1A0
:101A100045E000F02DFA98B9D9F80090B9F1000F1F
:101A20003DD04E45F8D099F83930DB07F4D5D9F8D8
:101A30000430002BF0D0D8F8140083424946E8D196
:101A4000D8F8100000288FD080E77268002AD6D01E
:101A50009A4213D01846314600F00AFA00283BD1CA
:101A6000D8F81430CBE708F114013046FFF7A4FD95
:101A7000A8B1D8E904021D4B9A420CD0B146002807
:101A80003FF472AF62E77B195B88B3F5884F7FF450
:101A900059AFB14668E70028FBD0B14656E77B7ADC
:101AA000112B12D0D8F810004CE731462046FFF732
:101AB000B5FB92E731462046FDF760F88DE70C4A0A
:101AC00031462046FFF782FD87E77B195B88B3F537
:101AD000884FE7D1B14647E7D8F81000B146002853
:101AE0003FF442AF32E700BF18E40520E0000001F8
:101AF000E8020520D40205202DE9F04F85B0064606
:101B00009DF838409DF83CB0109F002A5AD0894675
:101B1000904609B10A680AB907F104091421304650
:101B20000193FCF797FE824600285AD17568019B05
:101B30002B7285F809B0D8F8001029614BEA032B05
:101B40000B0C13FA81F1220245232B706C7042F0CA
:101B500045024FEA2B240A4444EA0B24308912FA46
:101B600084F4FCF757F985F806A085F807A0DFF89C
:101B700078A068808346BAF80000FCF74BF9D9F8E2
:101B80000020EA6014FA82F303EB12435B4403443F
:101B90009AB202EB134303EB1343DB436B81BAF8B6
:101BA0000030A8800133AAF800303B8E13B132898F
:101BB0009A4210D87B69424631463846984705B06C
:101BC000BDE8F08F4389132B0BD943681B6903933E
:101BD0000DF10C08E9E742463946304600F0E0FBDB
:101BE000EDE76FF00100EAE750E505202DE9F04F41
:101BF00085B004469DF838B09DF83C80BDF848A0FB
:101C0000002A00F097800F469946164609B10B68E6
:101C10000BB9109B1F1DBAF1000F00F09380BAF1B1
:101C2000280F00F2A4800AF1030525F00305ADB2E8
:101C300005F114039BB2294620460093FCF70AFEE7
:101C40000190002840F0908060681199524600F0A1
:101C500015FDAA45019B79D36368E918002533F87F
:101C6000022B99421544FAD114212046FCF7F2FDCB
:101C70000190002878D1D4F804A0009B8AF808903D
:101C8000C3F387018AF809803068CAF8100041F070
:101C9000400148EA09288AF800104BEA01294FEA76
:101CA000282141EA0828010C11FA80F08AF801B0D5
:101CB00010FA88F82089DFF8BCB0FCF7ABF8019A7D
:101CC000AAF8020000908AF806208AF80720BBF8DC
:101CD0000000FCF79FF83A68CAF80C2018FA82F85E
:101CE00008EB12484FEA29220099AAF80400A844F8
:101CF00042EA092218FA82F20A44024490B2BBF87E
:101D0000003000EB124000EB1040C0430133AAF852
:101D10000A00ABF80030109B1B8E13B122899A4247
:101D20001CD8109B10985B6932462146984705B035
:101D3000BDE8F08F4389132B16D943681B690393C1
:101D400003AEE8E71423554600938DE76068194613
:101D50005044A5EB0A0200F089FC7DE71099324659
:101D6000204600F01DFBE2E76FF00100DFE76FF0B7
:101D70000500DCE750E505202DE9F04F85B005466C
:101D80009DF838909DF83CB0109E0193002A5AD0DF
:101D9000884614211746FCF75DFD019B824600280A
:101DA0005FD16C68237284F809B03A6822614BEA0B
:101DB000032B130C13FA82F284F8019045234FEAA7
:101DC0000929237049F045094FEA2B23914443EA3E
:101DD0000B23288919FA83F9FCF71CF884F806A06C
:101DE00084F807A0DFF884A060808144BAF800007E
:101DF000FCF710F8BAF80020A080013200EB0903CC
:101E0000AAF80020B8F1000F1AD0D8F80020E2603C
:101E100013FA82F303EB12439AB202EB134303EB80
:101E20001343DB436381338E13B12A899A4212D85C
:101E300073693A4629463046984705B0BDE8F08FA9
:101E4000094A1268E3E74389132B0AD943681B69DF
:101E5000039303AFE7E73A463146284600F0A0FA7D
:101E6000EBE76FF00100E8E7882A010850E505205C
:101E7000421E0332034615D891F8390010F00200D3
:101E80000FD04A689A420BD089685A400A4207D15B
:101E9000C84323EA0103181AB0FA80F040097047DA
:101EA00000207047012070472DE9F04144686368C5
:101EB0009A88074688461AB3002663682046254656
:101EC0001C68FCF745FD831928469EB2FCF73CFDD3
:101ED000002CF2D1184B1A68974216BF3B683A683B
:101EE000C8F800304FF00100394608BF1A60FCF70F
:101EF00027FA124A13889B1B30461380BDE8F081F5
:101F00001A684260396982687D69C0685860996062
:101F1000DD601A60BA691A6101212046FFF75EFA96
:101F20002046FCF715FD06462046FCF70DFD7C68B3
:101F3000002CC2D1CEE700BF54E5052052E50520B4
:101F40002DE9F843DFF87C8005460E460027D8F8D7
:101F500000309BB3D5F80CE05A6900247245214645
:101F6000A44620460FD00134D0B1C27F93F81F9011
:101F700091459CBF614618461A689C46B2B113460B
:101F80005A697245EFD19A69D5F810904A45EAD15D
:101F9000B3F80C90AA889145EED001340028E4D122
:101FA0001A68614618469C46002AE8D110B1FFF72E
:101FB0007BFF0744B74201DA012CC8DC3846BDE894
:101FC000F88300BF54E5052010B50446406908B108
:101FD000FCF7BAFC21460220BDE81040FCF7B0B97E
:101FE0002DE9F04FD0F804A09AF8003003F00F0369
:101FF000052B85B0054676D1BAF80600FBF70AFF37
:102000000646BAF80200FBF705FF9AF8003003F025
:102010000F03B0EB830F4FEA830264D3831A9BB2A2
:10202000DFF8748300932846FCF792FCB8F8003080
:1020300003440A2B074600F3D080DFF86093D9F8F9
:102040000040002C00F0D780DAF80C2003E0246870
:10205000002C00F0D08063699342F8D1DAF8103098
:10206000A1699942F3D1A189BAF804309942EED11D
:10207000BAF80600FBF7CEFEC0F30C00002800F013
:102080009480BAF80630C6F30C0613F020034FEA2A
:10209000C606019308D1009BF3189BB29E4212D84A
:1020A0004FF6EB7293420ED8D5F804A0BAF80200AE
:1020B000FBF7B0FE9AF8003003F00F03B0EB830F8C
:1020C0004FEA830217D263686BB9D9F800209442B3
:1020D00002D022681A60FFDE2368C9F8003021466A
:1020E0000120FCF72DF92846FCF72EFC002630468F
:1020F00005B0BDE8F08F831ABAF806001FFA83FA1C
:10210000FBF788FEC0F30C02D5F804B0D2000AEB4E
:102110000203ABF806309BB2194602938A424FF095
:102120000003ABF804208BF800308BF801308BF8FB
:1021300002308BF80330C6D861680391002900F0A3
:10214000BB804FF0010A94460DE0CCD0B3F806E016
:10215000F445C8D322B1D288824218BF4FF0000A9A
:10216000196800296AD01A464B6898888445ECD2D1
:1021700063469446CBF800101A46BCF1000F00F0FD
:102180009480BCF806309A42ADD302998142AAD815
:102190009A42CCF8005054D0019B002B7FD0B8F865
:1021A00000303B44A8F80030A0E7E089FBF732FE9E
:1021B000C0F30C0000283FF464AFDAF80030DAF81E
:1021C0000410DAF80820DAF80C006061A360E1601E
:1021D0002261DAF81030A36153E701465046FFF759
:1021E000AFFE00283FF47FAFB8F800303B440A2B25
:1021F0007FF723AF77E70120FCF792F8044678B128
:102200000023E361A360E36023616361A361636012
:10221000D9F8003023600F23C9F80040E377CCE7FA
:1022200039465046FFF78CFE87423FF75CAF0120EE
:10223000FCF776F804460028E2D154E7F4451D6027
:10224000AAD1019B43B3A37FDA07A8D5BAF1000F47
:10225000A5D0039B5B689B886BB9DBF80020002A44
:1022600034D0029903E01A68002A2FD0D988536825
:102270009A888A42F7D0B8F800303B44A8F800307A
:10228000019B002B7FF432AFA37F009A43F0010340
:102290001644A683A37729E7BAF1000FD9D1B8F87D
:1022A00000303B44A8F80030EEE7029B83423FF643
:1022B0001AAF65600395C4E7019B6560002B5BD096
:1022C000A37FDB0748BF0395C3D468E7B8F80030A5
:1022D0003B44A8F80030019B33B9009B1E44A37F08
:1022E000A68343F00103A3776368A08B5E68E1686F
:1022F000A36822696569F5607160B2603568336012
:10230000A3693361143080B2FBF784FD0023708031
:10231000B371F371B372F37230461421FBF706FE0A
:10232000708166685DB16F6828461421FCF7BAFABF
:1023300029463046FCF71CFB3D68002DF3D1D9F847
:1023400000309C4205D0A3B11A68944211D01346C4
:10235000F9E72368C9F8003021460120FBF7F0FFB8
:102360003046FCF7F5FAB8F800301B1AA8F8003030
:10237000BDE622681A60EFE7BBF80430002B8ED16F
:10238000DBF80020002A7FF46CAFB8F800303B4443
:10239000A8F80030A1E700BF52E5052054E505206C
:1023A0002DE9F04F0B8E8DB005460A92B3F1140261
:1023B00048BFA3F10D02436807911E461B7803F046
:1023C0000F03C2F3CF02052B06924FEA830840F0B9
:1023D000BD804389132B40F2B980F088FBF71AFDCA
:1023E0002B89143B9BB200F400520393C0F30C0EF4
:1023F0000B92002B00F09080069BDFF858A1CDF8DF
:1024000014E0DB009BB20893002437464FF420729F
:1024100014210E20FCF726F9089B039A934228BF4B
:10242000134604938346002800F0858043683A6889
:102430007868B968FE68DE601A60586099603A6929
:102440001A61DBF804300993049B002B7AD099467B
:1024500002976C89A4EB0804A4B24C4528BF4C46F3
:102460000220002C5CD0FBF75BFF06464122214690
:1024700000203346002E5BD001946F6847440097DC
:10248000FCF792F907462846002F4DD0A9EB040926
:10249000FCF768FA1FFA89F9C6E904A539465846D7
:1024A000FCF766FAB9F1000F3AD1A044029F1FFA77
:1024B00088F8079B059A1B8EC2F30C00039A133B06
:1024C00093423BDC40F40050FBF7A4FC099E049BC4
:1024D000F08003F1140080B2FBF79CFC00237080B5
:1024E000B372F37214213046FBF720FD7081079818
:1024F0000A9A4369594698475846FCF725FADDE998
:102500000323D31ADDE905210A449BB292B2039357
:102510000592002B7FF47AAF00200DB0BDE8F08F5C
:102520002D684FF0000894E731460220FBF708FFC2
:102530005846FCF709FA4FF0FF30EEE70B9B002BF3
:10254000C2D0BFE7A0441FFA88F8B2E76FF00500D9
:10255000E3E700BFC91F010843890E2B70B504468D
:102560001BD9C37B0D461BB991F83C300133C373B3
:10257000606803788689D9070AD5012B30D01E49B7
:10258000062200F063F818B9637B43F00803637315
:10259000082E16D0B6F5C16F04D02046FCF7D4F94A
:1025A000002070BD95F839301B07F6D50E21204666
:1025B000FCF778F90028F0D129462046FEF756FBB3
:1025C000EEE795F839301A07E7D50E212046FCF7DB
:1025D00069F90028E1D129462046FFF76FF9DFE7C6
:1025E0004378002BD4D183785E2BD1D1637B43F029
:1025F00010036373CCE700BF942A01082DE9F0476C
:102600000646BDF820000C4617469846FBF702FC2C
:102610000E2181462046FCF71DF998B96568A5F89A
:102620000C90D8F800302B60B8F80430AB803B68D1
:10263000C5F80630BB886B81B36921463046BDE8DA
:10264000F04718476FF00100BDE8F08710B5013979
:102650000244904201D1002005E0037811F8014FB7
:10266000A34201D0181B10BD0130F2E7024403461B
:10267000934200D1704703F8011BF9E70A449142E5
:1026800000F1FF3300D1704710B511F8014B03F88A
:10269000014F9142F9D110BD2DE9F047089D0C463C
:1026A000002B4ED194468C458646B2FA82F262D90E
:1026B0004AB1C2F12003914020FA03F30CFA02FC64
:1026C000194300FA02FE4FEA1C471FFA8CF6B1FBD1
:1026D000F7F44FEA1E4307FB141143EA014304FBDE
:1026E00006F199420AD91CEB030304F1FF3080F094
:1026F0001381994240F21081023C6344591A1FFA37
:102700008EF3B1FBF7F007FB101143EA014300FB26
:1027100006F69E420AD91CEB030300F1FF3180F05C
:10272000FD809E4240F2FA80634402389B1B40EADF
:10273000044000211DB1D3400022C5E90032BDE8AC
:10274000F0878B4205D90DB1C5E90001002108468B
:10275000F5E7B3FA83F1002946D1A34202D39042B0
:10276000C0F0F180861A64EB03030120002DE6D04F
:10277000C5E90063E3E7002A40F09180A1EB0C0477
:102780004FEA1C481FFA8CF70121B4FBF8F64FEA18
:102790001E4308FB164443EA044307FB06F0984235
:1027A00008D91CEB030306F1FF3402D2984200F271
:1027B000CE8026461C1A1FFA8EF3B4FBF8F008FBF5
:1027C000104443EA044300FB07F79F4208D91CEB7F
:1027D000030300F1FF3402D29F4200F2B180204691
:1027E000DB1B40EA0640A5E7C1F120068B4022FA38
:1027F00006F71F4320FA06FC04FA01F343EA0C0330
:10280000F44000FA01F8380C4FEA1349B4FBF0FE2B
:102810001FFA87FC00FB1E4449EA04440EFB0CF936
:10282000A14502FA01F20AD93C190EF1FF3A80F0F3
:102830008580A14540F28280AEF1020E3C44A4EBBB
:1028400009041FFA83F9B4FBF0F300FB134449EACF
:10285000044403FB0CFCA44507D93C1903F1FF30E9
:1028600068D2A44566D9023B3C4443EA0E40A0FB33
:102870000293A4EB0C049C42CE469C4652D34FD00C
:1028800055B1B8EB0E0364EB0C0404FA06F6CB402A
:10289000CC401E43C5E900640021BDE8F087C2F1C9
:1028A000200320FA03F10CFA02FC24FA03F394400B
:1028B0000C434FEA1C4800FA02FE1FFA8CF7B3FBE8
:1028C000F8F008FB1031230C43EA014300FB07F149
:1028D000994208D91CEB030300F1FF362CD2994230
:1028E0002AD9023863445B1AA4B2B3FBF8F108FB9F
:1028F000113344EA034401FB07F3A34208D91CEB5C
:10290000040401F1FF3613D2A34211D90239644401
:10291000E41A41EA004138E70446EFE6084605E7D5
:10292000C845ADD2B9EB020E63EB070C0138A7E73F
:102930003146EDE7034698E73046D4E7D6467EE7D2
:10294000634402384CE70646234608460EE7023E3B
:1029500063442FE7F8B500BFF8BC08BC9E4670473B
:0C296000F8B500BFF8BC08BC9E467047EC
:10296C000000000000000000010203040607080933
:10297C000000000001020304736F756E64626F78CF
:10298C005F6C7300476967616465766963652E43A4
:10299C004F4D5F6C77697000742A0108642A010836
:1029AC00542A0108442A0108342A0108242A01085F
:1029BC00142A0108504255465F504F4F4C000000FE
:1029CC00504255465F5245462F524F4D0000000075
:1029DC005359535F54494D454F55540049474D5039
:1029EC005F47524F55500000465241475F50425589
:1029FC0046000000524541535344415441000000ED
:102A0C005544505F50434200C0290108EC050A00B0
:102A1C0010A305200CA30520CC29010810000A00E6
:102A2C0050DE05204CDE0520DC29010810000A00D0
:102A3C00F8DE0520F4DE0520E829010810000C0062
:102A4C00A0DF05209CDF0520F429010818000F00E9
:102A5C0068E0052064E00520002A0108200005003C
:102A6C00D8E10520D4E105200C2A010828000A0031
:102A7C0080E205207CE20520FFFFFFFF0000000044
:102A8C000000000000000000FFFFFFFFFFFF000040
:082A9C00FCFBFF7F01000000BC
:042AA400598200084B
:042AA800318200086F
:102AAC008011801180118011801180118011801192
:102ABC000002000200020002010000000000000001
:102ACC0001000000000000000000000000080000F1
:102ADC0001000000000000000000000000000200E7
:102AEC0001000000000000000100000000000000D8
:102AFC000000000000080000010000004000000081
:102B0C0000000000000003000100000000000000B5
:102B1C0001000000000000000000000000080000A0
:102B2C000100000000000000000000000000020096
:102B3C000100000000000000010000000000000087
:102B4C000000000000080000010000004000000030
:102B5C000000000000000300E10700007F00013FBF
:102B6C0003310D080E100F12100011002D022F0052
:082B7C00010000C00000CDAB18
:040000050800DC49CA
:00000001FF
